timestamp,metric,value,anomaly
2024-10-03,heart_rate_avg,38.92522154445126,-1
2024-10-17,heart_rate_avg,42.975963225502056,-1
2024-10-21,heart_rate_avg,39.71353423912321,-1
2024-10-28,heart_rate_avg,37.13194112846131,-1
2024-11-03,heart_rate_avg,34.273128841130614,-1
2024-11-08,heart_rate_avg,41.54479847967394,-1
2024-11-12,heart_rate_avg,43.03808004233014,-1
2024-11-23,heart_rate_avg,32.24708583927168,-1
2024-11-25,heart_rate_avg,40.033681717020286,-1
2025-01-24,heart_rate_avg,39.709535157975154,-1
2025-02-18,heart_rate_avg,39.84883553061073,-1
2025-03-30,heart_rate_avg,37.322445396472354,-1
2025-04-07,heart_rate_avg,41.16762587865964,-1
2025-04-24,heart_rate_avg,41.14984036087422,-1
2025-05-18,heart_rate_avg,24.12630049038157,-1
2025-06-01,heart_rate_avg,41.76701983383593,-1
2025-06-10,heart_rate_avg,41.65309048114376,-1
2025-07-25,heart_rate_avg,42.15621187073912,-1
2025-07-28,heart_rate_avg,37.99947001477952,-1
2025-09-03,heart_rate_avg,42.21433618725185,-1
2024-09-16,heart_rate_avg,94.6380965195942,-1
2024-10-03,heart_rate_avg,41.30364366269051,-1
2024-11-21,heart_rate_avg,91.8020887899543,-1
2025-03-29,heart_rate_avg,91.7382581011856,-1
2025-03-31,heart_rate_avg,88.82066344432381,-1
2025-07-18,heart_rate_avg,89.81477834195726,-1
2025-07-26,heart_rate_avg,91.1729165492441,-1
2025-08-03,heart_rate_avg,88.57878148550502,-1
2024-09-20,heart_rate_avg,38.33213126325448,-1
2024-10-15,heart_rate_avg,90.94955692261206,-1
2024-12-02,heart_rate_avg,90.33615277093526,-1
2024-12-18,heart_rate_avg,97.85297120474684,-1
2025-04-07,heart_rate_avg,91.90099326543256,-1
2025-04-09,heart_rate_avg,40.55893566441317,-1
2025-05-31,heart_rate_avg,96.58545786496228,-1
2025-08-07,heart_rate_avg,42.65657931622455,-1
2025-08-27,heart_rate_avg,37.069862058737925,-1
2024-09-12,heart_rate_avg,88.3290579954011,-1
2024-10-01,heart_rate_avg,87.6411570454699,-1
2024-10-16,heart_rate_avg,88.71761751306866,-1
2024-10-19,heart_rate_avg,87.86526396822481,-1
2024-10-21,heart_rate_avg,88.058140859233,-1
2024-10-24,heart_rate_avg,101.48838199897784,-1
2024-11-10,heart_rate_avg,91.13266385508832,-1
2024-11-17,heart_rate_avg,95.90080707189512,-1
2024-12-06,heart_rate_avg,89.67230715661702,-1
2025-01-03,heart_rate_avg,90.78017251672956,-1
2025-01-18,heart_rate_avg,88.69788208158434,-1
2025-02-02,heart_rate_avg,88.07791832052229,-1
2025-02-26,heart_rate_avg,42.87923933021304,-1
2025-02-28,heart_rate_avg,89.11282641463566,-1
2025-03-27,heart_rate_avg,41.08667573464534,-1
2025-04-06,heart_rate_avg,96.19808192819352,-1
2025-04-09,heart_rate_avg,87.83312531952873,-1
2025-04-10,heart_rate_avg,40.50575249204307,-1
2025-04-27,heart_rate_avg,88.77155079737648,-1
2025-06-18,heart_rate_avg,93.85662860345477,-1
2025-07-14,heart_rate_avg,93.2840465877018,-1
2025-07-18,heart_rate_avg,90.52725251148247,-1
2025-08-17,heart_rate_avg,95.20566123014528,-1
2025-08-23,heart_rate_avg,88.31581145645313,-1
2024-09-19,heart_rate_avg,34.323943807488455,-1
2024-09-25,heart_rate_avg,43.04080474112791,-1
2024-10-05,heart_rate_avg,38.87453074544308,-1
2024-10-06,heart_rate_avg,40.00193485417763,-1
2024-10-08,heart_rate_avg,42.96256615263534,-1
2024-10-13,heart_rate_avg,36.014623870184074,-1
2024-10-17,heart_rate_avg,39.454521720260686,-1
2024-10-21,heart_rate_avg,42.09436485639085,-1
2024-11-11,heart_rate_avg,32.69208480601229,-1
2024-11-18,heart_rate_avg,37.25539551318357,-1
2024-12-06,heart_rate_avg,35.70771833844445,-1
2024-12-30,heart_rate_avg,38.18333904931981,-1
2025-01-07,heart_rate_avg,42.902068643097095,-1
2025-01-20,heart_rate_avg,40.58607806696928,-1
2025-01-31,heart_rate_avg,39.8496493226259,-1
2025-02-02,heart_rate_avg,41.38326079176292,-1
2025-03-13,heart_rate_avg,35.6139393634692,-1
2025-03-21,heart_rate_avg,31.28050454005168,-1
2025-03-27,heart_rate_avg,31.505170430415667,-1
2025-04-06,heart_rate_avg,41.79110024719704,-1
2025-04-13,heart_rate_avg,33.98127130423976,-1
2025-04-30,heart_rate_avg,43.025718079794125,-1
2025-05-03,heart_rate_avg,38.72196366821532,-1
2025-05-14,heart_rate_avg,40.97313233081558,-1
2025-05-19,heart_rate_avg,36.91461634043765,-1
2025-05-21,heart_rate_avg,36.92597401650052,-1
2025-05-22,heart_rate_avg,40.26876306222319,-1
2025-05-30,heart_rate_avg,35.92079079038395,-1
2025-06-07,heart_rate_avg,41.90938533639831,-1
2025-06-08,heart_rate_avg,40.89717283091818,-1
2025-06-29,heart_rate_avg,28.9051237611138,-1
2025-07-07,heart_rate_avg,42.59674918256946,-1
2025-07-10,heart_rate_avg,38.15309689368807,-1
2025-07-14,heart_rate_avg,37.38033872299253,-1
2025-07-29,heart_rate_avg,40.10530256972845,-1
2025-08-11,heart_rate_avg,41.13306965007324,-1
2025-08-13,heart_rate_avg,39.95945560505248,-1
2025-08-15,heart_rate_avg,38.620665155404346,-1
2025-08-25,heart_rate_avg,38.48687378196261,-1
2025-08-28,heart_rate_avg,42.03083129509922,-1
2025-08-29,heart_rate_avg,31.573053344827567,-1
2024-11-07,heart_rate_avg,87.95797745462264,-1
2024-11-19,heart_rate_avg,91.4635779506412,-1
2024-11-22,heart_rate_avg,88.70741744648137,-1
2024-11-27,heart_rate_avg,106.93758479640688,-1
2024-12-20,heart_rate_avg,88.60739886038964,-1
2024-12-23,heart_rate_avg,93.33632639786396,-1
2025-01-05,heart_rate_avg,105.09121219680642,-1
2025-02-06,heart_rate_avg,92.69863493890682,-1
2025-02-21,heart_rate_avg,91.51414128623615,-1
2025-03-21,heart_rate_avg,88.43032734349084,-1
2025-04-03,heart_rate_avg,88.77624367681003,-1
2025-05-03,heart_rate_avg,88.16802247813065,-1
2025-05-13,heart_rate_avg,93.09293614758164,-1
2025-05-14,heart_rate_avg,87.99735343597516,-1
2025-05-21,heart_rate_avg,41.01122298304471,-1
2025-05-30,heart_rate_avg,89.41749377250999,-1
2025-06-06,heart_rate_avg,91.69774066401204,-1
2025-06-15,heart_rate_avg,93.08184810122304,-1
2025-07-11,heart_rate_avg,88.32949018094594,-1
2025-08-21,heart_rate_avg,92.99699394954028,-1
2024-09-16,heart_rate_avg,87.86071936371744,-1
2024-09-27,heart_rate_avg,97.84344945648807,-1
2024-10-08,heart_rate_avg,91.15805848075094,-1
2024-11-26,heart_rate_avg,87.40251446614465,-1
2024-12-10,heart_rate_avg,93.2014778396719,-1
2025-01-23,heart_rate_avg,92.07899821457706,-1
2025-02-11,heart_rate_avg,91.26900800156352,-1
2025-02-20,heart_rate_avg,90.47939910941788,-1
2025-03-12,heart_rate_avg,93.27680734824852,-1
2025-03-15,heart_rate_avg,91.40415671802688,-1
2025-04-02,heart_rate_avg,88.40283964270054,-1
2025-05-28,heart_rate_avg,89.34630228496576,-1
2025-07-03,heart_rate_avg,42.82669290572212,-1
2025-07-08,heart_rate_avg,95.35992142310786,-1
2025-08-02,heart_rate_avg,88.78895881802931,-1
2025-08-12,heart_rate_avg,87.84971453233743,-1
2025-08-31,heart_rate_avg,89.02818111984902,-1
2024-09-20,heart_rate_avg,87.72029763017194,-1
2024-09-26,heart_rate_avg,88.2382434617196,-1
2024-10-31,heart_rate_avg,92.09014117953174,-1
2024-11-05,heart_rate_avg,101.06018135796954,-1
2024-11-08,heart_rate_avg,91.16230541484622,-1
2024-11-12,heart_rate_avg,90.60765766003638,-1
2024-11-19,heart_rate_avg,90.06469351131359,-1
2024-12-05,heart_rate_avg,95.82348669463792,-1
2024-12-06,heart_rate_avg,91.1791742287831,-1
2024-12-07,heart_rate_avg,91.9894946556457,-1
2024-12-10,heart_rate_avg,88.85564861939794,-1
2025-01-01,heart_rate_avg,87.68306937806648,-1
2025-02-02,heart_rate_avg,90.51332324096389,-1
2025-02-16,heart_rate_avg,89.39212120227862,-1
2025-04-02,heart_rate_avg,90.3226065903837,-1
2025-05-08,heart_rate_avg,90.58069733840524,-1
2025-05-17,heart_rate_avg,87.9397476333688,-1
2025-06-23,heart_rate_avg,93.64098432819696,-1
2025-06-24,heart_rate_avg,88.2560962044106,-1
2025-07-24,heart_rate_avg,90.90978794861977,-1
2025-07-28,heart_rate_avg,42.49278470443046,-1
2025-07-31,heart_rate_avg,89.9886436868808,-1
2025-08-07,heart_rate_avg,88.39305104169915,-1
2025-08-24,heart_rate_avg,40.51966083974979,-1
2025-08-28,heart_rate_avg,94.37599402660356,-1
2025-09-05,heart_rate_avg,94.42804924051084,-1
2024-09-07,heart_rate_avg,91.15268145812422,-1
2024-10-01,heart_rate_avg,99.22787327509911,-1
2024-10-08,heart_rate_avg,93.98416007474464,-1
2024-10-13,heart_rate_avg,89.27720106051157,-1
2024-10-19,heart_rate_avg,91.46134151339734,-1
2024-10-23,heart_rate_avg,91.0098998831643,-1
2024-11-04,heart_rate_avg,92.064808712929,-1
2024-11-09,heart_rate_avg,89.43498387419311,-1
2024-11-22,heart_rate_avg,94.17928903743496,-1
2025-01-05,heart_rate_avg,87.72590083171197,-1
2025-01-13,heart_rate_avg,40.78988220942508,-1
2025-01-20,heart_rate_avg,88.4569732366389,-1
2025-01-21,heart_rate_avg,41.13842643910456,-1
2025-01-28,heart_rate_avg,91.55770580701522,-1
2025-03-05,heart_rate_avg,89.4456263863619,-1
2025-03-22,heart_rate_avg,87.69147720079825,-1
2025-04-05,heart_rate_avg,88.1559532885088,-1
2025-04-06,heart_rate_avg,91.77371181329958,-1
2025-04-11,heart_rate_avg,88.65200230892333,-1
2025-04-24,heart_rate_avg,88.81944589690234,-1
2025-04-28,heart_rate_avg,88.16764071023029,-1
2025-05-17,heart_rate_avg,91.40759826869116,-1
2025-06-01,heart_rate_avg,93.44618744077236,-1
2025-06-11,heart_rate_avg,88.68219239588994,-1
2025-06-19,heart_rate_avg,93.50745707899632,-1
2025-08-14,heart_rate_avg,88.35150509545662,-1
2025-08-18,heart_rate_avg,89.59515871187872,-1
2025-08-26,heart_rate_avg,90.85018215211214,-1
2024-10-06,heart_rate_avg,92.70021270055068,-1
2025-01-15,heart_rate_avg,42.33480894983825,-1
2025-01-25,heart_rate_avg,37.30286648862837,-1
2025-02-21,heart_rate_avg,27.288536899971263,-1
2025-02-23,heart_rate_avg,89.72753929987573,-1
2025-03-04,heart_rate_avg,41.55228677224555,-1
2025-05-19,heart_rate_avg,42.89818463433695,-1
2025-06-28,heart_rate_avg,42.44332173178711,-1
2025-07-23,heart_rate_avg,90.71924513650792,-1
2025-08-17,heart_rate_avg,89.21079231071954,-1
2024-09-06,heart_rate_avg,31.819940366676956,-1
2024-09-19,heart_rate_avg,39.04101031410115,-1
2024-10-31,heart_rate_avg,42.09442757884078,-1
2024-11-05,heart_rate_avg,39.89033145661786,-1
2024-12-28,heart_rate_avg,39.85714545178439,-1
2025-01-01,heart_rate_avg,43.0407550806512,-1
2025-01-12,heart_rate_avg,41.09261348706973,-1
2025-01-19,heart_rate_avg,40.36427022133779,-1
2025-01-20,heart_rate_avg,36.42116681496408,-1
2025-01-22,heart_rate_avg,33.50295248193147,-1
2025-02-23,heart_rate_avg,41.76027020282993,-1
2025-03-01,heart_rate_avg,40.18676162683698,-1
2025-03-11,heart_rate_avg,31.547241166040084,-1
2025-03-13,heart_rate_avg,41.84256309719781,-1
2025-03-27,heart_rate_avg,30.13750112465365,-1
2025-04-03,heart_rate_avg,100.03807440823336,-1
2025-04-04,heart_rate_avg,37.60636627278715,-1
2025-04-14,heart_rate_avg,43.08462308335551,-1
2025-05-07,heart_rate_avg,37.44580293689485,-1
2025-05-15,heart_rate_avg,33.42979740780403,-1
2025-05-24,heart_rate_avg,41.755399979042224,-1
2025-05-25,heart_rate_avg,40.65503157321746,-1
2025-06-08,heart_rate_avg,42.9369414668392,-1
2025-06-11,heart_rate_avg,42.388483627576335,-1
2025-06-15,heart_rate_avg,40.29550803332762,-1
2025-07-20,heart_rate_avg,38.04479589567914,-1
2025-08-21,heart_rate_avg,42.6602065686062,-1
2024-09-20,heart_rate_avg,42.82227665113002,-1
2024-09-23,heart_rate_avg,39.65035975066317,-1
2024-10-01,heart_rate_avg,43.18361237165056,-1
2024-10-12,heart_rate_avg,42.346393919306095,-1
2024-11-18,heart_rate_avg,41.20181661140126,-1
2024-11-25,heart_rate_avg,34.9791103542189,-1
2024-12-09,heart_rate_avg,43.07583211558168,-1
2024-12-21,heart_rate_avg,41.92861918981437,-1
2024-12-24,heart_rate_avg,42.34401899503798,-1
2024-12-26,heart_rate_avg,42.98966467009174,-1
2025-01-12,heart_rate_avg,89.66953267100291,-1
2025-01-31,heart_rate_avg,90.81219846299236,-1
2025-02-03,heart_rate_avg,40.80329978140198,-1
2025-02-09,heart_rate_avg,41.52444801981289,-1
2025-03-26,heart_rate_avg,42.75300517934514,-1
2025-04-06,heart_rate_avg,87.83489559892465,-1
2025-04-29,heart_rate_avg,90.58780248019092,-1
2025-07-18,heart_rate_avg,42.010061550029874,-1
2025-08-05,heart_rate_avg,39.74818128086551,-1
2024-12-11,heart_rate_avg,95.03242215485795,-1
2025-03-19,heart_rate_avg,87.54250012521116,-1
2025-04-12,heart_rate_avg,95.09930720838447,-1
2025-05-17,heart_rate_avg,39.67155885755687,-1
2025-06-22,heart_rate_avg,42.69521331198855,-1
2025-07-22,heart_rate_avg,87.62795303191656,-1
2025-08-01,heart_rate_avg,88.08954645735022,-1
2024-09-06,heart_rate_avg,87.92582381641208,-1
2024-10-05,heart_rate_avg,41.66196595187991,-1
2024-11-03,heart_rate_avg,42.534798671458205,-1
2025-01-15,heart_rate_avg,91.01003783987063,-1
2025-02-20,heart_rate_avg,88.97292444601818,-1
2025-02-25,heart_rate_avg,37.862194349974985,-1
2025-02-27,heart_rate_avg,40.93651256164257,-1
2025-03-15,heart_rate_avg,93.65259138437628,-1
2025-03-28,heart_rate_avg,36.721996109175066,-1
2025-05-10,heart_rate_avg,89.65729604752033,-1
2025-08-14,heart_rate_avg,87.99187108472219,-1
2024-09-13,heart_rate_avg,90.91937036432824,-1
2024-09-28,heart_rate_avg,38.9135170345419,-1
2024-09-30,heart_rate_avg,41.29083384330588,-1
2024-10-08,heart_rate_avg,39.35140376836468,-1
2024-10-16,heart_rate_avg,88.99375039826876,-1
2024-11-16,heart_rate_avg,91.31115369693524,-1
2024-11-27,heart_rate_avg,41.99006830420996,-1
2024-12-04,heart_rate_avg,91.26343599525408,-1
2024-12-06,heart_rate_avg,88.33502162383313,-1
2024-12-20,heart_rate_avg,92.99655125821984,-1
2025-02-16,heart_rate_avg,87.95200184178081,-1
2025-02-25,heart_rate_avg,41.881864986169234,-1
2025-03-14,heart_rate_avg,87.538406978843,-1
2025-03-16,heart_rate_avg,89.71604799334598,-1
2025-04-06,heart_rate_avg,37.95781384766817,-1
2025-05-04,heart_rate_avg,38.25463262968459,-1
2025-05-20,heart_rate_avg,95.92639746202984,-1
2025-05-23,heart_rate_avg,93.53748087183324,-1
2024-09-06,heart_rate_avg,41.82291070835282,-1
2024-09-27,heart_rate_avg,89.25009883991771,-1
2024-11-04,heart_rate_avg,89.60828309427683,-1
2024-11-23,heart_rate_avg,90.23174318036358,-1
2024-12-01,heart_rate_avg,94.87593224116196,-1
2025-01-01,heart_rate_avg,96.43819206541406,-1
2025-02-05,heart_rate_avg,94.4895072604384,-1
2025-02-14,heart_rate_avg,41.2227534084588,-1
2025-03-17,heart_rate_avg,90.60790375532665,-1
2025-03-25,heart_rate_avg,38.10333819589254,-1
2025-04-01,heart_rate_avg,37.37598091173484,-1
2025-05-19,heart_rate_avg,93.09240809925618,-1
2025-06-08,heart_rate_avg,88.93375325590543,-1
2025-07-15,heart_rate_avg,90.7001336042518,-1
2025-07-18,heart_rate_avg,33.083082546713335,-1
2025-07-20,heart_rate_avg,91.45891431406169,-1
2025-07-29,heart_rate_avg,92.61856283736864,-1
2024-09-06,heart_rate_avg,40.896604257412775,-1
2024-09-15,heart_rate_avg,40.00650380464758,-1
2024-09-17,heart_rate_avg,42.45503872976684,-1
2024-10-09,heart_rate_avg,40.83952368703595,-1
2024-10-14,heart_rate_avg,40.803988367832815,-1
2024-12-20,heart_rate_avg,37.87442064114066,-1
2025-01-03,heart_rate_avg,41.1228444568589,-1
2025-01-21,heart_rate_avg,38.284025163021184,-1
2025-02-16,heart_rate_avg,41.93653793172208,-1
2025-02-22,heart_rate_avg,40.1004827859665,-1
2025-03-09,heart_rate_avg,41.61435830303044,-1
2025-04-05,heart_rate_avg,40.053536657498825,-1
2025-04-07,heart_rate_avg,36.50516211178618,-1
2025-04-20,heart_rate_avg,36.97826618006343,-1
2025-07-12,heart_rate_avg,38.510097209682286,-1
2025-07-25,heart_rate_avg,91.6720180705271,-1
2025-08-08,heart_rate_avg,38.28743323276672,-1
2025-08-31,heart_rate_avg,34.613961860326086,-1
2025-09-01,heart_rate_avg,88.6456557018657,-1
2024-10-18,heart_rate_avg,99.16877106762244,-1
2024-10-27,heart_rate_avg,90.01363598625935,-1
2024-11-06,heart_rate_avg,42.559935645834585,-1
2024-12-05,heart_rate_avg,42.78945053212787,-1
2024-12-08,heart_rate_avg,36.27301484434423,-1
2024-12-19,heart_rate_avg,94.08047362249756,-1
2024-12-30,heart_rate_avg,41.42856837105624,-1
2024-12-31,heart_rate_avg,87.48553386996875,-1
2025-01-04,heart_rate_avg,42.95926962804853,-1
2025-02-15,heart_rate_avg,42.51024320986977,-1
2025-07-17,heart_rate_avg,29.282217925492745,-1
2025-07-26,heart_rate_avg,89.27333967714515,-1
2025-08-16,heart_rate_avg,42.07747805092104,-1
2025-08-17,heart_rate_avg,42.09671825119407,-1
2024-09-21,heart_rate_avg,42.46035562525383,-1
2024-11-05,heart_rate_avg,38.68191176108906,-1
2024-12-03,heart_rate_avg,41.03870489621544,-1
2024-12-21,heart_rate_avg,38.93175925607111,-1
2025-01-03,heart_rate_avg,42.35375729468835,-1
2025-01-18,heart_rate_avg,38.14303388554024,-1
2025-04-01,heart_rate_avg,41.1832542160363,-1
2025-04-26,heart_rate_avg,88.28731194080032,-1
2025-06-12,heart_rate_avg,42.17545973422909,-1
2025-06-13,heart_rate_avg,89.38461123453664,-1
2025-07-01,heart_rate_avg,88.52252759296348,-1
2025-07-15,heart_rate_avg,96.76265663651162,-1
2025-07-25,heart_rate_avg,41.43042468302739,-1
2024-09-14,heart_rate_avg,36.63212698206043,-1
2024-10-02,heart_rate_avg,39.4167315772896,-1
2024-10-08,heart_rate_avg,33.95822304277733,-1
2024-10-16,heart_rate_avg,32.95642963796777,-1
2024-10-17,heart_rate_avg,42.99382500922098,-1
2024-10-27,heart_rate_avg,42.59796434392926,-1
2024-11-06,heart_rate_avg,38.57817414890994,-1
2024-11-14,heart_rate_avg,36.57827082361759,-1
2025-01-04,heart_rate_avg,42.33555525910416,-1
2025-01-16,heart_rate_avg,37.37960371624845,-1
2025-01-19,heart_rate_avg,42.177084411340914,-1
2025-02-17,heart_rate_avg,21.13202512955467,-1
2025-02-21,heart_rate_avg,35.46896076015068,-1
2025-02-23,heart_rate_avg,40.548577034395,-1
2025-02-24,heart_rate_avg,42.462883991650095,-1
2025-03-02,heart_rate_avg,34.32598972078462,-1
2025-03-08,heart_rate_avg,38.55160680351904,-1
2025-03-10,heart_rate_avg,38.79627345708051,-1
2025-03-11,heart_rate_avg,92.19039465388389,-1
2025-03-26,heart_rate_avg,34.92517057908307,-1
2025-04-20,heart_rate_avg,36.53705927095474,-1
2025-05-26,heart_rate_avg,40.23287799971903,-1
2025-06-29,heart_rate_avg,41.18003534484197,-1
2025-07-08,heart_rate_avg,38.84523013738671,-1
2025-07-17,heart_rate_avg,41.186603280390834,-1
2025-07-31,heart_rate_avg,40.4961024049264,-1
2025-08-23,heart_rate_avg,41.704349578523,-1
2025-08-31,heart_rate_avg,38.7617041559543,-1
2025-09-01,heart_rate_avg,40.779351584974926,-1
2024-10-07,heart_rate_avg,42.80945562851215,-1
2024-10-12,heart_rate_avg,96.02093422327712,-1
2024-12-09,heart_rate_avg,88.35109997758323,-1
2024-12-23,heart_rate_avg,43.0424457665612,-1
2025-02-12,heart_rate_avg,38.78628896912608,-1
2025-02-23,heart_rate_avg,37.84128619942297,-1
2025-04-03,heart_rate_avg,39.51580520596821,-1
2025-04-19,heart_rate_avg,88.8590857960773,-1
2025-05-31,heart_rate_avg,100.12269371099426,-1
2025-06-30,heart_rate_avg,41.10857215662314,-1
2025-07-29,heart_rate_avg,89.26034204035346,-1
2024-09-29,heart_rate_avg,96.62450946392232,-1
2024-09-30,heart_rate_avg,89.24863494265038,-1
2024-10-08,heart_rate_avg,88.61500230648242,-1
2024-11-28,heart_rate_avg,93.05339234915589,-1
2025-01-14,heart_rate_avg,87.58462314442035,-1
2025-01-17,heart_rate_avg,88.69769547391357,-1
2025-03-02,heart_rate_avg,87.84365356389743,-1
2025-03-21,heart_rate_avg,91.5366780217949,-1
2025-03-26,heart_rate_avg,90.8753435460909,-1
2025-04-14,heart_rate_avg,95.66293867823336,-1
2025-05-06,heart_rate_avg,91.06177809484832,-1
2025-05-23,heart_rate_avg,103.91833433841362,-1
2025-05-31,heart_rate_avg,90.01995849266646,-1
2025-06-07,heart_rate_avg,32.07925217666311,-1
2025-06-10,heart_rate_avg,87.5254603108052,-1
2025-07-28,heart_rate_avg,92.39638031335282,-1
2025-08-05,heart_rate_avg,87.42920159902263,-1
2025-08-20,heart_rate_avg,41.01420607664,-1
2025-08-28,heart_rate_avg,87.81943101924986,-1
2024-10-06,heart_rate_avg,88.22995215056781,-1
2024-11-13,heart_rate_avg,89.98175559637058,-1
2024-11-16,heart_rate_avg,95.01148622079816,-1
2025-03-14,heart_rate_avg,94.3401053761454,-1
2025-04-13,heart_rate_avg,88.37213005702037,-1
2025-04-16,heart_rate_avg,90.18280014454244,-1
2025-05-09,heart_rate_avg,87.65977347049284,-1
2025-06-17,heart_rate_avg,90.31840615295022,-1
2025-07-02,heart_rate_avg,40.98255121958542,-1
2025-07-23,heart_rate_avg,29.977234695705302,-1
2024-09-08,heart_rate_avg,42.82030602960593,-1
2024-09-22,heart_rate_avg,36.60971170661563,-1
2024-09-26,heart_rate_avg,33.80716742380547,-1
2024-10-18,heart_rate_avg,41.587567317471866,-1
2024-10-19,heart_rate_avg,91.98707468849196,-1
2025-01-02,heart_rate_avg,87.73022281352365,-1
2025-01-25,heart_rate_avg,33.493413648033965,-1
2025-02-24,heart_rate_avg,92.60790884580584,-1
2025-02-25,heart_rate_avg,41.520604896107145,-1
2025-04-15,heart_rate_avg,41.92876449171365,-1
2025-05-11,heart_rate_avg,39.871108596150144,-1
2025-05-21,heart_rate_avg,92.16430865690178,-1
2025-06-10,heart_rate_avg,32.61880055823176,-1
2025-06-13,heart_rate_avg,40.51472969630615,-1
2025-08-20,heart_rate_avg,90.6835763310232,-1
2025-08-28,heart_rate_avg,42.85228307459133,-1
2024-10-02,heart_rate_avg,89.53240190648637,-1
2024-10-09,heart_rate_avg,88.88619543139663,-1
2024-10-24,heart_rate_avg,87.58043647321121,-1
2024-11-12,heart_rate_avg,37.48400406558183,-1
2024-11-14,heart_rate_avg,96.11095127194064,-1
2025-01-10,heart_rate_avg,91.76409286821573,-1
2025-02-14,heart_rate_avg,92.836967013481,-1
2025-02-20,heart_rate_avg,89.11256146938071,-1
2025-02-22,heart_rate_avg,91.63152787651096,-1
2025-02-25,heart_rate_avg,88.19059478277381,-1
2025-04-02,heart_rate_avg,97.15041666649832,-1
2025-05-14,heart_rate_avg,90.19610752816932,-1
2025-05-22,heart_rate_avg,95.91222706520465,-1
2025-08-12,heart_rate_avg,31.333536156376116,-1
2024-09-07,heart_rate_avg,88.36673411405351,-1
2024-09-11,heart_rate_avg,89.03432100706668,-1
2024-09-13,heart_rate_avg,42.77351183583297,-1
2024-09-17,heart_rate_avg,33.06684343580369,-1
2024-12-04,heart_rate_avg,41.92425246383818,-1
2024-12-08,heart_rate_avg,36.50198123406416,-1
2024-12-27,heart_rate_avg,41.20834128085011,-1
2025-02-26,heart_rate_avg,42.63421933844969,-1
2025-02-27,heart_rate_avg,98.76402967760583,-1
2025-03-02,heart_rate_avg,43.08700543560862,-1
2025-03-05,heart_rate_avg,35.64250299839348,-1
2025-04-17,heart_rate_avg,41.74356351573381,-1
2025-05-20,heart_rate_avg,40.46294146054303,-1
2025-07-09,heart_rate_avg,42.05398360006279,-1
2024-09-10,heart_rate_avg,30.15477457664313,-1
2024-09-12,heart_rate_avg,33.90135026861456,-1
2024-10-06,heart_rate_avg,29.75084423533152,-1
2024-10-28,heart_rate_avg,39.55579453492122,-1
2024-11-17,heart_rate_avg,41.46837017172656,-1
2024-11-24,heart_rate_avg,42.92467561054059,-1
2024-12-13,heart_rate_avg,31.88620668289102,-1
2024-12-17,heart_rate_avg,40.551858021782216,-1
2024-12-21,heart_rate_avg,42.36887745348668,-1
2025-01-05,heart_rate_avg,29.49433496359118,-1
2025-01-16,heart_rate_avg,34.81979455530303,-1
2025-01-19,heart_rate_avg,42.58697651045683,-1
2025-01-26,heart_rate_avg,34.63268581363525,-1
2025-01-28,heart_rate_avg,30.01323037611516,-1
2025-01-29,heart_rate_avg,89.17758401209122,-1
2025-02-01,heart_rate_avg,34.94299193059197,-1
2025-02-24,heart_rate_avg,42.2386577851201,-1
2025-03-06,heart_rate_avg,37.36577526919474,-1
2025-03-25,heart_rate_avg,42.389200638879146,-1
2025-04-08,heart_rate_avg,42.983546582900246,-1
2025-04-22,heart_rate_avg,34.84113254407687,-1
2025-05-24,heart_rate_avg,39.25181763381364,-1
2025-06-28,heart_rate_avg,42.34910883477582,-1
2025-06-30,heart_rate_avg,42.91321984721638,-1
2025-07-01,heart_rate_avg,41.44406665157379,-1
2025-07-06,heart_rate_avg,39.83867059520573,-1
2025-07-17,heart_rate_avg,29.94722841221063,-1
2025-07-20,heart_rate_avg,42.2213885960492,-1
2025-08-09,heart_rate_avg,42.661155587601,-1
2025-08-10,heart_rate_avg,42.37831185609074,-1
2024-09-24,heart_rate_avg,38.85132284738273,-1
2024-10-02,heart_rate_avg,40.77921347769838,-1
2024-10-05,heart_rate_avg,41.44364114409014,-1
2024-10-09,heart_rate_avg,42.18902842594429,-1
2024-10-13,heart_rate_avg,37.697354538353984,-1
2024-10-15,heart_rate_avg,38.9581867914246,-1
2024-10-23,heart_rate_avg,41.32649296916933,-1
2024-11-18,heart_rate_avg,41.55256074381143,-1
2024-12-11,heart_rate_avg,38.77655568879923,-1
2024-12-15,heart_rate_avg,41.23305166396183,-1
2024-12-29,heart_rate_avg,38.18683484743421,-1
2025-01-08,heart_rate_avg,38.594702709639634,-1
2025-01-18,heart_rate_avg,42.58007419723558,-1
2025-01-20,heart_rate_avg,41.27791143443412,-1
2025-02-21,heart_rate_avg,33.17144271922348,-1
2025-02-22,heart_rate_avg,42.85417111683567,-1
2025-02-23,heart_rate_avg,36.53154785194451,-1
2025-02-27,heart_rate_avg,36.10866118495042,-1
2025-03-12,heart_rate_avg,38.351442105397226,-1
2025-03-22,heart_rate_avg,40.10365315242767,-1
2025-04-03,heart_rate_avg,38.634192720044126,-1
2025-04-08,heart_rate_avg,40.65548604703103,-1
2025-04-23,heart_rate_avg,33.68860940181249,-1
2025-04-30,heart_rate_avg,41.69404469095471,-1
2025-05-05,heart_rate_avg,41.45854407287162,-1
2025-05-26,heart_rate_avg,38.37837106843264,-1
2025-06-01,heart_rate_avg,38.01682753237154,-1
2025-06-17,heart_rate_avg,40.17241539904092,-1
2025-07-05,heart_rate_avg,32.52101356974014,-1
2025-07-19,heart_rate_avg,40.63758585194312,-1
2025-08-18,heart_rate_avg,29.49566276235167,-1
2025-08-31,heart_rate_avg,40.452509212735535,-1
2024-09-09,heart_rate_avg,42.015234574295455,-1
2024-09-17,heart_rate_avg,87.54806335381379,-1
2024-12-06,heart_rate_avg,94.15298917704894,-1
2024-12-13,heart_rate_avg,88.67107118614703,-1
2025-02-20,heart_rate_avg,91.75138423686214,-1
2025-05-03,heart_rate_avg,41.80810706306809,-1
2025-07-06,heart_rate_avg,91.63619427542736,-1
2024-09-16,heart_rate_avg,90.3128863480537,-1
2024-10-07,heart_rate_avg,90.84172304597,-1
2024-11-09,heart_rate_avg,96.72253298516657,-1
2024-12-11,heart_rate_avg,94.4964576930944,-1
2024-12-29,heart_rate_avg,87.65242070693799,-1
2025-02-06,heart_rate_avg,88.99378996821692,-1
2025-02-19,heart_rate_avg,90.17829460038224,-1
2025-03-06,heart_rate_avg,87.58292373617851,-1
2025-03-27,heart_rate_avg,90.36990232455182,-1
2025-04-02,heart_rate_avg,88.53261508796027,-1
2025-04-08,heart_rate_avg,33.94406408403172,-1
2025-04-14,heart_rate_avg,88.73256344162851,-1
2025-04-18,heart_rate_avg,92.14589990015034,-1
2025-05-29,heart_rate_avg,88.26500503714912,-1
2025-06-18,heart_rate_avg,89.79083938399735,-1
2025-06-30,heart_rate_avg,91.05169378089153,-1
2025-08-01,heart_rate_avg,90.97630540527368,-1
2025-08-26,heart_rate_avg,88.9418739360264,-1
2024-09-12,heart_rate_avg,88.0721688017448,-1
2024-09-13,heart_rate_avg,40.67136170643615,-1
2024-09-14,heart_rate_avg,41.18229075375909,-1
2024-10-03,heart_rate_avg,38.382472314825705,-1
2024-10-24,heart_rate_avg,37.97670883157735,-1
2024-10-31,heart_rate_avg,35.04850369956501,-1
2024-12-01,heart_rate_avg,32.65257231334905,-1
2024-12-19,heart_rate_avg,38.54014626972537,-1
2024-12-24,heart_rate_avg,40.76258381522201,-1
2025-01-06,heart_rate_avg,42.68856600768108,-1
2025-01-13,heart_rate_avg,38.73073133911073,-1
2025-02-24,heart_rate_avg,38.15473324351652,-1
2025-03-03,heart_rate_avg,31.846777724433917,-1
2025-03-17,heart_rate_avg,42.99681408484837,-1
2025-04-04,heart_rate_avg,41.64775353854685,-1
2025-04-09,heart_rate_avg,37.59278622712528,-1
2025-05-20,heart_rate_avg,42.69264881272044,-1
2025-05-22,heart_rate_avg,37.37735315485297,-1
2025-05-23,heart_rate_avg,39.27516153199695,-1
2025-06-05,heart_rate_avg,41.78767828425889,-1
2025-07-08,heart_rate_avg,42.28007847840429,-1
2025-07-14,heart_rate_avg,39.95339588136813,-1
2025-07-26,heart_rate_avg,43.15747992414552,-1
2025-08-14,heart_rate_avg,31.040425502001384,-1
2025-08-19,heart_rate_avg,34.805227077491054,-1
2025-08-29,heart_rate_avg,40.845112582536174,-1
2024-09-22,heart_rate_avg,43.14142879491396,-1
2024-12-02,heart_rate_avg,38.48340103700029,-1
2025-01-19,heart_rate_avg,90.2332651605888,-1
2025-02-07,heart_rate_avg,40.62944498922007,-1
2025-03-07,heart_rate_avg,39.20147700562946,-1
2025-04-06,heart_rate_avg,89.16049284780996,-1
2025-04-22,heart_rate_avg,93.52473448237768,-1
2025-04-30,heart_rate_avg,31.657215709396063,-1
2025-05-02,heart_rate_avg,87.44335009259696,-1
2025-07-26,heart_rate_avg,87.80062229135834,-1
2025-08-16,heart_rate_avg,42.187703968314,-1
2025-09-01,heart_rate_avg,93.55433323881871,-1
2024-10-02,heart_rate_avg,28.12434550949469,-1
2024-10-05,heart_rate_avg,33.85992915562201,-1
2024-10-26,heart_rate_avg,36.31715165270928,-1
2024-11-27,heart_rate_avg,40.9277093553697,-1
2025-03-05,heart_rate_avg,37.64530488455039,-1
2025-03-24,heart_rate_avg,41.73978207498031,-1
2025-05-11,heart_rate_avg,38.4217313244918,-1
2025-05-18,heart_rate_avg,43.12138985949498,-1
2025-07-06,heart_rate_avg,38.80154906178076,-1
2025-07-09,heart_rate_avg,36.5945911899155,-1
2025-07-17,heart_rate_avg,42.99690733408494,-1
2025-09-01,heart_rate_avg,38.526822845881895,-1
2024-11-04,heart_rate_avg,102.10349928060393,-1
2024-12-28,heart_rate_avg,89.42710921077986,-1
2024-12-30,heart_rate_avg,87.43413491392224,-1
2025-03-06,heart_rate_avg,92.66020608063164,-1
2025-05-12,heart_rate_avg,89.3751734352166,-1
2025-05-19,heart_rate_avg,95.571995818692,-1
2025-06-21,heart_rate_avg,97.00294193986502,-1
2025-08-26,heart_rate_avg,91.17504968785477,-1
2024-09-09,heart_rate_avg,96.70483849094006,-1
2024-09-11,heart_rate_avg,40.594999461970815,-1
2024-09-22,heart_rate_avg,40.89911517669797,-1
2024-09-25,heart_rate_avg,42.27143762625975,-1
2024-10-12,heart_rate_avg,41.21346888535581,-1
2024-10-14,heart_rate_avg,39.39226115427978,-1
2024-10-29,heart_rate_avg,41.70060681633529,-1
2024-12-02,heart_rate_avg,41.28356343532139,-1
2024-12-05,heart_rate_avg,40.91622896300687,-1
2024-12-16,heart_rate_avg,38.19537774624794,-1
2024-12-17,heart_rate_avg,30.492812586823263,-1
2024-12-18,heart_rate_avg,40.20506699735626,-1
2024-12-30,heart_rate_avg,42.932517274082855,-1
2025-01-22,heart_rate_avg,39.12089861052555,-1
2025-01-23,heart_rate_avg,38.94729709082257,-1
2025-01-26,heart_rate_avg,42.01194200561035,-1
2025-02-12,heart_rate_avg,40.16357624861071,-1
2025-02-16,heart_rate_avg,40.512877141425534,-1
2025-03-02,heart_rate_avg,36.5242314974666,-1
2025-04-06,heart_rate_avg,43.04563919423085,-1
2025-04-07,heart_rate_avg,40.44570444724693,-1
2025-04-11,heart_rate_avg,34.1272098369878,-1
2025-04-21,heart_rate_avg,39.75930941555049,-1
2025-04-28,heart_rate_avg,41.3476635851615,-1
2025-06-12,heart_rate_avg,42.15315348644891,-1
2025-06-26,heart_rate_avg,42.93707853390804,-1
2025-07-05,heart_rate_avg,39.690580565878655,-1
2025-07-25,heart_rate_avg,40.51437107279438,-1
2025-08-24,heart_rate_avg,33.90042844688619,-1
2025-08-31,heart_rate_avg,38.19795025334237,-1
2024-12-30,heart_rate_avg,92.1568693037336,-1
2025-02-08,heart_rate_avg,87.78383033335115,-1
2025-03-01,heart_rate_avg,88.63539900536483,-1
2025-03-24,heart_rate_avg,43.01766126465401,-1
2025-06-18,heart_rate_avg,92.14571711987514,-1
2024-09-07,heart_rate_avg,41.74289994603622,-1
2024-10-09,heart_rate_avg,43.0628617096252,-1
2024-11-07,heart_rate_avg,35.17086483956908,-1
2024-12-09,heart_rate_avg,38.43988344408028,-1
2025-02-14,heart_rate_avg,42.12702413173396,-1
2025-02-21,heart_rate_avg,39.131590591246926,-1
2025-04-11,heart_rate_avg,30.637802817344102,-1
2025-04-21,heart_rate_avg,36.952604378310646,-1
2025-05-08,heart_rate_avg,43.02577577860583,-1
2025-06-14,heart_rate_avg,38.820327702937234,-1
2025-07-08,heart_rate_avg,33.968712158733425,-1
2025-07-16,heart_rate_avg,39.96296100887676,-1
2025-07-27,heart_rate_avg,89.96128286690013,-1
2025-07-29,heart_rate_avg,41.40878388602735,-1
2025-08-16,heart_rate_avg,42.102001101215095,-1
2025-08-22,heart_rate_avg,40.738786753864034,-1
2024-09-26,heart_rate_avg,35.76401860232636,-1
2024-11-10,heart_rate_avg,42.55373442165198,-1
2024-12-03,heart_rate_avg,32.64132124950314,-1
2024-12-11,heart_rate_avg,37.95568941909524,-1
2024-12-27,heart_rate_avg,40.5904192938875,-1
2025-01-06,heart_rate_avg,37.66393240066144,-1
2025-01-12,heart_rate_avg,42.19010614619624,-1
2025-01-28,heart_rate_avg,42.76422409199082,-1
2025-02-08,heart_rate_avg,38.6940077943552,-1
2025-02-25,heart_rate_avg,38.19988734190446,-1
2025-03-03,heart_rate_avg,42.65459129425389,-1
2025-03-07,heart_rate_avg,40.85579873932761,-1
2025-03-11,heart_rate_avg,35.858671262959646,-1
2025-03-15,heart_rate_avg,38.99393317579229,-1
2025-03-26,heart_rate_avg,30.5696632264753,-1
2025-04-19,heart_rate_avg,40.73644637628709,-1
2025-04-29,heart_rate_avg,20.911715426222948,-1
2025-05-14,heart_rate_avg,34.69986457310953,-1
2025-05-17,heart_rate_avg,42.5824208306635,-1
2025-06-11,heart_rate_avg,35.79859251181351,-1
2025-06-27,heart_rate_avg,40.31786072383491,-1
2025-07-09,heart_rate_avg,38.57546945388645,-1
2025-07-29,heart_rate_avg,41.66024240780212,-1
2025-08-08,heart_rate_avg,37.20341638481424,-1
2024-09-12,heart_rate_avg,88.44027220936836,-1
2024-10-13,heart_rate_avg,90.10140457327176,-1
2024-10-27,heart_rate_avg,90.79869438069514,-1
2025-01-08,heart_rate_avg,90.67080895567732,-1
2025-02-14,heart_rate_avg,93.83328259245894,-1
2025-02-16,heart_rate_avg,91.34887052731948,-1
2025-04-01,heart_rate_avg,92.5508020529769,-1
2025-05-13,heart_rate_avg,95.52027226029848,-1
2025-05-18,heart_rate_avg,92.43999091283226,-1
2025-05-27,heart_rate_avg,88.52210523944125,-1
2025-05-31,heart_rate_avg,87.52951126594849,-1
2025-07-06,heart_rate_avg,39.36551914941965,-1
2025-08-09,heart_rate_avg,90.18445544570216,-1
2024-09-23,heart_rate_avg,87.62768010542821,-1
2024-10-09,heart_rate_avg,92.78916193964676,-1
2024-10-17,heart_rate_avg,95.29627527492414,-1
2024-10-22,heart_rate_avg,103.58773540694752,-1
2024-11-10,heart_rate_avg,88.2609327143982,-1
2024-11-16,heart_rate_avg,105.52933740716318,-1
2025-01-10,heart_rate_avg,90.3529908981323,-1
2025-02-03,heart_rate_avg,42.85765681620042,-1
2025-03-26,heart_rate_avg,94.55379568525466,-1
2025-04-21,heart_rate_avg,89.22052362371316,-1
2025-04-22,heart_rate_avg,94.53747991331716,-1
2025-05-26,heart_rate_avg,88.32759426328867,-1
2025-06-19,heart_rate_avg,89.16194447173669,-1
2025-07-24,heart_rate_avg,102.14592278191502,-1
2025-08-14,heart_rate_avg,99.56958926920612,-1
2025-08-20,heart_rate_avg,88.27486878465895,-1
2025-09-03,heart_rate_avg,88.97887923623087,-1
2024-10-26,heart_rate_avg,88.80446767711679,-1
2024-12-02,heart_rate_avg,42.60104286931622,-1
2025-01-15,heart_rate_avg,38.09628465163605,-1
2025-01-24,heart_rate_avg,33.14912936630962,-1
2025-01-27,heart_rate_avg,95.31462699443722,-1
2025-02-03,heart_rate_avg,88.21479971993239,-1
2025-02-20,heart_rate_avg,91.4511804368992,-1
2025-02-23,heart_rate_avg,40.661314155369695,-1
2025-05-23,heart_rate_avg,88.73771788661325,-1
2025-06-04,heart_rate_avg,92.39176712980831,-1
2025-07-25,heart_rate_avg,88.51938509827455,-1
2024-09-10,heart_rate_avg,42.24970387168484,-1
2024-09-18,heart_rate_avg,42.69350979737074,-1
2024-10-02,heart_rate_avg,38.67221874411212,-1
2024-11-06,heart_rate_avg,93.68040804041914,-1
2024-12-09,heart_rate_avg,89.71390861207503,-1
2024-12-12,heart_rate_avg,88.26770246922271,-1
2025-02-16,heart_rate_avg,33.03404922701774,-1
2025-02-26,heart_rate_avg,34.39836940172744,-1
2025-02-27,heart_rate_avg,88.72473181402995,-1
2025-04-10,heart_rate_avg,41.88454821529902,-1
2025-05-01,heart_rate_avg,41.85809540068068,-1
2025-05-28,heart_rate_avg,40.347711980553264,-1
2025-06-25,heart_rate_avg,38.74121405798725,-1
2025-08-07,heart_rate_avg,89.10756740943523,-1
2024-09-07,heart_rate_avg,39.55558973240915,-1
2024-09-08,heart_rate_avg,36.99943285912855,-1
2024-09-09,heart_rate_avg,39.28442121515307,-1
2024-09-20,heart_rate_avg,30.441314342143965,-1
2024-09-21,heart_rate_avg,42.32498800754564,-1
2024-10-08,heart_rate_avg,41.528030617782086,-1
2024-10-09,heart_rate_avg,36.55439993143111,-1
2024-10-31,heart_rate_avg,38.08995922600472,-1
2024-11-06,heart_rate_avg,41.67753778627716,-1
2024-11-12,heart_rate_avg,38.83895696682633,-1
2024-11-13,heart_rate_avg,30.050819514235595,-1
2024-11-18,heart_rate_avg,40.93576334231295,-1
2024-11-21,heart_rate_avg,41.91477784976874,-1
2024-12-13,heart_rate_avg,39.67848575013112,-1
2024-12-16,heart_rate_avg,36.67283353289717,-1
2024-12-22,heart_rate_avg,41.24581399548805,-1
2024-12-27,heart_rate_avg,33.65514703427857,-1
2025-01-07,heart_rate_avg,36.22425551337187,-1
2025-01-21,heart_rate_avg,34.74639495491178,-1
2025-01-24,heart_rate_avg,34.35824417783081,-1
2025-01-26,heart_rate_avg,31.963567420197545,-1
2025-02-03,heart_rate_avg,41.19480479768961,-1
2025-02-04,heart_rate_avg,42.50295171561543,-1
2025-02-05,heart_rate_avg,32.14783673827165,-1
2025-02-13,heart_rate_avg,41.0340722201585,-1
2025-02-24,heart_rate_avg,31.779980815198325,-1
2025-03-02,heart_rate_avg,39.26766020226368,-1
2025-03-07,heart_rate_avg,42.829507674837735,-1
2025-03-11,heart_rate_avg,41.67903200809533,-1
2025-03-13,heart_rate_avg,23.501381788976826,-1
2025-03-20,heart_rate_avg,41.0030159004016,-1
2025-03-28,heart_rate_avg,40.20391867097074,-1
2025-04-12,heart_rate_avg,41.403547235976106,-1
2025-04-14,heart_rate_avg,43.15193321358512,-1
2025-04-27,heart_rate_avg,39.02791928359324,-1
2025-05-03,heart_rate_avg,40.68755517583786,-1
2025-05-17,heart_rate_avg,36.247265856300814,-1
2025-05-31,heart_rate_avg,38.84382344398785,-1
2025-06-01,heart_rate_avg,40.64375328943012,-1
2025-06-05,heart_rate_avg,36.8341793892384,-1
2025-06-16,heart_rate_avg,41.75888877245228,-1
2025-06-20,heart_rate_avg,33.196407763768136,-1
2025-06-21,heart_rate_avg,42.35883820367654,-1
2025-06-24,heart_rate_avg,31.85954655364173,-1
2025-07-02,heart_rate_avg,34.26330307941296,-1
2025-07-05,heart_rate_avg,28.465454350934586,-1
2025-07-07,heart_rate_avg,42.94317229482625,-1
2025-07-18,heart_rate_avg,36.552140601353,-1
2025-07-23,heart_rate_avg,41.673707240762,-1
2025-07-24,heart_rate_avg,42.76894115453101,-1
2025-08-02,heart_rate_avg,26.75938479991745,-1
2025-08-05,heart_rate_avg,42.03201033499164,-1
2025-08-06,heart_rate_avg,31.53125397266635,-1
2025-08-13,heart_rate_avg,32.99451530491689,-1
2025-08-17,heart_rate_avg,42.85200939280215,-1
2025-09-02,heart_rate_avg,42.14062706124959,-1
2024-10-12,heart_rate_avg,89.84202628163105,-1
2024-10-13,heart_rate_avg,42.24400202262082,-1
2024-11-11,heart_rate_avg,43.022929549774574,-1
2024-12-09,heart_rate_avg,91.37449623121908,-1
2024-12-30,heart_rate_avg,42.322146540931016,-1
2025-01-31,heart_rate_avg,29.14283310625565,-1
2025-04-27,heart_rate_avg,98.55371565303818,-1
2025-04-28,heart_rate_avg,89.2943606977596,-1
2025-05-10,heart_rate_avg,41.50376102586482,-1
2025-06-04,heart_rate_avg,37.92673750973215,-1
2025-06-22,heart_rate_avg,39.26927594961869,-1
2025-06-24,heart_rate_avg,38.64768442482693,-1
2025-07-02,heart_rate_avg,42.084512851116926,-1
2025-08-05,heart_rate_avg,39.67823598573093,-1
2024-09-07,heart_rate_avg,90.06020233993256,-1
2024-09-20,heart_rate_avg,91.6950029228396,-1
2024-10-05,heart_rate_avg,91.25409101638476,-1
2024-10-26,heart_rate_avg,92.35609038330736,-1
2024-10-31,heart_rate_avg,94.1109985677962,-1
2024-12-29,heart_rate_avg,91.25870697570495,-1
2025-02-01,heart_rate_avg,91.36976935015196,-1
2025-02-12,heart_rate_avg,89.29539527556103,-1
2025-02-18,heart_rate_avg,87.56393308869326,-1
2025-03-23,heart_rate_avg,94.04109243550158,-1
2025-04-02,heart_rate_avg,90.66551524233714,-1
2025-04-13,heart_rate_avg,87.89255277434948,-1
2025-04-21,heart_rate_avg,89.28746207799259,-1
2025-04-27,heart_rate_avg,41.394073455631805,-1
2025-05-10,heart_rate_avg,91.15800015927373,-1
2025-06-18,heart_rate_avg,91.99893692265805,-1
2025-07-15,heart_rate_avg,93.13785179630648,-1
2024-11-01,heart_rate_avg,89.44891667730849,-1
2024-11-09,heart_rate_avg,90.17166442966465,-1
2024-11-18,heart_rate_avg,97.91807783214404,-1
2025-01-06,heart_rate_avg,89.30817689063035,-1
2025-01-26,heart_rate_avg,103.04619788866984,-1
2025-04-03,heart_rate_avg,93.33168037675732,-1
2025-07-23,heart_rate_avg,37.91337228954161,-1
2025-08-09,heart_rate_avg,39.63927340540307,-1
2025-09-02,heart_rate_avg,90.90011852348287,-1
2025-09-04,heart_rate_avg,91.56717487796254,-1
2024-10-01,heart_rate_avg,87.65696354753831,-1
2024-10-10,heart_rate_avg,97.28054558864709,-1
2024-10-25,heart_rate_avg,95.22535861035294,-1
2024-11-14,heart_rate_avg,92.83886168842406,-1
2025-01-24,heart_rate_avg,95.33689378428656,-1
2025-02-10,heart_rate_avg,97.76262251542622,-1
2025-03-06,heart_rate_avg,88.7067992716685,-1
2025-04-21,heart_rate_avg,87.94593481723976,-1
2025-04-24,heart_rate_avg,90.79052911245252,-1
2025-05-18,heart_rate_avg,89.13192274031567,-1
2025-05-26,heart_rate_avg,95.43976599445008,-1
2025-06-15,heart_rate_avg,93.44356512341828,-1
2025-06-19,heart_rate_avg,87.89904000600015,-1
2025-07-01,heart_rate_avg,95.92646964138568,-1
2025-07-09,heart_rate_avg,95.89583275426308,-1
2025-07-25,heart_rate_avg,92.21602052332184,-1
2025-08-31,heart_rate_avg,87.60877960626178,-1
2024-10-13,heart_rate_avg,43.07658729243892,-1
2024-11-09,heart_rate_avg,42.21634566280745,-1
2024-11-23,heart_rate_avg,41.383140947809,-1
2024-11-30,heart_rate_avg,40.18484635196425,-1
2024-12-15,heart_rate_avg,37.41506557426232,-1
2024-12-24,heart_rate_avg,43.011300141628965,-1
2025-02-10,heart_rate_avg,35.635058347461424,-1
2025-02-15,heart_rate_avg,42.2189782854625,-1
2025-03-02,heart_rate_avg,87.58480755941241,-1
2025-03-28,heart_rate_avg,40.08474416439953,-1
2024-09-17,heart_rate_avg,88.00234563842817,-1
2024-09-18,heart_rate_avg,89.6125199404034,-1
2024-09-23,heart_rate_avg,98.32852028241798,-1
2024-09-24,heart_rate_avg,90.22475871779204,-1
2024-09-25,heart_rate_avg,89.37171355944513,-1
2024-10-10,heart_rate_avg,104.15555743300266,-1
2024-10-12,heart_rate_avg,96.94150751309884,-1
2024-10-13,heart_rate_avg,91.5013347703608,-1
2024-10-24,heart_rate_avg,88.69924057110312,-1
2024-10-25,heart_rate_avg,92.12032095687098,-1
2024-10-29,heart_rate_avg,89.86241551209072,-1
2024-11-04,heart_rate_avg,89.14342708250568,-1
2024-11-21,heart_rate_avg,90.03223029557202,-1
2024-12-07,heart_rate_avg,96.58170240487074,-1
2024-12-11,heart_rate_avg,93.85162708437988,-1
2024-12-13,heart_rate_avg,93.17131781235192,-1
2024-12-16,heart_rate_avg,91.6232538841672,-1
2025-01-05,heart_rate_avg,90.74947800306188,-1
2025-02-02,heart_rate_avg,87.56635088414136,-1
2025-02-06,heart_rate_avg,88.14865052082396,-1
2025-02-11,heart_rate_avg,89.64984386201094,-1
2025-02-22,heart_rate_avg,91.28661822264318,-1
2025-02-24,heart_rate_avg,91.201600566311,-1
2025-03-02,heart_rate_avg,89.1748739784021,-1
2025-03-07,heart_rate_avg,91.89864877541586,-1
2025-03-09,heart_rate_avg,91.65142032729864,-1
2025-03-10,heart_rate_avg,89.8373437915274,-1
2025-03-18,heart_rate_avg,101.56267991930451,-1
2025-03-21,heart_rate_avg,88.84011175211512,-1
2025-03-24,heart_rate_avg,89.7162086968404,-1
2025-05-03,heart_rate_avg,89.51454413502788,-1
2025-05-10,heart_rate_avg,88.08403045915598,-1
2025-05-17,heart_rate_avg,92.1520492435691,-1
2025-05-21,heart_rate_avg,90.9012199424286,-1
2025-06-20,heart_rate_avg,88.42885883440393,-1
2025-07-04,heart_rate_avg,91.86717077512984,-1
2025-07-07,heart_rate_avg,90.46525156339406,-1
2025-07-22,heart_rate_avg,89.00570599098769,-1
2025-07-25,heart_rate_avg,90.101577510945,-1
2025-07-31,heart_rate_avg,90.62114413369645,-1
2025-08-01,heart_rate_avg,90.06063955244296,-1
2025-08-06,heart_rate_avg,96.5848300653483,-1
2025-08-16,heart_rate_avg,91.75426181521162,-1
2025-08-22,heart_rate_avg,97.23702097416296,-1
2025-08-28,heart_rate_avg,98.13741483592494,-1
2025-08-30,heart_rate_avg,92.77954836549992,-1
2025-08-31,heart_rate_avg,87.78027667480795,-1
2024-09-21,heart_rate_avg,40.2786062177185,-1
2024-09-26,heart_rate_avg,42.52861550384833,-1
2024-12-09,heart_rate_avg,40.85404426386606,-1
2025-01-29,heart_rate_avg,41.07735827704811,-1
2025-04-11,heart_rate_avg,35.31040901425709,-1
2025-05-19,heart_rate_avg,35.72908614881334,-1
2025-06-05,heart_rate_avg,41.04958353478505,-1
2025-06-10,heart_rate_avg,40.22738051911329,-1
2025-06-30,heart_rate_avg,40.70889961492105,-1
2024-09-18,heart_rate_avg,40.33673043292082,-1
2024-10-27,heart_rate_avg,33.76848717329742,-1
2024-11-02,heart_rate_avg,41.53958381355736,-1
2024-11-07,heart_rate_avg,34.97644782322595,-1
2024-11-11,heart_rate_avg,33.64435511826844,-1
2024-11-16,heart_rate_avg,90.98101728510171,-1
2025-04-08,heart_rate_avg,37.34544752064449,-1
2025-04-30,heart_rate_avg,41.04385691968553,-1
2025-06-13,heart_rate_avg,41.63121523893589,-1
2025-07-02,heart_rate_avg,41.37899656380457,-1
2025-08-04,heart_rate_avg,38.85756689404408,-1
2025-08-05,heart_rate_avg,37.65319040089673,-1
2025-08-21,heart_rate_avg,41.94058935147695,-1
2025-08-23,heart_rate_avg,33.830293425933284,-1
2024-09-29,heart_rate_avg,94.52386652244388,-1
2024-10-21,heart_rate_avg,91.95339494759014,-1
2025-01-25,heart_rate_avg,27.587268394944303,-1
2025-02-04,heart_rate_avg,89.53518820502582,-1
2025-02-15,heart_rate_avg,88.93739996041484,-1
2025-06-18,heart_rate_avg,90.0821747146162,-1
2025-06-20,heart_rate_avg,90.85822174503652,-1
2024-10-12,heart_rate_avg,36.48619388574431,-1
2024-11-08,heart_rate_avg,42.46668080251199,-1
2024-11-20,heart_rate_avg,35.82667329438271,-1
2024-11-22,heart_rate_avg,34.47093947073868,-1
2025-01-29,heart_rate_avg,33.09460401960558,-1
2025-03-08,heart_rate_avg,35.727842082031394,-1
2025-04-01,heart_rate_avg,41.48589482512208,-1
2025-04-06,heart_rate_avg,33.91443973482116,-1
2025-05-02,heart_rate_avg,39.43439052713189,-1
2025-05-07,heart_rate_avg,40.47783845831041,-1
2025-06-30,heart_rate_avg,33.888057334126444,-1
2025-07-12,heart_rate_avg,39.243635846473786,-1
2025-07-13,heart_rate_avg,88.92271726053488,-1
2025-08-25,heart_rate_avg,41.65430885675436,-1
2025-09-03,heart_rate_avg,33.18135408792671,-1
2024-09-14,heart_rate_avg,39.81633136960415,-1
2024-11-07,heart_rate_avg,88.57348598034548,-1
2025-01-15,heart_rate_avg,37.95511028543872,-1
2025-03-15,heart_rate_avg,42.18999880349919,-1
2025-04-17,heart_rate_avg,41.509517595081405,-1
2025-07-23,heart_rate_avg,42.4679187428798,-1
2025-08-03,heart_rate_avg,88.46978281797603,-1
2024-11-27,heart_rate_avg,39.23825037760908,-1
2024-12-03,heart_rate_avg,36.17892285591607,-1
2024-12-06,heart_rate_avg,37.07969120412229,-1
2024-12-10,heart_rate_avg,42.785225862602005,-1
2024-12-16,heart_rate_avg,42.41802146083252,-1
2024-12-20,heart_rate_avg,40.062579679003065,-1
2025-02-02,heart_rate_avg,42.07709892127775,-1
2025-02-09,heart_rate_avg,36.4627068678684,-1
2025-03-05,heart_rate_avg,36.37303502032351,-1
2025-04-13,heart_rate_avg,42.141442650667344,-1
2025-04-26,heart_rate_avg,34.573628769676745,-1
2025-05-07,heart_rate_avg,38.06119118282049,-1
2025-05-10,heart_rate_avg,40.67130526346885,-1
2025-06-02,heart_rate_avg,38.25230940035799,-1
2025-06-14,heart_rate_avg,42.91446857117343,-1
2025-06-20,heart_rate_avg,43.16507031192157,-1
2025-07-10,heart_rate_avg,42.727859970818,-1
2025-08-01,heart_rate_avg,39.54113887390578,-1
2024-10-14,heart_rate_avg,88.53254958496785,-1
2024-10-26,heart_rate_avg,89.1391083680588,-1
2024-10-28,heart_rate_avg,100.24183536678724,-1
2024-11-02,heart_rate_avg,89.35433692641801,-1
2024-11-10,heart_rate_avg,87.5056209253556,-1
2024-12-17,heart_rate_avg,88.66921724580443,-1
2024-12-28,heart_rate_avg,101.349070223381,-1
2025-01-10,heart_rate_avg,87.71448637238295,-1
2025-02-04,heart_rate_avg,92.77136041371897,-1
2025-02-09,heart_rate_avg,93.49635411631468,-1
2025-02-17,heart_rate_avg,91.59029474139336,-1
2025-03-13,heart_rate_avg,87.9023717218423,-1
2025-03-16,heart_rate_avg,88.24647470530763,-1
2025-03-21,heart_rate_avg,87.98699418124653,-1
2025-04-03,heart_rate_avg,89.6424593266032,-1
2025-05-03,heart_rate_avg,41.18180604908038,-1
2025-06-26,heart_rate_avg,92.48884606889531,-1
2025-07-03,heart_rate_avg,89.81451681576095,-1
2025-07-04,heart_rate_avg,89.2428412878928,-1
2025-07-20,heart_rate_avg,95.2345354935715,-1
2024-09-16,heart_rate_avg,91.04053184295904,-1
2024-09-24,heart_rate_avg,40.95317390901795,-1
2024-09-28,heart_rate_avg,89.02227559075043,-1
2024-10-17,heart_rate_avg,35.18014150995578,-1
2024-11-12,heart_rate_avg,89.97017990771315,-1
2024-12-09,heart_rate_avg,40.988893995618064,-1
2025-01-06,heart_rate_avg,87.91785519285341,-1
2025-01-21,heart_rate_avg,43.16863836661229,-1
2025-03-09,heart_rate_avg,43.181898746026974,-1
2025-03-22,heart_rate_avg,87.59191860796393,-1
2025-03-31,heart_rate_avg,88.5390663740381,-1
2025-04-06,heart_rate_avg,40.58240245129887,-1
2025-05-04,heart_rate_avg,91.68048380260036,-1
2025-05-27,heart_rate_avg,37.28863823048095,-1
2024-10-05,heart_rate_avg,93.12752874139264,-1
2024-12-06,heart_rate_avg,92.9848945805429,-1
2024-12-26,heart_rate_avg,88.67161190342433,-1
2025-01-11,heart_rate_avg,92.0336645501173,-1
2025-01-14,heart_rate_avg,90.07484055978826,-1
2025-03-23,heart_rate_avg,87.50920043444114,-1
2025-09-01,heart_rate_avg,88.25954266425683,-1
2025-09-04,heart_rate_avg,102.42524986356024,-1
2024-10-14,heart_rate_avg,41.83132668132811,-1
2024-11-06,heart_rate_avg,89.83920232193624,-1
2024-11-15,heart_rate_avg,96.55505628251208,-1
2024-11-18,heart_rate_avg,87.42402820401668,-1
2024-12-15,heart_rate_avg,91.6486060143994,-1
2025-02-03,heart_rate_avg,42.94702668578901,-1
2025-02-07,heart_rate_avg,37.62742210283388,-1
2025-02-09,heart_rate_avg,92.6430417419243,-1
2025-04-03,heart_rate_avg,94.45199733745557,-1
2025-04-19,heart_rate_avg,90.60661914137933,-1
2025-05-07,heart_rate_avg,99.81588319443868,-1
2025-05-16,heart_rate_avg,89.23470609105165,-1
2025-07-04,heart_rate_avg,97.08947621557928,-1
2025-07-09,heart_rate_avg,89.73199053592381,-1
2025-07-11,heart_rate_avg,92.40742596306528,-1
2025-08-07,heart_rate_avg,88.33430211855381,-1
2025-08-11,heart_rate_avg,87.40755897263742,-1
2025-08-23,heart_rate_avg,38.43664256792191,-1
2025-09-04,heart_rate_avg,102.48436896703925,-1
2024-09-09,heart_rate_avg,87.50900264126501,-1
2024-09-13,heart_rate_avg,91.53400779952868,-1
2024-10-13,heart_rate_avg,92.0827298913352,-1
2024-10-17,heart_rate_avg,89.9588511339813,-1
2024-10-27,heart_rate_avg,42.21324884998772,-1
2024-11-30,heart_rate_avg,93.56723939822368,-1
2025-02-12,heart_rate_avg,40.72170142631789,-1
2025-02-16,heart_rate_avg,88.74893179905145,-1
2025-04-04,heart_rate_avg,88.59983975504095,-1
2025-06-27,heart_rate_avg,41.77022942945185,-1
2025-08-02,heart_rate_avg,90.33892694838757,-1
2025-08-06,heart_rate_avg,88.30859363106046,-1
2024-09-23,heart_rate_avg,97.11494592723088,-1
2024-10-09,heart_rate_avg,87.44246444054777,-1
2024-12-15,heart_rate_avg,93.595801859456,-1
2025-01-13,heart_rate_avg,42.25706263260423,-1
2025-02-01,heart_rate_avg,92.9049621464982,-1
2025-02-03,heart_rate_avg,41.78399669215287,-1
2025-02-10,heart_rate_avg,88.23028420194527,-1
2025-02-19,heart_rate_avg,95.28055962601864,-1
2025-04-12,heart_rate_avg,90.7630814401462,-1
2025-05-04,heart_rate_avg,94.32588329253151,-1
2025-07-13,heart_rate_avg,92.12585694552156,-1
2024-09-09,heart_rate_avg,89.60189461051007,-1
2024-09-12,heart_rate_avg,89.57307308404322,-1
2024-10-08,heart_rate_avg,92.82765438529896,-1
2024-10-10,heart_rate_avg,97.75638441657414,-1
2024-10-28,heart_rate_avg,92.82426708108538,-1
2024-11-24,heart_rate_avg,41.78014012136657,-1
2024-12-12,heart_rate_avg,92.9759620126502,-1
2024-12-28,heart_rate_avg,101.34848422563988,-1
2025-02-11,heart_rate_avg,92.12878297717896,-1
2025-03-10,heart_rate_avg,91.0393794043191,-1
2025-03-16,heart_rate_avg,92.3219382862936,-1
2025-03-17,heart_rate_avg,88.01601994110837,-1
2025-03-29,heart_rate_avg,92.5684247267048,-1
2025-04-04,heart_rate_avg,89.77894822293379,-1
2025-04-08,heart_rate_avg,89.00296760758073,-1
2025-04-20,heart_rate_avg,92.02072650579828,-1
2025-05-06,heart_rate_avg,88.26846794690299,-1
2025-05-19,heart_rate_avg,93.15140476763818,-1
2025-05-21,heart_rate_avg,97.25294339757758,-1
2025-05-25,heart_rate_avg,89.99128563337624,-1
2025-05-26,heart_rate_avg,90.91526174940309,-1
2025-06-30,heart_rate_avg,92.6950750518588,-1
2025-07-12,heart_rate_avg,88.35416482494206,-1
2025-07-13,heart_rate_avg,97.96175460075344,-1
2025-08-10,heart_rate_avg,92.79141129576912,-1
2025-08-21,heart_rate_avg,88.92837484994601,-1
2025-08-30,heart_rate_avg,91.22180358210817,-1
2024-09-14,heart_rate_avg,42.78778869496257,-1
2024-12-05,heart_rate_avg,42.560411340170766,-1
2024-12-22,heart_rate_avg,40.48346845383652,-1
2025-02-06,heart_rate_avg,33.46317170877073,-1
2025-02-07,heart_rate_avg,41.72985519655174,-1
2025-02-25,heart_rate_avg,41.700446764735645,-1
2025-03-19,heart_rate_avg,36.9322350952083,-1
2025-03-22,heart_rate_avg,39.81682777356362,-1
2025-04-22,heart_rate_avg,40.629057804354616,-1
2025-04-25,heart_rate_avg,38.63661390303041,-1
2025-05-05,heart_rate_avg,42.248250043853474,-1
2025-05-13,heart_rate_avg,42.52822998299576,-1
2025-06-07,heart_rate_avg,34.28063173878091,-1
2025-07-27,heart_rate_avg,39.19176190363114,-1
2025-07-30,heart_rate_avg,39.93691078149904,-1
2025-08-14,heart_rate_avg,40.86647669929837,-1
2024-10-09,heart_rate_avg,92.6383943656424,-1
2024-11-15,heart_rate_avg,43.13125779015036,-1
2024-12-21,heart_rate_avg,42.596353847022186,-1
2025-02-14,heart_rate_avg,88.4584370348378,-1
2025-03-07,heart_rate_avg,88.98917783169216,-1
2025-03-09,heart_rate_avg,92.43806031875604,-1
2025-04-21,heart_rate_avg,36.40402908479295,-1
2025-04-26,heart_rate_avg,42.56870157560954,-1
2025-05-22,heart_rate_avg,89.29424763220781,-1
2025-06-12,heart_rate_avg,97.16092450115698,-1
2025-06-19,heart_rate_avg,41.57276817591418,-1
2024-10-03,heart_rate_avg,93.66776167978846,-1
2024-10-08,heart_rate_avg,88.92179437454408,-1
2024-10-14,heart_rate_avg,87.80498698994427,-1
2024-10-15,heart_rate_avg,89.96345311605575,-1
2024-11-10,heart_rate_avg,91.55547881006537,-1
2024-11-27,heart_rate_avg,95.20494256747818,-1
2024-11-28,heart_rate_avg,90.1482110396533,-1
2024-11-30,heart_rate_avg,96.1259288561867,-1
2024-12-04,heart_rate_avg,94.36638887388156,-1
2024-12-06,heart_rate_avg,87.8764525930859,-1
2024-12-11,heart_rate_avg,89.86802956273083,-1
2025-01-25,heart_rate_avg,90.72321573735132,-1
2025-02-03,heart_rate_avg,91.40125608407548,-1
2025-02-07,heart_rate_avg,96.21358278137843,-1
2025-02-17,heart_rate_avg,90.36572440955176,-1
2025-03-29,heart_rate_avg,91.98898334516946,-1
2025-04-04,heart_rate_avg,90.88275610721044,-1
2025-04-06,heart_rate_avg,88.7788588078091,-1
2025-04-16,heart_rate_avg,89.7488140120021,-1
2025-06-09,heart_rate_avg,88.67820160435556,-1
2025-06-20,heart_rate_avg,94.7897933905939,-1
2025-06-26,heart_rate_avg,91.95118703638744,-1
2025-07-02,heart_rate_avg,99.59575079945785,-1
2025-07-11,heart_rate_avg,93.93730580540864,-1
2025-07-22,heart_rate_avg,88.35047028871784,-1
2025-08-01,heart_rate_avg,89.49139827526284,-1
2025-08-22,heart_rate_avg,89.7969773071431,-1
2025-08-29,heart_rate_avg,88.8811874690272,-1
2024-12-10,heart_rate_avg,41.03762674294623,-1
2025-03-03,heart_rate_avg,89.35536284037632,-1
2025-03-26,heart_rate_avg,40.682395420543,-1
2025-06-04,heart_rate_avg,40.9471215077635,-1
2024-09-09,heart_rate_avg,43.195782122916974,-1
2024-09-17,heart_rate_avg,41.08426869522913,-1
2024-09-28,heart_rate_avg,40.35254040637033,-1
2024-10-01,heart_rate_avg,41.6660385475103,-1
2024-11-02,heart_rate_avg,42.16906924504539,-1
2024-11-22,heart_rate_avg,41.46913201910874,-1
2024-12-11,heart_rate_avg,42.38732919068245,-1
2024-12-15,heart_rate_avg,42.0962301839438,-1
2024-12-16,heart_rate_avg,37.34506108154599,-1
2024-12-19,heart_rate_avg,39.23126629505336,-1
2024-12-28,heart_rate_avg,37.52630526744259,-1
2025-03-06,heart_rate_avg,41.55886270462644,-1
2025-04-17,heart_rate_avg,39.4967348298215,-1
2025-05-27,heart_rate_avg,40.73786895018189,-1
2025-07-09,heart_rate_avg,38.80495815660796,-1
2025-07-11,heart_rate_avg,32.023720659577464,-1
2025-07-18,heart_rate_avg,40.1818976132392,-1
2025-08-29,heart_rate_avg,39.25902469428722,-1
2025-09-04,heart_rate_avg,28.56144104108988,-1
2024-10-29,heart_rate_avg,41.93231269389824,-1
2024-11-09,heart_rate_avg,38.88385701989908,-1
2025-01-09,heart_rate_avg,92.01523222083785,-1
2024-10-04,heart_rate_avg,88.79778077202792,-1
2024-10-13,heart_rate_avg,28.663171991076677,-1
2024-12-29,heart_rate_avg,91.6694032494094,-1
2025-01-20,heart_rate_avg,42.84937538383715,-1
2025-03-10,heart_rate_avg,87.58703390648485,-1
2025-04-29,heart_rate_avg,41.41840358154252,-1
2025-05-07,heart_rate_avg,89.62015797200235,-1
2025-08-12,heart_rate_avg,41.35176925083291,-1
2025-08-14,heart_rate_avg,91.36014176895762,-1
2024-09-06,heart_rate_avg,41.09948215318319,-1
2024-09-11,heart_rate_avg,43.11552618255978,-1
2024-11-09,heart_rate_avg,38.68062725653888,-1
2024-12-10,heart_rate_avg,42.92254875858759,-1
2024-12-20,heart_rate_avg,42.8690685263704,-1
2025-01-13,heart_rate_avg,39.18716588788304,-1
2025-01-16,heart_rate_avg,87.79653350569754,-1
2025-01-17,heart_rate_avg,39.35176819446952,-1
2025-01-28,heart_rate_avg,40.57322935878448,-1
2025-02-05,heart_rate_avg,42.70085351796047,-1
2025-02-13,heart_rate_avg,35.26030272025667,-1
2025-03-13,heart_rate_avg,42.21994939768953,-1
2025-03-23,heart_rate_avg,90.94916235785506,-1
2025-04-06,heart_rate_avg,42.60406916528155,-1
2025-06-16,heart_rate_avg,91.74056894348864,-1
2025-06-19,heart_rate_avg,36.2623415580063,-1
2025-07-08,heart_rate_avg,38.00090297741383,-1
2025-07-11,heart_rate_avg,36.61169915396145,-1
2025-07-14,heart_rate_avg,35.34705047383963,-1
2025-08-07,heart_rate_avg,39.5447096262394,-1
2025-08-08,heart_rate_avg,41.57353442249128,-1
2024-09-19,heart_rate_avg,39.5221925330933,-1
2024-10-06,heart_rate_avg,41.37840368746882,-1
2024-10-14,heart_rate_avg,36.45953266002359,-1
2024-10-29,heart_rate_avg,41.69015206733012,-1
2024-11-13,heart_rate_avg,42.97745657361579,-1
2024-11-24,heart_rate_avg,38.47143530618418,-1
2024-12-03,heart_rate_avg,40.688452395760606,-1
2024-12-09,heart_rate_avg,40.89067543362211,-1
2025-01-30,heart_rate_avg,31.7069014817086,-1
2025-02-17,heart_rate_avg,42.82998020457812,-1
2025-02-27,heart_rate_avg,42.57706853817385,-1
2025-03-20,heart_rate_avg,42.09957924454719,-1
2025-03-21,heart_rate_avg,40.77160037328756,-1
2025-04-20,heart_rate_avg,37.98569926112492,-1
2025-04-30,heart_rate_avg,36.97387737476031,-1
2025-05-19,heart_rate_avg,42.14371236462259,-1
2025-06-06,heart_rate_avg,30.716713043401604,-1
2025-06-10,heart_rate_avg,42.00558555050246,-1
2025-06-24,heart_rate_avg,38.08411850800148,-1
2025-07-14,heart_rate_avg,40.47756456078988,-1
2025-08-05,heart_rate_avg,32.68498700253368,-1
2025-08-24,heart_rate_avg,42.91130803291122,-1
2024-09-25,heart_rate_avg,40.49598669327135,-1
2024-09-30,heart_rate_avg,34.30549264841961,-1
2024-10-07,heart_rate_avg,91.39644692102463,-1
2024-11-21,heart_rate_avg,32.57761194133607,-1
2024-12-30,heart_rate_avg,88.20023506038616,-1
2025-01-15,heart_rate_avg,42.49530533043246,-1
2025-02-14,heart_rate_avg,41.85399734997809,-1
2025-03-09,heart_rate_avg,35.661931801591194,-1
2025-08-28,heart_rate_avg,40.4337927639936,-1
2024-10-07,heart_rate_avg,100.74477280914024,-1
2024-11-11,heart_rate_avg,93.67852345259254,-1
2024-11-16,heart_rate_avg,104.02099971700416,-1
2024-11-21,heart_rate_avg,92.13322241140588,-1
2024-11-28,heart_rate_avg,93.13977326609916,-1
2025-01-13,heart_rate_avg,36.34244544412977,-1
2025-01-25,heart_rate_avg,87.82111769170166,-1
2025-01-30,heart_rate_avg,92.838595348566,-1
2025-02-08,heart_rate_avg,92.8611124772286,-1
2025-02-17,heart_rate_avg,88.81812464916811,-1
2025-03-12,heart_rate_avg,38.4281066313369,-1
2025-04-01,heart_rate_avg,92.49476164473586,-1
2025-04-06,heart_rate_avg,42.23296656552988,-1
2025-05-08,heart_rate_avg,87.80011223354127,-1
2025-05-19,heart_rate_avg,89.98913076465743,-1
2025-05-28,heart_rate_avg,90.51030946133513,-1
2025-06-10,heart_rate_avg,88.64133536457238,-1
2025-07-15,heart_rate_avg,89.48495556864015,-1
2025-08-01,heart_rate_avg,97.80042767141774,-1
2025-08-05,heart_rate_avg,88.31134298514237,-1
2025-08-28,heart_rate_avg,87.82480198100332,-1
2025-08-29,heart_rate_avg,89.05591202335958,-1
2024-09-12,heart_rate_avg,40.5095363663457,-1
2024-10-18,heart_rate_avg,92.15716701673574,-1
2024-10-27,heart_rate_avg,41.90597099593128,-1
2024-11-30,heart_rate_avg,92.22631133751128,-1
2024-12-10,heart_rate_avg,92.74509861710273,-1
2025-01-30,heart_rate_avg,42.29138507928064,-1
2025-02-11,heart_rate_avg,89.36861611490126,-1
2025-02-16,heart_rate_avg,88.37502057899795,-1
2025-03-13,heart_rate_avg,97.98223281434744,-1
2025-03-19,heart_rate_avg,99.60970743702408,-1
2025-07-09,heart_rate_avg,88.56217123574864,-1
2025-08-28,heart_rate_avg,97.19118293710676,-1
2025-09-05,heart_rate_avg,88.86856153257054,-1
2024-09-21,heart_rate_avg,40.49687883657991,-1
2024-09-28,heart_rate_avg,39.20767426801663,-1
2024-10-23,heart_rate_avg,37.27717839826215,-1
2025-01-08,heart_rate_avg,93.75204124686718,-1
2025-02-17,heart_rate_avg,88.90535680481658,-1
2025-02-21,heart_rate_avg,41.77169289727622,-1
2025-03-04,heart_rate_avg,93.33506332741952,-1
2025-03-06,heart_rate_avg,88.90424323835177,-1
2025-04-07,heart_rate_avg,87.96575659663243,-1
2025-04-10,heart_rate_avg,87.83022482511936,-1
2025-06-02,heart_rate_avg,89.47753101807086,-1
2025-06-05,heart_rate_avg,88.62150959487212,-1
2025-06-17,heart_rate_avg,42.69365425056012,-1
2025-06-28,heart_rate_avg,39.29610908741287,-1
2025-07-24,heart_rate_avg,36.08728050609915,-1
2024-09-09,heart_rate_avg,90.27599494585668,-1
2024-10-02,heart_rate_avg,40.81237621783362,-1
2024-10-27,heart_rate_avg,109.04123972236027,-1
2024-11-02,heart_rate_avg,88.72474807182897,-1
2024-11-28,heart_rate_avg,99.36708844047016,-1
2024-12-09,heart_rate_avg,101.24571340430978,-1
2025-01-29,heart_rate_avg,87.9092430330133,-1
2025-02-18,heart_rate_avg,92.35977537485068,-1
2025-02-22,heart_rate_avg,88.56134553827378,-1
2025-03-22,heart_rate_avg,87.53055209062028,-1
2025-05-03,heart_rate_avg,88.12905861499931,-1
2025-05-04,heart_rate_avg,90.68912672549092,-1
2025-05-10,heart_rate_avg,90.673723075012,-1
2025-06-01,heart_rate_avg,91.8584726002354,-1
2025-06-04,heart_rate_avg,42.6717091731164,-1
2025-06-06,heart_rate_avg,41.55049768164807,-1
2025-06-26,heart_rate_avg,95.44996226340868,-1
2025-07-20,heart_rate_avg,89.75218410297322,-1
2025-08-01,heart_rate_avg,33.59900955602444,-1
2024-11-03,heart_rate_avg,90.15642182106664,-1
2024-11-16,heart_rate_avg,87.41664619692925,-1
2024-12-02,heart_rate_avg,94.42804784171766,-1
2024-12-21,heart_rate_avg,88.99585609632783,-1
2025-03-28,heart_rate_avg,90.33221471915374,-1
2025-06-10,heart_rate_avg,90.41331220273985,-1
2025-06-25,heart_rate_avg,40.16722059696085,-1
2025-08-05,heart_rate_avg,92.18785021411104,-1
2025-08-19,heart_rate_avg,87.73342200788738,-1
2025-08-22,heart_rate_avg,92.33291516660545,-1
2025-08-29,heart_rate_avg,94.26524484950676,-1
2024-09-25,heart_rate_avg,37.63971600280365,-1
2024-10-11,heart_rate_avg,42.47422738826076,-1
2024-10-15,heart_rate_avg,42.76567179765818,-1
2024-10-18,heart_rate_avg,41.202186430355766,-1
2024-10-31,heart_rate_avg,39.88736335965224,-1
2024-11-01,heart_rate_avg,34.56863199183314,-1
2024-11-14,heart_rate_avg,34.42622627937743,-1
2024-11-25,heart_rate_avg,40.42010144601392,-1
2024-12-11,heart_rate_avg,29.586522244782586,-1
2025-01-05,heart_rate_avg,32.4585277814449,-1
2025-01-07,heart_rate_avg,39.547361009518426,-1
2025-01-13,heart_rate_avg,40.594873124674265,-1
2025-01-17,heart_rate_avg,40.2317437361953,-1
2025-01-19,heart_rate_avg,40.27204519107343,-1
2025-01-20,heart_rate_avg,42.76047420569117,-1
2025-02-03,heart_rate_avg,39.35402215478717,-1
2025-02-05,heart_rate_avg,42.65122997783344,-1
2025-02-14,heart_rate_avg,41.682909133248735,-1
2025-02-21,heart_rate_avg,33.69673920396498,-1
2025-03-01,heart_rate_avg,35.089296169412336,-1
2025-03-06,heart_rate_avg,42.46708052448586,-1
2025-03-19,heart_rate_avg,35.35586689040316,-1
2025-04-13,heart_rate_avg,40.50319037096472,-1
2025-04-20,heart_rate_avg,36.12798410502225,-1
2025-04-23,heart_rate_avg,36.61682427888443,-1
2025-04-27,heart_rate_avg,37.88094302671188,-1
2025-05-17,heart_rate_avg,35.83059830480942,-1
2025-06-16,heart_rate_avg,31.53338261228833,-1
2025-07-11,heart_rate_avg,40.11470612264253,-1
2025-07-15,heart_rate_avg,32.89296079141226,-1
2025-07-18,heart_rate_avg,42.1735200440054,-1
2025-08-09,heart_rate_avg,36.70505315221632,-1
2025-08-18,heart_rate_avg,40.78810213788599,-1
2025-08-27,heart_rate_avg,41.81274532292741,-1
2025-08-28,heart_rate_avg,30.887671723353662,-1
2025-09-01,heart_rate_avg,41.8081685700768,-1
2024-09-06,heart_rate_avg,41.85529910886944,-1
2025-02-12,heart_rate_avg,88.49282386272985,-1
2025-03-29,heart_rate_avg,87.77863416200998,-1
2025-04-13,heart_rate_avg,96.98776240950022,-1
2025-07-21,heart_rate_avg,90.09180432282994,-1
2025-08-12,heart_rate_avg,93.03734561558004,-1
2024-09-13,heart_rate_avg,97.24126521816444,-1
2024-11-20,heart_rate_avg,88.23589356587458,-1
2024-11-21,heart_rate_avg,90.4643907501374,-1
2024-11-25,heart_rate_avg,92.42977252782065,-1
2024-12-01,heart_rate_avg,89.93607051844971,-1
2024-12-10,heart_rate_avg,92.93028912136194,-1
2024-12-19,heart_rate_avg,93.71719607900388,-1
2025-02-12,heart_rate_avg,89.31604278121038,-1
2025-03-21,heart_rate_avg,88.96934339646678,-1
2025-03-30,heart_rate_avg,91.4509658440184,-1
2025-04-01,heart_rate_avg,42.22819399136592,-1
2025-06-07,heart_rate_avg,89.39010907908103,-1
2025-06-28,heart_rate_avg,89.85151358933669,-1
2024-09-15,heart_rate_avg,42.981669530345016,-1
2024-10-21,heart_rate_avg,39.22994443259816,-1
2024-11-26,heart_rate_avg,34.60761490001118,-1
2024-12-04,heart_rate_avg,41.24937982381779,-1
2024-12-22,heart_rate_avg,39.53635530419663,-1
2024-12-26,heart_rate_avg,30.20750052608951,-1
2025-01-13,heart_rate_avg,42.72280726998096,-1
2025-02-14,heart_rate_avg,39.23977791006659,-1
2025-02-21,heart_rate_avg,38.61778822172333,-1
2025-03-04,heart_rate_avg,42.2748448521059,-1
2025-03-26,heart_rate_avg,40.35660375309214,-1
2025-04-06,heart_rate_avg,40.1396125994215,-1
2025-04-26,heart_rate_avg,40.13682307047189,-1
2025-05-11,heart_rate_avg,36.8005708010601,-1
2025-06-10,heart_rate_avg,34.15051888278364,-1
2025-07-31,heart_rate_avg,28.577430524120125,-1
2025-08-15,heart_rate_avg,36.23034454399505,-1
2025-08-22,heart_rate_avg,37.57923088497273,-1
2024-09-10,heart_rate_avg,88.59683104826104,-1
2024-09-15,heart_rate_avg,88.19197042735905,-1
2024-10-14,heart_rate_avg,90.70006228391848,-1
2024-10-20,heart_rate_avg,88.27955458995847,-1
2024-11-03,heart_rate_avg,97.6956610199348,-1
2024-11-16,heart_rate_avg,91.25156320292128,-1
2024-11-19,heart_rate_avg,93.9092948925864,-1
2024-11-20,heart_rate_avg,88.07312175337356,-1
2024-12-06,heart_rate_avg,91.02053445184598,-1
2024-12-12,heart_rate_avg,88.30052754343134,-1
2024-12-30,heart_rate_avg,89.48297095110671,-1
2025-01-11,heart_rate_avg,89.25862685500837,-1
2025-01-24,heart_rate_avg,90.30860003612966,-1
2025-01-28,heart_rate_avg,87.96875324992293,-1
2025-02-01,heart_rate_avg,103.62295632008886,-1
2025-02-16,heart_rate_avg,89.51180585246037,-1
2025-02-19,heart_rate_avg,91.93354897983036,-1
2025-02-20,heart_rate_avg,93.0009756307966,-1
2025-03-01,heart_rate_avg,93.3342730626314,-1
2025-03-04,heart_rate_avg,90.95927008946724,-1
2025-03-07,heart_rate_avg,91.7233036964282,-1
2025-03-27,heart_rate_avg,93.15855325582451,-1
2025-04-02,heart_rate_avg,94.0107282968926,-1
2025-04-07,heart_rate_avg,87.79491164655752,-1
2025-04-13,heart_rate_avg,92.37394596273316,-1
2025-04-16,heart_rate_avg,93.181127250483,-1
2025-04-24,heart_rate_avg,90.52372621850434,-1
2025-05-12,heart_rate_avg,92.46946737356022,-1
2025-05-14,heart_rate_avg,95.98899838571464,-1
2025-05-18,heart_rate_avg,92.50706022719608,-1
2025-05-27,heart_rate_avg,95.8879643513253,-1
2025-06-13,heart_rate_avg,90.99779674199397,-1
2025-07-12,heart_rate_avg,97.1093610135009,-1
2025-07-26,heart_rate_avg,96.37113163220936,-1
2025-08-04,heart_rate_avg,90.55268120062608,-1
2025-08-15,heart_rate_avg,93.206989604773,-1
2025-08-20,heart_rate_avg,92.10444009188302,-1
2025-08-21,heart_rate_avg,90.55885489547596,-1
2025-08-25,heart_rate_avg,92.12537191623284,-1
2024-09-23,heart_rate_avg,95.45323071348476,-1
2024-10-23,heart_rate_avg,87.47712553284835,-1
2024-10-25,heart_rate_avg,89.11133803186476,-1
2024-12-06,heart_rate_avg,94.5347723072641,-1
2024-12-08,heart_rate_avg,93.40782430323068,-1
2024-12-13,heart_rate_avg,91.48174867781992,-1
2024-12-23,heart_rate_avg,89.01258890825058,-1
2024-12-26,heart_rate_avg,89.73161524222814,-1
2024-12-31,heart_rate_avg,91.991015577194,-1
2025-01-12,heart_rate_avg,91.54282772340048,-1
2025-01-16,heart_rate_avg,90.57913401418044,-1
2025-01-23,heart_rate_avg,93.19995149615092,-1
2025-01-31,heart_rate_avg,88.4346494677917,-1
2025-03-14,heart_rate_avg,88.4412142285836,-1
2025-03-20,heart_rate_avg,96.5048634439249,-1
2025-04-01,heart_rate_avg,91.06217036158196,-1
2025-05-05,heart_rate_avg,90.38247996069856,-1
2025-05-23,heart_rate_avg,88.3403346752394,-1
2025-06-02,heart_rate_avg,87.76414505708728,-1
2025-06-03,heart_rate_avg,88.98715044500796,-1
2025-06-07,heart_rate_avg,87.49638362041199,-1
2025-06-14,heart_rate_avg,91.11985149893508,-1
2025-07-08,heart_rate_avg,87.70572559229225,-1
2025-08-21,heart_rate_avg,89.34881290395279,-1
2025-09-05,heart_rate_avg,89.74466288277961,-1
2024-09-20,heart_rate_avg,95.5606568133696,-1
2024-09-22,heart_rate_avg,93.09911598883244,-1
2024-09-24,heart_rate_avg,92.71536948666868,-1
2024-09-25,heart_rate_avg,92.4706754190298,-1
2024-09-29,heart_rate_avg,97.9114129215328,-1
2024-10-01,heart_rate_avg,94.7444697887886,-1
2024-10-06,heart_rate_avg,95.36041584384218,-1
2024-10-07,heart_rate_avg,93.9529216091596,-1
2024-10-13,heart_rate_avg,92.50936427705366,-1
2024-10-15,heart_rate_avg,104.3818504238518,-1
2024-10-30,heart_rate_avg,91.36319022579458,-1
2024-11-02,heart_rate_avg,98.07706046156822,-1
2024-11-05,heart_rate_avg,88.73916924970284,-1
2024-11-22,heart_rate_avg,98.37520808292956,-1
2024-11-25,heart_rate_avg,87.77725419034766,-1
2024-11-27,heart_rate_avg,90.89555047763388,-1
2024-11-28,heart_rate_avg,102.93137470142484,-1
2024-12-01,heart_rate_avg,87.45039603094553,-1
2024-12-02,heart_rate_avg,99.59875039283,-1
2024-12-04,heart_rate_avg,90.13087890462336,-1
2024-12-08,heart_rate_avg,92.63225648578708,-1
2024-12-11,heart_rate_avg,88.05247481347189,-1
2024-12-12,heart_rate_avg,88.32100845975616,-1
2024-12-14,heart_rate_avg,88.41427480247158,-1
2024-12-22,heart_rate_avg,101.39535458386804,-1
2024-12-23,heart_rate_avg,98.3889113170291,-1
2024-12-27,heart_rate_avg,89.9546671822439,-1
2024-12-30,heart_rate_avg,92.36469205363798,-1
2025-01-01,heart_rate_avg,90.2414587112608,-1
2025-01-03,heart_rate_avg,93.68639622068946,-1
2025-01-14,heart_rate_avg,99.9470400226516,-1
2025-01-20,heart_rate_avg,88.08026503413015,-1
2025-01-31,heart_rate_avg,90.9306520621398,-1
2025-02-03,heart_rate_avg,88.68469186344538,-1
2025-02-15,heart_rate_avg,87.54258294170242,-1
2025-02-20,heart_rate_avg,89.16303352321897,-1
2025-02-21,heart_rate_avg,88.58049407709802,-1
2025-02-26,heart_rate_avg,89.58438430635158,-1
2025-03-04,heart_rate_avg,90.25491678151089,-1
2025-03-05,heart_rate_avg,95.48711694616314,-1
2025-03-08,heart_rate_avg,91.8860354992362,-1
2025-03-11,heart_rate_avg,87.74077870963512,-1
2025-03-22,heart_rate_avg,89.39752913051778,-1
2025-03-24,heart_rate_avg,93.34312436559875,-1
2025-03-26,heart_rate_avg,88.84173560254226,-1
2025-04-03,heart_rate_avg,89.29748200106457,-1
2025-04-22,heart_rate_avg,88.47320585759024,-1
2025-05-03,heart_rate_avg,92.08083743597342,-1
2025-05-18,heart_rate_avg,92.38518952256342,-1
2025-05-23,heart_rate_avg,94.99925585130164,-1
2025-05-31,heart_rate_avg,99.14108782575492,-1
2025-06-01,heart_rate_avg,90.77679056685896,-1
2025-06-17,heart_rate_avg,95.73010363693044,-1
2025-07-04,heart_rate_avg,91.54485916611476,-1
2025-07-08,heart_rate_avg,96.16244228787528,-1
2025-07-19,heart_rate_avg,89.05021260582028,-1
2025-07-31,heart_rate_avg,94.86254356524935,-1
2025-08-04,heart_rate_avg,90.52485540078128,-1
2025-08-14,heart_rate_avg,93.86332884166622,-1
2025-08-29,heart_rate_avg,87.51491079069433,-1
2025-08-31,heart_rate_avg,90.40038485142892,-1
2024-09-14,heart_rate_avg,19.70467577997593,-1
2024-09-29,heart_rate_avg,39.35658607727999,-1
2024-10-02,heart_rate_avg,41.98335027695404,-1
2024-10-30,heart_rate_avg,38.924281938315126,-1
2024-12-02,heart_rate_avg,35.62503118352137,-1
2024-12-21,heart_rate_avg,29.926000213110484,-1
2025-01-07,heart_rate_avg,37.30624637103119,-1
2025-01-10,heart_rate_avg,42.145539154320346,-1
2025-02-03,heart_rate_avg,40.43838032869379,-1
2025-02-12,heart_rate_avg,38.12208608186542,-1
2025-02-16,heart_rate_avg,41.78771679226283,-1
2025-04-30,heart_rate_avg,33.57005152374842,-1
2025-05-21,heart_rate_avg,41.49197863181463,-1
2025-07-18,heart_rate_avg,40.18881142718969,-1
2025-07-23,heart_rate_avg,42.81452025332074,-1
2025-07-30,heart_rate_avg,42.03420267161722,-1
2025-08-21,heart_rate_avg,31.65934655140823,-1
2025-08-24,heart_rate_avg,32.563770970749154,-1
2024-10-06,heart_rate_avg,89.53831227016926,-1
2024-11-08,heart_rate_avg,92.88717510464367,-1
2024-12-25,heart_rate_avg,88.1884349791762,-1
2025-01-14,heart_rate_avg,89.44484205184085,-1
2025-02-07,heart_rate_avg,88.38842540935428,-1
2025-02-10,heart_rate_avg,87.53231605651635,-1
2025-02-20,heart_rate_avg,100.85973684644128,-1
2025-03-21,heart_rate_avg,95.0303128476188,-1
2025-04-20,heart_rate_avg,100.6060624570434,-1
2025-05-01,heart_rate_avg,97.57576129200967,-1
2025-05-16,heart_rate_avg,92.70247035518742,-1
2025-06-03,heart_rate_avg,92.27088449649447,-1
2025-07-14,heart_rate_avg,38.20862195747234,-1
2025-08-26,heart_rate_avg,88.28442413834145,-1
2024-09-12,heart_rate_avg,42.99559820473477,-1
2024-09-16,heart_rate_avg,40.9455493265104,-1
2024-10-11,heart_rate_avg,42.55234626321451,-1
2024-10-31,heart_rate_avg,40.54840803260271,-1
2024-11-02,heart_rate_avg,42.12398600784428,-1
2024-12-09,heart_rate_avg,38.31298355641308,-1
2024-12-22,heart_rate_avg,40.3489145164083,-1
2025-01-09,heart_rate_avg,38.28369422064426,-1
2025-01-21,heart_rate_avg,39.997322791668616,-1
2025-02-08,heart_rate_avg,40.62993623619612,-1
2025-03-27,heart_rate_avg,43.200139455079054,-1
2025-04-20,heart_rate_avg,40.73709928743098,-1
2025-05-05,heart_rate_avg,43.056478804835606,-1
2025-05-12,heart_rate_avg,42.10945049411407,-1
2025-06-02,heart_rate_avg,41.41615812121908,-1
2025-07-28,heart_rate_avg,32.21360908543119,-1
2024-09-15,heart_rate_avg,42.65910563171624,-1
2024-09-28,heart_rate_avg,90.46555234131112,-1
2024-11-14,heart_rate_avg,42.96034061738035,-1
2024-11-20,heart_rate_avg,42.553459518814336,-1
2024-12-16,heart_rate_avg,41.43488480264983,-1
2025-01-02,heart_rate_avg,38.90524002352632,-1
2025-02-24,heart_rate_avg,38.19670043433356,-1
2025-02-28,heart_rate_avg,39.95419639340615,-1
2025-03-18,heart_rate_avg,43.16613987472038,-1
2025-03-21,heart_rate_avg,35.77482113244398,-1
2025-03-23,heart_rate_avg,42.59232642768032,-1
2025-04-30,heart_rate_avg,40.78178293442279,-1
2025-05-02,heart_rate_avg,39.34111708196089,-1
2025-05-28,heart_rate_avg,42.3945551354182,-1
2025-06-23,heart_rate_avg,32.46697512605951,-1
2025-06-26,heart_rate_avg,31.85501880527506,-1
2025-07-27,heart_rate_avg,41.37381409190644,-1
2025-08-02,heart_rate_avg,42.16704353115928,-1
2025-08-21,heart_rate_avg,40.76122677295946,-1
2024-09-08,heart_rate_avg,33.52876943373924,-1
2024-10-17,heart_rate_avg,37.953648042306895,-1
2024-10-22,heart_rate_avg,32.00820611586245,-1
2024-11-11,heart_rate_avg,42.99302700108122,-1
2024-12-27,heart_rate_avg,40.75432994073203,-1
2025-01-01,heart_rate_avg,41.87155391252686,-1
2025-01-30,heart_rate_avg,28.73686257383187,-1
2025-02-17,heart_rate_avg,42.71937464357579,-1
2025-02-21,heart_rate_avg,37.77561037950569,-1
2025-03-15,heart_rate_avg,41.59604768932528,-1
2025-03-18,heart_rate_avg,40.9430169188319,-1
2025-04-01,heart_rate_avg,30.401654684503733,-1
2025-04-02,heart_rate_avg,39.67536269276184,-1
2025-04-27,heart_rate_avg,40.2981803444601,-1
2025-04-28,heart_rate_avg,37.64741938774426,-1
2025-05-11,heart_rate_avg,29.435200536371564,-1
2025-05-26,heart_rate_avg,39.61380668976077,-1
2025-06-01,heart_rate_avg,28.38417241964095,-1
2025-06-05,heart_rate_avg,37.53514416206856,-1
2025-06-08,heart_rate_avg,37.484844334604034,-1
2025-06-10,heart_rate_avg,38.38941203205958,-1
2025-06-14,heart_rate_avg,42.28837044273716,-1
2025-07-12,heart_rate_avg,43.10841899155205,-1
2025-08-07,heart_rate_avg,38.43447582907543,-1
2025-08-17,heart_rate_avg,42.08757344014187,-1
2024-09-09,heart_rate_avg,40.78998452004579,-1
2024-11-16,heart_rate_avg,93.39039284024456,-1
2025-03-04,heart_rate_avg,42.98484008582915,-1
2025-04-04,heart_rate_avg,42.72146998535393,-1
2025-04-29,heart_rate_avg,41.624906058850826,-1
2025-05-20,heart_rate_avg,43.05539434467917,-1
2025-06-29,heart_rate_avg,41.02545876377074,-1
2025-07-18,heart_rate_avg,40.445314083237626,-1
2025-07-19,heart_rate_avg,41.80013817421309,-1
2025-07-30,heart_rate_avg,38.14487182997446,-1
2025-08-08,heart_rate_avg,42.89026677602072,-1
2024-09-06,heart_rate_avg,37.61209897824996,-1
2024-09-14,heart_rate_avg,41.8108838045321,-1
2024-09-30,heart_rate_avg,38.78640360988131,-1
2024-10-24,heart_rate_avg,38.748413546120254,-1
2025-01-13,heart_rate_avg,42.0622654287133,-1
2025-01-17,heart_rate_avg,43.207826110084895,-1
2025-02-27,heart_rate_avg,32.97115165198852,-1
2025-03-06,heart_rate_avg,32.63648445538944,-1
2025-03-16,heart_rate_avg,39.55343729203077,-1
2025-03-24,heart_rate_avg,41.33256387043329,-1
2025-04-01,heart_rate_avg,37.50341962858622,-1
2025-05-06,heart_rate_avg,35.55318077762075,-1
2025-06-13,heart_rate_avg,38.53447158526957,-1
2025-06-25,heart_rate_avg,42.96744060782718,-1
2025-06-27,heart_rate_avg,40.85192536540771,-1
2025-06-28,heart_rate_avg,42.34272900199245,-1
2025-07-01,heart_rate_avg,40.07451679075746,-1
2025-07-16,heart_rate_avg,41.86494987298542,-1
2025-08-05,heart_rate_avg,35.95065129044154,-1
2025-08-14,heart_rate_avg,36.2040987553854,-1
2025-09-02,heart_rate_avg,42.415738559171885,-1
2024-09-20,heart_rate_avg,90.78099804843204,-1
2024-10-16,heart_rate_avg,96.7983356523924,-1
2024-10-23,heart_rate_avg,88.47091095289214,-1
2024-11-06,heart_rate_avg,93.40138833624852,-1
2024-11-23,heart_rate_avg,89.22148400023349,-1
2024-12-18,heart_rate_avg,87.39241688365148,-1
2024-12-20,heart_rate_avg,92.78082486640524,-1
2024-12-30,heart_rate_avg,93.08361498382314,-1
2025-02-01,heart_rate_avg,88.20586971537179,-1
2025-02-24,heart_rate_avg,101.42371306310186,-1
2025-04-02,heart_rate_avg,88.63174989881068,-1
2025-04-14,heart_rate_avg,90.6356877040401,-1
2025-04-24,heart_rate_avg,42.44358186675235,-1
2025-05-08,heart_rate_avg,95.54780276973378,-1
2025-05-30,heart_rate_avg,88.15948553636773,-1
2025-06-01,heart_rate_avg,88.9094802716163,-1
2025-06-02,heart_rate_avg,89.45122853806649,-1
2025-08-06,heart_rate_avg,93.66244892016,-1
2025-08-10,heart_rate_avg,92.21124620228456,-1
2025-08-13,heart_rate_avg,92.76474243647183,-1
2025-08-18,heart_rate_avg,102.1589534115714,-1
2025-09-01,heart_rate_avg,87.54636260639117,-1
2024-09-23,heart_rate_avg,34.95702492699273,-1
2024-10-18,heart_rate_avg,43.03628728108265,-1
2024-10-27,heart_rate_avg,42.37357624210705,-1
2024-11-08,heart_rate_avg,32.462529205368526,-1
2024-11-15,heart_rate_avg,43.02756778054357,-1
2024-11-18,heart_rate_avg,38.96808488954979,-1
2024-12-01,heart_rate_avg,42.70242656665813,-1
2024-12-02,heart_rate_avg,42.94357494511577,-1
2025-02-06,heart_rate_avg,41.1965376830396,-1
2025-02-09,heart_rate_avg,38.6483604901169,-1
2025-02-24,heart_rate_avg,39.97239595177884,-1
2025-03-22,heart_rate_avg,35.67627700277342,-1
2025-04-04,heart_rate_avg,39.4879704913112,-1
2025-04-06,heart_rate_avg,42.67396324512583,-1
2025-04-12,heart_rate_avg,40.01425683494267,-1
2025-04-19,heart_rate_avg,39.89206228072254,-1
2025-05-10,heart_rate_avg,37.26555922138376,-1
2025-06-02,heart_rate_avg,37.09181611457083,-1
2025-06-14,heart_rate_avg,40.81247520979,-1
2025-06-17,heart_rate_avg,42.08327814713407,-1
2025-06-21,heart_rate_avg,42.5633633328478,-1
2025-07-17,heart_rate_avg,40.29884627662295,-1
2025-07-22,heart_rate_avg,40.194644199189085,-1
2025-09-02,heart_rate_avg,39.29990176570098,-1
2024-09-10,heart_rate_avg,95.76108593049956,-1
2024-10-14,heart_rate_avg,88.07174960035509,-1
2024-10-20,heart_rate_avg,41.629619485967964,-1
2025-02-08,heart_rate_avg,35.53418225226283,-1
2025-02-16,heart_rate_avg,41.027480207624194,-1
2025-02-23,heart_rate_avg,88.46434938369826,-1
2025-06-21,heart_rate_avg,97.80813260855884,-1
2025-08-10,heart_rate_avg,87.52711308294379,-1
2025-08-14,heart_rate_avg,38.15982431480447,-1
2025-08-26,heart_rate_avg,40.75120106037836,-1
2024-09-27,heart_rate_avg,35.243290904648106,-1
2024-10-02,heart_rate_avg,90.9985448704953,-1
2024-10-15,heart_rate_avg,93.72664972522828,-1
2024-10-19,heart_rate_avg,89.95657286715436,-1
2024-11-05,heart_rate_avg,93.79335562267757,-1
2024-12-04,heart_rate_avg,88.22751775014592,-1
2024-12-09,heart_rate_avg,89.37268532671541,-1
2024-12-18,heart_rate_avg,92.79399103595074,-1
2025-01-25,heart_rate_avg,95.06308114347009,-1
2025-02-05,heart_rate_avg,88.06198281962935,-1
2025-02-08,heart_rate_avg,88.04058106128619,-1
2025-02-12,heart_rate_avg,88.93600231102161,-1
2025-02-26,heart_rate_avg,91.03475004207172,-1
2025-03-10,heart_rate_avg,94.00483617530604,-1
2025-03-13,heart_rate_avg,90.2245872121007,-1
2025-03-15,heart_rate_avg,92.3441514949111,-1
2025-03-18,heart_rate_avg,88.13865830179063,-1
2025-03-25,heart_rate_avg,97.10238215319426,-1
2025-03-27,heart_rate_avg,88.82865119351517,-1
2025-03-30,heart_rate_avg,88.10272618631386,-1
2025-04-09,heart_rate_avg,95.12714549667308,-1
2025-05-14,heart_rate_avg,89.25024352886322,-1
2025-05-15,heart_rate_avg,89.06099562017084,-1
2025-07-01,heart_rate_avg,87.81420541671508,-1
2025-07-15,heart_rate_avg,93.37701997859268,-1
2025-07-31,heart_rate_avg,89.61495074009575,-1
2025-08-01,heart_rate_avg,98.77201060344036,-1
2025-08-09,heart_rate_avg,92.76245931529913,-1
2025-08-13,heart_rate_avg,91.05741029212348,-1
2025-08-28,heart_rate_avg,87.67180302505682,-1
2024-09-09,heart_rate_avg,96.4064034636882,-1
2024-11-24,heart_rate_avg,90.16017520214996,-1
2025-01-22,heart_rate_avg,88.92784842143985,-1
2025-03-14,heart_rate_avg,88.27086972756967,-1
2025-04-11,heart_rate_avg,88.75153382606285,-1
2025-04-15,heart_rate_avg,95.83958490881854,-1
2025-05-29,heart_rate_avg,42.99449978872926,-1
2025-05-30,heart_rate_avg,91.592930881011,-1
2025-08-14,heart_rate_avg,89.914951024162,-1
2025-08-25,heart_rate_avg,87.60314264636779,-1
2024-11-04,heart_rate_avg,37.61640898464802,-1
2024-11-11,heart_rate_avg,40.23383074848781,-1
2024-12-22,heart_rate_avg,31.213964970061568,-1
2024-12-24,heart_rate_avg,40.4005669184029,-1
2025-01-10,heart_rate_avg,89.37426698055242,-1
2025-01-12,heart_rate_avg,88.65192313530878,-1
2025-02-05,heart_rate_avg,88.85405699485898,-1
2025-03-25,heart_rate_avg,42.958363739686575,-1
2025-03-26,heart_rate_avg,88.25221899510584,-1
2025-04-12,heart_rate_avg,41.07433653297478,-1
2025-05-01,heart_rate_avg,87.73080918864848,-1
2025-07-05,heart_rate_avg,88.11133108140591,-1
2025-09-02,heart_rate_avg,35.07255641180015,-1
2024-09-17,heart_rate_avg,88.84033728921554,-1
2024-10-05,heart_rate_avg,95.39648665926752,-1
2024-12-06,heart_rate_avg,39.78150900263649,-1
2024-12-09,heart_rate_avg,88.84577407965504,-1
2024-12-16,heart_rate_avg,101.40327919717666,-1
2025-01-04,heart_rate_avg,94.39618817060652,-1
2025-01-08,heart_rate_avg,90.83858323483976,-1
2025-01-12,heart_rate_avg,88.94122977841526,-1
2025-02-05,heart_rate_avg,94.50520805762848,-1
2025-02-10,heart_rate_avg,87.53983188556035,-1
2025-02-16,heart_rate_avg,88.9779394478098,-1
2025-03-11,heart_rate_avg,89.66483514884091,-1
2025-03-13,heart_rate_avg,89.62335437369657,-1
2025-03-14,heart_rate_avg,88.55695346665554,-1
2025-03-19,heart_rate_avg,88.84940310569517,-1
2025-04-11,heart_rate_avg,95.13590490174866,-1
2025-05-07,heart_rate_avg,104.7279517718812,-1
2025-05-08,heart_rate_avg,87.58569821953355,-1
2025-05-19,heart_rate_avg,35.763067248156446,-1
2025-06-02,heart_rate_avg,91.4667748973538,-1
2025-07-13,heart_rate_avg,89.33759493771178,-1
2025-07-31,heart_rate_avg,88.33441110960572,-1
2025-08-09,heart_rate_avg,90.79038862736402,-1
2024-10-28,heart_rate_avg,42.62121123448964,-1
2024-11-10,heart_rate_avg,93.68631990287308,-1
2025-04-30,heart_rate_avg,42.181993953585724,-1
2025-05-02,heart_rate_avg,91.40863211003912,-1
2025-05-07,heart_rate_avg,35.38404600290201,-1
2025-06-25,heart_rate_avg,89.74146532337267,-1
2025-06-30,heart_rate_avg,91.04950358744048,-1
2025-07-01,heart_rate_avg,87.56292235567092,-1
2025-08-06,heart_rate_avg,39.94573768819177,-1
2025-08-26,heart_rate_avg,92.72807413476475,-1
2025-08-29,heart_rate_avg,42.23522742853368,-1
2025-09-05,heart_rate_avg,87.85793510155189,-1
2024-10-21,heart_rate_avg,39.16038749407002,-1
2024-10-25,heart_rate_avg,42.3298456461585,-1
2024-11-02,heart_rate_avg,41.82330781336222,-1
2024-11-08,heart_rate_avg,41.13599325701274,-1
2024-12-20,heart_rate_avg,41.72551678103987,-1
2025-01-09,heart_rate_avg,42.567335506506055,-1
2025-02-18,heart_rate_avg,33.430879146121995,-1
2025-02-24,heart_rate_avg,42.77926001028347,-1
2025-03-13,heart_rate_avg,42.44076732211465,-1
2025-04-08,heart_rate_avg,37.66327182969747,-1
2025-04-22,heart_rate_avg,88.99965901762408,-1
2025-06-11,heart_rate_avg,42.98111389491846,-1
2025-07-10,heart_rate_avg,43.06449617354903,-1
2025-07-12,heart_rate_avg,42.43891879625632,-1
2025-08-23,heart_rate_avg,38.418530758861095,-1
2024-09-14,heart_rate_avg,92.95594046168256,-1
2024-09-17,heart_rate_avg,42.561990249501775,-1
2024-09-20,heart_rate_avg,87.90641099901792,-1
2024-10-15,heart_rate_avg,89.94477928965956,-1
2024-10-26,heart_rate_avg,92.27127725625206,-1
2024-10-28,heart_rate_avg,97.6066303011062,-1
2024-11-12,heart_rate_avg,87.61777239366018,-1
2024-11-19,heart_rate_avg,87.86966795835497,-1
2024-11-21,heart_rate_avg,94.12539911173536,-1
2024-11-29,heart_rate_avg,38.8362982929205,-1
2024-12-07,heart_rate_avg,87.76399838915813,-1
2025-01-27,heart_rate_avg,93.02692688737208,-1
2025-04-10,heart_rate_avg,97.1963277092213,-1
2025-05-05,heart_rate_avg,91.11455245995477,-1
2025-05-20,heart_rate_avg,91.88408755432758,-1
2025-06-06,heart_rate_avg,92.2573492788853,-1
2025-07-17,heart_rate_avg,87.45962493655597,-1
2025-08-22,heart_rate_avg,90.81157146439335,-1
2025-08-23,heart_rate_avg,88.98915468722495,-1
2024-09-26,heart_rate_avg,35.751958767107844,-1
2024-10-11,heart_rate_avg,42.223403884333926,-1
2024-10-18,heart_rate_avg,87.4355255066256,-1
2024-10-23,heart_rate_avg,39.21754053521116,-1
2024-10-30,heart_rate_avg,95.70800965144858,-1
2024-11-14,heart_rate_avg,42.87087024059956,-1
2024-11-23,heart_rate_avg,39.42977455232696,-1
2024-12-26,heart_rate_avg,32.26431835367886,-1
2025-01-12,heart_rate_avg,42.87761459751954,-1
2025-01-30,heart_rate_avg,39.56041134662519,-1
2025-02-03,heart_rate_avg,25.277697089733287,-1
2025-02-06,heart_rate_avg,33.978374223902584,-1
2025-02-10,heart_rate_avg,33.89617867743077,-1
2025-02-18,heart_rate_avg,28.7839694368168,-1
2025-03-06,heart_rate_avg,41.1508760916997,-1
2025-04-23,heart_rate_avg,42.2557687074645,-1
2025-04-24,heart_rate_avg,39.94393612493659,-1
2025-04-28,heart_rate_avg,35.32896639032457,-1
2025-05-01,heart_rate_avg,42.62765620673783,-1
2025-05-19,heart_rate_avg,32.44522292896758,-1
2025-05-31,heart_rate_avg,38.83183931541073,-1
2025-06-05,heart_rate_avg,39.94651117828023,-1
2025-06-14,heart_rate_avg,37.695907103613536,-1
2025-06-20,heart_rate_avg,37.53976705088043,-1
2025-07-09,heart_rate_avg,32.00892559733028,-1
2025-07-29,heart_rate_avg,42.29911767317815,-1
2025-08-22,heart_rate_avg,88.5001287681347,-1
2025-08-30,heart_rate_avg,34.47596672216618,-1
2024-09-07,heart_rate_avg,93.07676761197348,-1
2024-09-23,heart_rate_avg,89.1590240336148,-1
2024-09-27,heart_rate_avg,89.203298108942,-1
2024-10-03,heart_rate_avg,90.56304567881818,-1
2024-11-09,heart_rate_avg,89.88144433726043,-1
2024-11-24,heart_rate_avg,96.53082491570242,-1
2025-01-14,heart_rate_avg,94.47347040815812,-1
2025-01-20,heart_rate_avg,93.29547812425258,-1
2025-02-09,heart_rate_avg,87.81204926528706,-1
2025-02-19,heart_rate_avg,95.10060805294049,-1
2025-02-24,heart_rate_avg,90.94437743265826,-1
2025-03-28,heart_rate_avg,91.14948160982549,-1
2025-03-31,heart_rate_avg,107.50387635582058,-1
2025-04-09,heart_rate_avg,91.34966176947847,-1
2025-04-16,heart_rate_avg,40.11907894061336,-1
2025-04-24,heart_rate_avg,89.58489971132109,-1
2025-05-07,heart_rate_avg,88.14841521659069,-1
2025-05-09,heart_rate_avg,43.1412678406556,-1
2025-05-14,heart_rate_avg,89.93924998334697,-1
2025-05-31,heart_rate_avg,88.80428390428185,-1
2025-06-03,heart_rate_avg,93.50749673172322,-1
2025-06-07,heart_rate_avg,89.4532575118621,-1
2025-06-10,heart_rate_avg,88.0551433324435,-1
2025-06-27,heart_rate_avg,91.29967295780068,-1
2025-06-29,heart_rate_avg,87.43658152440815,-1
2025-07-02,heart_rate_avg,89.9233369451471,-1
2025-07-16,heart_rate_avg,87.66928250626832,-1
2025-07-27,heart_rate_avg,110.4151820640785,-1
2025-08-13,heart_rate_avg,89.95738136889757,-1
2024-09-12,heart_rate_avg,89.1451528233857,-1
2024-09-26,heart_rate_avg,88.02567032089927,-1
2024-10-06,heart_rate_avg,91.91912147744716,-1
2024-10-19,heart_rate_avg,99.2694144706451,-1
2024-11-20,heart_rate_avg,89.93822025881931,-1
2024-12-19,heart_rate_avg,90.07040498782284,-1
2025-01-31,heart_rate_avg,88.53512221062685,-1
2025-03-27,heart_rate_avg,89.73401904744668,-1
2025-04-08,heart_rate_avg,92.00156000777316,-1
2025-04-26,heart_rate_avg,87.49032938025978,-1
2025-07-14,heart_rate_avg,38.86447580687068,-1
2025-07-25,heart_rate_avg,87.63353823159912,-1
2025-08-30,heart_rate_avg,87.60912461912116,-1
2024-11-01,heart_rate_avg,93.2708556723865,-1
2024-11-14,heart_rate_avg,90.37475776365848,-1
2024-11-16,heart_rate_avg,98.5223184959722,-1
2024-12-05,heart_rate_avg,91.31621023958502,-1
2024-12-08,heart_rate_avg,95.70694624914395,-1
2024-12-29,heart_rate_avg,88.84399412227137,-1
2025-01-22,heart_rate_avg,88.89859657939094,-1
2025-02-02,heart_rate_avg,41.46913305957064,-1
2025-02-07,heart_rate_avg,92.48089103351435,-1
2025-03-28,heart_rate_avg,92.75719617739873,-1
2025-05-15,heart_rate_avg,89.18135464616174,-1
2025-05-17,heart_rate_avg,99.69227275185344,-1
2025-06-02,heart_rate_avg,87.70919035767407,-1
2025-07-16,heart_rate_avg,87.60966109741585,-1
2025-07-21,heart_rate_avg,88.8615739150178,-1
2025-08-02,heart_rate_avg,39.20003870752936,-1
2025-08-05,heart_rate_avg,38.66213942591551,-1
2025-08-30,heart_rate_avg,89.40475683764163,-1
2024-09-08,heart_rate_avg,37.009716005841454,-1
2024-10-10,heart_rate_avg,34.15175561749262,-1
2024-10-11,heart_rate_avg,30.121453802541183,-1
2024-10-13,heart_rate_avg,31.597625510399403,-1
2024-12-08,heart_rate_avg,37.0662141570409,-1
2024-12-13,heart_rate_avg,42.25253779880414,-1
2024-12-22,heart_rate_avg,41.60346877929306,-1
2025-02-04,heart_rate_avg,40.301914201426975,-1
2025-02-19,heart_rate_avg,42.305206413355656,-1
2025-03-28,heart_rate_avg,41.90804585873357,-1
2025-04-07,heart_rate_avg,40.7041989582722,-1
2025-04-12,heart_rate_avg,31.75645330119333,-1
2025-04-18,heart_rate_avg,40.56412985681028,-1
2025-04-24,heart_rate_avg,40.81133825817798,-1
2025-05-03,heart_rate_avg,37.25007995139495,-1
2025-05-04,heart_rate_avg,38.70258080965384,-1
2025-05-06,heart_rate_avg,37.553350537539,-1
2025-05-16,heart_rate_avg,39.4511395149291,-1
2025-05-23,heart_rate_avg,36.29112866488982,-1
2025-06-07,heart_rate_avg,42.68213094490936,-1
2025-06-11,heart_rate_avg,39.54121224112015,-1
2025-06-14,heart_rate_avg,39.98749157146312,-1
2025-06-17,heart_rate_avg,41.29647911825256,-1
2025-07-08,heart_rate_avg,30.133724800977127,-1
2025-07-24,heart_rate_avg,39.128404029416814,-1
2025-08-08,heart_rate_avg,35.30694863226712,-1
2025-08-12,heart_rate_avg,43.02527295059207,-1
2025-08-20,heart_rate_avg,41.01910861413481,-1
2025-08-23,heart_rate_avg,42.86883859145561,-1
2025-08-29,heart_rate_avg,35.34628825732459,-1
2025-09-03,heart_rate_avg,94.42236756198956,-1
2024-09-14,heart_rate_avg,39.907020412854216,-1
2024-11-07,heart_rate_avg,37.00650915944726,-1
2025-02-06,heart_rate_avg,88.08062878755197,-1
2025-02-13,heart_rate_avg,41.74579329601077,-1
2025-06-20,heart_rate_avg,92.38119199473437,-1
2025-07-17,heart_rate_avg,34.10450610332971,-1
2025-08-11,heart_rate_avg,39.27074602978305,-1
2025-08-26,heart_rate_avg,94.26536748561053,-1
2025-09-03,heart_rate_avg,90.8579883162824,-1
2024-10-15,heart_rate_avg,89.2901816854262,-1
2024-11-06,heart_rate_avg,95.44295729734456,-1
2024-11-26,heart_rate_avg,90.13364529922929,-1
2024-12-10,heart_rate_avg,35.78108304256543,-1
2024-12-12,heart_rate_avg,92.72447500950152,-1
2024-12-18,heart_rate_avg,95.48230510070016,-1
2025-01-28,heart_rate_avg,94.86607780286388,-1
2025-01-29,heart_rate_avg,42.4727289333063,-1
2025-02-02,heart_rate_avg,88.45455871008063,-1
2025-02-14,heart_rate_avg,91.28471739499048,-1
2025-02-18,heart_rate_avg,89.55598419364911,-1
2025-02-26,heart_rate_avg,87.5033432224207,-1
2025-03-17,heart_rate_avg,42.36934295079372,-1
2025-05-05,heart_rate_avg,91.63431321060864,-1
2025-05-10,heart_rate_avg,89.22555096477846,-1
2025-05-11,heart_rate_avg,94.44748247632938,-1
2025-06-01,heart_rate_avg,32.5703363748053,-1
2025-07-02,heart_rate_avg,89.38258239627913,-1
2025-07-06,heart_rate_avg,91.50248234347096,-1
2025-07-23,heart_rate_avg,93.82769649444376,-1
2025-08-17,heart_rate_avg,88.22204016702516,-1
2024-09-09,heart_rate_avg,37.00782157755086,-1
2024-09-10,heart_rate_avg,31.149124654717564,-1
2024-10-15,heart_rate_avg,40.17300989975956,-1
2024-10-18,heart_rate_avg,33.05663961086583,-1
2024-10-23,heart_rate_avg,28.68458018647125,-1
2024-11-06,heart_rate_avg,36.85430291244687,-1
2024-11-15,heart_rate_avg,42.76708750355034,-1
2024-12-02,heart_rate_avg,43.16362465554103,-1
2024-12-04,heart_rate_avg,36.13975637529316,-1
2024-12-13,heart_rate_avg,34.63337780897519,-1
2024-12-20,heart_rate_avg,32.40146947413328,-1
2024-12-23,heart_rate_avg,42.00375742367589,-1
2025-01-02,heart_rate_avg,34.53976989514411,-1
2025-01-18,heart_rate_avg,37.880959240898335,-1
2025-03-01,heart_rate_avg,40.5307691265546,-1
2025-03-05,heart_rate_avg,41.20444302426787,-1
2025-03-10,heart_rate_avg,31.81334890547128,-1
2025-03-15,heart_rate_avg,36.0048386251242,-1
2025-03-26,heart_rate_avg,35.352142464179195,-1
2025-04-05,heart_rate_avg,31.855772838329653,-1
2025-04-06,heart_rate_avg,38.29852441609489,-1
2025-05-10,heart_rate_avg,39.2279241594462,-1
2025-05-20,heart_rate_avg,37.577149226884416,-1
2025-05-22,heart_rate_avg,28.83953324051579,-1
2025-05-27,heart_rate_avg,42.05984320340536,-1
2025-06-11,heart_rate_avg,32.65965064285499,-1
2025-06-17,heart_rate_avg,38.3798601939112,-1
2025-06-29,heart_rate_avg,39.61564581857798,-1
2025-07-08,heart_rate_avg,39.13815070504396,-1
2025-07-13,heart_rate_avg,40.67238594405042,-1
2025-07-14,heart_rate_avg,40.20317254818384,-1
2025-07-20,heart_rate_avg,40.3504105828197,-1
2025-08-03,heart_rate_avg,37.79067682638016,-1
2025-08-10,heart_rate_avg,37.253839522222194,-1
2025-08-30,heart_rate_avg,43.156593972066695,-1
2025-09-02,heart_rate_avg,38.53873801036151,-1
2024-11-15,heart_rate_avg,42.84863471225093,-1
2024-11-28,heart_rate_avg,38.41562091513455,-1
2024-12-25,heart_rate_avg,40.3982961801927,-1
2025-01-31,heart_rate_avg,41.88920284652683,-1
2025-05-05,heart_rate_avg,33.564299569364294,-1
2025-05-18,heart_rate_avg,94.6934465070978,-1
2025-06-08,heart_rate_avg,42.73362175310091,-1
2025-06-23,heart_rate_avg,39.93442432875353,-1
2025-07-08,heart_rate_avg,88.6868775940782,-1
2025-08-22,heart_rate_avg,42.50018735605079,-1
2025-08-28,heart_rate_avg,41.39994623746338,-1
2024-09-23,heart_rate_avg,91.80879597996504,-1
2024-11-05,heart_rate_avg,39.489854095571054,-1
2024-12-12,heart_rate_avg,28.792799108535483,-1
2024-12-25,heart_rate_avg,89.34822326543107,-1
2025-01-02,heart_rate_avg,87.81614114953626,-1
2025-01-07,heart_rate_avg,89.27819132563928,-1
2025-01-08,heart_rate_avg,87.75118839363714,-1
2025-01-13,heart_rate_avg,39.26073106145817,-1
2025-02-08,heart_rate_avg,42.35434638668489,-1
2025-02-22,heart_rate_avg,39.40764236186263,-1
2025-04-12,heart_rate_avg,41.59835258159042,-1
2025-08-02,heart_rate_avg,35.47588431705096,-1
2025-08-09,heart_rate_avg,43.02689422892023,-1
2025-08-16,heart_rate_avg,35.15846355077613,-1
2025-08-18,heart_rate_avg,89.62198540496297,-1
2024-09-06,heart_rate_avg,41.82691666146454,-1
2024-09-07,heart_rate_avg,43.18812977661807,-1
2024-09-23,heart_rate_avg,38.30657052268523,-1
2024-10-03,heart_rate_avg,39.33015414681292,-1
2024-11-05,heart_rate_avg,89.9009185735939,-1
2024-12-05,heart_rate_avg,33.594041788506246,-1
2024-12-20,heart_rate_avg,38.8146562526849,-1
2025-04-21,heart_rate_avg,42.72094160103355,-1
2025-05-08,heart_rate_avg,42.71315361254315,-1
2025-07-02,heart_rate_avg,89.5974254849136,-1
2024-11-02,heart_rate_avg,90.6705767978227,-1
2024-11-05,heart_rate_avg,90.15515769859635,-1
2024-11-24,heart_rate_avg,87.68248693015023,-1
2024-12-25,heart_rate_avg,91.9494907575304,-1
2025-04-23,heart_rate_avg,87.99536541111411,-1
2025-05-21,heart_rate_avg,94.5453220476714,-1
2025-05-28,heart_rate_avg,102.34348515063142,-1
2025-05-29,heart_rate_avg,89.61585718355674,-1
2025-08-12,heart_rate_avg,89.05308946816291,-1
2025-08-18,heart_rate_avg,88.34985448443834,-1
2024-09-20,heart_rate_avg,42.49975563748252,-1
2024-10-01,heart_rate_avg,35.195994505342085,-1
2024-10-21,heart_rate_avg,38.08764691663947,-1
2024-10-31,heart_rate_avg,36.81169175309759,-1
2024-11-04,heart_rate_avg,39.57357269111641,-1
2024-11-17,heart_rate_avg,40.37494500279429,-1
2024-12-06,heart_rate_avg,38.55551921423702,-1
2024-12-25,heart_rate_avg,39.23425860681603,-1
2024-12-27,heart_rate_avg,39.78293130476393,-1
2025-01-09,heart_rate_avg,42.32694537285808,-1
2025-02-27,heart_rate_avg,38.25315890675496,-1
2025-03-07,heart_rate_avg,39.80416117461242,-1
2025-03-22,heart_rate_avg,38.28880594551039,-1
2025-03-27,heart_rate_avg,41.9737406873162,-1
2025-04-20,heart_rate_avg,42.41740346998064,-1
2025-04-26,heart_rate_avg,41.23193372857395,-1
2025-05-12,heart_rate_avg,42.49961014637245,-1
2025-06-21,heart_rate_avg,41.61654863124416,-1
2025-07-21,heart_rate_avg,42.66891792966344,-1
2025-08-09,heart_rate_avg,42.19085043179104,-1
2025-08-20,heart_rate_avg,37.6669266123026,-1
2025-08-23,heart_rate_avg,35.75042165879157,-1
2025-08-31,heart_rate_avg,36.564409293694496,-1
2024-10-01,heart_rate_avg,88.01351705349435,-1
2024-10-10,heart_rate_avg,91.41156712355088,-1
2025-01-22,heart_rate_avg,94.03598385172948,-1
2025-01-24,heart_rate_avg,89.0447691830395,-1
2025-02-26,heart_rate_avg,94.78516070742758,-1
2025-03-18,heart_rate_avg,89.84556958109897,-1
2025-04-15,heart_rate_avg,41.74680049975785,-1
2025-04-17,heart_rate_avg,87.79225650766668,-1
2025-05-12,heart_rate_avg,89.58896263231375,-1
2025-05-22,heart_rate_avg,91.20418586449236,-1
2025-06-06,heart_rate_avg,41.05696630172567,-1
2025-07-01,heart_rate_avg,42.86719407277598,-1
2025-07-10,heart_rate_avg,43.19396685676776,-1
2025-08-02,heart_rate_avg,90.2557151201116,-1
2025-08-12,heart_rate_avg,89.18247201597852,-1
2024-09-17,heart_rate_avg,37.02012832909551,-1
2024-10-30,heart_rate_avg,35.86048553225754,-1
2024-11-05,heart_rate_avg,36.78376471081815,-1
2024-11-16,heart_rate_avg,30.565618574551657,-1
2024-11-25,heart_rate_avg,35.61767427277109,-1
2024-11-29,heart_rate_avg,41.07106115103747,-1
2024-12-04,heart_rate_avg,39.89663216647497,-1
2024-12-13,heart_rate_avg,40.76243008648251,-1
2024-12-18,heart_rate_avg,40.58368824128759,-1
2024-12-21,heart_rate_avg,32.59697040085234,-1
2024-12-23,heart_rate_avg,40.404581533414735,-1
2024-12-25,heart_rate_avg,37.595766617404095,-1
2025-01-01,heart_rate_avg,35.8983307104414,-1
2025-01-11,heart_rate_avg,23.706990793654697,-1
2025-01-16,heart_rate_avg,37.85495530466199,-1
2025-01-18,heart_rate_avg,41.29206908714531,-1
2025-01-25,heart_rate_avg,39.74030246024775,-1
2025-01-30,heart_rate_avg,39.996549359247325,-1
2025-02-13,heart_rate_avg,43.05930459273314,-1
2025-03-03,heart_rate_avg,27.97716325834604,-1
2025-03-13,heart_rate_avg,41.52676323633051,-1
2025-03-26,heart_rate_avg,43.0100640938938,-1
2025-04-07,heart_rate_avg,33.95212679418218,-1
2025-04-08,heart_rate_avg,35.95336188999494,-1
2025-04-20,heart_rate_avg,42.77086101925863,-1
2025-05-01,heart_rate_avg,42.85119284584252,-1
2025-06-02,heart_rate_avg,42.02055480333696,-1
2025-06-15,heart_rate_avg,41.88640270341199,-1
2025-06-21,heart_rate_avg,36.70440718249503,-1
2025-07-01,heart_rate_avg,34.80260782766545,-1
2025-07-02,heart_rate_avg,38.14263883037604,-1
2025-07-07,heart_rate_avg,39.76774557569159,-1
2025-07-10,heart_rate_avg,40.18586908088601,-1
2025-07-13,heart_rate_avg,43.0412031826583,-1
2025-07-23,heart_rate_avg,36.71379404184973,-1
2025-07-27,heart_rate_avg,42.61587927746034,-1
2025-07-28,heart_rate_avg,37.6475401815451,-1
2025-08-11,heart_rate_avg,40.49321905612516,-1
2025-08-20,heart_rate_avg,39.46963365942947,-1
2025-08-26,heart_rate_avg,36.69084456761583,-1
2025-08-29,heart_rate_avg,38.56735268433954,-1
2025-09-02,heart_rate_avg,42.18492042208811,-1
2024-10-03,heart_rate_avg,39.59146528587117,-1
2024-10-06,heart_rate_avg,42.85859220878049,-1
2024-10-29,heart_rate_avg,43.20989123103885,-1
2024-12-11,heart_rate_avg,38.48247100774141,-1
2025-07-19,heart_rate_avg,38.27227713948118,-1
2025-08-02,heart_rate_avg,42.22969907011809,-1
2025-08-16,heart_rate_avg,40.76469505794002,-1
2024-09-11,heart_rate_avg,90.44750873774916,-1
2024-09-28,heart_rate_avg,91.95858795354664,-1
2024-10-11,heart_rate_avg,88.99328710881787,-1
2024-11-16,heart_rate_avg,90.3816341757544,-1
2024-12-20,heart_rate_avg,92.1777343084909,-1
2025-01-28,heart_rate_avg,89.66280019856481,-1
2025-02-06,heart_rate_avg,98.51632329262463,-1
2025-02-15,heart_rate_avg,88.42838301981654,-1
2025-03-03,heart_rate_avg,89.65786947103624,-1
2025-03-07,heart_rate_avg,95.03043154312486,-1
2025-03-19,heart_rate_avg,88.23672355331283,-1
2025-04-09,heart_rate_avg,90.03211393758767,-1
2025-04-16,heart_rate_avg,93.4370737898929,-1
2025-04-23,heart_rate_avg,88.23622386331837,-1
2025-04-24,heart_rate_avg,101.7567539927698,-1
2025-04-27,heart_rate_avg,92.76166846487077,-1
2025-05-06,heart_rate_avg,90.19102375652972,-1
2025-05-12,heart_rate_avg,92.95292593101824,-1
2025-05-22,heart_rate_avg,91.72860364323236,-1
2025-08-17,heart_rate_avg,87.62117386160558,-1
2024-09-10,heart_rate_avg,87.55759687327293,-1
2024-09-12,heart_rate_avg,93.16879048535552,-1
2024-09-17,heart_rate_avg,89.21182329091239,-1
2024-09-28,heart_rate_avg,89.08381093338923,-1
2024-10-07,heart_rate_avg,88.35816931568472,-1
2024-10-10,heart_rate_avg,89.85169352063656,-1
2024-11-02,heart_rate_avg,88.62967362278373,-1
2024-12-13,heart_rate_avg,92.89838840301223,-1
2024-12-15,heart_rate_avg,91.13406828961942,-1
2024-12-20,heart_rate_avg,90.42792332191006,-1
2025-02-25,heart_rate_avg,91.62419583887524,-1
2025-02-26,heart_rate_avg,89.69808816931265,-1
2025-03-26,heart_rate_avg,94.64306106892748,-1
2025-03-31,heart_rate_avg,89.04820118848363,-1
2025-04-19,heart_rate_avg,88.81579419250247,-1
2025-05-01,heart_rate_avg,90.18540347986566,-1
2025-05-27,heart_rate_avg,89.2702040565952,-1
2025-06-11,heart_rate_avg,89.42333736875699,-1
2025-07-28,heart_rate_avg,91.27373780913985,-1
2025-07-31,heart_rate_avg,91.30899820638128,-1
2025-08-11,heart_rate_avg,91.2662940601573,-1
2025-08-13,heart_rate_avg,88.79148175914558,-1
2025-08-17,heart_rate_avg,87.71596131189088,-1
2025-09-03,heart_rate_avg,88.33331623247554,-1
2024-10-02,heart_rate_avg,40.25757165542604,-1
2024-10-22,heart_rate_avg,30.57635848998336,-1
2024-11-13,heart_rate_avg,40.66493251426645,-1
2024-11-18,heart_rate_avg,39.117047007868464,-1
2024-12-08,heart_rate_avg,38.06807223141325,-1
2024-12-25,heart_rate_avg,40.00909810964101,-1
2024-12-27,heart_rate_avg,39.50898945604533,-1
2025-01-19,heart_rate_avg,90.73649636760793,-1
2025-02-07,heart_rate_avg,39.1652320116161,-1
2025-02-12,heart_rate_avg,43.04574437173625,-1
2025-02-25,heart_rate_avg,41.59965366951559,-1
2025-03-12,heart_rate_avg,33.27021356288796,-1
2025-04-29,heart_rate_avg,34.519171439185726,-1
2025-05-20,heart_rate_avg,40.146457379715294,-1
2025-05-22,heart_rate_avg,88.70250444274811,-1
2025-06-04,heart_rate_avg,42.71080011457784,-1
2025-06-15,heart_rate_avg,42.24038222334863,-1
2025-06-28,heart_rate_avg,42.19649741120597,-1
2025-08-11,heart_rate_avg,39.977543214431854,-1
2025-08-24,heart_rate_avg,39.34427324981493,-1
2025-08-29,heart_rate_avg,39.56303320052679,-1
2024-11-13,heart_rate_avg,92.52349721622468,-1
2025-01-04,heart_rate_avg,36.91200123002608,-1
2025-02-10,heart_rate_avg,94.8673046699665,-1
2025-02-12,heart_rate_avg,90.85037871880502,-1
2025-03-11,heart_rate_avg,89.23673615262162,-1
2025-03-22,heart_rate_avg,41.046766855264224,-1
2025-04-20,heart_rate_avg,42.74114539608104,-1
2025-05-09,heart_rate_avg,89.50725592278032,-1
2025-06-08,heart_rate_avg,36.00102375645754,-1
2025-06-14,heart_rate_avg,89.28654962761543,-1
2025-07-20,heart_rate_avg,37.839480422320655,-1
2024-09-11,heart_rate_avg,38.8089572204578,-1
2024-09-17,heart_rate_avg,40.02719996840077,-1
2024-09-29,heart_rate_avg,89.66569074961251,-1
2024-11-14,heart_rate_avg,37.1844572300666,-1
2024-12-09,heart_rate_avg,39.9110416279902,-1
2024-12-27,heart_rate_avg,40.473426250371794,-1
2025-01-01,heart_rate_avg,38.01955046885674,-1
2025-01-18,heart_rate_avg,41.62820281569786,-1
2025-02-17,heart_rate_avg,41.33026599167002,-1
2025-02-23,heart_rate_avg,38.95738098393282,-1
2025-03-03,heart_rate_avg,35.569545710046896,-1
2025-03-06,heart_rate_avg,37.760416203917714,-1
2025-03-23,heart_rate_avg,38.12520377058336,-1
2025-04-04,heart_rate_avg,36.0229756040342,-1
2025-04-14,heart_rate_avg,38.95639684708615,-1
2025-06-27,heart_rate_avg,42.29331528597286,-1
2025-07-17,heart_rate_avg,42.71499118890374,-1
2025-08-16,heart_rate_avg,40.28376847761349,-1
2025-08-27,heart_rate_avg,38.9871534397656,-1
2025-08-30,heart_rate_avg,43.17297391613612,-1
2024-10-03,heart_rate_avg,92.58934482412562,-1
2024-10-14,heart_rate_avg,42.39395181702439,-1
2024-11-10,heart_rate_avg,89.13664011379048,-1
2024-11-15,heart_rate_avg,92.42901769506489,-1
2024-12-19,heart_rate_avg,42.78718253626975,-1
2024-12-29,heart_rate_avg,40.625667311446456,-1
2025-01-27,heart_rate_avg,38.67112236516218,-1
2025-02-08,heart_rate_avg,35.369947159908506,-1
2025-02-13,heart_rate_avg,88.5084894307683,-1
2025-05-18,heart_rate_avg,41.40494438659493,-1
2025-06-08,heart_rate_avg,90.32599385452924,-1
2025-06-14,heart_rate_avg,42.34729438316391,-1
2025-06-18,heart_rate_avg,42.460298409133614,-1
2025-07-27,heart_rate_avg,42.93078201582098,-1
2025-08-31,heart_rate_avg,41.63958440318029,-1
2024-10-05,heart_rate_avg,88.93265122241763,-1
2024-10-21,heart_rate_avg,87.95295511241142,-1
2024-11-01,heart_rate_avg,90.23086957671995,-1
2024-12-24,heart_rate_avg,90.8150737707384,-1
2025-01-02,heart_rate_avg,88.76423601706622,-1
2025-01-14,heart_rate_avg,87.66176068622171,-1
2025-01-19,heart_rate_avg,89.7290047097248,-1
2025-02-01,heart_rate_avg,97.55607852837475,-1
2025-02-03,heart_rate_avg,90.503827284084,-1
2025-03-06,heart_rate_avg,91.8706933109221,-1
2025-04-24,heart_rate_avg,98.35540496820563,-1
2025-06-19,heart_rate_avg,89.84964212630382,-1
2025-07-20,heart_rate_avg,92.39698557322308,-1
2025-07-24,heart_rate_avg,98.31643145648212,-1
2025-08-13,heart_rate_avg,42.83649168277198,-1
2025-08-23,heart_rate_avg,93.61966302868278,-1
2024-09-24,heart_rate_avg,92.87853776424376,-1
2024-10-19,heart_rate_avg,92.4417813535375,-1
2024-11-04,heart_rate_avg,89.94608476729455,-1
2025-04-26,heart_rate_avg,92.1635765094556,-1
2025-05-04,heart_rate_avg,90.6175652317988,-1
2025-05-14,heart_rate_avg,89.26151353303733,-1
2025-07-18,heart_rate_avg,88.45587429725907,-1
2025-07-22,heart_rate_avg,90.81580510040028,-1
2025-07-26,heart_rate_avg,93.88719400555684,-1
2024-09-07,heart_rate_avg,36.23012020968045,-1
2024-11-17,heart_rate_avg,40.264457098652834,-1
2024-11-24,heart_rate_avg,37.99011919846061,-1
2024-12-06,heart_rate_avg,41.97706421257679,-1
2024-12-15,heart_rate_avg,39.91393189365816,-1
2025-01-13,heart_rate_avg,39.95741695027308,-1
2025-01-21,heart_rate_avg,40.43328190550302,-1
2025-01-25,heart_rate_avg,40.11956239257896,-1
2025-02-13,heart_rate_avg,37.76270213351385,-1
2025-04-06,heart_rate_avg,37.34539168783522,-1
2025-04-11,heart_rate_avg,37.87037278915195,-1
2025-05-04,heart_rate_avg,42.14111104790514,-1
2025-05-06,heart_rate_avg,38.96131610946655,-1
2025-06-04,heart_rate_avg,37.419566671200144,-1
2025-07-24,heart_rate_avg,27.84665473302296,-1
2025-08-08,heart_rate_avg,40.94915821381714,-1
2025-08-10,heart_rate_avg,89.04768377135105,-1
2025-08-21,heart_rate_avg,41.16915435432303,-1
2024-09-06,heart_rate_avg,39.98480792581819,-1
2024-09-22,heart_rate_avg,32.386679715261955,-1
2024-09-27,heart_rate_avg,41.89754245193264,-1
2024-10-04,heart_rate_avg,88.0278955574642,-1
2024-10-09,heart_rate_avg,40.52773709372239,-1
2024-10-25,heart_rate_avg,41.38163559279647,-1
2024-11-09,heart_rate_avg,88.31536166653453,-1
2024-11-30,heart_rate_avg,42.00397224745503,-1
2024-12-04,heart_rate_avg,41.07691783239099,-1
2024-12-23,heart_rate_avg,39.27726271597081,-1
2024-12-27,heart_rate_avg,43.12256947547735,-1
2025-01-29,heart_rate_avg,87.78241277278656,-1
2025-02-12,heart_rate_avg,90.22675111756166,-1
2025-02-17,heart_rate_avg,39.40068293675067,-1
2025-04-05,heart_rate_avg,38.18992414576168,-1
2025-04-20,heart_rate_avg,42.0144112267484,-1
2025-04-26,heart_rate_avg,43.09804909020281,-1
2025-05-05,heart_rate_avg,39.86064485918519,-1
2025-05-25,heart_rate_avg,42.53752766387549,-1
2025-07-13,heart_rate_avg,35.29363640202108,-1
2025-08-01,heart_rate_avg,39.706662297402616,-1
2025-08-03,heart_rate_avg,35.80253171491761,-1
2024-09-14,heart_rate_avg,89.87528126450795,-1
2024-10-16,heart_rate_avg,100.03270501748074,-1
2024-10-19,heart_rate_avg,93.0444081133702,-1
2024-10-20,heart_rate_avg,94.40135577298702,-1
2024-10-24,heart_rate_avg,90.77621646834076,-1
2024-12-27,heart_rate_avg,92.59478036322426,-1
2024-12-31,heart_rate_avg,100.57157754800023,-1
2025-01-26,heart_rate_avg,88.26148951250272,-1
2025-03-03,heart_rate_avg,41.89562991619226,-1
2025-04-06,heart_rate_avg,88.85068932776686,-1
2025-05-16,heart_rate_avg,88.99691997434374,-1
2025-06-25,heart_rate_avg,90.75744671050498,-1
2025-07-03,heart_rate_avg,90.05813273865068,-1
2025-07-28,heart_rate_avg,89.35949294867069,-1
2025-08-12,heart_rate_avg,90.88504552583382,-1
2024-09-15,heart_rate_avg,42.877014475962646,-1
2024-10-29,heart_rate_avg,91.72066898769556,-1
2024-12-07,heart_rate_avg,90.33290144571689,-1
2025-01-03,heart_rate_avg,40.17215157161773,-1
2025-01-26,heart_rate_avg,42.781573671511005,-1
2025-03-09,heart_rate_avg,42.82010577825861,-1
2025-07-09,heart_rate_avg,43.05114690824081,-1
2025-08-15,heart_rate_avg,93.2985099923404,-1
2025-08-16,heart_rate_avg,34.49142828868018,-1
2025-08-21,heart_rate_avg,42.9719079125083,-1
2024-09-17,heart_rate_avg,42.29563934117631,-1
2024-09-21,heart_rate_avg,35.601159387792045,-1
2024-10-11,heart_rate_avg,41.160780752987655,-1
2024-10-20,heart_rate_avg,38.87045215367365,-1
2024-11-05,heart_rate_avg,34.610285487580626,-1
2024-11-16,heart_rate_avg,37.51513790096061,-1
2024-12-06,heart_rate_avg,38.922195147242014,-1
2024-12-22,heart_rate_avg,32.515927794930825,-1
2024-12-31,heart_rate_avg,41.51741280160896,-1
2025-01-09,heart_rate_avg,42.2413026332246,-1
2025-01-12,heart_rate_avg,28.995953011771263,-1
2025-01-28,heart_rate_avg,37.196314849152856,-1
2025-02-19,heart_rate_avg,40.388051403409534,-1
2025-02-26,heart_rate_avg,36.244143863846986,-1
2025-02-28,heart_rate_avg,34.920439977285,-1
2025-03-02,heart_rate_avg,39.352512892578815,-1
2025-03-17,heart_rate_avg,40.65636313263226,-1
2025-03-29,heart_rate_avg,29.736425614175342,-1
2025-03-30,heart_rate_avg,33.70721792353953,-1
2025-04-01,heart_rate_avg,25.596401410641484,-1
2025-04-03,heart_rate_avg,41.07237255185154,-1
2025-04-29,heart_rate_avg,29.705048471118563,-1
2025-05-17,heart_rate_avg,28.64240956782696,-1
2025-06-09,heart_rate_avg,39.56406200226577,-1
2025-06-22,heart_rate_avg,42.07462240102283,-1
2025-07-05,heart_rate_avg,36.741695535885455,-1
2025-07-08,heart_rate_avg,41.19600924577715,-1
2025-07-10,heart_rate_avg,39.64914022959242,-1
2025-07-11,heart_rate_avg,40.56693355456673,-1
2025-07-15,heart_rate_avg,39.90915298837466,-1
2025-07-28,heart_rate_avg,29.54582832029379,-1
2025-08-09,heart_rate_avg,37.46792161801756,-1
2025-08-12,heart_rate_avg,39.9920098853585,-1
2025-08-17,heart_rate_avg,40.26983190991135,-1
2025-08-20,heart_rate_avg,39.112401257319625,-1
2025-08-27,heart_rate_avg,42.67337600955328,-1
2024-09-09,heart_rate_avg,88.4815546257561,-1
2024-10-04,heart_rate_avg,93.30494311278366,-1
2024-10-05,heart_rate_avg,94.80492847147384,-1
2024-10-16,heart_rate_avg,88.38557469986478,-1
2024-10-20,heart_rate_avg,93.80055393964716,-1
2024-10-21,heart_rate_avg,87.86697789208989,-1
2024-10-27,heart_rate_avg,87.4015494184347,-1
2024-12-02,heart_rate_avg,106.13596423336789,-1
2024-12-13,heart_rate_avg,90.45096727338684,-1
2024-12-19,heart_rate_avg,91.20432703464132,-1
2024-12-29,heart_rate_avg,89.27936266002277,-1
2025-01-02,heart_rate_avg,91.96342691707338,-1
2025-01-11,heart_rate_avg,88.9724699782851,-1
2025-01-17,heart_rate_avg,88.85870019353442,-1
2025-01-25,heart_rate_avg,90.42776556163436,-1
2025-01-29,heart_rate_avg,97.30568232855018,-1
2025-02-03,heart_rate_avg,90.93339124542068,-1
2025-02-16,heart_rate_avg,88.75987826086337,-1
2025-02-17,heart_rate_avg,88.69090785059225,-1
2025-03-14,heart_rate_avg,89.28167069647313,-1
2025-03-18,heart_rate_avg,91.01111071266814,-1
2025-04-02,heart_rate_avg,89.70964405245806,-1
2025-04-28,heart_rate_avg,92.65155079886485,-1
2025-05-01,heart_rate_avg,89.80194837267814,-1
2025-05-02,heart_rate_avg,88.19758047539557,-1
2025-05-03,heart_rate_avg,88.9394138080064,-1
2025-06-03,heart_rate_avg,88.73866042829478,-1
2025-06-11,heart_rate_avg,90.874561342816,-1
2025-06-25,heart_rate_avg,95.92948394618556,-1
2025-07-20,heart_rate_avg,91.87101767060616,-1
2025-07-28,heart_rate_avg,88.17104211071099,-1
2025-09-01,heart_rate_avg,90.22683096386008,-1
2024-10-09,heart_rate_avg,39.93421297271009,-1
2024-10-19,heart_rate_avg,94.65895990698552,-1
2024-11-13,heart_rate_avg,87.66646443291441,-1
2024-12-26,heart_rate_avg,43.203924010876285,-1
2025-01-03,heart_rate_avg,100.23846520461608,-1
2025-01-08,heart_rate_avg,93.89541276587288,-1
2025-01-31,heart_rate_avg,94.96709425189728,-1
2025-02-03,heart_rate_avg,88.96022789886749,-1
2025-02-06,heart_rate_avg,42.86859964205603,-1
2025-04-24,heart_rate_avg,41.947391596374345,-1
2025-05-05,heart_rate_avg,37.05249248472892,-1
2025-05-10,heart_rate_avg,89.05356551062744,-1
2025-07-11,heart_rate_avg,90.4043519642517,-1
2025-08-17,heart_rate_avg,41.39141996020305,-1
2024-10-02,heart_rate_avg,35.28553449529539,-1
2024-11-11,heart_rate_avg,88.82609695186589,-1
2024-12-22,heart_rate_avg,88.89894338585111,-1
2025-02-26,heart_rate_avg,27.599868666356464,-1
2025-03-08,heart_rate_avg,42.96171124671057,-1
2025-04-07,heart_rate_avg,89.32706625140099,-1
2024-09-06,heart_rate_avg,41.06079742835215,-1
2024-09-13,heart_rate_avg,36.11722955087535,-1
2024-09-16,heart_rate_avg,40.023548594529714,-1
2024-10-14,heart_rate_avg,29.32221351932001,-1
2024-10-20,heart_rate_avg,38.828901764314026,-1
2024-11-04,heart_rate_avg,36.90789085636053,-1
2024-11-05,heart_rate_avg,40.77303318671936,-1
2024-11-30,heart_rate_avg,42.24310091915633,-1
2024-12-05,heart_rate_avg,37.16880610974883,-1
2024-12-08,heart_rate_avg,40.67495442335047,-1
2024-12-27,heart_rate_avg,38.418164709284895,-1
2025-01-18,heart_rate_avg,42.51944849883335,-1
2025-01-26,heart_rate_avg,40.685051230779074,-1
2025-01-30,heart_rate_avg,39.68028467471379,-1
2025-02-05,heart_rate_avg,41.93248486453782,-1
2025-02-06,heart_rate_avg,35.22253638756174,-1
2025-02-09,heart_rate_avg,41.76095226833519,-1
2025-02-21,heart_rate_avg,29.813232047141405,-1
2025-03-20,heart_rate_avg,41.67514147593784,-1
2025-04-17,heart_rate_avg,28.21564917569257,-1
2025-04-28,heart_rate_avg,41.94468664695037,-1
2025-04-30,heart_rate_avg,36.77817174997659,-1
2025-05-06,heart_rate_avg,40.96900966634754,-1
2025-05-10,heart_rate_avg,40.31576904691043,-1
2025-05-15,heart_rate_avg,40.23861008218352,-1
2025-06-01,heart_rate_avg,27.402588313369307,-1
2025-06-15,heart_rate_avg,41.93071052916231,-1
2025-06-16,heart_rate_avg,39.5670808121279,-1
2025-06-27,heart_rate_avg,37.51933859414044,-1
2025-07-01,heart_rate_avg,36.47329810250547,-1
2025-07-14,heart_rate_avg,38.42181551189992,-1
2025-07-17,heart_rate_avg,39.4524404695492,-1
2025-07-24,heart_rate_avg,42.1627441885456,-1
2025-07-25,heart_rate_avg,39.590098513785634,-1
2025-08-28,heart_rate_avg,39.84197164817117,-1
2024-09-21,heart_rate_avg,93.3936129642726,-1
2024-10-23,heart_rate_avg,40.811267330714216,-1
2025-01-04,heart_rate_avg,91.19060509578505,-1
2025-01-09,heart_rate_avg,41.10845645986545,-1
2025-01-25,heart_rate_avg,31.11285928522152,-1
2025-03-04,heart_rate_avg,88.48561875384384,-1
2025-03-14,heart_rate_avg,91.168058949661,-1
2025-05-15,heart_rate_avg,42.76484056740684,-1
2025-06-24,heart_rate_avg,39.54080525715769,-1
2025-07-11,heart_rate_avg,87.63908674219223,-1
2025-07-16,heart_rate_avg,88.84337863611727,-1
2025-07-21,heart_rate_avg,89.87420911760017,-1
2025-08-22,heart_rate_avg,87.48785189596961,-1
2024-09-14,heart_rate_avg,87.64571958357743,-1
2024-09-21,heart_rate_avg,93.42353858217716,-1
2024-09-30,heart_rate_avg,92.35185269385084,-1
2024-10-01,heart_rate_avg,88.44955003717625,-1
2024-10-05,heart_rate_avg,94.34044056452528,-1
2024-10-12,heart_rate_avg,91.84094588933016,-1
2024-10-19,heart_rate_avg,91.79782563969582,-1
2024-10-20,heart_rate_avg,93.45284075713592,-1
2024-10-24,heart_rate_avg,95.57298316111368,-1
2024-10-28,heart_rate_avg,95.0989557531494,-1
2024-11-03,heart_rate_avg,88.67057436985796,-1
2024-11-13,heart_rate_avg,91.73406934226055,-1
2024-11-18,heart_rate_avg,87.70301701512432,-1
2024-12-08,heart_rate_avg,89.91135433128161,-1
2024-12-17,heart_rate_avg,88.89038120318776,-1
2024-12-20,heart_rate_avg,87.88174566697931,-1
2024-12-28,heart_rate_avg,88.63196937462902,-1
2025-01-02,heart_rate_avg,94.7828874448839,-1
2025-01-12,heart_rate_avg,95.5261753652145,-1
2025-01-25,heart_rate_avg,87.43792266635315,-1
2025-02-05,heart_rate_avg,87.52088073861844,-1
2025-02-06,heart_rate_avg,97.50492727517012,-1
2025-02-11,heart_rate_avg,96.1962707878861,-1
2025-02-17,heart_rate_avg,89.06365193107582,-1
2025-02-24,heart_rate_avg,95.7498318841926,-1
2025-02-25,heart_rate_avg,88.5066886801635,-1
2025-03-17,heart_rate_avg,89.14300804873108,-1
2025-04-10,heart_rate_avg,89.39541939652361,-1
2025-04-11,heart_rate_avg,88.03396433396908,-1
2025-04-12,heart_rate_avg,90.11430303524826,-1
2025-04-13,heart_rate_avg,94.05945234995528,-1
2025-04-20,heart_rate_avg,103.1429783092357,-1
2025-04-21,heart_rate_avg,88.78862393996314,-1
2025-04-22,heart_rate_avg,97.19665640639894,-1
2025-05-05,heart_rate_avg,97.19616606908036,-1
2025-06-20,heart_rate_avg,91.74485843598664,-1
2025-06-24,heart_rate_avg,89.8667845445859,-1
2025-06-30,heart_rate_avg,90.60907134128138,-1
2025-07-01,heart_rate_avg,88.84963635544534,-1
2025-07-09,heart_rate_avg,97.8277513179236,-1
2025-07-13,heart_rate_avg,98.21093884839688,-1
2025-08-02,heart_rate_avg,88.85952859148875,-1
2025-08-29,heart_rate_avg,88.08607108734076,-1
2025-09-01,heart_rate_avg,94.83920222039212,-1
2025-09-04,heart_rate_avg,90.85962075658595,-1
2024-09-12,heart_rate_avg,42.79915230421626,-1
2024-09-19,heart_rate_avg,89.75649890784885,-1
2024-12-08,heart_rate_avg,95.00113981015934,-1
2025-01-01,heart_rate_avg,43.10663495016023,-1
2025-02-01,heart_rate_avg,38.73445281103063,-1
2025-03-11,heart_rate_avg,91.51377227933946,-1
2025-04-08,heart_rate_avg,88.2461341042223,-1
2025-04-29,heart_rate_avg,90.0174873692147,-1
2025-06-14,heart_rate_avg,87.71918046436014,-1
2025-07-24,heart_rate_avg,42.318386160339045,-1
2025-08-02,heart_rate_avg,87.83618966853206,-1
2025-08-29,heart_rate_avg,41.98956234883223,-1
2024-09-06,heart_rate_avg,34.98137474440961,-1
2024-10-21,heart_rate_avg,38.33079598603487,-1
2024-10-25,heart_rate_avg,42.92296232054739,-1
2024-10-26,heart_rate_avg,35.5097619390469,-1
2024-11-28,heart_rate_avg,39.30612778094606,-1
2024-12-05,heart_rate_avg,40.71522421217338,-1
2024-12-11,heart_rate_avg,40.57295313454028,-1
2024-12-12,heart_rate_avg,38.61854594788424,-1
2024-12-20,heart_rate_avg,42.55090178755378,-1
2024-12-26,heart_rate_avg,40.55383294548334,-1
2024-12-31,heart_rate_avg,40.4840931382795,-1
2025-02-17,heart_rate_avg,37.65008673311228,-1
2025-03-07,heart_rate_avg,42.5167766429839,-1
2025-03-09,heart_rate_avg,42.17988099662146,-1
2025-03-22,heart_rate_avg,43.22247872173512,-1
2025-04-25,heart_rate_avg,38.7139414352172,-1
2025-04-29,heart_rate_avg,40.23713421016918,-1
2025-05-03,heart_rate_avg,42.20591916215616,-1
2025-05-21,heart_rate_avg,40.75954705179549,-1
2025-05-31,heart_rate_avg,39.2168847397548,-1
2025-06-15,heart_rate_avg,31.90809800307934,-1
2025-06-23,heart_rate_avg,41.01087628548397,-1
2025-06-27,heart_rate_avg,42.59139150551101,-1
2025-07-13,heart_rate_avg,36.1298855762542,-1
2025-08-04,heart_rate_avg,42.130263229065285,-1
2025-08-12,heart_rate_avg,40.82986117108439,-1
2025-08-15,heart_rate_avg,39.37494934919948,-1
2024-11-18,heart_rate_avg,41.55948004154987,-1
2024-11-30,heart_rate_avg,41.49645327560596,-1
2024-12-07,heart_rate_avg,41.27048162662103,-1
2024-12-15,heart_rate_avg,41.15523978206136,-1
2025-01-22,heart_rate_avg,42.59075958340267,-1
2025-03-08,heart_rate_avg,92.8963548179765,-1
2025-03-31,heart_rate_avg,91.93253518846446,-1
2025-05-30,heart_rate_avg,91.0909122056172,-1
2025-06-22,heart_rate_avg,37.89228375822734,-1
2025-07-05,heart_rate_avg,37.48812615772395,-1
2025-07-28,heart_rate_avg,42.03829727321733,-1
2024-09-30,heart_rate_avg,99.02724482801716,-1
2024-11-09,heart_rate_avg,88.86872153675172,-1
2024-12-19,heart_rate_avg,39.70424631932279,-1
2025-01-10,heart_rate_avg,92.50275847468212,-1
2025-02-26,heart_rate_avg,88.8751477919346,-1
2025-03-01,heart_rate_avg,87.85032643719914,-1
2025-03-26,heart_rate_avg,87.41361014621081,-1
2025-05-14,heart_rate_avg,42.68425865271031,-1
2025-05-30,heart_rate_avg,36.48227308361275,-1
2025-08-26,heart_rate_avg,40.64381323004578,-1
2024-09-17,heart_rate_avg,39.129057867347086,-1
2024-10-15,heart_rate_avg,40.48087126357497,-1
2025-01-15,heart_rate_avg,37.96050604308024,-1
2025-03-26,heart_rate_avg,38.73360464291779,-1
2025-04-09,heart_rate_avg,39.22207966467695,-1
2025-05-07,heart_rate_avg,39.00809599384475,-1
2025-06-10,heart_rate_avg,42.14442011852197,-1
2025-07-18,heart_rate_avg,37.22626222375696,-1
2024-09-21,heart_rate_avg,87.64294309143649,-1
2024-10-11,heart_rate_avg,43.01401845057643,-1
2024-11-12,heart_rate_avg,41.757429279452325,-1
2024-11-16,heart_rate_avg,87.53310175067855,-1
2024-12-06,heart_rate_avg,41.85300262241273,-1
2024-12-16,heart_rate_avg,43.11981869953256,-1
2025-05-12,heart_rate_avg,41.755835539908055,-1
2025-06-04,heart_rate_avg,34.76872429267743,-1
2025-06-12,heart_rate_avg,38.66738842194011,-1
2025-08-25,heart_rate_avg,90.50732633207188,-1
2024-09-25,heart_rate_avg,94.1790652153023,-1
2024-10-24,heart_rate_avg,90.44968068042166,-1
2024-11-22,heart_rate_avg,91.2789656014236,-1
2025-03-08,heart_rate_avg,40.2949974788591,-1
2025-03-27,heart_rate_avg,89.47148195056091,-1
2025-04-15,heart_rate_avg,88.38027409762037,-1
2025-05-07,heart_rate_avg,91.79039569038817,-1
2025-05-29,heart_rate_avg,94.14601671471424,-1
2025-06-03,heart_rate_avg,88.44764906470536,-1
2025-07-30,heart_rate_avg,87.4238536970601,-1
2024-10-22,heart_rate_avg,90.46126293054772,-1
2025-01-03,heart_rate_avg,87.72563909956284,-1
2025-02-02,heart_rate_avg,91.81595852064686,-1
2025-03-08,heart_rate_avg,39.73158717890201,-1
2025-04-13,heart_rate_avg,88.96724752431352,-1
2025-06-29,heart_rate_avg,42.46251464937892,-1
2025-07-07,heart_rate_avg,98.38244750050816,-1
2025-07-08,heart_rate_avg,39.42525383504,-1
2024-09-22,heart_rate_avg,91.30239666042188,-1
2024-10-15,heart_rate_avg,93.82900955336268,-1
2024-12-19,heart_rate_avg,87.69893968327418,-1
2024-12-29,heart_rate_avg,87.42414532952756,-1
2025-01-03,heart_rate_avg,87.81591011225557,-1
2025-04-09,heart_rate_avg,88.20790469569067,-1
2025-04-24,heart_rate_avg,89.68863303287527,-1
2025-04-25,heart_rate_avg,96.37354820355355,-1
2025-06-07,heart_rate_avg,88.00639896092241,-1
2025-06-19,heart_rate_avg,104.820247305948,-1
2025-07-12,heart_rate_avg,93.51191631852892,-1
2025-07-21,heart_rate_avg,91.02399130130377,-1
2025-07-29,heart_rate_avg,96.1039176837987,-1
2025-08-11,heart_rate_avg,96.55795932474685,-1
2024-11-24,heart_rate_avg,89.35516472108664,-1
2024-12-26,heart_rate_avg,93.89497005519964,-1
2025-02-14,heart_rate_avg,41.14154800501511,-1
2025-02-18,heart_rate_avg,87.71508651245585,-1
2025-04-27,heart_rate_avg,88.28962285677713,-1
2025-05-04,heart_rate_avg,91.85249536814726,-1
2025-06-02,heart_rate_avg,89.94404172807826,-1
2025-06-11,heart_rate_avg,42.97960725416734,-1
2025-07-17,heart_rate_avg,91.49299242506724,-1
2025-08-26,heart_rate_avg,42.44042898858916,-1
2024-10-09,heart_rate_avg,89.14288496331241,-1
2024-10-24,heart_rate_avg,37.01397762924693,-1
2024-11-02,heart_rate_avg,88.20024722781818,-1
2024-11-05,heart_rate_avg,43.01132023508505,-1
2024-12-01,heart_rate_avg,89.1449560438721,-1
2025-01-17,heart_rate_avg,92.58265284849917,-1
2025-03-19,heart_rate_avg,94.11141974275093,-1
2025-04-08,heart_rate_avg,88.98287847026923,-1
2024-09-11,heart_rate_avg,40.18454976548095,-1
2024-09-20,heart_rate_avg,40.88788074256195,-1
2024-09-22,heart_rate_avg,40.6236327466417,-1
2024-10-11,heart_rate_avg,40.814833980075846,-1
2024-11-02,heart_rate_avg,22.37737249680822,-1
2024-11-06,heart_rate_avg,31.36963318963919,-1
2024-11-20,heart_rate_avg,33.92304910593964,-1
2025-02-01,heart_rate_avg,89.18259861277866,-1
2025-02-06,heart_rate_avg,43.07198664058588,-1
2025-02-11,heart_rate_avg,40.27693133482171,-1
2025-03-24,heart_rate_avg,38.66254368553016,-1
2025-04-07,heart_rate_avg,38.32929292153885,-1
2025-04-14,heart_rate_avg,39.72768658940492,-1
2025-04-15,heart_rate_avg,96.03805362019828,-1
2025-05-23,heart_rate_avg,37.48196020129242,-1
2025-05-29,heart_rate_avg,37.43977121693493,-1
2025-07-06,heart_rate_avg,35.99210900908808,-1
2025-08-04,heart_rate_avg,35.83896204363946,-1
2025-08-09,heart_rate_avg,42.05822810165437,-1
2025-08-18,heart_rate_avg,34.95808418958188,-1
2025-08-22,heart_rate_avg,37.30744784931952,-1
2025-08-26,heart_rate_avg,88.6586409742196,-1
2024-09-14,heart_rate_avg,94.51093359770556,-1
2024-09-16,heart_rate_avg,89.7143451426169,-1
2024-10-22,heart_rate_avg,91.3172237794318,-1
2024-11-08,heart_rate_avg,108.35110260636996,-1
2024-11-18,heart_rate_avg,101.91404153923273,-1
2024-11-21,heart_rate_avg,111.36779976901867,-1
2024-11-30,heart_rate_avg,90.37919987805763,-1
2024-12-03,heart_rate_avg,88.96892631014774,-1
2024-12-15,heart_rate_avg,104.4785169427727,-1
2024-12-23,heart_rate_avg,88.60300012753065,-1
2025-01-01,heart_rate_avg,94.73934577216818,-1
2025-01-23,heart_rate_avg,90.05291634917873,-1
2025-02-02,heart_rate_avg,90.09355579361046,-1
2025-02-04,heart_rate_avg,90.3987622272732,-1
2025-03-22,heart_rate_avg,87.65218780043874,-1
2025-03-24,heart_rate_avg,42.65923988379871,-1
2025-03-30,heart_rate_avg,88.98180570078074,-1
2025-06-13,heart_rate_avg,88.44864589298767,-1
2025-07-15,heart_rate_avg,94.58234302004124,-1
2025-08-31,heart_rate_avg,87.67269350831305,-1
2024-09-12,heart_rate_avg,36.15799656040926,-1
2024-09-18,heart_rate_avg,37.92476415736088,-1
2024-10-11,heart_rate_avg,41.55887569895602,-1
2024-12-24,heart_rate_avg,33.2794832104429,-1
2025-01-11,heart_rate_avg,42.15331566908961,-1
2025-01-12,heart_rate_avg,42.3487577701435,-1
2025-04-29,heart_rate_avg,39.40243466764575,-1
2025-05-01,heart_rate_avg,33.032879838573386,-1
2025-05-08,heart_rate_avg,41.05157116120949,-1
2025-06-04,heart_rate_avg,41.5613891575625,-1
2025-06-18,heart_rate_avg,39.15274089072518,-1
2025-07-01,heart_rate_avg,40.77334044519458,-1
2025-07-06,heart_rate_avg,40.77867052527172,-1
2025-07-26,heart_rate_avg,33.10219808982016,-1
2025-08-17,heart_rate_avg,42.301893152114665,-1
2024-10-02,heart_rate_avg,91.00339129667044,-1
2024-10-03,heart_rate_avg,88.56567594528275,-1
2024-11-19,heart_rate_avg,96.42093221137986,-1
2024-12-05,heart_rate_avg,87.45880998324108,-1
2024-12-15,heart_rate_avg,88.21780280996823,-1
2025-01-10,heart_rate_avg,88.35465050618595,-1
2025-02-08,heart_rate_avg,41.24160530842228,-1
2025-02-18,heart_rate_avg,42.24460200837958,-1
2025-03-24,heart_rate_avg,89.87557165566452,-1
2025-05-16,heart_rate_avg,42.349950517366274,-1
2025-05-27,heart_rate_avg,95.25795525883042,-1
2025-06-13,heart_rate_avg,88.16106939668217,-1
2025-06-27,heart_rate_avg,34.014828227661965,-1
2025-07-15,heart_rate_avg,43.138761296038574,-1
2025-08-12,heart_rate_avg,92.78603772789484,-1
2025-08-22,heart_rate_avg,41.86685522836187,-1
2024-09-18,heart_rate_avg,95.09775463054996,-1
2024-10-22,heart_rate_avg,36.85525987293048,-1
2024-10-26,heart_rate_avg,40.45516897764544,-1
2024-10-29,heart_rate_avg,99.61799369075295,-1
2024-11-05,heart_rate_avg,38.83741398981395,-1
2025-01-12,heart_rate_avg,40.703847279348985,-1
2025-01-13,heart_rate_avg,42.80811772539991,-1
2025-02-14,heart_rate_avg,42.50458361785215,-1
2025-02-17,heart_rate_avg,36.79604377688455,-1
2025-03-07,heart_rate_avg,38.92715600766009,-1
2025-03-17,heart_rate_avg,42.2241618875432,-1
2025-05-02,heart_rate_avg,38.02700477145894,-1
2025-05-23,heart_rate_avg,37.5675998314007,-1
2025-06-03,heart_rate_avg,91.67946417274231,-1
2025-06-13,heart_rate_avg,42.589438128946966,-1
2025-07-15,heart_rate_avg,42.37663963945008,-1
2025-07-28,heart_rate_avg,87.50765901970487,-1
2024-09-23,heart_rate_avg,35.94861929760367,-1
2024-10-10,heart_rate_avg,39.5930177426869,-1
2024-10-13,heart_rate_avg,42.84185997316495,-1
2024-10-17,heart_rate_avg,40.26429663511894,-1
2024-10-19,heart_rate_avg,30.95923344098524,-1
2024-10-21,heart_rate_avg,30.136944111545503,-1
2024-10-22,heart_rate_avg,37.959361793021145,-1
2024-10-26,heart_rate_avg,42.03493787675888,-1
2024-11-04,heart_rate_avg,41.42539610652221,-1
2024-11-09,heart_rate_avg,42.472766454255606,-1
2024-11-11,heart_rate_avg,42.89772076034938,-1
2024-11-14,heart_rate_avg,40.37548280995979,-1
2024-11-17,heart_rate_avg,34.29128903002693,-1
2024-11-22,heart_rate_avg,41.508142184675584,-1
2024-11-24,heart_rate_avg,38.68734897442589,-1
2024-11-26,heart_rate_avg,39.0274633530926,-1
2024-12-05,heart_rate_avg,40.02591833953368,-1
2024-12-16,heart_rate_avg,39.92085089176327,-1
2024-12-20,heart_rate_avg,43.20030034331862,-1
2024-12-22,heart_rate_avg,43.06489677359521,-1
2024-12-29,heart_rate_avg,41.75653100553527,-1
2025-01-11,heart_rate_avg,42.53573509643831,-1
2025-01-16,heart_rate_avg,40.51505695203733,-1
2025-01-19,heart_rate_avg,41.5232979487965,-1
2025-01-20,heart_rate_avg,37.66645991877372,-1
2025-02-01,heart_rate_avg,36.56516760009603,-1
2025-02-02,heart_rate_avg,41.71745049865228,-1
2025-02-21,heart_rate_avg,42.45590189372094,-1
2025-03-05,heart_rate_avg,35.976457024698114,-1
2025-03-07,heart_rate_avg,31.33252972430099,-1
2025-03-08,heart_rate_avg,25.410536671327897,-1
2025-03-12,heart_rate_avg,32.58505896891484,-1
2025-03-21,heart_rate_avg,22.58644953116996,-1
2025-03-22,heart_rate_avg,42.75072897787844,-1
2025-03-31,heart_rate_avg,35.672110526323074,-1
2025-04-03,heart_rate_avg,37.04248878736833,-1
2025-04-11,heart_rate_avg,28.68410021592882,-1
2025-04-13,heart_rate_avg,34.43067792858018,-1
2025-04-14,heart_rate_avg,36.60050030015413,-1
2025-04-16,heart_rate_avg,42.589992225016346,-1
2025-04-19,heart_rate_avg,42.392799420845,-1
2025-04-20,heart_rate_avg,42.04963466236444,-1
2025-04-26,heart_rate_avg,41.95069554154925,-1
2025-05-02,heart_rate_avg,38.18460515224212,-1
2025-05-04,heart_rate_avg,41.55117855306094,-1
2025-06-02,heart_rate_avg,37.17294974002125,-1
2025-06-07,heart_rate_avg,42.45851283631983,-1
2025-06-08,heart_rate_avg,40.0549408779189,-1
2025-06-09,heart_rate_avg,42.463340608903934,-1
2025-06-15,heart_rate_avg,38.009946849184,-1
2025-06-24,heart_rate_avg,32.68514993292196,-1
2025-06-29,heart_rate_avg,39.10141966714261,-1
2025-06-30,heart_rate_avg,42.41235251393796,-1
2025-07-01,heart_rate_avg,33.75916500699456,-1
2025-07-03,heart_rate_avg,36.42599482667623,-1
2025-07-08,heart_rate_avg,39.48215435896613,-1
2025-07-12,heart_rate_avg,42.64733619941279,-1
2025-07-14,heart_rate_avg,40.36540742243066,-1
2025-07-22,heart_rate_avg,43.089470417537406,-1
2025-08-13,heart_rate_avg,42.49146998318036,-1
2025-08-22,heart_rate_avg,40.873450848263545,-1
2025-08-26,heart_rate_avg,39.70502357239832,-1
2025-09-01,heart_rate_avg,43.04883329649947,-1
2024-09-10,heart_rate_avg,39.25357966630929,-1
2024-09-16,heart_rate_avg,41.48243537780364,-1
2024-09-25,heart_rate_avg,34.58309385410997,-1
2024-10-08,heart_rate_avg,40.23668854998867,-1
2024-10-13,heart_rate_avg,38.12201692783128,-1
2024-11-15,heart_rate_avg,39.7314341061478,-1
2024-11-21,heart_rate_avg,42.25795360734689,-1
2024-12-05,heart_rate_avg,34.81896141934782,-1
2024-12-17,heart_rate_avg,90.6237115534432,-1
2025-01-02,heart_rate_avg,41.62127294363735,-1
2025-01-25,heart_rate_avg,39.86227645343765,-1
2025-01-31,heart_rate_avg,35.852847746259755,-1
2025-02-08,heart_rate_avg,42.35897523494418,-1
2025-03-14,heart_rate_avg,40.6921623103608,-1
2025-03-21,heart_rate_avg,43.1696614316464,-1
2025-03-24,heart_rate_avg,37.30844213497591,-1
2025-04-30,heart_rate_avg,40.02186495291007,-1
2025-06-11,heart_rate_avg,42.354614993278624,-1
2025-07-15,heart_rate_avg,41.51081080791215,-1
2025-07-23,heart_rate_avg,35.11072345738493,-1
2025-08-03,heart_rate_avg,40.68331438993101,-1
2025-08-31,heart_rate_avg,41.547022708575376,-1
2024-09-11,heart_rate_avg,35.88190344607521,-1
2024-09-12,heart_rate_avg,41.10231844550362,-1
2024-09-20,heart_rate_avg,24.14015065431303,-1
2024-09-21,heart_rate_avg,32.75277927388763,-1
2024-09-24,heart_rate_avg,39.33827156525967,-1
2024-09-27,heart_rate_avg,38.71269647010661,-1
2024-09-29,heart_rate_avg,40.63695613691121,-1
2024-10-05,heart_rate_avg,35.70233446293624,-1
2024-10-09,heart_rate_avg,41.36768191913981,-1
2024-10-12,heart_rate_avg,35.80495172279138,-1
2024-10-17,heart_rate_avg,40.5073586361144,-1
2024-10-18,heart_rate_avg,40.23492810225779,-1
2024-10-20,heart_rate_avg,43.07286801464822,-1
2024-10-22,heart_rate_avg,40.42746514531055,-1
2024-10-31,heart_rate_avg,37.09140727066036,-1
2024-11-02,heart_rate_avg,39.27458268931994,-1
2024-11-04,heart_rate_avg,33.56675804336062,-1
2024-11-05,heart_rate_avg,31.50090859971316,-1
2024-11-08,heart_rate_avg,33.33984999049056,-1
2024-11-09,heart_rate_avg,23.52329990837208,-1
2024-11-11,heart_rate_avg,28.80949987368495,-1
2024-11-12,heart_rate_avg,38.35067258480799,-1
2024-11-13,heart_rate_avg,32.40789546660858,-1
2024-11-17,heart_rate_avg,36.60125026367125,-1
2024-11-20,heart_rate_avg,31.350834481185352,-1
2024-11-21,heart_rate_avg,40.00766133145778,-1
2024-11-23,heart_rate_avg,35.32256635672989,-1
2024-11-25,heart_rate_avg,28.752148609991487,-1
2024-11-26,heart_rate_avg,36.68996610771423,-1
2024-11-29,heart_rate_avg,42.66299684031844,-1
2024-12-05,heart_rate_avg,41.05153137943415,-1
2024-12-06,heart_rate_avg,41.56623628358379,-1
2024-12-17,heart_rate_avg,27.24946501995511,-1
2024-12-22,heart_rate_avg,29.521290675875047,-1
2024-12-23,heart_rate_avg,38.46323459693927,-1
2024-12-25,heart_rate_avg,39.564806940958526,-1
2025-01-03,heart_rate_avg,42.2506060949394,-1
2025-01-06,heart_rate_avg,41.71290309175615,-1
2025-01-09,heart_rate_avg,31.38306740140452,-1
2025-01-10,heart_rate_avg,40.167426846385226,-1
2025-01-11,heart_rate_avg,32.28452069166113,-1
2025-01-12,heart_rate_avg,42.89435139369519,-1
2025-01-13,heart_rate_avg,33.34423621480287,-1
2025-01-18,heart_rate_avg,43.20577958476555,-1
2025-01-22,heart_rate_avg,30.238229324973357,-1
2025-01-24,heart_rate_avg,31.15604243251924,-1
2025-01-25,heart_rate_avg,35.03402862634741,-1
2025-01-31,heart_rate_avg,36.7531080656978,-1
2025-02-01,heart_rate_avg,32.0194920765463,-1
2025-02-02,heart_rate_avg,40.94876496604376,-1
2025-02-08,heart_rate_avg,35.30951810174146,-1
2025-02-10,heart_rate_avg,35.194876034851454,-1
2025-02-11,heart_rate_avg,38.00865499943928,-1
2025-02-12,heart_rate_avg,37.69155759051898,-1
2025-02-17,heart_rate_avg,40.47388381641718,-1
2025-02-18,heart_rate_avg,42.22836992589455,-1
2025-02-26,heart_rate_avg,35.54326697616192,-1
2025-03-02,heart_rate_avg,40.835147559333166,-1
2025-03-03,heart_rate_avg,40.13113131645168,-1
2025-03-06,heart_rate_avg,39.578262008798426,-1
2025-03-07,heart_rate_avg,33.13712710726001,-1
2025-03-08,heart_rate_avg,24.81266398210718,-1
2025-03-16,heart_rate_avg,39.748393875562805,-1
2025-03-19,heart_rate_avg,33.56490902411529,-1
2025-03-23,heart_rate_avg,40.25670532017364,-1
2025-03-29,heart_rate_avg,40.848532318760455,-1
2025-04-02,heart_rate_avg,29.696010857245305,-1
2025-04-06,heart_rate_avg,29.313247853547804,-1
2025-04-08,heart_rate_avg,41.49778198538093,-1
2025-04-09,heart_rate_avg,26.507906605823976,-1
2025-04-19,heart_rate_avg,42.117571911102914,-1
2025-04-23,heart_rate_avg,38.37995002618125,-1
2025-04-24,heart_rate_avg,42.16591479031608,-1
2025-04-27,heart_rate_avg,42.850600001517535,-1
2025-04-28,heart_rate_avg,36.89473283254372,-1
2025-04-30,heart_rate_avg,36.17682922642239,-1
2025-05-02,heart_rate_avg,41.934026546424505,-1
2025-05-13,heart_rate_avg,42.62855802245176,-1
2025-05-22,heart_rate_avg,42.87296550649453,-1
2025-05-23,heart_rate_avg,40.19847217941925,-1
2025-05-24,heart_rate_avg,37.52849175885783,-1
2025-05-25,heart_rate_avg,27.41672057310504,-1
2025-05-26,heart_rate_avg,33.110410778566546,-1
2025-05-27,heart_rate_avg,38.68682859074996,-1
2025-06-07,heart_rate_avg,35.16301135170143,-1
2025-06-09,heart_rate_avg,42.20835698788889,-1
2025-06-10,heart_rate_avg,40.2178449862798,-1
2025-06-23,heart_rate_avg,24.095544309337107,-1
2025-06-26,heart_rate_avg,32.69766813193095,-1
2025-07-01,heart_rate_avg,36.07005824113019,-1
2025-07-06,heart_rate_avg,36.07217256402862,-1
2025-07-07,heart_rate_avg,41.09209552346772,-1
2025-07-12,heart_rate_avg,30.361182638883584,-1
2025-07-14,heart_rate_avg,34.200766135162816,-1
2025-07-15,heart_rate_avg,37.74815403374989,-1
2025-07-17,heart_rate_avg,23.79531930033161,-1
2025-07-21,heart_rate_avg,41.48753082832501,-1
2025-07-22,heart_rate_avg,38.55173642443059,-1
2025-07-23,heart_rate_avg,37.98316152245447,-1
2025-08-02,heart_rate_avg,31.54544563434299,-1
2025-08-03,heart_rate_avg,32.80830714613097,-1
2025-08-04,heart_rate_avg,37.74860878282469,-1
2025-08-07,heart_rate_avg,42.096804059118426,-1
2025-08-09,heart_rate_avg,29.662795072720773,-1
2025-08-17,heart_rate_avg,27.41929938882146,-1
2025-08-21,heart_rate_avg,36.31386263081883,-1
2025-09-02,heart_rate_avg,35.98610270338334,-1
2025-09-03,heart_rate_avg,41.73357806850507,-1
2024-10-16,heart_rate_avg,29.771042700925825,-1
2024-10-21,heart_rate_avg,36.36796114065182,-1
2024-10-28,heart_rate_avg,34.47194539057788,-1
2024-11-01,heart_rate_avg,39.12793649370241,-1
2024-11-04,heart_rate_avg,89.33916760195763,-1
2024-11-19,heart_rate_avg,40.410797160286165,-1
2024-12-06,heart_rate_avg,40.74248827701556,-1
2024-12-21,heart_rate_avg,40.439821030350295,-1
2024-12-31,heart_rate_avg,42.63553795516671,-1
2025-01-13,heart_rate_avg,42.59822956896045,-1
2025-02-16,heart_rate_avg,41.65441138826071,-1
2025-02-19,heart_rate_avg,39.142876935391,-1
2025-02-26,heart_rate_avg,40.3114854388974,-1
2025-03-04,heart_rate_avg,40.30680047520283,-1
2025-03-13,heart_rate_avg,41.28819374878208,-1
2025-04-18,heart_rate_avg,41.313029384506095,-1
2025-05-15,heart_rate_avg,39.38830455341503,-1
2025-05-19,heart_rate_avg,37.53942851269405,-1
2025-06-03,heart_rate_avg,29.603619508777896,-1
2025-06-10,heart_rate_avg,40.72786210840314,-1
2025-06-16,heart_rate_avg,23.045518218792736,-1
2025-06-23,heart_rate_avg,38.3653581309885,-1
2025-07-03,heart_rate_avg,31.260609131584324,-1
2025-07-30,heart_rate_avg,36.08509114944545,-1
2024-09-07,heart_rate_avg,90.8237766094727,-1
2024-09-10,heart_rate_avg,89.86378076628249,-1
2024-09-24,heart_rate_avg,91.47523885116482,-1
2024-10-23,heart_rate_avg,89.5125385305362,-1
2024-11-25,heart_rate_avg,93.8100107256548,-1
2024-12-04,heart_rate_avg,98.61183363769456,-1
2024-12-09,heart_rate_avg,89.94284985291995,-1
2024-12-13,heart_rate_avg,92.17390780540296,-1
2024-12-26,heart_rate_avg,94.53545463384664,-1
2025-01-02,heart_rate_avg,89.35932977772563,-1
2025-01-08,heart_rate_avg,93.62568000656874,-1
2025-01-18,heart_rate_avg,98.34000600332348,-1
2025-02-01,heart_rate_avg,88.51471348951453,-1
2025-02-20,heart_rate_avg,96.80421265505376,-1
2025-02-26,heart_rate_avg,88.12393867867351,-1
2025-03-20,heart_rate_avg,87.98802015391865,-1
2025-04-08,heart_rate_avg,90.40266419729944,-1
2025-04-15,heart_rate_avg,87.59091494235119,-1
2025-06-01,heart_rate_avg,91.0997011574718,-1
2025-07-01,heart_rate_avg,88.24526589241003,-1
2025-07-10,heart_rate_avg,40.16095519964098,-1
2025-07-20,heart_rate_avg,91.01966390481626,-1
2025-08-14,heart_rate_avg,101.93424662709022,-1
2025-08-27,heart_rate_avg,96.17712570577996,-1
2025-09-01,heart_rate_avg,90.85284570277102,-1
2024-10-21,heart_rate_avg,34.947898202458994,-1
2024-10-23,heart_rate_avg,41.15596869210489,-1
2024-10-27,heart_rate_avg,89.92143349699619,-1
2024-12-24,heart_rate_avg,41.20595045671527,-1
2025-03-29,heart_rate_avg,88.31645982018912,-1
2025-04-10,heart_rate_avg,91.3527369422742,-1
2025-04-12,heart_rate_avg,91.98098075855208,-1
2025-04-16,heart_rate_avg,88.13781930269904,-1
2025-05-07,heart_rate_avg,91.18313615932232,-1
2025-06-25,heart_rate_avg,39.656092696407086,-1
2025-08-07,heart_rate_avg,88.12798401378407,-1
2025-08-12,heart_rate_avg,96.6717987572642,-1
2025-08-25,heart_rate_avg,41.22060914639317,-1
2024-09-08,heart_rate_avg,40.05948907665645,-1
2024-09-23,heart_rate_avg,40.83941730825893,-1
2024-12-02,heart_rate_avg,41.642731417921816,-1
2024-12-20,heart_rate_avg,41.40415314101845,-1
2025-01-01,heart_rate_avg,39.8187601547708,-1
2025-01-03,heart_rate_avg,40.91050151564831,-1
2025-01-19,heart_rate_avg,41.03054935625062,-1
2025-01-25,heart_rate_avg,28.69748677347322,-1
2025-02-01,heart_rate_avg,40.55962669186147,-1
2025-02-22,heart_rate_avg,41.478009198803086,-1
2025-04-23,heart_rate_avg,88.13755931019327,-1
2025-05-24,heart_rate_avg,89.15123137652978,-1
2025-06-12,heart_rate_avg,36.740394098845,-1
2025-06-26,heart_rate_avg,42.94585657602166,-1
2025-07-05,heart_rate_avg,38.12840973619105,-1
2025-07-09,heart_rate_avg,42.91207911807578,-1
2025-07-17,heart_rate_avg,43.19406304835752,-1
2025-08-01,heart_rate_avg,40.69291323564761,-1
2025-08-23,heart_rate_avg,39.32453303462713,-1
2024-10-02,heart_rate_avg,39.33403763126023,-1
2024-10-14,heart_rate_avg,92.81330066529424,-1
2024-11-19,heart_rate_avg,41.72019409588624,-1
2024-12-11,heart_rate_avg,93.3442742381707,-1
2025-01-25,heart_rate_avg,91.5983901273166,-1
2025-04-12,heart_rate_avg,96.22317282783696,-1
2025-04-27,heart_rate_avg,40.753636850118255,-1
2025-06-19,heart_rate_avg,40.74290679809411,-1
2025-06-25,heart_rate_avg,91.93163754096656,-1
2024-09-21,heart_rate_avg,33.381525768841016,-1
2024-10-17,heart_rate_avg,25.74298734924825,-1
2024-11-28,heart_rate_avg,41.59487416108143,-1
2025-02-17,heart_rate_avg,37.07805156760932,-1
2025-02-19,heart_rate_avg,29.566330502644377,-1
2025-02-28,heart_rate_avg,42.59273547538341,-1
2025-03-25,heart_rate_avg,39.57768753425344,-1
2025-03-27,heart_rate_avg,34.91715264614233,-1
2025-04-21,heart_rate_avg,42.0679247448272,-1
2025-04-28,heart_rate_avg,41.3122873623058,-1
2025-05-03,heart_rate_avg,32.63329199927059,-1
2025-05-08,heart_rate_avg,34.51567867552488,-1
2025-05-26,heart_rate_avg,43.22199523529872,-1
2025-05-29,heart_rate_avg,36.70107698895372,-1
2025-06-26,heart_rate_avg,42.02422328953861,-1
2025-07-19,heart_rate_avg,38.52830145736387,-1
2025-08-10,heart_rate_avg,38.85524995664662,-1
2024-11-12,heart_rate_avg,43.05419631481163,-1
2024-12-14,heart_rate_avg,90.3178096788983,-1
2024-12-23,heart_rate_avg,30.78328056361524,-1
2025-01-17,heart_rate_avg,29.93705216245054,-1
2025-01-27,heart_rate_avg,87.58208857212877,-1
2025-04-07,heart_rate_avg,33.93697157591496,-1
2025-04-29,heart_rate_avg,38.83211441637969,-1
2025-05-08,heart_rate_avg,31.77011349155121,-1
2025-05-25,heart_rate_avg,33.88241805857573,-1
2025-06-02,heart_rate_avg,42.89757647225326,-1
2025-06-03,heart_rate_avg,40.04710126278304,-1
2025-06-27,heart_rate_avg,34.20224990065559,-1
2025-07-13,heart_rate_avg,42.64466880574973,-1
2025-07-16,heart_rate_avg,34.00476402857032,-1
2025-07-21,heart_rate_avg,41.393061032409335,-1
2025-08-19,heart_rate_avg,94.91929800274112,-1
2025-09-03,heart_rate_avg,34.37625647313305,-1
2024-10-21,heart_rate_avg,38.11532614919485,-1
2024-12-15,heart_rate_avg,87.9240584711402,-1
2025-02-12,heart_rate_avg,88.23533924724744,-1
2025-03-03,heart_rate_avg,88.54071281126063,-1
2025-04-19,heart_rate_avg,91.99671364316394,-1
2025-05-12,heart_rate_avg,36.43610220729562,-1
2025-05-24,heart_rate_avg,36.92071112385099,-1
2025-07-08,heart_rate_avg,42.85635945286796,-1
2025-07-31,heart_rate_avg,38.557287084158204,-1
2024-09-11,heart_rate_avg,102.9481920668989,-1
2024-09-27,heart_rate_avg,93.962629825014,-1
2024-10-11,heart_rate_avg,43.03205642042052,-1
2024-10-19,heart_rate_avg,87.61658116482978,-1
2024-11-13,heart_rate_avg,88.9211842447544,-1
2024-11-14,heart_rate_avg,93.657210604715,-1
2025-02-04,heart_rate_avg,42.20531054491893,-1
2025-02-27,heart_rate_avg,97.22785794897,-1
2025-03-25,heart_rate_avg,38.969367208851615,-1
2025-04-09,heart_rate_avg,42.320224304969024,-1
2025-04-19,heart_rate_avg,90.88316240259532,-1
2025-05-03,heart_rate_avg,96.54351357862096,-1
2025-06-18,heart_rate_avg,93.9944965145602,-1
2025-06-25,heart_rate_avg,40.89653846461943,-1
2024-09-10,heart_rate_avg,89.21527118266792,-1
2024-11-24,heart_rate_avg,34.07277001508862,-1
2024-12-31,heart_rate_avg,40.77539166532777,-1
2025-01-13,heart_rate_avg,38.78210135965615,-1
2025-01-23,heart_rate_avg,39.140937866889566,-1
2025-05-06,heart_rate_avg,41.765732762034574,-1
2025-06-30,heart_rate_avg,96.76650174663996,-1
2025-08-06,heart_rate_avg,40.97312409159111,-1
2025-08-15,heart_rate_avg,88.78743936863795,-1
2025-08-23,heart_rate_avg,42.53490307976697,-1
2024-09-10,heart_rate_avg,42.68300587084093,-1
2024-09-12,heart_rate_avg,32.939422649717955,-1
2024-09-13,heart_rate_avg,37.55488587183846,-1
2024-09-14,heart_rate_avg,42.79704218409162,-1
2024-09-18,heart_rate_avg,29.08303812982337,-1
2024-09-24,heart_rate_avg,36.76421486492866,-1
2024-09-27,heart_rate_avg,40.14338702045885,-1
2024-10-03,heart_rate_avg,32.83157544054188,-1
2024-10-09,heart_rate_avg,32.5701600349027,-1
2024-10-16,heart_rate_avg,32.40514693850583,-1
2024-10-24,heart_rate_avg,40.82089472110694,-1
2024-10-27,heart_rate_avg,43.07886345084513,-1
2024-10-28,heart_rate_avg,36.692558704801634,-1
2024-10-29,heart_rate_avg,39.3426605651097,-1
2024-11-02,heart_rate_avg,39.33171720491109,-1
2024-11-06,heart_rate_avg,41.45080433720738,-1
2024-11-07,heart_rate_avg,35.90075723613105,-1
2024-11-08,heart_rate_avg,29.21838676477296,-1
2024-11-13,heart_rate_avg,36.0857053700239,-1
2024-11-29,heart_rate_avg,37.01139007111036,-1
2024-12-01,heart_rate_avg,42.294768089682194,-1
2024-12-03,heart_rate_avg,36.73536756988437,-1
2024-12-05,heart_rate_avg,38.55274395170222,-1
2024-12-07,heart_rate_avg,34.425863022741254,-1
2024-12-10,heart_rate_avg,41.34291353230916,-1
2024-12-13,heart_rate_avg,40.21731629164933,-1
2024-12-17,heart_rate_avg,35.50273618197548,-1
2024-12-24,heart_rate_avg,36.928433872518845,-1
2024-12-26,heart_rate_avg,35.42303991102541,-1
2024-12-28,heart_rate_avg,35.873023426213024,-1
2025-01-01,heart_rate_avg,40.97788512985316,-1
2025-01-04,heart_rate_avg,40.2190765038742,-1
2025-01-07,heart_rate_avg,33.00365388345318,-1
2025-01-16,heart_rate_avg,33.42601257585602,-1
2025-01-18,heart_rate_avg,14.154501459190314,-1
2025-01-23,heart_rate_avg,41.69970066379701,-1
2025-02-15,heart_rate_avg,38.83224968275765,-1
2025-02-24,heart_rate_avg,35.43666302095518,-1
2025-03-02,heart_rate_avg,41.74272767799113,-1
2025-03-10,heart_rate_avg,29.73630791361436,-1
2025-03-12,heart_rate_avg,41.83094042821686,-1
2025-03-16,heart_rate_avg,40.73544039620011,-1
2025-03-18,heart_rate_avg,40.22522145015356,-1
2025-03-21,heart_rate_avg,33.366338613307974,-1
2025-03-24,heart_rate_avg,32.76464074720187,-1
2025-03-31,heart_rate_avg,33.826191860378486,-1
2025-04-06,heart_rate_avg,36.43641244090372,-1
2025-04-14,heart_rate_avg,32.003869434699666,-1
2025-04-17,heart_rate_avg,33.085428586865945,-1
2025-04-19,heart_rate_avg,38.653466837359424,-1
2025-04-21,heart_rate_avg,24.91761129713645,-1
2025-04-26,heart_rate_avg,33.57567089498794,-1
2025-05-01,heart_rate_avg,42.475186772955,-1
2025-05-06,heart_rate_avg,38.35514724777937,-1
2025-05-07,heart_rate_avg,24.727911352025643,-1
2025-05-17,heart_rate_avg,42.83681520475236,-1
2025-05-20,heart_rate_avg,37.48306901664651,-1
2025-05-23,heart_rate_avg,29.86403644057824,-1
2025-06-02,heart_rate_avg,38.49555983761663,-1
2025-06-10,heart_rate_avg,35.94179242343745,-1
2025-06-14,heart_rate_avg,42.68957141597586,-1
2025-06-17,heart_rate_avg,39.78877779201402,-1
2025-06-21,heart_rate_avg,29.91765349639253,-1
2025-06-26,heart_rate_avg,38.84721750911619,-1
2025-07-04,heart_rate_avg,29.04394039777838,-1
2025-07-12,heart_rate_avg,38.90711833265472,-1
2025-07-13,heart_rate_avg,35.76578123107208,-1
2025-07-15,heart_rate_avg,25.75930634860471,-1
2025-07-16,heart_rate_avg,43.16066775001152,-1
2025-07-17,heart_rate_avg,34.79534001535693,-1
2025-07-20,heart_rate_avg,27.822140309738742,-1
2025-07-25,heart_rate_avg,37.05908360204232,-1
2025-07-26,heart_rate_avg,35.282877915694854,-1
2025-08-12,heart_rate_avg,42.76212024332018,-1
2025-08-17,heart_rate_avg,29.46750718649103,-1
2025-08-19,heart_rate_avg,38.00427228404365,-1
2025-08-23,heart_rate_avg,24.838253192525507,-1
2025-08-25,heart_rate_avg,33.72340365568717,-1
2025-08-26,heart_rate_avg,30.45843593436087,-1
2025-08-27,heart_rate_avg,42.79353873221833,-1
2025-08-31,heart_rate_avg,41.51105513656496,-1
2024-09-07,heart_rate_avg,42.02585142255617,-1
2024-09-21,heart_rate_avg,40.58099052216919,-1
2024-10-18,heart_rate_avg,31.77973220254809,-1
2024-11-06,heart_rate_avg,40.46150989001496,-1
2024-12-03,heart_rate_avg,40.80169000063324,-1
2024-12-22,heart_rate_avg,38.67894326973127,-1
2025-01-04,heart_rate_avg,33.5296741341885,-1
2025-01-20,heart_rate_avg,41.31385660667382,-1
2025-01-22,heart_rate_avg,39.84861591146374,-1
2025-01-30,heart_rate_avg,39.42109720784397,-1
2025-02-12,heart_rate_avg,25.02935558147988,-1
2025-02-21,heart_rate_avg,32.37886655843991,-1
2025-02-28,heart_rate_avg,41.04180053870299,-1
2025-03-16,heart_rate_avg,88.0261478380068,-1
2025-04-05,heart_rate_avg,37.669759076202126,-1
2025-04-11,heart_rate_avg,40.73847851648176,-1
2025-04-15,heart_rate_avg,36.86461976173089,-1
2025-05-19,heart_rate_avg,35.979575657035184,-1
2025-05-31,heart_rate_avg,41.43485668359334,-1
2025-07-08,heart_rate_avg,40.16872184859168,-1
2025-07-16,heart_rate_avg,41.97080100275356,-1
2025-08-07,heart_rate_avg,43.129815400684336,-1
2024-09-08,heart_rate_avg,94.93559140208896,-1
2024-09-21,heart_rate_avg,42.05987882645342,-1
2024-10-19,heart_rate_avg,41.30590972995292,-1
2024-10-31,heart_rate_avg,89.34697576492306,-1
2024-11-13,heart_rate_avg,90.24958781432396,-1
2024-12-05,heart_rate_avg,91.04968662987278,-1
2025-02-25,heart_rate_avg,38.9462332870358,-1
2025-04-14,heart_rate_avg,90.55748258162654,-1
2025-06-12,heart_rate_avg,92.22201012550124,-1
2025-07-06,heart_rate_avg,92.8939378170594,-1
2025-08-08,heart_rate_avg,42.8528851452845,-1
2025-08-13,heart_rate_avg,87.53998010389977,-1
2024-09-20,heart_rate_avg,89.9036570332998,-1
2024-10-06,heart_rate_avg,91.42731091341834,-1
2024-11-14,heart_rate_avg,90.65839526535468,-1
2024-12-16,heart_rate_avg,90.76798333744668,-1
2025-02-20,heart_rate_avg,90.02365645921472,-1
2025-02-25,heart_rate_avg,89.40945424254863,-1
2025-03-16,heart_rate_avg,90.3913651249684,-1
2025-05-01,heart_rate_avg,92.35279838201056,-1
2025-05-21,heart_rate_avg,36.774433746106446,-1
2025-06-12,heart_rate_avg,88.01878530232383,-1
2025-06-25,heart_rate_avg,93.6976990618998,-1
2025-07-26,heart_rate_avg,94.22064788345466,-1
2025-08-07,heart_rate_avg,89.80006029802055,-1
2024-09-13,heart_rate_avg,93.00064104361356,-1
2024-09-20,heart_rate_avg,94.26477234903916,-1
2024-09-29,heart_rate_avg,93.93919818957636,-1
2024-10-06,heart_rate_avg,88.09614217052965,-1
2024-11-05,heart_rate_avg,94.29160147770894,-1
2024-11-13,heart_rate_avg,88.6283907497396,-1
2024-12-03,heart_rate_avg,90.25572573040924,-1
2024-12-10,heart_rate_avg,91.96441005853164,-1
2024-12-20,heart_rate_avg,88.28093069355731,-1
2024-12-22,heart_rate_avg,89.32202594891488,-1
2024-12-26,heart_rate_avg,89.1152529417904,-1
2025-02-15,heart_rate_avg,104.46882233339076,-1
2025-02-24,heart_rate_avg,90.9888560435777,-1
2025-02-28,heart_rate_avg,88.88330805237126,-1
2025-03-26,heart_rate_avg,87.56330030805734,-1
2025-04-03,heart_rate_avg,90.45774984539564,-1
2025-04-19,heart_rate_avg,92.09436961472004,-1
2025-04-30,heart_rate_avg,92.60519437339464,-1
2025-05-01,heart_rate_avg,88.96839547641832,-1
2025-05-12,heart_rate_avg,89.75708193391559,-1
2025-05-13,heart_rate_avg,92.02731620539674,-1
2025-05-26,heart_rate_avg,91.04735568288334,-1
2025-05-29,heart_rate_avg,87.64727619872443,-1
2025-06-06,heart_rate_avg,101.99106660615728,-1
2025-06-12,heart_rate_avg,89.2565923654008,-1
2025-06-14,heart_rate_avg,87.94615634788485,-1
2025-07-07,heart_rate_avg,90.49354648645668,-1
2025-07-10,heart_rate_avg,106.25455888817922,-1
2025-07-21,heart_rate_avg,88.35429658322329,-1
2025-08-16,heart_rate_avg,88.2977613157848,-1
2025-09-04,heart_rate_avg,91.9959959059104,-1
2025-01-08,heart_rate_avg,42.62198471754498,-1
2025-03-29,heart_rate_avg,41.27429314174526,-1
2025-08-20,heart_rate_avg,92.6850554432042,-1
2025-09-04,heart_rate_avg,92.1206690703176,-1
2025-02-07,heart_rate_avg,42.48473996606295,-1
2025-03-26,heart_rate_avg,37.505261652039685,-1
2025-06-10,heart_rate_avg,39.17305874327177,-1
2025-07-02,heart_rate_avg,87.88671263818884,-1
2024-09-08,heart_rate_avg,42.792715340084655,-1
2024-10-04,heart_rate_avg,94.50645592847413,-1
2024-10-12,heart_rate_avg,42.966741626527735,-1
2024-10-28,heart_rate_avg,88.10181856723179,-1
2025-01-17,heart_rate_avg,87.67787014370988,-1
2025-01-31,heart_rate_avg,40.12452048243466,-1
2025-04-18,heart_rate_avg,87.90931540452887,-1
2025-04-30,heart_rate_avg,88.49171308666389,-1
2025-05-18,heart_rate_avg,42.33270159704114,-1
2025-07-18,heart_rate_avg,99.60906997213924,-1
2025-07-28,heart_rate_avg,87.44740201325857,-1
2025-08-10,heart_rate_avg,90.7454695910508,-1
2024-10-08,heart_rate_avg,87.73694047803558,-1
2024-10-12,heart_rate_avg,88.319295738382,-1
2024-11-27,heart_rate_avg,30.68728389335864,-1
2024-12-30,heart_rate_avg,87.68038386793117,-1
2025-04-06,heart_rate_avg,88.24628160990645,-1
2025-05-18,heart_rate_avg,88.8286679152126,-1
2025-05-30,heart_rate_avg,89.11931091082866,-1
2025-08-05,heart_rate_avg,41.59113910991762,-1
2025-08-18,heart_rate_avg,90.72203206620458,-1
2024-09-09,heart_rate_avg,28.274343358968963,-1
2024-09-13,heart_rate_avg,91.0654630013226,-1
2024-10-14,heart_rate_avg,89.02895399732608,-1
2024-10-31,heart_rate_avg,91.82712829394843,-1
2024-11-04,heart_rate_avg,38.36144943910513,-1
2024-11-13,heart_rate_avg,91.07929132385026,-1
2025-02-27,heart_rate_avg,42.5633221902093,-1
2025-05-04,heart_rate_avg,42.56624955721976,-1
2025-05-14,heart_rate_avg,87.77516119921697,-1
2025-05-20,heart_rate_avg,42.40882399721159,-1
2025-05-22,heart_rate_avg,93.64129410467535,-1
2025-06-26,heart_rate_avg,40.35950403855672,-1
2025-07-02,heart_rate_avg,87.63778906875493,-1
2025-07-19,heart_rate_avg,90.01763706457467,-1
2025-08-02,heart_rate_avg,88.05268348594436,-1
2024-09-17,heart_rate_avg,92.98646927562416,-1
2024-09-21,heart_rate_avg,90.83283399918734,-1
2024-10-01,heart_rate_avg,91.63679447590629,-1
2024-10-12,heart_rate_avg,94.48497535615944,-1
2024-10-19,heart_rate_avg,92.81346805017152,-1
2024-10-20,heart_rate_avg,87.96001188280904,-1
2024-10-21,heart_rate_avg,89.46495950206008,-1
2024-10-23,heart_rate_avg,87.77969413699327,-1
2024-10-24,heart_rate_avg,94.38329385843976,-1
2024-10-31,heart_rate_avg,93.86543319340144,-1
2024-11-02,heart_rate_avg,94.66944191618234,-1
2024-11-03,heart_rate_avg,91.62733033188402,-1
2024-11-13,heart_rate_avg,89.10510747721267,-1
2024-12-12,heart_rate_avg,93.0816888943122,-1
2024-12-20,heart_rate_avg,94.13787954742035,-1
2024-12-24,heart_rate_avg,87.68296825015621,-1
2024-12-31,heart_rate_avg,91.11608919593888,-1
2025-01-21,heart_rate_avg,89.80759032137354,-1
2025-01-22,heart_rate_avg,94.57419248674763,-1
2025-01-23,heart_rate_avg,89.94789622864958,-1
2025-01-27,heart_rate_avg,91.20231158976998,-1
2025-02-08,heart_rate_avg,92.4576526001478,-1
2025-02-12,heart_rate_avg,96.55449082073002,-1
2025-02-14,heart_rate_avg,96.37238660473471,-1
2025-02-17,heart_rate_avg,87.8461398308089,-1
2025-02-24,heart_rate_avg,90.6353779152399,-1
2025-03-15,heart_rate_avg,89.14460771086007,-1
2025-03-21,heart_rate_avg,88.77861402065906,-1
2025-03-22,heart_rate_avg,88.29068996890027,-1
2025-03-23,heart_rate_avg,101.37592369434228,-1
2025-03-27,heart_rate_avg,94.86078051009169,-1
2025-04-02,heart_rate_avg,94.49519305449726,-1
2025-04-05,heart_rate_avg,94.6613283939888,-1
2025-04-09,heart_rate_avg,96.45136273717657,-1
2025-04-10,heart_rate_avg,98.54055209452528,-1
2025-04-12,heart_rate_avg,92.00264712216992,-1
2025-04-17,heart_rate_avg,93.2099851615262,-1
2025-04-21,heart_rate_avg,93.95598316748686,-1
2025-04-28,heart_rate_avg,88.62687352196404,-1
2025-05-04,heart_rate_avg,89.98248852729947,-1
2025-05-15,heart_rate_avg,92.23795204201468,-1
2025-05-19,heart_rate_avg,90.6610785509757,-1
2025-05-31,heart_rate_avg,89.70424039759075,-1
2025-06-15,heart_rate_avg,97.08959161103562,-1
2025-06-17,heart_rate_avg,96.86154515063065,-1
2025-07-02,heart_rate_avg,93.07608029267382,-1
2025-07-10,heart_rate_avg,93.66637588927016,-1
2025-07-18,heart_rate_avg,90.88377431586346,-1
2025-08-10,heart_rate_avg,87.64040097549959,-1
2025-08-15,heart_rate_avg,88.24166044124703,-1
2024-10-08,heart_rate_avg,34.160940377906925,-1
2024-10-17,heart_rate_avg,39.31449098413138,-1
2024-10-20,heart_rate_avg,42.37973752092411,-1
2024-10-28,heart_rate_avg,39.087710269802926,-1
2024-11-03,heart_rate_avg,40.849632964483774,-1
2024-11-16,heart_rate_avg,40.79199996860471,-1
2024-11-17,heart_rate_avg,37.750219203006594,-1
2024-12-01,heart_rate_avg,39.53218780601118,-1
2024-12-08,heart_rate_avg,25.352443709661458,-1
2025-01-02,heart_rate_avg,37.1083019202379,-1
2025-01-28,heart_rate_avg,37.72948308221786,-1
2025-02-19,heart_rate_avg,41.45856371934077,-1
2025-03-13,heart_rate_avg,37.59155404727129,-1
2025-05-12,heart_rate_avg,41.29679753709479,-1
2025-05-13,heart_rate_avg,41.95826500346593,-1
2025-06-18,heart_rate_avg,39.59329436644429,-1
2025-07-06,heart_rate_avg,42.28912863264277,-1
2025-07-15,heart_rate_avg,36.071505704470574,-1
2025-07-29,heart_rate_avg,39.37425806274199,-1
2025-08-05,heart_rate_avg,43.09311367535038,-1
2025-08-19,heart_rate_avg,39.92455090458567,-1
2025-08-20,heart_rate_avg,39.57081363790074,-1
2025-08-22,heart_rate_avg,39.43090318293764,-1
2024-10-29,heart_rate_avg,88.56271042486217,-1
2024-10-31,heart_rate_avg,93.6183836416825,-1
2025-03-18,heart_rate_avg,42.39384502590821,-1
2025-04-16,heart_rate_avg,92.81278805905308,-1
2025-04-25,heart_rate_avg,41.30286481368932,-1
2025-05-18,heart_rate_avg,40.04767621999177,-1
2025-05-30,heart_rate_avg,30.917861610503863,-1
2025-06-19,heart_rate_avg,42.963308721433314,-1
2025-07-17,heart_rate_avg,33.66622330411302,-1
2025-08-12,heart_rate_avg,40.21860383311951,-1
2024-10-03,heart_rate_avg,42.49032132013997,-1
2024-10-08,heart_rate_avg,41.856573460141085,-1
2024-10-12,heart_rate_avg,40.05799894249411,-1
2024-11-23,heart_rate_avg,30.40437849471428,-1
2024-11-24,heart_rate_avg,37.082641637771374,-1
2024-12-07,heart_rate_avg,38.12448573011088,-1
2024-12-09,heart_rate_avg,41.15017996177225,-1
2024-12-11,heart_rate_avg,41.42569811741976,-1
2024-12-13,heart_rate_avg,39.64042516862372,-1
2024-12-15,heart_rate_avg,37.472093019935286,-1
2024-12-27,heart_rate_avg,42.2908816070435,-1
2025-01-22,heart_rate_avg,40.71349173409531,-1
2025-02-02,heart_rate_avg,34.81068489143182,-1
2025-03-04,heart_rate_avg,42.51117950419126,-1
2025-03-22,heart_rate_avg,40.35606922594107,-1
2025-03-27,heart_rate_avg,40.36750045638393,-1
2025-04-19,heart_rate_avg,42.63439233722912,-1
2025-05-11,heart_rate_avg,41.98650106603143,-1
2025-05-13,heart_rate_avg,41.54931251336492,-1
2025-06-06,heart_rate_avg,43.20321494738885,-1
2025-06-16,heart_rate_avg,37.76908860823582,-1
2025-06-18,heart_rate_avg,40.139657990077424,-1
2025-07-14,heart_rate_avg,28.577748987578723,-1
2025-08-30,heart_rate_avg,41.78716531061283,-1
2024-09-12,heart_rate_avg,88.38980719564658,-1
2024-10-01,heart_rate_avg,87.73038160743019,-1
2024-10-12,heart_rate_avg,89.79605949330619,-1
2025-01-21,heart_rate_avg,88.44066817024319,-1
2025-02-03,heart_rate_avg,92.4996893339739,-1
2025-03-26,heart_rate_avg,94.84884820497788,-1
2025-04-28,heart_rate_avg,89.87307787918792,-1
2025-04-29,heart_rate_avg,91.29520481005837,-1
2025-05-04,heart_rate_avg,87.52724145463526,-1
2025-05-09,heart_rate_avg,92.48612488940472,-1
2025-05-11,heart_rate_avg,101.0259065335162,-1
2025-05-24,heart_rate_avg,89.04941204721581,-1
2025-07-10,heart_rate_avg,91.22070268229248,-1
2025-09-02,heart_rate_avg,93.18691728478194,-1
2025-09-03,heart_rate_avg,89.1176471215869,-1
2025-01-08,heart_rate_avg,91.443986530474,-1
2025-02-09,heart_rate_avg,87.84005711859471,-1
2025-03-02,heart_rate_avg,97.5174583942372,-1
2025-04-01,heart_rate_avg,92.49678918099944,-1
2025-04-07,heart_rate_avg,88.85432661555728,-1
2025-04-22,heart_rate_avg,88.44343756741702,-1
2025-07-09,heart_rate_avg,91.68204695158578,-1
2025-07-22,heart_rate_avg,42.39049701033453,-1
2025-07-28,heart_rate_avg,87.9113948405029,-1
2025-08-20,heart_rate_avg,101.40370442852424,-1
2025-08-27,heart_rate_avg,88.10807457656355,-1
2024-10-07,heart_rate_avg,91.01230415839476,-1
2024-12-01,heart_rate_avg,41.51194907484215,-1
2024-12-24,heart_rate_avg,40.67514869337311,-1
2025-01-28,heart_rate_avg,41.51948754953487,-1
2025-02-08,heart_rate_avg,96.46960254600651,-1
2025-02-09,heart_rate_avg,39.11567441287718,-1
2025-03-08,heart_rate_avg,41.707110630643285,-1
2025-04-21,heart_rate_avg,92.36270809612752,-1
2025-05-21,heart_rate_avg,42.16354568137,-1
2025-06-16,heart_rate_avg,89.46289427800617,-1
2025-08-03,heart_rate_avg,42.33531470728524,-1
2024-09-29,heart_rate_avg,42.1879878657618,-1
2024-11-26,heart_rate_avg,38.449799072268526,-1
2024-12-24,heart_rate_avg,33.57955338923587,-1
2025-02-25,heart_rate_avg,39.32907889897794,-1
2025-03-23,heart_rate_avg,41.24957175691137,-1
2025-05-05,heart_rate_avg,36.90136210305469,-1
2025-06-22,heart_rate_avg,97.32854749427284,-1
2025-07-04,heart_rate_avg,42.227688086796086,-1
2025-07-19,heart_rate_avg,40.71648707521433,-1
2025-07-26,heart_rate_avg,42.34210067786839,-1
2024-10-28,heart_rate_avg,89.14288431832577,-1
2024-10-29,heart_rate_avg,90.54239805801518,-1
2024-11-16,heart_rate_avg,93.75551634848992,-1
2025-02-07,heart_rate_avg,89.0205469820394,-1
2025-03-19,heart_rate_avg,35.81136039098449,-1
2025-03-23,heart_rate_avg,39.77387768552079,-1
2025-05-15,heart_rate_avg,40.48741970386224,-1
2025-05-19,heart_rate_avg,88.56098968438621,-1
2025-06-07,heart_rate_avg,98.54890526836203,-1
2025-06-14,heart_rate_avg,88.25477950452336,-1
2025-07-27,heart_rate_avg,103.18547263574976,-1
2025-08-26,heart_rate_avg,39.491532117584256,-1
2024-10-17,heart_rate_avg,38.73238999536461,-1
2024-10-19,heart_rate_avg,90.381237396394,-1
2024-11-16,heart_rate_avg,41.12033643753247,-1
2024-12-29,heart_rate_avg,88.60283623907117,-1
2025-03-02,heart_rate_avg,88.51847173370918,-1
2025-04-26,heart_rate_avg,39.31639491426824,-1
2025-07-03,heart_rate_avg,42.64212269053449,-1
2025-08-22,heart_rate_avg,37.4330843613607,-1
2025-09-04,heart_rate_avg,38.76978163664525,-1
2024-09-18,heart_rate_avg,96.85042993035486,-1
2024-09-25,heart_rate_avg,99.26621047130593,-1
2024-09-27,heart_rate_avg,90.33946432556525,-1
2024-10-22,heart_rate_avg,39.76007986783601,-1
2024-10-28,heart_rate_avg,42.3241818091104,-1
2024-11-02,heart_rate_avg,97.61756897018924,-1
2024-12-03,heart_rate_avg,91.09014930251304,-1
2024-12-25,heart_rate_avg,96.26999771697518,-1
2025-01-14,heart_rate_avg,88.67312451688397,-1
2025-02-25,heart_rate_avg,89.34960541098046,-1
2025-03-07,heart_rate_avg,87.74050888918063,-1
2025-03-30,heart_rate_avg,98.52694926437952,-1
2025-05-19,heart_rate_avg,90.1187605845405,-1
2025-05-26,heart_rate_avg,107.24154508286144,-1
2025-06-26,heart_rate_avg,93.46206540589772,-1
2025-08-11,heart_rate_avg,91.79794611245347,-1
2024-10-14,heart_rate_avg,95.75075610773868,-1
2024-10-24,heart_rate_avg,39.01616405014133,-1
2024-11-29,heart_rate_avg,43.11398752876884,-1
2024-12-01,heart_rate_avg,93.05634649035864,-1
2024-12-03,heart_rate_avg,87.70182823973235,-1
2025-01-15,heart_rate_avg,93.144501213207,-1
2025-02-13,heart_rate_avg,91.49079995617775,-1
2025-02-24,heart_rate_avg,92.20204486502634,-1
2025-08-20,heart_rate_avg,87.69195721428457,-1
2025-08-24,heart_rate_avg,87.46868034788704,-1
2024-09-20,heart_rate_avg,88.10097314166936,-1
2024-10-01,heart_rate_avg,90.3642583858943,-1
2024-10-02,heart_rate_avg,91.13612072734182,-1
2024-12-06,heart_rate_avg,88.19357326354589,-1
2024-12-16,heart_rate_avg,37.80333278753848,-1
2025-02-03,heart_rate_avg,87.66343518073047,-1
2025-02-11,heart_rate_avg,97.1466438486798,-1
2025-02-24,heart_rate_avg,99.86573887162685,-1
2025-03-15,heart_rate_avg,91.33759152435908,-1
2025-03-25,heart_rate_avg,88.63729434369984,-1
2025-03-30,heart_rate_avg,42.464165884137856,-1
2025-04-02,heart_rate_avg,92.70244790018052,-1
2025-04-04,heart_rate_avg,89.17627217796671,-1
2025-04-19,heart_rate_avg,87.60493848916812,-1
2025-04-29,heart_rate_avg,88.26486156098296,-1
2025-04-30,heart_rate_avg,88.0473463871266,-1
2025-05-08,heart_rate_avg,90.86492173663622,-1
2025-06-02,heart_rate_avg,87.40705791539128,-1
2025-09-05,heart_rate_avg,88.76847087500481,-1
2024-09-17,heart_rate_avg,39.8279774697865,-1
2025-02-25,heart_rate_avg,87.56998695678305,-1
2025-06-07,heart_rate_avg,36.44003248927467,-1
2025-08-20,heart_rate_avg,90.4741544217516,-1
2025-08-28,heart_rate_avg,87.97684625851116,-1
2025-09-04,heart_rate_avg,40.1831292709478,-1
2024-09-07,heart_rate_avg,90.62566335050302,-1
2024-09-14,heart_rate_avg,42.41419694282676,-1
2024-10-24,heart_rate_avg,40.89221687280615,-1
2024-11-22,heart_rate_avg,35.94702647651202,-1
2024-12-01,heart_rate_avg,88.85348225810131,-1
2024-12-09,heart_rate_avg,87.57325573375022,-1
2025-04-08,heart_rate_avg,87.62856893048823,-1
2025-05-04,heart_rate_avg,40.78326209589187,-1
2025-06-05,heart_rate_avg,39.23041024419652,-1
2025-07-25,heart_rate_avg,89.969792291935,-1
2025-08-13,heart_rate_avg,43.05257072276461,-1
2025-08-23,heart_rate_avg,38.19947732263712,-1
2024-09-16,heart_rate_avg,88.36710194707204,-1
2024-10-25,heart_rate_avg,38.87082163736071,-1
2024-11-01,heart_rate_avg,43.16821077399021,-1
2024-12-08,heart_rate_avg,36.89397863086512,-1
2025-01-24,heart_rate_avg,43.12350737330936,-1
2025-02-01,heart_rate_avg,93.62716688172787,-1
2025-02-22,heart_rate_avg,41.05512665516388,-1
2025-04-20,heart_rate_avg,43.18019102757534,-1
2025-07-27,heart_rate_avg,41.95907048459301,-1
2025-08-05,heart_rate_avg,90.28079847091544,-1
2025-08-07,heart_rate_avg,41.03445089008488,-1
2025-08-22,heart_rate_avg,87.4142915212319,-1
2025-08-27,heart_rate_avg,42.14649227869796,-1
2025-09-05,heart_rate_avg,39.694385318432495,-1
2024-09-16,heart_rate_avg,42.57543277233415,-1
2024-10-19,heart_rate_avg,42.05775902810413,-1
2024-11-16,heart_rate_avg,39.95681357875982,-1
2024-12-04,heart_rate_avg,91.39177211110996,-1
2024-12-15,heart_rate_avg,42.33737644764085,-1
2025-01-03,heart_rate_avg,96.90230740979264,-1
2025-02-09,heart_rate_avg,42.70022159266112,-1
2025-03-14,heart_rate_avg,91.50193693637615,-1
2025-04-26,heart_rate_avg,36.12586591203885,-1
2025-05-15,heart_rate_avg,40.9340399224834,-1
2025-05-28,heart_rate_avg,42.1866525005922,-1
2025-06-08,heart_rate_avg,33.88560707821715,-1
2025-07-09,heart_rate_avg,40.243010141224886,-1
2025-08-03,heart_rate_avg,41.22143404368373,-1
2024-09-10,heart_rate_avg,42.37220416323761,-1
2025-02-01,heart_rate_avg,42.79948497202423,-1
2025-02-19,heart_rate_avg,34.16608090678426,-1
2025-02-27,heart_rate_avg,34.61075143438744,-1
2025-03-19,heart_rate_avg,43.02721617321909,-1
2025-04-07,heart_rate_avg,36.33326655570017,-1
2025-05-18,heart_rate_avg,41.46611798171139,-1
2025-06-29,heart_rate_avg,40.59192972224831,-1
2025-07-11,heart_rate_avg,41.87843388494614,-1
2025-08-23,heart_rate_avg,42.72524902926557,-1
2025-08-31,heart_rate_avg,42.996330212573085,-1
2024-09-09,heart_rate_avg,43.022104644985525,-1
2024-09-12,heart_rate_avg,37.33983078822206,-1
2024-09-20,heart_rate_avg,35.08935925952768,-1
2024-09-21,heart_rate_avg,23.211362329161133,-1
2024-10-01,heart_rate_avg,41.869558410270685,-1
2024-10-05,heart_rate_avg,32.59267762506592,-1
2024-10-06,heart_rate_avg,37.36173208711329,-1
2024-10-11,heart_rate_avg,41.23161933321308,-1
2024-10-20,heart_rate_avg,38.46853190790185,-1
2024-10-21,heart_rate_avg,42.0101148650665,-1
2024-10-31,heart_rate_avg,38.39261194550675,-1
2024-11-07,heart_rate_avg,36.69616531866863,-1
2024-11-15,heart_rate_avg,41.84962446260555,-1
2024-11-20,heart_rate_avg,38.4318892295992,-1
2024-11-24,heart_rate_avg,39.97840141813995,-1
2024-11-26,heart_rate_avg,39.414169311646646,-1
2024-11-27,heart_rate_avg,38.95276546047264,-1
2024-11-28,heart_rate_avg,35.33493240635035,-1
2024-11-30,heart_rate_avg,42.39256120205925,-1
2024-12-17,heart_rate_avg,40.535762378339584,-1
2024-12-30,heart_rate_avg,42.52578669464516,-1
2024-12-31,heart_rate_avg,28.12578221206281,-1
2025-01-02,heart_rate_avg,41.98151236870464,-1
2025-01-05,heart_rate_avg,40.45398646977742,-1
2025-01-13,heart_rate_avg,41.19291351050562,-1
2025-01-27,heart_rate_avg,35.77721780718269,-1
2025-02-10,heart_rate_avg,42.01305934587315,-1
2025-02-16,heart_rate_avg,39.73217972537349,-1
2025-02-23,heart_rate_avg,39.48432644530773,-1
2025-02-25,heart_rate_avg,42.13581317600351,-1
2025-02-26,heart_rate_avg,32.782487169729706,-1
2025-03-01,heart_rate_avg,41.22820535007784,-1
2025-03-05,heart_rate_avg,40.22524806105984,-1
2025-03-08,heart_rate_avg,32.134319814593,-1
2025-03-10,heart_rate_avg,36.785046255395805,-1
2025-03-11,heart_rate_avg,39.602425372534434,-1
2025-03-14,heart_rate_avg,42.84383252139679,-1
2025-03-19,heart_rate_avg,42.40046647712447,-1
2025-03-21,heart_rate_avg,41.78604393221223,-1
2025-04-05,heart_rate_avg,35.09242548363514,-1
2025-04-09,heart_rate_avg,40.77376442416143,-1
2025-04-10,heart_rate_avg,38.73131367265006,-1
2025-04-13,heart_rate_avg,43.1883694957328,-1
2025-04-15,heart_rate_avg,37.24215034640944,-1
2025-04-26,heart_rate_avg,36.73562504275981,-1
2025-04-28,heart_rate_avg,42.419823246294406,-1
2025-04-29,heart_rate_avg,34.05292129072224,-1
2025-05-01,heart_rate_avg,42.4392529217996,-1
2025-05-05,heart_rate_avg,42.87825022632023,-1
2025-05-10,heart_rate_avg,41.27626373333469,-1
2025-05-16,heart_rate_avg,41.41496976427587,-1
2025-05-18,heart_rate_avg,42.90701455558333,-1
2025-05-31,heart_rate_avg,35.74513529978265,-1
2025-06-03,heart_rate_avg,43.08669077656548,-1
2025-06-05,heart_rate_avg,42.79276410843626,-1
2025-06-16,heart_rate_avg,42.66668008525906,-1
2025-06-29,heart_rate_avg,31.670615369086768,-1
2025-07-02,heart_rate_avg,38.43702033243999,-1
2025-07-05,heart_rate_avg,40.31698845383349,-1
2025-07-07,heart_rate_avg,42.90961720281989,-1
2025-07-10,heart_rate_avg,39.17758921093152,-1
2025-07-16,heart_rate_avg,41.57843576690394,-1
2025-07-21,heart_rate_avg,42.95507095874238,-1
2025-07-22,heart_rate_avg,43.135229848610194,-1
2025-07-31,heart_rate_avg,41.02542596946533,-1
2025-08-02,heart_rate_avg,42.20213148700806,-1
2025-08-11,heart_rate_avg,31.57989679166388,-1
2025-08-18,heart_rate_avg,42.714280235595474,-1
2025-08-30,heart_rate_avg,36.25402990697496,-1
2024-10-18,heart_rate_avg,42.02685168173193,-1
2024-10-19,heart_rate_avg,88.81565585469745,-1
2024-11-08,heart_rate_avg,97.85931447957438,-1
2024-12-29,heart_rate_avg,40.76800258107672,-1
2025-01-06,heart_rate_avg,89.53350283370094,-1
2025-01-08,heart_rate_avg,42.43704892901853,-1
2025-01-10,heart_rate_avg,88.28919701684168,-1
2025-01-22,heart_rate_avg,88.45995970525243,-1
2025-02-28,heart_rate_avg,88.47659929757546,-1
2025-03-06,heart_rate_avg,41.799806090512384,-1
2025-06-12,heart_rate_avg,42.248361734503135,-1
2025-08-10,heart_rate_avg,41.64541073979965,-1
2025-08-16,heart_rate_avg,90.5632274606568,-1
2024-12-13,heart_rate_avg,87.93424340602272,-1
2024-12-19,heart_rate_avg,38.2468840060809,-1
2024-12-30,heart_rate_avg,41.16829456835612,-1
2025-01-05,heart_rate_avg,40.788287802138925,-1
2025-01-15,heart_rate_avg,39.604708105160455,-1
2025-01-23,heart_rate_avg,90.46244456673766,-1
2025-01-29,heart_rate_avg,89.51774250747637,-1
2025-02-11,heart_rate_avg,95.90344423192543,-1
2025-03-17,heart_rate_avg,37.456861491366126,-1
2025-03-27,heart_rate_avg,43.03563808027133,-1
2025-05-21,heart_rate_avg,91.4533111367082,-1
2025-05-28,heart_rate_avg,91.05130357373535,-1
2025-06-04,heart_rate_avg,39.98643965159292,-1
2025-06-11,heart_rate_avg,42.29936992863949,-1
2025-06-27,heart_rate_avg,34.01572254701348,-1
2025-06-29,heart_rate_avg,38.98700376494609,-1
2025-07-14,heart_rate_avg,41.176470856632605,-1
2025-08-12,heart_rate_avg,36.03184905176209,-1
2024-09-22,heart_rate_avg,36.60248183552066,-1
2024-09-27,heart_rate_avg,27.18540284794983,-1
2024-10-17,heart_rate_avg,39.9376653962717,-1
2025-02-03,heart_rate_avg,88.80313785833329,-1
2025-04-27,heart_rate_avg,39.28826408063689,-1
2025-05-04,heart_rate_avg,32.10146837677131,-1
2025-05-13,heart_rate_avg,36.83188448157438,-1
2025-05-14,heart_rate_avg,39.6740168147448,-1
2025-06-10,heart_rate_avg,41.083506049293945,-1
2025-06-12,heart_rate_avg,37.59425374487101,-1
2025-06-30,heart_rate_avg,38.00717864395879,-1
2025-07-16,heart_rate_avg,92.6344902896724,-1
2025-08-12,heart_rate_avg,42.30795697878818,-1
2024-09-09,heart_rate_avg,32.44990479219998,-1
2024-09-27,heart_rate_avg,33.22411604869664,-1
2024-10-01,heart_rate_avg,38.17699089111064,-1
2024-10-14,heart_rate_avg,38.187771247009934,-1
2024-10-26,heart_rate_avg,90.40348463176132,-1
2024-11-16,heart_rate_avg,40.02796944346241,-1
2024-12-02,heart_rate_avg,41.408710131305725,-1
2024-12-24,heart_rate_avg,43.09821168513604,-1
2025-01-20,heart_rate_avg,42.973587197592806,-1
2025-01-25,heart_rate_avg,97.34194134034612,-1
2025-02-20,heart_rate_avg,28.935569573146918,-1
2025-04-07,heart_rate_avg,42.26060165301552,-1
2025-04-30,heart_rate_avg,92.58159900202796,-1
2025-05-06,heart_rate_avg,35.81164103729048,-1
2025-05-07,heart_rate_avg,92.83556071398148,-1
2025-05-25,heart_rate_avg,38.10869301432993,-1
2025-06-27,heart_rate_avg,91.24786660991283,-1
2025-07-17,heart_rate_avg,42.20981308910946,-1
2025-08-01,heart_rate_avg,42.26728552795971,-1
2025-09-03,heart_rate_avg,36.17441888435904,-1
2024-09-07,heart_rate_avg,89.29050388864974,-1
2024-11-02,heart_rate_avg,90.80663631958664,-1
2024-11-10,heart_rate_avg,43.14949274197042,-1
2024-11-13,heart_rate_avg,91.90785501218583,-1
2024-11-25,heart_rate_avg,88.91620850958454,-1
2024-12-10,heart_rate_avg,96.91222670661044,-1
2024-12-16,heart_rate_avg,88.85222765927764,-1
2025-01-03,heart_rate_avg,90.99544946343204,-1
2025-01-06,heart_rate_avg,40.754059429359735,-1
2025-01-16,heart_rate_avg,96.21344858272252,-1
2025-02-28,heart_rate_avg,88.53918349594805,-1
2025-03-08,heart_rate_avg,88.39542006633332,-1
2025-03-14,heart_rate_avg,88.06797834384453,-1
2025-04-10,heart_rate_avg,42.54482172139521,-1
2025-06-17,heart_rate_avg,90.9819920881184,-1
2024-09-15,heart_rate_avg,39.16874525796474,-1
2024-12-10,heart_rate_avg,40.93178242850957,-1
2025-01-05,heart_rate_avg,92.78651435251749,-1
2025-01-12,heart_rate_avg,41.94434759801576,-1
2025-02-07,heart_rate_avg,90.17226404424454,-1
2025-02-10,heart_rate_avg,92.98376898708456,-1
2025-03-01,heart_rate_avg,43.12416660391801,-1
2025-03-22,heart_rate_avg,90.28673924793888,-1
2025-06-11,heart_rate_avg,41.57515536824433,-1
2025-06-14,heart_rate_avg,38.99320009442686,-1
2024-09-13,heart_rate_avg,88.25144777690463,-1
2024-10-26,heart_rate_avg,88.52166910710245,-1
2024-11-06,heart_rate_avg,92.54521996950524,-1
2025-02-02,heart_rate_avg,95.99121427203116,-1
2025-05-11,heart_rate_avg,91.43614692988557,-1
2025-05-17,heart_rate_avg,91.71087084128033,-1
2025-06-14,heart_rate_avg,41.82716534503071,-1
2025-07-21,heart_rate_avg,88.26946730157118,-1
2025-08-04,heart_rate_avg,94.58956356542704,-1
2025-08-13,heart_rate_avg,94.55699225038973,-1
2025-08-27,heart_rate_avg,90.38393310382624,-1
2024-09-14,heart_rate_avg,87.9436982490752,-1
2024-09-15,heart_rate_avg,90.16208585926466,-1
2024-12-10,heart_rate_avg,90.04190396376252,-1
2025-01-21,heart_rate_avg,37.59762220513622,-1
2025-01-27,heart_rate_avg,95.15564873742588,-1
2025-04-09,heart_rate_avg,89.28575471476093,-1
2025-05-02,heart_rate_avg,88.36098395830152,-1
2025-06-15,heart_rate_avg,41.22237589509702,-1
2025-09-01,heart_rate_avg,42.23632057092407,-1
2024-09-06,heart_rate_avg,94.00598715998264,-1
2024-09-11,heart_rate_avg,35.31261805637924,-1
2024-10-24,heart_rate_avg,94.07498345947587,-1
2024-10-31,heart_rate_avg,42.22958182634447,-1
2024-12-02,heart_rate_avg,90.83841485298302,-1
2025-01-01,heart_rate_avg,87.44304295729899,-1
2025-01-25,heart_rate_avg,89.80528490179648,-1
2025-01-27,heart_rate_avg,93.91278855497198,-1
2025-04-03,heart_rate_avg,87.89412180253142,-1
2025-04-29,heart_rate_avg,92.37509414964316,-1
2025-05-11,heart_rate_avg,88.95415016722228,-1
2025-09-02,heart_rate_avg,95.08145328982717,-1
2024-10-31,heart_rate_avg,42.32222250357691,-1
2024-11-07,heart_rate_avg,89.39017018562978,-1
2025-01-05,heart_rate_avg,97.22707106802817,-1
2025-01-06,heart_rate_avg,90.52163866698211,-1
2025-01-22,heart_rate_avg,96.86942673898989,-1
2025-04-06,heart_rate_avg,42.50080888658289,-1
2025-04-30,heart_rate_avg,91.3151667409174,-1
2025-05-11,heart_rate_avg,87.81865394886222,-1
2025-06-12,heart_rate_avg,91.4808987942332,-1
2025-07-30,heart_rate_avg,89.60066201265431,-1
2025-08-24,heart_rate_avg,100.29553962265187,-1
2024-09-14,heart_rate_avg,42.855291666185735,-1
2024-10-13,heart_rate_avg,42.22679792632411,-1
2024-11-10,heart_rate_avg,43.15740914691667,-1
2024-11-12,heart_rate_avg,36.26301130414152,-1
2024-11-24,heart_rate_avg,89.03354530879787,-1
2024-12-05,heart_rate_avg,87.55989166948837,-1
2024-12-06,heart_rate_avg,42.394019254889685,-1
2024-12-21,heart_rate_avg,32.28533764182139,-1
2024-12-25,heart_rate_avg,88.82046261653967,-1
2024-12-27,heart_rate_avg,40.07438087337477,-1
2025-03-26,heart_rate_avg,40.9951006088673,-1
2025-04-08,heart_rate_avg,88.01297647493772,-1
2025-06-14,heart_rate_avg,87.45636440670475,-1
2025-06-30,heart_rate_avg,39.24360567765564,-1
2024-09-08,heart_rate_avg,34.587709279139986,-1
2024-09-09,heart_rate_avg,37.065555786836086,-1
2024-09-13,heart_rate_avg,42.88078027623746,-1
2024-09-19,heart_rate_avg,41.37884090216071,-1
2024-10-04,heart_rate_avg,33.99939127227815,-1
2024-10-06,heart_rate_avg,39.06819776435063,-1
2024-10-08,heart_rate_avg,40.21230342756828,-1
2024-10-10,heart_rate_avg,33.22227601929751,-1
2024-10-27,heart_rate_avg,35.68553410644492,-1
2024-11-03,heart_rate_avg,42.42372977934084,-1
2024-11-07,heart_rate_avg,40.663295982842286,-1
2024-11-08,heart_rate_avg,43.208221176164905,-1
2024-11-11,heart_rate_avg,42.49431878802353,-1
2024-11-23,heart_rate_avg,41.89036854282068,-1
2024-12-03,heart_rate_avg,36.74027249734918,-1
2024-12-04,heart_rate_avg,39.61876828413807,-1
2024-12-05,heart_rate_avg,42.6454703770507,-1
2024-12-09,heart_rate_avg,39.49088327313677,-1
2024-12-13,heart_rate_avg,41.78482273342036,-1
2024-12-18,heart_rate_avg,42.88565412127697,-1
2024-12-24,heart_rate_avg,36.8739571978356,-1
2024-12-25,heart_rate_avg,42.23917835103934,-1
2025-01-01,heart_rate_avg,36.72438143165796,-1
2025-01-14,heart_rate_avg,43.145671804130814,-1
2025-01-27,heart_rate_avg,31.92466061966998,-1
2025-02-05,heart_rate_avg,42.77603358084699,-1
2025-02-16,heart_rate_avg,40.0759096947296,-1
2025-02-19,heart_rate_avg,38.103875095388176,-1
2025-03-02,heart_rate_avg,30.588301104102012,-1
2025-03-08,heart_rate_avg,40.75208833082023,-1
2025-03-10,heart_rate_avg,42.35032423858573,-1
2025-03-14,heart_rate_avg,37.14063391515643,-1
2025-04-08,heart_rate_avg,43.21555960549163,-1
2025-04-09,heart_rate_avg,38.11134392797081,-1
2025-04-25,heart_rate_avg,39.81342236524843,-1
2025-05-17,heart_rate_avg,37.00915924789668,-1
2025-05-23,heart_rate_avg,40.60873184449067,-1
2025-06-02,heart_rate_avg,37.59693646687512,-1
2025-06-05,heart_rate_avg,39.37258189986432,-1
2025-06-07,heart_rate_avg,42.40540345385851,-1
2025-06-10,heart_rate_avg,42.35201078665942,-1
2025-06-11,heart_rate_avg,38.37547700872383,-1
2025-06-20,heart_rate_avg,27.60212835494446,-1
2025-06-22,heart_rate_avg,41.96457187715029,-1
2025-06-23,heart_rate_avg,41.71876556485639,-1
2025-07-02,heart_rate_avg,41.83195278951008,-1
2025-07-18,heart_rate_avg,40.96085844842669,-1
2025-07-22,heart_rate_avg,40.45369205076257,-1
2025-08-04,heart_rate_avg,42.55274833790608,-1
2025-08-05,heart_rate_avg,43.07554390280224,-1
2025-08-09,heart_rate_avg,42.89408157936229,-1
2025-08-15,heart_rate_avg,33.48931624913519,-1
2025-08-16,heart_rate_avg,40.916506483889854,-1
2025-08-21,heart_rate_avg,40.17947814432514,-1
2025-08-22,heart_rate_avg,38.073131995129614,-1
2025-08-24,heart_rate_avg,37.09362769226584,-1
2024-09-07,heart_rate_avg,36.16676862758664,-1
2024-09-13,heart_rate_avg,42.163246383482345,-1
2024-09-16,heart_rate_avg,40.44450888559167,-1
2024-09-28,heart_rate_avg,93.26150949035733,-1
2025-01-09,heart_rate_avg,39.806696405107424,-1
2025-07-12,heart_rate_avg,38.49592396554393,-1
2025-08-01,heart_rate_avg,38.67243359513415,-1
2024-09-21,heart_rate_avg,91.66058025879386,-1
2024-09-26,heart_rate_avg,42.3454074962502,-1
2024-10-04,heart_rate_avg,42.931555653396,-1
2024-10-12,heart_rate_avg,40.774980157158026,-1
2025-01-15,heart_rate_avg,39.003193502148136,-1
2025-01-17,heart_rate_avg,88.7846072103789,-1
2025-03-06,heart_rate_avg,41.01912830092325,-1
2025-03-30,heart_rate_avg,43.16009066317785,-1
2025-04-03,heart_rate_avg,92.3176487388172,-1
2025-06-24,heart_rate_avg,34.1791199865472,-1
2024-10-31,heart_rate_avg,93.98173187186714,-1
2025-01-27,heart_rate_avg,37.85836237593872,-1
2025-02-23,heart_rate_avg,93.0640163800074,-1
2025-03-02,heart_rate_avg,92.47980397870748,-1
2025-03-10,heart_rate_avg,91.59017917585231,-1
2025-03-22,heart_rate_avg,87.96748331842596,-1
2025-06-20,heart_rate_avg,89.25897546105021,-1
2025-06-30,heart_rate_avg,93.37377047833374,-1
2025-07-17,heart_rate_avg,41.82409626070313,-1
2025-08-14,heart_rate_avg,89.72130822568985,-1
2025-08-29,heart_rate_avg,87.58205142905621,-1
2025-09-02,heart_rate_avg,90.59742578852502,-1
2024-09-16,heart_rate_avg,41.93578920684956,-1
2024-10-23,heart_rate_avg,41.7047685957441,-1
2024-10-31,heart_rate_avg,33.52840410124324,-1
2024-12-28,heart_rate_avg,31.28687880441479,-1
2025-02-15,heart_rate_avg,37.30198268679639,-1
2025-03-10,heart_rate_avg,40.168679044608496,-1
2025-05-30,heart_rate_avg,40.66147464663089,-1
2025-06-12,heart_rate_avg,42.10650903203512,-1
2025-06-26,heart_rate_avg,42.57947232820666,-1
2025-08-27,heart_rate_avg,38.70269312060859,-1
2024-10-12,heart_rate_avg,42.54181657718483,-1
2025-02-08,heart_rate_avg,41.41895591582342,-1
2025-02-11,heart_rate_avg,97.75323855956762,-1
2025-04-03,heart_rate_avg,93.08676204639625,-1
2025-04-28,heart_rate_avg,36.80584811316827,-1
2025-06-24,heart_rate_avg,91.82360835686367,-1
2025-07-27,heart_rate_avg,42.06470667957283,-1
2024-09-28,heart_rate_avg,42.458527560494815,-1
2024-11-13,heart_rate_avg,35.98678944613421,-1
2025-02-07,heart_rate_avg,38.11101520378915,-1
2025-02-21,heart_rate_avg,34.38579735829488,-1
2025-03-16,heart_rate_avg,33.04432336326199,-1
2025-03-25,heart_rate_avg,40.801640826576495,-1
2025-05-11,heart_rate_avg,88.62817862755396,-1
2025-06-05,heart_rate_avg,34.78805116492025,-1
2025-06-26,heart_rate_avg,40.76326277485951,-1
2025-07-29,heart_rate_avg,42.02030630580912,-1
2025-08-13,heart_rate_avg,35.15907787846646,-1
2024-09-11,heart_rate_avg,88.49341082731763,-1
2024-11-19,heart_rate_avg,42.112930998274415,-1
2025-01-10,heart_rate_avg,41.57011415859937,-1
2025-02-18,heart_rate_avg,40.26951454671632,-1
2025-03-01,heart_rate_avg,88.83459704134717,-1
2025-06-04,heart_rate_avg,89.0365654993941,-1
2024-09-17,heart_rate_avg,94.839927671323,-1
2024-12-08,heart_rate_avg,91.86420147879184,-1
2024-12-23,heart_rate_avg,88.36364538913075,-1
2025-01-06,heart_rate_avg,38.4334277578805,-1
2025-01-16,heart_rate_avg,88.49084397757585,-1
2025-02-17,heart_rate_avg,97.01295631913725,-1
2025-03-02,heart_rate_avg,90.54801050384586,-1
2025-03-23,heart_rate_avg,41.085846443039465,-1
2025-03-28,heart_rate_avg,91.22509172470282,-1
2025-04-21,heart_rate_avg,99.45624438230244,-1
2025-05-01,heart_rate_avg,88.83336911929251,-1
2025-05-14,heart_rate_avg,88.19184425260818,-1
2025-07-21,heart_rate_avg,88.30189942271537,-1
2025-07-31,heart_rate_avg,96.00610969417656,-1
2025-08-12,heart_rate_avg,90.0876845583778,-1
2025-08-23,heart_rate_avg,92.96131171902655,-1
2024-09-14,heart_rate_avg,89.89418259322113,-1
2024-09-24,heart_rate_avg,99.1556697544281,-1
2025-01-01,heart_rate_avg,40.96845682378489,-1
2025-05-11,heart_rate_avg,93.49783589337822,-1
2025-06-24,heart_rate_avg,91.32211510545032,-1
2025-08-11,heart_rate_avg,87.70198479967578,-1
2025-08-30,heart_rate_avg,97.0190499346789,-1
2024-10-16,heart_rate_avg,39.41989221156824,-1
2024-11-09,heart_rate_avg,35.26329238839647,-1
2024-12-27,heart_rate_avg,89.8361419232273,-1
2025-01-30,heart_rate_avg,37.15405814229394,-1
2025-02-28,heart_rate_avg,87.87607934196703,-1
2025-03-07,heart_rate_avg,92.54284645240944,-1
2025-03-13,heart_rate_avg,87.41611779121962,-1
2025-03-19,heart_rate_avg,39.27726314838157,-1
2025-04-09,heart_rate_avg,91.09679327728855,-1
2025-05-03,heart_rate_avg,88.69430682612347,-1
2025-06-10,heart_rate_avg,88.71732980920554,-1
2025-06-20,heart_rate_avg,39.91901990571063,-1
2025-07-05,heart_rate_avg,88.85614214329298,-1
2025-08-15,heart_rate_avg,90.95558033391367,-1
2024-09-22,heart_rate_avg,88.1008698289714,-1
2024-10-12,heart_rate_avg,38.876197048102384,-1
2024-10-19,heart_rate_avg,93.68482962147937,-1
2024-10-24,heart_rate_avg,102.46310798185156,-1
2024-10-31,heart_rate_avg,87.58630385922079,-1
2025-01-19,heart_rate_avg,89.85781158346012,-1
2025-01-21,heart_rate_avg,94.40344572206769,-1
2025-02-24,heart_rate_avg,91.97619114119595,-1
2025-03-08,heart_rate_avg,89.68556664150917,-1
2025-04-05,heart_rate_avg,93.04583132558636,-1
2025-05-15,heart_rate_avg,90.13453072217963,-1
2025-06-03,heart_rate_avg,88.27625888273732,-1
2025-06-05,heart_rate_avg,91.98968424098447,-1
2025-06-18,heart_rate_avg,93.32804743967594,-1
2025-07-31,heart_rate_avg,92.83614266427394,-1
2025-08-10,heart_rate_avg,39.71358019284422,-1
2024-09-23,heart_rate_avg,87.73143236772977,-1
2024-09-24,heart_rate_avg,89.2616775831097,-1
2024-09-28,heart_rate_avg,94.638270182238,-1
2024-10-18,heart_rate_avg,90.95223774388649,-1
2024-12-20,heart_rate_avg,102.92666576608612,-1
2024-12-23,heart_rate_avg,89.33482659467154,-1
2025-01-27,heart_rate_avg,41.13259300844775,-1
2025-01-30,heart_rate_avg,38.61574064748724,-1
2025-02-04,heart_rate_avg,95.54907237041728,-1
2025-03-09,heart_rate_avg,90.46682341450736,-1
2025-03-17,heart_rate_avg,105.1542570765884,-1
2025-05-24,heart_rate_avg,89.95571635226185,-1
2025-06-01,heart_rate_avg,87.64362289956898,-1
2025-08-18,heart_rate_avg,92.28175411675085,-1
2025-09-01,heart_rate_avg,87.49865122629453,-1
2024-09-07,heart_rate_avg,33.89732913105799,-1
2024-09-21,heart_rate_avg,37.66063492096546,-1
2024-10-15,heart_rate_avg,34.94115962976035,-1
2024-10-18,heart_rate_avg,42.0979824213717,-1
2024-10-25,heart_rate_avg,43.128093162536224,-1
2024-10-30,heart_rate_avg,42.26733172150725,-1
2024-11-26,heart_rate_avg,36.21428460707772,-1
2024-12-10,heart_rate_avg,40.858548957447056,-1
2024-12-15,heart_rate_avg,32.652129952845286,-1
2024-12-16,heart_rate_avg,39.78553637904573,-1
2024-12-19,heart_rate_avg,42.830142937635614,-1
2024-12-28,heart_rate_avg,40.00218353694451,-1
2025-01-21,heart_rate_avg,39.74923453053261,-1
2025-01-23,heart_rate_avg,42.68526935996707,-1
2025-02-07,heart_rate_avg,42.67199247912911,-1
2025-02-13,heart_rate_avg,39.70855759436134,-1
2025-02-26,heart_rate_avg,39.45157189553672,-1
2025-03-08,heart_rate_avg,39.52830201090947,-1
2025-03-13,heart_rate_avg,38.373439014379976,-1
2025-04-14,heart_rate_avg,42.93925665634709,-1
2025-04-24,heart_rate_avg,41.92975232913212,-1
2025-04-25,heart_rate_avg,41.96336142648646,-1
2025-05-07,heart_rate_avg,39.96257014339285,-1
2025-05-09,heart_rate_avg,41.50371802294218,-1
2025-05-27,heart_rate_avg,33.16741399172372,-1
2025-06-07,heart_rate_avg,41.626621733146,-1
2025-06-21,heart_rate_avg,41.31664362885173,-1
2025-06-24,heart_rate_avg,29.55624489836617,-1
2025-06-26,heart_rate_avg,41.25323895378747,-1
2025-06-30,heart_rate_avg,37.390410939386825,-1
2025-07-01,heart_rate_avg,29.732321362410644,-1
2025-07-17,heart_rate_avg,88.456987673946,-1
2025-07-30,heart_rate_avg,32.337376547880346,-1
2025-08-03,heart_rate_avg,39.18906265747871,-1
2024-09-28,heart_rate_avg,38.34257057316913,-1
2024-10-26,heart_rate_avg,42.46324538800899,-1
2024-11-11,heart_rate_avg,41.57008991570905,-1
2024-11-25,heart_rate_avg,40.65077261420181,-1
2025-03-04,heart_rate_avg,41.93678759818474,-1
2025-04-15,heart_rate_avg,29.21000208544249,-1
2025-04-16,heart_rate_avg,38.1958406643477,-1
2025-04-21,heart_rate_avg,42.73252389736574,-1
2025-04-23,heart_rate_avg,41.72986294093551,-1
2025-04-30,heart_rate_avg,32.66154644400335,-1
2025-05-01,heart_rate_avg,40.10131802018808,-1
2025-05-08,heart_rate_avg,37.86854813681136,-1
2025-05-20,heart_rate_avg,41.40273428499938,-1
2025-06-29,heart_rate_avg,42.78438686958526,-1
2025-07-09,heart_rate_avg,43.208560633117365,-1
2025-08-17,heart_rate_avg,32.27986089895148,-1
2025-08-20,heart_rate_avg,42.91710347736448,-1
2025-08-27,heart_rate_avg,41.78793092309378,-1
2025-08-30,heart_rate_avg,41.42007488352759,-1
2024-09-14,heart_rate_avg,28.87646292582436,-1
2024-09-25,heart_rate_avg,34.66894589758711,-1
2024-10-17,heart_rate_avg,37.41251276177317,-1
2024-10-18,heart_rate_avg,91.04285466913598,-1
2024-10-21,heart_rate_avg,30.027133572736155,-1
2024-12-04,heart_rate_avg,41.51387044662337,-1
2025-01-08,heart_rate_avg,89.25949991469867,-1
2025-01-21,heart_rate_avg,40.209157148563214,-1
2025-01-26,heart_rate_avg,40.30129036797309,-1
2025-01-27,heart_rate_avg,40.12025362469944,-1
2025-02-04,heart_rate_avg,32.72264509279453,-1
2025-02-13,heart_rate_avg,36.01399130176442,-1
2025-02-16,heart_rate_avg,40.47014286126389,-1
2025-03-04,heart_rate_avg,39.56819171856152,-1
2025-03-11,heart_rate_avg,35.02571938780842,-1
2025-03-19,heart_rate_avg,41.97419295120672,-1
2025-04-04,heart_rate_avg,41.90033216904107,-1
2025-04-07,heart_rate_avg,41.37206919872682,-1
2025-04-10,heart_rate_avg,42.51097226274527,-1
2025-04-11,heart_rate_avg,40.351075596162815,-1
2025-04-19,heart_rate_avg,42.44707174071244,-1
2025-04-23,heart_rate_avg,37.29419766344132,-1
2025-04-30,heart_rate_avg,40.7726241354639,-1
2025-05-19,heart_rate_avg,42.2329215960194,-1
2025-05-25,heart_rate_avg,39.68762276482869,-1
2025-06-12,heart_rate_avg,41.622988491661765,-1
2025-07-31,heart_rate_avg,34.486174458639304,-1
2025-08-12,heart_rate_avg,40.23881227232396,-1
2024-10-25,heart_rate_avg,35.378298327855504,-1
2024-10-27,heart_rate_avg,33.81141397270514,-1
2024-12-04,heart_rate_avg,94.7261764265606,-1
2024-12-10,heart_rate_avg,42.31477482346587,-1
2025-03-26,heart_rate_avg,97.9356911970442,-1
2024-09-29,heart_rate_avg,41.6836993904363,-1
2024-10-01,heart_rate_avg,91.7820987637124,-1
2024-11-10,heart_rate_avg,32.60448716722376,-1
2024-12-11,heart_rate_avg,92.04182799112884,-1
2025-02-11,heart_rate_avg,92.9557212773686,-1
2025-02-14,heart_rate_avg,88.39781058146866,-1
2025-03-31,heart_rate_avg,42.89878476129349,-1
2025-06-15,heart_rate_avg,41.23686893611085,-1
2025-06-27,heart_rate_avg,41.68013721505295,-1
2025-07-19,heart_rate_avg,38.91184498787425,-1
2024-09-10,heart_rate_avg,90.05355799430387,-1
2024-09-23,heart_rate_avg,91.40175863557292,-1
2024-09-27,heart_rate_avg,91.04843559492802,-1
2024-10-10,heart_rate_avg,42.913161959491205,-1
2024-10-15,heart_rate_avg,88.5422578917435,-1
2024-10-16,heart_rate_avg,89.08336221628811,-1
2024-10-27,heart_rate_avg,90.0919480324246,-1
2024-10-28,heart_rate_avg,90.91508846641472,-1
2024-11-04,heart_rate_avg,87.88007055556758,-1
2024-11-05,heart_rate_avg,90.41768217269012,-1
2024-11-27,heart_rate_avg,89.87183708616342,-1
2024-12-08,heart_rate_avg,89.21932896852638,-1
2024-12-26,heart_rate_avg,91.11579163471808,-1
2024-12-27,heart_rate_avg,92.82005763744098,-1
2025-01-12,heart_rate_avg,88.66389595100158,-1
2025-01-17,heart_rate_avg,92.26640101141986,-1
2025-02-03,heart_rate_avg,105.3162918941171,-1
2025-02-11,heart_rate_avg,89.55345862455054,-1
2025-02-14,heart_rate_avg,88.61244694635161,-1
2025-03-12,heart_rate_avg,87.76112764128098,-1
2025-04-02,heart_rate_avg,87.83335190031427,-1
2025-06-02,heart_rate_avg,91.37696592811896,-1
2025-07-08,heart_rate_avg,91.7344709388785,-1
2025-08-07,heart_rate_avg,89.84154469460725,-1
2024-09-20,heart_rate_avg,87.52716089129773,-1
2024-09-24,heart_rate_avg,88.87167026517787,-1
2024-09-25,heart_rate_avg,88.2536387058352,-1
2024-10-19,heart_rate_avg,89.04664917395627,-1
2024-11-05,heart_rate_avg,88.91409847008178,-1
2024-11-15,heart_rate_avg,100.80269564091353,-1
2024-12-18,heart_rate_avg,87.8952101734072,-1
2024-12-25,heart_rate_avg,89.28609554660902,-1
2025-02-03,heart_rate_avg,88.140531223223,-1
2025-02-09,heart_rate_avg,91.21706161378802,-1
2025-03-02,heart_rate_avg,87.92138993066645,-1
2025-03-15,heart_rate_avg,40.20186358980715,-1
2025-04-22,heart_rate_avg,101.56700942581097,-1
2025-05-07,heart_rate_avg,89.59156475474396,-1
2025-05-18,heart_rate_avg,94.49613962684484,-1
2025-05-28,heart_rate_avg,87.9130055556113,-1
2025-06-22,heart_rate_avg,88.04352911417553,-1
2025-06-26,heart_rate_avg,92.58747847063752,-1
2025-07-01,heart_rate_avg,89.2940028142751,-1
2025-08-16,heart_rate_avg,89.56425778661989,-1
2024-09-06,heart_rate_avg,93.3478240166867,-1
2024-10-09,heart_rate_avg,39.25656311171624,-1
2024-10-22,heart_rate_avg,38.88418144648329,-1
2024-11-01,heart_rate_avg,41.53501771754203,-1
2024-11-22,heart_rate_avg,42.79301609300761,-1
2024-12-02,heart_rate_avg,101.82796583742372,-1
2024-12-07,heart_rate_avg,41.709414781117886,-1
2024-12-14,heart_rate_avg,95.80209008167031,-1
2025-01-10,heart_rate_avg,40.9766501896956,-1
2025-04-01,heart_rate_avg,87.66058854080933,-1
2025-04-19,heart_rate_avg,42.921977137696295,-1
2025-04-30,heart_rate_avg,30.13538423468335,-1
2025-05-13,heart_rate_avg,33.59187749326861,-1
2025-06-27,heart_rate_avg,40.398140904921945,-1
2025-07-02,heart_rate_avg,41.90658097567707,-1
2025-07-15,heart_rate_avg,42.8152547696313,-1
2025-07-18,heart_rate_avg,41.51009747672912,-1
2025-08-22,heart_rate_avg,38.6296175621021,-1
2025-03-21,heart_rate_avg,41.2987312321564,-1
2025-04-24,heart_rate_avg,38.91392797717474,-1
2025-05-26,heart_rate_avg,43.15862463143144,-1
2025-05-30,heart_rate_avg,89.67476587709282,-1
2025-06-16,heart_rate_avg,42.17713305717991,-1
2025-06-24,heart_rate_avg,89.64090150347961,-1
2025-06-27,heart_rate_avg,89.28410749479465,-1
2025-08-09,heart_rate_avg,42.440053665371295,-1
2025-08-22,heart_rate_avg,90.79012351280966,-1
2025-09-02,heart_rate_avg,91.19441714014611,-1
2024-09-22,heart_rate_avg,33.967876710829785,-1
2024-12-09,heart_rate_avg,42.35020933936927,-1
2024-12-14,heart_rate_avg,40.55314308858923,-1
2024-12-17,heart_rate_avg,42.86922494161221,-1
2024-12-31,heart_rate_avg,28.478340912130527,-1
2025-01-22,heart_rate_avg,42.85318384893503,-1
2025-02-28,heart_rate_avg,42.53448113289103,-1
2025-03-20,heart_rate_avg,91.69125273175,-1
2025-04-09,heart_rate_avg,40.79054895891678,-1
2025-04-13,heart_rate_avg,94.422634987892,-1
2025-04-18,heart_rate_avg,37.68919090426773,-1
2025-04-29,heart_rate_avg,34.081616304087675,-1
2025-05-12,heart_rate_avg,35.39688393266407,-1
2025-06-25,heart_rate_avg,41.93049641538212,-1
2025-07-03,heart_rate_avg,40.07719944483668,-1
2025-07-16,heart_rate_avg,40.37597318633406,-1
2025-07-18,heart_rate_avg,37.088642148008354,-1
2025-08-17,heart_rate_avg,42.1516867903714,-1
2025-09-03,heart_rate_avg,42.20063226494865,-1
2024-09-22,heart_rate_avg,95.52869555159444,-1
2024-09-23,heart_rate_avg,95.82897355277856,-1
2024-11-05,heart_rate_avg,88.02171797520106,-1
2024-11-17,heart_rate_avg,41.40878998533621,-1
2024-11-21,heart_rate_avg,92.97446431653457,-1
2024-12-19,heart_rate_avg,99.54419918834448,-1
2025-01-22,heart_rate_avg,88.49230548163442,-1
2025-02-07,heart_rate_avg,95.7397452473666,-1
2025-02-14,heart_rate_avg,92.05662012855996,-1
2025-03-02,heart_rate_avg,97.39804671377472,-1
2025-04-02,heart_rate_avg,88.49872522283685,-1
2025-07-27,heart_rate_avg,88.5404583050805,-1
2024-09-23,heart_rate_avg,40.93573923461019,-1
2024-09-27,heart_rate_avg,34.41936681534342,-1
2024-10-08,heart_rate_avg,35.52003804233169,-1
2024-11-16,heart_rate_avg,33.55248745239564,-1
2024-12-07,heart_rate_avg,42.53148623369957,-1
2025-01-09,heart_rate_avg,88.45159851280464,-1
2025-01-20,heart_rate_avg,41.59388485598979,-1
2025-01-22,heart_rate_avg,37.54268816868959,-1
2025-04-29,heart_rate_avg,94.96774136778669,-1
2025-05-27,heart_rate_avg,40.77551598335849,-1
2025-06-04,heart_rate_avg,35.13714474007455,-1
2025-06-13,heart_rate_avg,40.61415385936942,-1
2025-06-14,heart_rate_avg,39.06057101698072,-1
2025-08-26,heart_rate_avg,41.538780609546485,-1
2025-08-30,heart_rate_avg,90.682095234097,-1
2024-09-14,heart_rate_avg,43.00852661663035,-1
2024-12-09,heart_rate_avg,93.72616434530278,-1
2025-04-07,heart_rate_avg,34.43314629755842,-1
2025-06-02,heart_rate_avg,39.602586613629406,-1
2025-06-30,heart_rate_avg,40.3763383102262,-1
2025-08-21,heart_rate_avg,87.54952007987362,-1
2024-10-04,heart_rate_avg,42.06813534367457,-1
2024-10-07,heart_rate_avg,91.18821690407415,-1
2024-12-04,heart_rate_avg,37.9201626393055,-1
2024-12-26,heart_rate_avg,41.90788477583626,-1
2025-02-03,heart_rate_avg,34.74241557931082,-1
2025-04-01,heart_rate_avg,41.8676449616664,-1
2025-04-23,heart_rate_avg,42.41786994031139,-1
2025-04-24,heart_rate_avg,89.72076993480474,-1
2025-05-01,heart_rate_avg,42.58418322252791,-1
2025-05-10,heart_rate_avg,95.35273856673902,-1
2025-05-27,heart_rate_avg,41.49371011826199,-1
2025-06-07,heart_rate_avg,90.9102804461883,-1
2025-07-18,heart_rate_avg,90.45721043217154,-1
2025-08-02,heart_rate_avg,42.43062328657978,-1
2024-10-02,heart_rate_avg,95.5830827752081,-1
2024-10-21,heart_rate_avg,91.46802219499156,-1
2024-11-12,heart_rate_avg,92.85880272070466,-1
2024-11-21,heart_rate_avg,87.74212253742903,-1
2024-11-22,heart_rate_avg,91.0353354264266,-1
2024-11-28,heart_rate_avg,88.30306822738733,-1
2024-12-25,heart_rate_avg,90.39162487000124,-1
2025-02-09,heart_rate_avg,34.98213592754592,-1
2025-02-15,heart_rate_avg,88.61745144087854,-1
2025-02-21,heart_rate_avg,87.5394575748091,-1
2025-03-12,heart_rate_avg,37.91337908235175,-1
2025-04-12,heart_rate_avg,88.37732595230263,-1
2025-05-03,heart_rate_avg,91.682257457641,-1
2025-05-09,heart_rate_avg,42.84775819905297,-1
2025-06-05,heart_rate_avg,88.4059058410209,-1
2024-09-29,heart_rate_avg,91.67478136221172,-1
2024-10-17,heart_rate_avg,95.96666230047651,-1
2024-11-27,heart_rate_avg,36.50386554653831,-1
2025-01-18,heart_rate_avg,42.13782377711271,-1
2025-01-28,heart_rate_avg,41.511250335540495,-1
2025-02-04,heart_rate_avg,39.05214165188151,-1
2025-07-23,heart_rate_avg,40.89832579023423,-1
2025-08-09,heart_rate_avg,92.762623547362,-1
2025-08-14,heart_rate_avg,30.73857741523776,-1
2025-08-28,heart_rate_avg,90.16379452375148,-1
2024-09-08,heart_rate_avg,36.145378339064095,-1
2024-09-13,heart_rate_avg,36.20049713199274,-1
2024-10-05,heart_rate_avg,43.22398304519774,-1
2024-10-20,heart_rate_avg,42.3994333441029,-1
2024-11-05,heart_rate_avg,31.566294386696583,-1
2024-11-14,heart_rate_avg,37.92455934915963,-1
2024-11-15,heart_rate_avg,41.78277232344088,-1
2024-11-27,heart_rate_avg,39.56982824160913,-1
2024-11-30,heart_rate_avg,37.37012220136688,-1
2024-12-11,heart_rate_avg,29.24578526255582,-1
2024-12-12,heart_rate_avg,34.19595219371226,-1
2024-12-13,heart_rate_avg,39.44776694136783,-1
2024-12-23,heart_rate_avg,40.69968481645928,-1
2024-12-30,heart_rate_avg,25.1253499433162,-1
2024-12-31,heart_rate_avg,37.84445913201418,-1
2025-01-14,heart_rate_avg,37.25201256738569,-1
2025-01-22,heart_rate_avg,30.975942648223903,-1
2025-01-29,heart_rate_avg,40.3808441957668,-1
2025-02-14,heart_rate_avg,40.37492188190826,-1
2025-02-28,heart_rate_avg,39.62325078940283,-1
2025-03-13,heart_rate_avg,40.46401545590818,-1
2025-03-15,heart_rate_avg,37.90313412283795,-1
2025-03-16,heart_rate_avg,34.45944279456494,-1
2025-04-08,heart_rate_avg,43.009802753946666,-1
2025-04-21,heart_rate_avg,36.2335438767212,-1
2025-05-02,heart_rate_avg,31.386477236837564,-1
2025-05-25,heart_rate_avg,43.08251400227158,-1
2025-07-04,heart_rate_avg,34.59050858435525,-1
2025-07-17,heart_rate_avg,35.012498461108905,-1
2025-08-18,heart_rate_avg,42.680981847720304,-1
2025-08-22,heart_rate_avg,41.40345024377071,-1
2025-08-27,heart_rate_avg,34.47886012838711,-1
2024-10-03,heart_rate_avg,39.19657877160314,-1
2024-10-04,heart_rate_avg,41.51562953726183,-1
2024-10-12,heart_rate_avg,30.554517948859093,-1
2024-11-01,heart_rate_avg,35.87357748794116,-1
2024-11-10,heart_rate_avg,40.32518906666917,-1
2025-04-02,heart_rate_avg,42.10068902454164,-1
2025-04-07,heart_rate_avg,38.786601420324914,-1
2025-04-27,heart_rate_avg,39.62806050677483,-1
2025-05-06,heart_rate_avg,87.8573964123832,-1
2025-05-08,heart_rate_avg,40.13079278033008,-1
2025-06-02,heart_rate_avg,43.10458144062787,-1
2025-07-20,heart_rate_avg,40.50636542244661,-1
2025-07-28,heart_rate_avg,40.4116676712303,-1
2025-08-10,heart_rate_avg,40.279697246481454,-1
2024-10-31,heart_rate_avg,43.01641363716839,-1
2024-11-06,heart_rate_avg,42.59333960981712,-1
2024-12-30,heart_rate_avg,42.24264588512708,-1
2025-01-13,heart_rate_avg,89.90770860504128,-1
2025-02-28,heart_rate_avg,32.25026899563781,-1
2025-04-17,heart_rate_avg,89.65731752340612,-1
2025-04-18,heart_rate_avg,41.40055920711311,-1
2025-04-21,heart_rate_avg,31.37965249438116,-1
2025-08-14,heart_rate_avg,40.34461656323466,-1
2025-08-18,heart_rate_avg,40.28516162884253,-1
2024-10-06,heart_rate_avg,88.01000434559201,-1
2024-10-25,heart_rate_avg,40.4854424730871,-1
2024-11-14,heart_rate_avg,89.97026486236132,-1
2024-12-27,heart_rate_avg,94.51528986187137,-1
2024-12-29,heart_rate_avg,37.86023732516427,-1
2025-02-06,heart_rate_avg,91.8008562151748,-1
2025-03-24,heart_rate_avg,88.30161946277548,-1
2025-04-01,heart_rate_avg,89.12794920201928,-1
2025-04-30,heart_rate_avg,91.44630290428898,-1
2025-05-02,heart_rate_avg,87.92285913237441,-1
2025-05-13,heart_rate_avg,89.00152231126549,-1
2024-09-14,heart_rate_avg,32.10574783013696,-1
2024-10-24,heart_rate_avg,87.98903864976828,-1
2025-02-07,heart_rate_avg,42.99958772115315,-1
2025-02-25,heart_rate_avg,91.88762516004331,-1
2025-03-04,heart_rate_avg,36.77416120174094,-1
2025-03-05,heart_rate_avg,41.65419022255576,-1
2025-04-26,heart_rate_avg,39.11266819491663,-1
2025-05-23,heart_rate_avg,32.80189921291269,-1
2025-07-22,heart_rate_avg,37.72874595816268,-1
2025-08-02,heart_rate_avg,39.15892142986467,-1
2024-09-23,heart_rate_avg,42.74310216541636,-1
2024-10-06,heart_rate_avg,37.95512313370104,-1
2024-10-31,heart_rate_avg,41.14943180132637,-1
2024-11-30,heart_rate_avg,37.05925798329256,-1
2025-01-30,heart_rate_avg,40.84785365828694,-1
2025-02-06,heart_rate_avg,35.37670152286374,-1
2025-03-01,heart_rate_avg,36.275403877949685,-1
2025-05-10,heart_rate_avg,40.399033109582,-1
2025-06-05,heart_rate_avg,35.91697757820709,-1
2025-06-15,heart_rate_avg,37.37863592729987,-1
2025-07-01,heart_rate_avg,38.75569215659652,-1
2025-07-22,heart_rate_avg,37.47039230699987,-1
2025-07-26,heart_rate_avg,42.76775039719418,-1
2025-07-27,heart_rate_avg,42.32438154065592,-1
2025-07-31,heart_rate_avg,40.31254124271173,-1
2025-08-03,heart_rate_avg,41.15372510270828,-1
2025-08-29,heart_rate_avg,37.58717299707951,-1
2024-09-12,heart_rate_avg,89.73763058206471,-1
2024-09-21,heart_rate_avg,92.77802431690388,-1
2025-03-08,heart_rate_avg,87.5121037357629,-1
2025-03-25,heart_rate_avg,87.43871889773885,-1
2025-03-30,heart_rate_avg,88.65977477783089,-1
2025-03-31,heart_rate_avg,94.29472072372468,-1
2025-04-01,heart_rate_avg,42.10751580762168,-1
2025-04-20,heart_rate_avg,89.94200809493475,-1
2025-05-02,heart_rate_avg,39.38523937482542,-1
2025-05-03,heart_rate_avg,95.25472997065104,-1
2024-10-02,heart_rate_avg,89.02996778761936,-1
2024-10-25,heart_rate_avg,38.85432732755813,-1
2024-10-28,heart_rate_avg,88.5020939435928,-1
2024-11-16,heart_rate_avg,88.57626514627091,-1
2024-11-21,heart_rate_avg,42.80133228991468,-1
2025-01-24,heart_rate_avg,94.33074942355836,-1
2025-02-04,heart_rate_avg,92.37118243953412,-1
2025-03-01,heart_rate_avg,90.12448340192029,-1
2025-03-06,heart_rate_avg,97.25899170612676,-1
2025-03-19,heart_rate_avg,89.47869826933112,-1
2025-03-25,heart_rate_avg,88.62638154150429,-1
2025-04-09,heart_rate_avg,38.79832087622274,-1
2025-04-11,heart_rate_avg,41.09195795924471,-1
2025-05-10,heart_rate_avg,42.84058575467833,-1
2025-06-19,heart_rate_avg,42.23568769237685,-1
2025-07-06,heart_rate_avg,36.9639141558292,-1
2025-08-08,heart_rate_avg,42.13453102333281,-1
2024-09-06,heart_rate_avg,36.18571853190424,-1
2024-09-18,heart_rate_avg,37.23701440901591,-1
2024-09-24,heart_rate_avg,42.989890836439656,-1
2024-09-26,heart_rate_avg,38.823388471616354,-1
2024-09-30,heart_rate_avg,38.074829441257286,-1
2024-10-14,heart_rate_avg,40.55272974771482,-1
2024-12-01,heart_rate_avg,41.53646654172945,-1
2025-03-26,heart_rate_avg,37.07769316890675,-1
2025-03-29,heart_rate_avg,22.24407238281012,-1
2025-04-08,heart_rate_avg,41.69296086697389,-1
2025-06-30,heart_rate_avg,88.7983789603135,-1
2025-08-01,heart_rate_avg,93.42226249257972,-1
2025-08-14,heart_rate_avg,36.20175540724942,-1
2025-08-15,heart_rate_avg,37.6530617835046,-1
2025-08-20,heart_rate_avg,87.44555811117422,-1
2024-09-06,heart_rate_avg,42.13120621242342,-1
2024-09-12,heart_rate_avg,40.6373254352288,-1
2024-09-23,heart_rate_avg,38.935983485167824,-1
2024-09-26,heart_rate_avg,37.27933613039394,-1
2024-10-17,heart_rate_avg,43.01100609582392,-1
2024-10-20,heart_rate_avg,38.69143198818381,-1
2024-10-28,heart_rate_avg,37.06712694652624,-1
2024-11-02,heart_rate_avg,40.83450792982007,-1
2024-11-04,heart_rate_avg,36.91328557268197,-1
2024-11-14,heart_rate_avg,38.23554627851604,-1
2024-12-03,heart_rate_avg,27.609471013942645,-1
2024-12-05,heart_rate_avg,35.55728873591301,-1
2024-12-10,heart_rate_avg,42.94986463495397,-1
2024-12-16,heart_rate_avg,37.94022657945108,-1
2024-12-24,heart_rate_avg,38.39606866164489,-1
2024-12-26,heart_rate_avg,41.4536325581633,-1
2025-01-20,heart_rate_avg,41.00534285237766,-1
2025-02-12,heart_rate_avg,40.88958749196189,-1
2025-02-15,heart_rate_avg,30.654374894947697,-1
2025-02-21,heart_rate_avg,30.40369638715893,-1
2025-02-23,heart_rate_avg,33.788033176999946,-1
2025-03-02,heart_rate_avg,35.82631615469598,-1
2025-03-04,heart_rate_avg,38.44687316437539,-1
2025-03-19,heart_rate_avg,42.28518229205557,-1
2025-03-21,heart_rate_avg,40.897911502303565,-1
2025-03-22,heart_rate_avg,30.087434530978328,-1
2025-04-29,heart_rate_avg,34.27813976994388,-1
2025-05-01,heart_rate_avg,41.91299129509663,-1
2025-05-12,heart_rate_avg,30.88206207384277,-1
2025-05-22,heart_rate_avg,15.018695474754054,-1
2025-05-28,heart_rate_avg,40.27884035948914,-1
2025-06-02,heart_rate_avg,37.55638469521962,-1
2025-06-04,heart_rate_avg,41.08972491223684,-1
2025-06-05,heart_rate_avg,35.55841284127288,-1
2025-06-17,heart_rate_avg,33.63504832668272,-1
2025-06-18,heart_rate_avg,34.96307087872356,-1
2025-06-22,heart_rate_avg,38.89872319917012,-1
2025-06-29,heart_rate_avg,27.09671501811863,-1
2025-07-24,heart_rate_avg,43.017722260988194,-1
2025-08-04,heart_rate_avg,41.38512411274459,-1
2025-08-24,heart_rate_avg,41.16264530114149,-1
2025-08-26,heart_rate_avg,38.69117735571925,-1
2025-08-30,heart_rate_avg,42.55769940405924,-1
2025-09-01,heart_rate_avg,41.15080879764338,-1
2025-09-03,heart_rate_avg,43.00184766900229,-1
2025-09-05,heart_rate_avg,42.61546406102142,-1
2024-09-20,heart_rate_avg,88.69212725290348,-1
2024-09-26,heart_rate_avg,98.24843836392692,-1
2024-09-29,heart_rate_avg,89.40867978275344,-1
2024-10-21,heart_rate_avg,90.17050598997456,-1
2024-11-21,heart_rate_avg,88.13053944252732,-1
2024-12-15,heart_rate_avg,94.64347419027447,-1
2025-02-19,heart_rate_avg,91.27559397519248,-1
2025-03-16,heart_rate_avg,88.57993528673354,-1
2025-03-26,heart_rate_avg,97.95417963382408,-1
2025-04-04,heart_rate_avg,87.78331008642604,-1
2025-04-09,heart_rate_avg,91.18857352644272,-1
2025-05-29,heart_rate_avg,90.74037400173523,-1
2025-06-25,heart_rate_avg,92.02859572093146,-1
2025-07-28,heart_rate_avg,87.9878000395687,-1
2025-08-01,heart_rate_avg,88.179169114579,-1
2024-09-14,heart_rate_avg,40.775715473438765,-1
2024-09-18,heart_rate_avg,88.30839588885605,-1
2024-10-09,heart_rate_avg,30.67740778015768,-1
2024-10-14,heart_rate_avg,35.11204701555174,-1
2024-10-17,heart_rate_avg,42.048402301901376,-1
2024-10-29,heart_rate_avg,40.568306768419696,-1
2024-11-03,heart_rate_avg,42.81735484626591,-1
2024-11-26,heart_rate_avg,41.9638418492785,-1
2024-11-29,heart_rate_avg,39.10279788053612,-1
2024-12-06,heart_rate_avg,32.05453808926335,-1
2024-12-14,heart_rate_avg,39.85960044755218,-1
2024-12-21,heart_rate_avg,20.71051369315597,-1
2024-12-24,heart_rate_avg,34.867179556955634,-1
2024-12-26,heart_rate_avg,37.12158950340613,-1
2025-01-09,heart_rate_avg,41.71239656185856,-1
2025-01-17,heart_rate_avg,40.69676616200046,-1
2025-01-25,heart_rate_avg,25.300005107957038,-1
2025-01-31,heart_rate_avg,36.72317054040425,-1
2025-02-02,heart_rate_avg,38.291083751371616,-1
2025-02-16,heart_rate_avg,43.02295989461563,-1
2025-02-21,heart_rate_avg,37.02408608905717,-1
2025-02-23,heart_rate_avg,41.55363682169389,-1
2025-02-28,heart_rate_avg,36.40577083635243,-1
2025-03-08,heart_rate_avg,42.02972928076174,-1
2025-03-26,heart_rate_avg,41.35236922648466,-1
2025-04-02,heart_rate_avg,40.66780399567898,-1
2025-04-10,heart_rate_avg,42.927099618038895,-1
2025-04-15,heart_rate_avg,34.09556253603722,-1
2025-04-16,heart_rate_avg,34.899856997971256,-1
2025-04-25,heart_rate_avg,38.19005776679338,-1
2025-04-30,heart_rate_avg,32.27102928672021,-1
2025-05-07,heart_rate_avg,42.18497512646888,-1
2025-05-10,heart_rate_avg,32.161484557969246,-1
2025-05-12,heart_rate_avg,36.48334153349066,-1
2025-05-15,heart_rate_avg,41.13778346376097,-1
2025-05-23,heart_rate_avg,36.78317053761929,-1
2025-06-04,heart_rate_avg,38.4584624110611,-1
2025-06-06,heart_rate_avg,41.735871928519465,-1
2025-06-08,heart_rate_avg,41.606185275432495,-1
2025-06-13,heart_rate_avg,35.41308141418456,-1
2025-06-16,heart_rate_avg,41.18705633128054,-1
2025-06-18,heart_rate_avg,40.94173132762131,-1
2025-06-22,heart_rate_avg,33.53965334198293,-1
2025-07-01,heart_rate_avg,32.35472736422787,-1
2025-07-03,heart_rate_avg,41.38387173519416,-1
2025-07-15,heart_rate_avg,39.59181363995867,-1
2025-08-06,heart_rate_avg,42.792051974734434,-1
2025-08-07,heart_rate_avg,41.65570915846,-1
2025-08-19,heart_rate_avg,37.64676236274188,-1
2025-09-02,heart_rate_avg,41.42973743750552,-1
2024-09-09,heart_rate_avg,35.61675049864739,-1
2024-10-30,heart_rate_avg,41.753779519662345,-1
2024-11-13,heart_rate_avg,41.97942318115284,-1
2024-11-24,heart_rate_avg,39.82982870021356,-1
2025-01-30,heart_rate_avg,39.07280760849321,-1
2025-03-14,heart_rate_avg,34.69206221187065,-1
2025-03-19,heart_rate_avg,42.740317569973215,-1
2025-05-25,heart_rate_avg,41.51591966276639,-1
2025-07-12,heart_rate_avg,43.16167016456533,-1
2025-07-15,heart_rate_avg,41.144251836161786,-1
2025-07-17,heart_rate_avg,30.90637708452857,-1
2025-07-26,heart_rate_avg,32.509402445956205,-1
2025-08-08,heart_rate_avg,22.88361144459551,-1
2024-09-09,heart_rate_avg,41.452942478222994,-1
2024-10-15,heart_rate_avg,41.48792685179044,-1
2024-11-03,heart_rate_avg,37.571613401294925,-1
2024-11-05,heart_rate_avg,40.286857159501565,-1
2024-11-22,heart_rate_avg,39.63165405651869,-1
2024-12-31,heart_rate_avg,42.87791469162416,-1
2025-01-10,heart_rate_avg,39.88166862517545,-1
2025-02-02,heart_rate_avg,32.92211237985252,-1
2025-02-15,heart_rate_avg,41.0669940593481,-1
2025-03-02,heart_rate_avg,38.00490845415359,-1
2025-03-05,heart_rate_avg,39.497916395953936,-1
2025-05-31,heart_rate_avg,37.64509068795995,-1
2025-06-04,heart_rate_avg,39.618038918226176,-1
2025-07-24,heart_rate_avg,41.2583692947741,-1
2024-09-09,heart_rate_avg,41.69147425321378,-1
2024-10-30,heart_rate_avg,40.06603841590561,-1
2024-11-14,heart_rate_avg,41.02082422939735,-1
2025-01-28,heart_rate_avg,31.807810234144867,-1
2025-02-16,heart_rate_avg,42.28632072462585,-1
2025-04-06,heart_rate_avg,88.74361700943373,-1
2025-05-13,heart_rate_avg,40.745189316813125,-1
2025-05-15,heart_rate_avg,41.12070475728719,-1
2025-07-03,heart_rate_avg,37.65755929346951,-1
2025-07-08,heart_rate_avg,38.32690049036371,-1
2024-12-04,heart_rate_avg,87.64042982311318,-1
2024-12-08,heart_rate_avg,91.44070387381036,-1
2025-02-09,heart_rate_avg,42.50591089186756,-1
2025-06-13,heart_rate_avg,39.65798823010189,-1
2025-07-14,heart_rate_avg,90.65342607506416,-1
2025-07-31,heart_rate_avg,88.80686009299208,-1
2024-09-10,heart_rate_avg,89.53853717103885,-1
2024-09-27,heart_rate_avg,93.04766594272732,-1
2024-10-12,heart_rate_avg,89.36426930439801,-1
2024-11-02,heart_rate_avg,89.1436625198646,-1
2024-12-31,heart_rate_avg,88.01472420562679,-1
2025-02-05,heart_rate_avg,87.42690510198209,-1
2025-02-13,heart_rate_avg,96.31293915917206,-1
2025-03-18,heart_rate_avg,42.09493015996264,-1
2025-04-17,heart_rate_avg,88.30051906582815,-1
2025-04-23,heart_rate_avg,38.5352386860976,-1
2025-09-05,heart_rate_avg,35.629230678596144,-1
2024-09-14,heart_rate_avg,36.88935866433352,-1
2024-10-03,heart_rate_avg,40.646707445452094,-1
2024-10-26,heart_rate_avg,33.917417662578295,-1
2024-10-29,heart_rate_avg,28.921557734629985,-1
2024-12-18,heart_rate_avg,38.86420156947277,-1
2025-01-05,heart_rate_avg,41.79019120691129,-1
2025-01-28,heart_rate_avg,35.95741673963959,-1
2025-02-05,heart_rate_avg,89.08758301965852,-1
2025-02-13,heart_rate_avg,41.742426448868926,-1
2025-03-14,heart_rate_avg,88.44159282663647,-1
2025-03-17,heart_rate_avg,40.932103390343286,-1
2025-03-24,heart_rate_avg,40.34741624838814,-1
2025-03-31,heart_rate_avg,39.760446618003954,-1
2025-04-09,heart_rate_avg,38.89012238920239,-1
2025-04-23,heart_rate_avg,36.679961814258576,-1
2025-05-09,heart_rate_avg,36.49519762410944,-1
2025-06-05,heart_rate_avg,41.67784845512204,-1
2025-07-01,heart_rate_avg,40.544140206001344,-1
2025-08-06,heart_rate_avg,39.83471738137061,-1
2025-08-29,heart_rate_avg,41.54771516716182,-1
2024-09-21,heart_rate_avg,41.76318811748221,-1
2024-09-23,heart_rate_avg,42.3109715546709,-1
2024-10-02,heart_rate_avg,38.780882828063945,-1
2024-10-06,heart_rate_avg,41.00144164818408,-1
2024-11-03,heart_rate_avg,37.53928307212266,-1
2024-11-12,heart_rate_avg,41.25150601980408,-1
2024-11-23,heart_rate_avg,40.91317429762675,-1
2024-12-03,heart_rate_avg,35.86624070107429,-1
2024-12-22,heart_rate_avg,30.46149351149889,-1
2025-01-01,heart_rate_avg,32.904488182188935,-1
2025-01-18,heart_rate_avg,41.92111178115147,-1
2025-02-23,heart_rate_avg,36.13954105698943,-1
2025-03-24,heart_rate_avg,38.55595196576013,-1
2025-03-27,heart_rate_avg,42.47890131988591,-1
2025-04-17,heart_rate_avg,26.69159589398141,-1
2025-04-23,heart_rate_avg,40.91929510393422,-1
2025-04-26,heart_rate_avg,39.895933663555525,-1
2025-05-18,heart_rate_avg,39.33959507221927,-1
2025-05-24,heart_rate_avg,42.85688046064165,-1
2025-05-28,heart_rate_avg,40.75445664809629,-1
2025-06-14,heart_rate_avg,42.15891886791837,-1
2025-06-21,heart_rate_avg,42.18631266323359,-1
2025-06-25,heart_rate_avg,38.02650473915908,-1
2025-07-18,heart_rate_avg,40.22978132184761,-1
2025-07-19,heart_rate_avg,41.7396349873176,-1
2025-07-21,heart_rate_avg,43.20007871640745,-1
2025-07-23,heart_rate_avg,32.01000226140204,-1
2025-09-04,heart_rate_avg,31.53304144853484,-1
2024-09-17,heart_rate_avg,95.23450144795282,-1
2024-09-21,heart_rate_avg,91.84151221302584,-1
2024-10-06,heart_rate_avg,108.41865173543457,-1
2024-10-11,heart_rate_avg,91.4259710418178,-1
2024-11-05,heart_rate_avg,93.37321973080664,-1
2024-12-02,heart_rate_avg,89.15721090752417,-1
2024-12-29,heart_rate_avg,91.34960233904688,-1
2025-01-10,heart_rate_avg,89.59592811588647,-1
2025-01-22,heart_rate_avg,94.19727043924682,-1
2025-01-31,heart_rate_avg,87.5083150734525,-1
2025-02-02,heart_rate_avg,90.13678794834595,-1
2025-02-08,heart_rate_avg,88.04982427058401,-1
2025-02-25,heart_rate_avg,88.25655447030483,-1
2025-03-15,heart_rate_avg,88.67000510894934,-1
2025-03-31,heart_rate_avg,91.04334874750111,-1
2025-04-02,heart_rate_avg,93.19724580325877,-1
2025-04-16,heart_rate_avg,90.5520725915014,-1
2025-04-18,heart_rate_avg,87.96342683957121,-1
2025-05-12,heart_rate_avg,93.04391063436202,-1
2025-05-18,heart_rate_avg,96.70425147622456,-1
2025-05-22,heart_rate_avg,93.5633202067388,-1
2025-06-14,heart_rate_avg,89.36758436274937,-1
2025-06-17,heart_rate_avg,103.63206190343284,-1
2025-06-18,heart_rate_avg,89.65809246909159,-1
2025-07-15,heart_rate_avg,92.34691359029011,-1
2025-08-03,heart_rate_avg,89.51696890527609,-1
2025-08-22,heart_rate_avg,95.08844249823966,-1
2025-08-24,heart_rate_avg,92.22554570875016,-1
2024-10-30,heart_rate_avg,91.29169053545884,-1
2024-11-22,heart_rate_avg,90.45035558390504,-1
2024-12-21,heart_rate_avg,92.5344028902288,-1
2025-01-14,heart_rate_avg,89.80970762994801,-1
2025-01-19,heart_rate_avg,100.2517512368492,-1
2025-01-22,heart_rate_avg,87.81224637803665,-1
2025-02-03,heart_rate_avg,41.44355715520538,-1
2025-02-12,heart_rate_avg,87.64212739338097,-1
2025-04-02,heart_rate_avg,88.27622597543848,-1
2025-05-01,heart_rate_avg,89.45382018007777,-1
2025-05-12,heart_rate_avg,42.69121690879493,-1
2025-05-29,heart_rate_avg,95.2575006471574,-1
2025-06-20,heart_rate_avg,93.4154716206308,-1
2024-10-11,heart_rate_avg,41.48002087046968,-1
2024-10-27,heart_rate_avg,88.20745895514601,-1
2024-10-31,heart_rate_avg,87.68654103487498,-1
2024-11-24,heart_rate_avg,42.30347930368785,-1
2024-12-30,heart_rate_avg,89.21318197868882,-1
2025-01-11,heart_rate_avg,87.56549868970859,-1
2025-01-13,heart_rate_avg,42.02696830209946,-1
2025-04-07,heart_rate_avg,90.03998255670047,-1
2025-04-30,heart_rate_avg,35.947714991205984,-1
2025-06-12,heart_rate_avg,91.5394845730488,-1
2025-07-02,heart_rate_avg,92.15628974114472,-1
2025-07-31,heart_rate_avg,42.88987228920109,-1
2025-08-03,heart_rate_avg,41.967556128458384,-1
2025-08-27,heart_rate_avg,95.4824183757958,-1
2025-09-03,heart_rate_avg,42.031625542748806,-1
2024-09-28,heart_rate_avg,37.15000269764347,-1
2024-10-13,heart_rate_avg,40.669852649555565,-1
2024-10-30,heart_rate_avg,39.96971310108228,-1
2024-12-10,heart_rate_avg,42.48271840958029,-1
2025-01-09,heart_rate_avg,42.07282718347294,-1
2025-01-19,heart_rate_avg,38.5315349088341,-1
2025-01-21,heart_rate_avg,38.77519206264172,-1
2025-01-22,heart_rate_avg,41.157595599744624,-1
2025-02-20,heart_rate_avg,38.289529838881336,-1
2025-02-27,heart_rate_avg,41.865342423326126,-1
2025-03-14,heart_rate_avg,33.12988422823923,-1
2025-06-22,heart_rate_avg,43.130860989687285,-1
2025-07-04,heart_rate_avg,41.30352314107605,-1
2025-07-29,heart_rate_avg,89.96451946654345,-1
2024-10-18,heart_rate_avg,100.68112688504772,-1
2024-10-31,heart_rate_avg,94.43788183116877,-1
2024-12-07,heart_rate_avg,94.03485178885602,-1
2024-12-11,heart_rate_avg,41.66113198995835,-1
2024-12-19,heart_rate_avg,103.6025596008304,-1
2025-01-08,heart_rate_avg,92.17267327205408,-1
2025-08-17,heart_rate_avg,99.31057793711165,-1
2024-09-20,heart_rate_avg,31.763099864993737,-1
2024-11-09,heart_rate_avg,41.53394490865449,-1
2024-11-13,heart_rate_avg,40.94173602039447,-1
2024-11-18,heart_rate_avg,41.704498613930326,-1
2025-03-25,heart_rate_avg,41.7808265059573,-1
2025-04-11,heart_rate_avg,41.55992189475886,-1
2025-06-02,heart_rate_avg,34.88635993700811,-1
2025-06-14,heart_rate_avg,42.92103416167961,-1
2025-07-10,heart_rate_avg,91.21595740900472,-1
2025-07-25,heart_rate_avg,89.43910377036082,-1
2025-07-31,heart_rate_avg,40.163059806462215,-1
2025-08-07,heart_rate_avg,39.69271154894537,-1
2025-08-20,heart_rate_avg,99.33871683569642,-1
2025-01-05,heart_rate_avg,37.44476951076696,-1
2025-01-09,heart_rate_avg,35.453912687296146,-1
2025-02-15,heart_rate_avg,42.51219751119362,-1
2024-09-13,heart_rate_avg,42.20178005863387,-1
2024-09-21,heart_rate_avg,41.06661820189554,-1
2024-09-27,heart_rate_avg,41.40464068626192,-1
2024-10-03,heart_rate_avg,41.59886196516074,-1
2024-11-03,heart_rate_avg,36.41342623274025,-1
2024-11-04,heart_rate_avg,26.70145740444807,-1
2024-11-11,heart_rate_avg,30.335198190589665,-1
2024-11-12,heart_rate_avg,41.92523909412034,-1
2024-11-27,heart_rate_avg,33.25676958602108,-1
2024-12-23,heart_rate_avg,93.92329667896809,-1
2025-01-28,heart_rate_avg,30.64470665569364,-1
2025-02-28,heart_rate_avg,90.81966432804973,-1
2025-03-19,heart_rate_avg,35.68199321675472,-1
2025-05-05,heart_rate_avg,39.00535060794813,-1
2025-07-21,heart_rate_avg,40.89037761208351,-1
2025-08-07,heart_rate_avg,42.35884582743677,-1
2025-08-27,heart_rate_avg,39.7059796252503,-1
2024-09-08,heart_rate_avg,88.26739625396824,-1
2024-10-12,heart_rate_avg,42.70688254690156,-1
2025-01-03,heart_rate_avg,91.58364170612948,-1
2025-01-22,heart_rate_avg,88.8243832198483,-1
2025-02-18,heart_rate_avg,92.58119912055736,-1
2025-05-27,heart_rate_avg,95.90885195525506,-1
2025-06-03,heart_rate_avg,91.18949205384536,-1
2025-06-17,heart_rate_avg,41.443840569823095,-1
2025-09-01,heart_rate_avg,88.41610842458944,-1
2024-09-27,heart_rate_avg,88.35039657657646,-1
2024-09-29,heart_rate_avg,89.72732123949255,-1
2024-10-04,heart_rate_avg,98.76752407864952,-1
2024-10-18,heart_rate_avg,92.53652148535016,-1
2024-11-17,heart_rate_avg,87.7298499779566,-1
2024-11-18,heart_rate_avg,101.16495822586404,-1
2024-11-29,heart_rate_avg,87.60415209816681,-1
2024-12-11,heart_rate_avg,89.87393694204869,-1
2024-12-28,heart_rate_avg,93.19236164128414,-1
2025-01-07,heart_rate_avg,91.9756234003072,-1
2025-01-10,heart_rate_avg,94.0321549925469,-1
2025-01-13,heart_rate_avg,88.89869524658184,-1
2025-02-14,heart_rate_avg,88.6559087802652,-1
2025-03-10,heart_rate_avg,89.3979968012052,-1
2025-04-10,heart_rate_avg,89.64972740074009,-1
2025-04-11,heart_rate_avg,90.70051554631944,-1
2025-07-16,heart_rate_avg,93.7876870349468,-1
2025-08-03,heart_rate_avg,91.83441995442897,-1
2025-08-25,heart_rate_avg,87.53509713406766,-1
2024-09-10,heart_rate_avg,92.07762043856664,-1
2024-10-10,heart_rate_avg,90.62970248350838,-1
2024-11-05,heart_rate_avg,89.96061106967058,-1
2025-04-01,heart_rate_avg,88.64939796079818,-1
2025-06-01,heart_rate_avg,87.95788298937707,-1
2025-06-17,heart_rate_avg,87.7241257920725,-1
2025-07-29,heart_rate_avg,92.7368095496027,-1
2025-08-03,heart_rate_avg,89.10166681706332,-1
2024-09-08,heart_rate_avg,87.83878277267348,-1
2024-09-09,heart_rate_avg,102.10449414036636,-1
2024-09-16,heart_rate_avg,87.64321374677465,-1
2024-09-19,heart_rate_avg,89.53255075020323,-1
2024-10-03,heart_rate_avg,88.50937012994115,-1
2024-10-17,heart_rate_avg,103.62699847047196,-1
2024-10-19,heart_rate_avg,91.05844203028278,-1
2024-10-26,heart_rate_avg,97.93397621803692,-1
2024-10-30,heart_rate_avg,89.68921796881928,-1
2024-11-02,heart_rate_avg,88.76188899535398,-1
2024-11-03,heart_rate_avg,88.42763644575692,-1
2024-11-11,heart_rate_avg,100.39558198413256,-1
2024-12-02,heart_rate_avg,90.67131413524484,-1
2024-12-06,heart_rate_avg,88.81357939911689,-1
2024-12-23,heart_rate_avg,89.2980331262231,-1
2024-12-26,heart_rate_avg,94.5295096764961,-1
2025-01-09,heart_rate_avg,88.4916339574835,-1
2025-01-22,heart_rate_avg,92.06839334388448,-1
2025-02-09,heart_rate_avg,91.4857595958729,-1
2025-02-10,heart_rate_avg,89.92045233308414,-1
2025-02-20,heart_rate_avg,96.16035066904251,-1
2025-03-07,heart_rate_avg,87.43852630870344,-1
2025-03-24,heart_rate_avg,91.9527803922748,-1
2025-04-17,heart_rate_avg,104.73793246206684,-1
2025-04-30,heart_rate_avg,89.52097153525543,-1
2025-05-27,heart_rate_avg,87.63704297110411,-1
2025-06-18,heart_rate_avg,98.56762330145102,-1
2025-07-05,heart_rate_avg,94.1062253147641,-1
2025-07-17,heart_rate_avg,87.9875637908074,-1
2025-07-20,heart_rate_avg,90.41395181875828,-1
2025-08-08,heart_rate_avg,97.0787751502494,-1
2025-08-12,heart_rate_avg,94.774420502914,-1
2025-08-16,heart_rate_avg,89.5258249462955,-1
2025-08-26,heart_rate_avg,87.84128778306696,-1
2024-09-06,heart_rate_avg,41.893026260931606,-1
2024-09-10,heart_rate_avg,38.93593554095437,-1
2024-09-28,heart_rate_avg,42.13357923706855,-1
2024-10-04,heart_rate_avg,41.36408944336837,-1
2025-02-18,heart_rate_avg,37.55390255058956,-1
2025-02-20,heart_rate_avg,41.22237461006237,-1
2025-03-27,heart_rate_avg,39.14511899054565,-1
2025-04-02,heart_rate_avg,34.15824601454261,-1
2025-04-16,heart_rate_avg,31.551881489724668,-1
2025-04-17,heart_rate_avg,33.266873866883785,-1
2025-05-09,heart_rate_avg,41.10438427818353,-1
2025-06-01,heart_rate_avg,41.17797950960422,-1
2025-06-10,heart_rate_avg,37.70658014665909,-1
2025-06-17,heart_rate_avg,43.085031145184914,-1
2025-08-15,heart_rate_avg,36.365610330893496,-1
2025-08-17,heart_rate_avg,39.25892378528786,-1
2024-09-23,heart_rate_avg,101.14925353415204,-1
2024-10-16,heart_rate_avg,89.6495102544013,-1
2024-10-18,heart_rate_avg,89.25894529731895,-1
2024-11-08,heart_rate_avg,88.12153149811013,-1
2024-11-11,heart_rate_avg,93.08716856160756,-1
2024-11-28,heart_rate_avg,89.22773431899833,-1
2024-12-07,heart_rate_avg,87.52961786001788,-1
2024-12-23,heart_rate_avg,90.34342831897544,-1
2025-02-10,heart_rate_avg,42.68985835387211,-1
2025-02-13,heart_rate_avg,89.71046522507834,-1
2025-02-20,heart_rate_avg,92.9814347711672,-1
2025-02-23,heart_rate_avg,97.27198483285798,-1
2025-03-23,heart_rate_avg,42.31957801313443,-1
2025-05-08,heart_rate_avg,89.33255636004762,-1
2025-05-27,heart_rate_avg,89.67117921700114,-1
2025-06-01,heart_rate_avg,92.66087857129504,-1
2025-07-03,heart_rate_avg,42.46490569965389,-1
2025-07-04,heart_rate_avg,89.03522444765963,-1
2025-07-20,heart_rate_avg,91.64249086245486,-1
2025-07-28,heart_rate_avg,90.18809330638692,-1
2025-08-02,heart_rate_avg,93.88496589012512,-1
2025-08-24,heart_rate_avg,94.49162110799789,-1
2024-09-16,heart_rate_avg,87.64558310276087,-1
2024-10-14,heart_rate_avg,42.50397963167504,-1
2024-11-07,heart_rate_avg,89.57531804651319,-1
2025-01-10,heart_rate_avg,94.30328829147116,-1
2025-02-09,heart_rate_avg,89.54763233434113,-1
2025-02-13,heart_rate_avg,90.47093354442528,-1
2025-03-10,heart_rate_avg,90.50265020505256,-1
2025-03-17,heart_rate_avg,93.05147893942112,-1
2025-03-19,heart_rate_avg,42.86209696654471,-1
2025-06-14,heart_rate_avg,40.15669070307577,-1
2025-07-11,heart_rate_avg,88.40351871446833,-1
2025-07-22,heart_rate_avg,93.5356425611038,-1
2025-07-23,heart_rate_avg,92.21756795273777,-1
2025-08-14,heart_rate_avg,90.13546299673624,-1
2024-09-12,heart_rate_avg,94.00895950328126,-1
2024-10-16,heart_rate_avg,88.22514092484616,-1
2024-10-21,heart_rate_avg,91.43850695641189,-1
2024-10-25,heart_rate_avg,89.5152948492584,-1
2024-11-13,heart_rate_avg,97.43403367107072,-1
2024-11-15,heart_rate_avg,35.94200839720634,-1
2025-01-28,heart_rate_avg,92.69270007012187,-1
2025-02-15,heart_rate_avg,89.60870905147449,-1
2025-02-27,heart_rate_avg,93.0741985576368,-1
2025-03-06,heart_rate_avg,41.72270295877053,-1
2025-03-11,heart_rate_avg,94.28443431636344,-1
2025-03-17,heart_rate_avg,93.8420555051126,-1
2025-03-18,heart_rate_avg,96.62700994721028,-1
2025-03-20,heart_rate_avg,91.71919231756767,-1
2025-04-22,heart_rate_avg,90.6438661136636,-1
2025-06-03,heart_rate_avg,89.22270399476001,-1
2025-06-08,heart_rate_avg,88.26119351203732,-1
2025-07-04,heart_rate_avg,90.89171734190646,-1
2025-08-04,heart_rate_avg,88.84923204195199,-1
2025-08-16,heart_rate_avg,94.3512192135084,-1
2025-08-23,heart_rate_avg,97.04088046533994,-1
2025-09-01,heart_rate_avg,89.55323440056912,-1
2024-10-18,heart_rate_avg,34.0633063176264,-1
2024-12-17,heart_rate_avg,42.426597483548,-1
2024-12-21,heart_rate_avg,41.51207529586239,-1
2025-01-15,heart_rate_avg,42.88649266000022,-1
2025-01-23,heart_rate_avg,36.35626316565977,-1
2025-05-16,heart_rate_avg,41.32011653671948,-1
2025-06-25,heart_rate_avg,39.21906865769415,-1
2025-08-06,heart_rate_avg,87.71144336183801,-1
2025-08-07,heart_rate_avg,24.663151856297358,-1
2024-09-23,heart_rate_avg,88.77084407293836,-1
2024-09-25,heart_rate_avg,91.97098498063512,-1
2024-09-30,heart_rate_avg,95.10589225633186,-1
2024-11-07,heart_rate_avg,90.43186427218907,-1
2024-12-21,heart_rate_avg,89.44662477404415,-1
2025-02-03,heart_rate_avg,96.71551572820968,-1
2025-03-11,heart_rate_avg,91.27019709764195,-1
2025-03-15,heart_rate_avg,87.9853625228891,-1
2025-03-25,heart_rate_avg,40.67170642503079,-1
2025-03-31,heart_rate_avg,88.32167840397254,-1
2025-04-03,heart_rate_avg,89.31134913773829,-1
2025-05-24,heart_rate_avg,88.01308643175952,-1
2025-07-07,heart_rate_avg,37.78829875839344,-1
2025-07-10,heart_rate_avg,88.63222980288208,-1
2025-07-18,heart_rate_avg,90.14553087447923,-1
2025-08-06,heart_rate_avg,91.83881459892118,-1
2025-08-30,heart_rate_avg,42.98866392613336,-1
2025-08-31,heart_rate_avg,89.66415624056137,-1
2024-11-25,heart_rate_avg,37.54735016504542,-1
2024-12-15,heart_rate_avg,92.12533668598272,-1
2024-12-18,heart_rate_avg,90.57963715364151,-1
2025-01-03,heart_rate_avg,90.65614100988358,-1
2025-01-19,heart_rate_avg,87.59438628809386,-1
2025-02-28,heart_rate_avg,90.15215002552756,-1
2025-03-22,heart_rate_avg,42.93171205816349,-1
2025-05-02,heart_rate_avg,88.86685090229165,-1
2025-05-16,heart_rate_avg,91.60424231249355,-1
2025-06-10,heart_rate_avg,88.2455317598492,-1
2025-06-21,heart_rate_avg,87.46409539578016,-1
2024-10-13,heart_rate_avg,42.766373307664445,-1
2024-11-04,heart_rate_avg,88.6691927772957,-1
2025-01-27,heart_rate_avg,34.336922423167266,-1
2025-03-29,heart_rate_avg,90.50218225189349,-1
2025-07-05,heart_rate_avg,89.62539207395209,-1
2025-08-28,heart_rate_avg,42.47708973510635,-1
2025-09-01,heart_rate_avg,88.53188796907932,-1
2025-03-13,heart_rate_avg,90.722434270916,-1
2025-05-09,heart_rate_avg,39.65231458500353,-1
2025-05-19,heart_rate_avg,39.70890698842945,-1
2025-06-08,heart_rate_avg,41.79698403036788,-1
2025-07-17,heart_rate_avg,42.7227835283682,-1
2025-07-20,heart_rate_avg,90.7925727204066,-1
2025-08-29,heart_rate_avg,87.82163946241494,-1
2024-09-09,heart_rate_avg,90.33327866983949,-1
2024-09-23,heart_rate_avg,91.33191220162564,-1
2024-10-10,heart_rate_avg,93.41572077835104,-1
2024-10-22,heart_rate_avg,88.41133022144865,-1
2024-10-25,heart_rate_avg,88.95861004648022,-1
2024-11-16,heart_rate_avg,87.3927919353336,-1
2024-12-13,heart_rate_avg,42.9933655788641,-1
2025-01-12,heart_rate_avg,89.60642844440015,-1
2025-02-16,heart_rate_avg,88.54500222955129,-1
2025-03-22,heart_rate_avg,90.57447830446904,-1
2025-04-16,heart_rate_avg,88.03605116115489,-1
2025-05-13,heart_rate_avg,89.85865215492949,-1
2025-05-21,heart_rate_avg,90.4395133595668,-1
2025-06-09,heart_rate_avg,97.70274045976193,-1
2025-06-21,heart_rate_avg,88.64349645400362,-1
2025-06-27,heart_rate_avg,91.52077044651584,-1
2025-06-30,heart_rate_avg,90.1001081231312,-1
2025-08-14,heart_rate_avg,90.51306342944746,-1
2025-08-21,heart_rate_avg,88.23288584919996,-1
2024-09-29,heart_rate_avg,91.6633737138125,-1
2024-10-18,heart_rate_avg,39.14986608989665,-1
2024-11-05,heart_rate_avg,42.329975893817455,-1
2024-11-20,heart_rate_avg,87.65608320613869,-1
2024-11-26,heart_rate_avg,42.96131507486184,-1
2024-12-10,heart_rate_avg,88.11740091166916,-1
2025-01-14,heart_rate_avg,95.86223466534764,-1
2025-03-02,heart_rate_avg,39.31563170721675,-1
2025-03-10,heart_rate_avg,40.08010457371001,-1
2025-04-11,heart_rate_avg,42.66614827608909,-1
2025-06-08,heart_rate_avg,37.44424349552767,-1
2025-06-13,heart_rate_avg,39.367362780272856,-1
2025-07-19,heart_rate_avg,37.49236093466885,-1
2025-07-23,heart_rate_avg,89.97411867634965,-1
2025-07-25,heart_rate_avg,38.69293797221884,-1
2024-09-06,heart_rate_avg,38.71290745687144,-1
2024-09-09,heart_rate_avg,39.59790095472615,-1
2024-09-10,heart_rate_avg,29.67625050069284,-1
2024-09-13,heart_rate_avg,30.98306712904373,-1
2024-09-20,heart_rate_avg,43.136222095292965,-1
2024-09-28,heart_rate_avg,30.372373108499588,-1
2024-09-29,heart_rate_avg,30.61577099432863,-1
2024-10-08,heart_rate_avg,38.97580383571829,-1
2024-10-11,heart_rate_avg,27.678712527666747,-1
2024-10-12,heart_rate_avg,39.21250374806586,-1
2024-10-18,heart_rate_avg,42.01202269810628,-1
2024-10-19,heart_rate_avg,29.900267582475028,-1
2024-10-21,heart_rate_avg,40.93098988808707,-1
2024-10-22,heart_rate_avg,31.79785964165596,-1
2024-10-27,heart_rate_avg,37.76606401819143,-1
2024-11-01,heart_rate_avg,41.46339266970991,-1
2024-11-02,heart_rate_avg,41.41128537058326,-1
2024-11-04,heart_rate_avg,40.780743247334975,-1
2024-11-17,heart_rate_avg,42.66326979346568,-1
2024-11-18,heart_rate_avg,37.004459567557575,-1
2024-11-20,heart_rate_avg,37.866359143427935,-1
2024-11-30,heart_rate_avg,37.53791574090636,-1
2024-12-01,heart_rate_avg,35.18791300739847,-1
2024-12-10,heart_rate_avg,43.0957758297986,-1
2024-12-17,heart_rate_avg,41.14658019655107,-1
2024-12-20,heart_rate_avg,35.580215645989014,-1
2024-12-23,heart_rate_avg,39.13652794433756,-1
2024-12-26,heart_rate_avg,38.85105155855915,-1
2024-12-31,heart_rate_avg,37.66768433425594,-1
2025-01-10,heart_rate_avg,35.93754018777456,-1
2025-01-12,heart_rate_avg,26.848361893381767,-1
2025-01-17,heart_rate_avg,40.33854765625576,-1
2025-01-24,heart_rate_avg,38.3920066295872,-1
2025-01-29,heart_rate_avg,38.90094123491014,-1
2025-02-06,heart_rate_avg,32.46091466074208,-1
2025-02-07,heart_rate_avg,41.28165706595149,-1
2025-02-08,heart_rate_avg,40.62818869668415,-1
2025-02-11,heart_rate_avg,34.716196227351055,-1
2025-02-21,heart_rate_avg,28.87726279911438,-1
2025-02-22,heart_rate_avg,38.514646900345895,-1
2025-03-02,heart_rate_avg,38.15715996930204,-1
2025-03-05,heart_rate_avg,18.397124461437414,-1
2025-03-09,heart_rate_avg,42.89403042165458,-1
2025-03-13,heart_rate_avg,35.97152956852925,-1
2025-03-21,heart_rate_avg,31.856547415919167,-1
2025-03-31,heart_rate_avg,41.43953289927102,-1
2025-04-01,heart_rate_avg,29.5928110821491,-1
2025-04-03,heart_rate_avg,36.39429337395899,-1
2025-04-09,heart_rate_avg,33.454872072465264,-1
2025-04-14,heart_rate_avg,38.03590542064971,-1
2025-04-22,heart_rate_avg,39.96379619125968,-1
2025-04-23,heart_rate_avg,43.06599512232349,-1
2025-04-24,heart_rate_avg,39.76317573896005,-1
2025-04-30,heart_rate_avg,36.75777098915278,-1
2025-05-06,heart_rate_avg,40.6018574425524,-1
2025-05-12,heart_rate_avg,24.45186309898993,-1
2025-05-28,heart_rate_avg,35.74157896912017,-1
2025-05-29,heart_rate_avg,32.255826450401045,-1
2025-06-03,heart_rate_avg,22.88720219550949,-1
2025-06-07,heart_rate_avg,39.6489437670934,-1
2025-06-08,heart_rate_avg,38.19246516937886,-1
2025-06-11,heart_rate_avg,36.87205395434836,-1
2025-06-13,heart_rate_avg,34.61351984550195,-1
2025-06-16,heart_rate_avg,28.507760288681517,-1
2025-06-18,heart_rate_avg,38.25699409853304,-1
2025-06-30,heart_rate_avg,42.89026004452888,-1
2025-07-05,heart_rate_avg,40.47888728273334,-1
2025-07-13,heart_rate_avg,42.10381976618814,-1
2025-07-16,heart_rate_avg,40.30593519821729,-1
2025-07-24,heart_rate_avg,41.68174456547702,-1
2025-07-29,heart_rate_avg,39.224343186249016,-1
2025-07-30,heart_rate_avg,35.604691722325725,-1
2025-08-01,heart_rate_avg,24.31148544564681,-1
2025-08-02,heart_rate_avg,36.61553912911459,-1
2025-08-09,heart_rate_avg,42.28956211709858,-1
2025-08-19,heart_rate_avg,40.20607678346021,-1
2025-08-23,heart_rate_avg,32.69688334611966,-1
2025-09-01,heart_rate_avg,36.86899356161936,-1
2025-09-02,heart_rate_avg,38.0556114618169,-1
2025-09-05,heart_rate_avg,43.21726256248783,-1
2024-10-14,heart_rate_avg,36.59387709748242,-1
2024-10-17,heart_rate_avg,37.138721071171474,-1
2024-11-27,heart_rate_avg,33.37324800324531,-1
2024-12-15,heart_rate_avg,42.569115628865966,-1
2024-12-19,heart_rate_avg,42.97378341739862,-1
2024-12-31,heart_rate_avg,38.6288698049463,-1
2025-01-31,heart_rate_avg,35.19636075827096,-1
2025-02-05,heart_rate_avg,41.199257027412514,-1
2025-02-18,heart_rate_avg,40.81896647842909,-1
2025-02-20,heart_rate_avg,38.013890265388085,-1
2025-03-07,heart_rate_avg,41.20583382130049,-1
2025-03-20,heart_rate_avg,39.91634489857806,-1
2025-04-03,heart_rate_avg,39.64496441367803,-1
2025-04-19,heart_rate_avg,40.242729088571735,-1
2025-04-30,heart_rate_avg,42.37051059420511,-1
2025-05-19,heart_rate_avg,40.946264711929146,-1
2025-05-28,heart_rate_avg,40.934539121389136,-1
2025-06-12,heart_rate_avg,43.07512224618044,-1
2025-07-24,heart_rate_avg,38.67967463032954,-1
2025-08-04,heart_rate_avg,40.59130037150516,-1
2025-08-10,heart_rate_avg,39.71056710548113,-1
2025-08-25,heart_rate_avg,38.14209504333614,-1
2025-02-02,heart_rate_avg,94.39778008860377,-1
2025-02-16,heart_rate_avg,91.71820728956278,-1
2025-04-21,heart_rate_avg,92.34257703591784,-1
2025-05-07,heart_rate_avg,33.23134687850462,-1
2025-06-21,heart_rate_avg,89.94722818586115,-1
2025-08-14,heart_rate_avg,39.90875978047261,-1
2024-09-13,heart_rate_avg,42.29089794060511,-1
2024-09-17,heart_rate_avg,40.18643596596936,-1
2024-11-08,heart_rate_avg,42.36436241754491,-1
2024-11-19,heart_rate_avg,92.42594890776644,-1
2024-12-20,heart_rate_avg,39.04697093540855,-1
2025-01-07,heart_rate_avg,35.55769717031548,-1
2025-01-08,heart_rate_avg,38.17850106152176,-1
2025-01-30,heart_rate_avg,42.43840282718813,-1
2025-02-07,heart_rate_avg,42.75447371031333,-1
2025-04-14,heart_rate_avg,94.7739429110832,-1
2025-04-25,heart_rate_avg,38.40425440489904,-1
2025-04-30,heart_rate_avg,41.46529695730143,-1
2025-05-14,heart_rate_avg,92.95175748833752,-1
2025-05-18,heart_rate_avg,39.08627637548585,-1
2025-08-13,heart_rate_avg,36.225998501945305,-1
2025-09-02,heart_rate_avg,41.70328308995777,-1
2024-09-09,heart_rate_avg,35.802064056797846,-1
2024-09-19,heart_rate_avg,102.34225685658934,-1
2024-10-13,heart_rate_avg,42.80440939971657,-1
2024-10-21,heart_rate_avg,37.80751951056102,-1
2024-11-30,heart_rate_avg,37.66693214272223,-1
2024-12-17,heart_rate_avg,39.70734246952638,-1
2025-01-08,heart_rate_avg,37.58264012488473,-1
2025-01-22,heart_rate_avg,40.5756034852203,-1
2025-01-30,heart_rate_avg,42.61764383170968,-1
2025-02-04,heart_rate_avg,40.34720152456804,-1
2025-02-19,heart_rate_avg,36.09261362929195,-1
2025-03-06,heart_rate_avg,89.71730167869651,-1
2025-03-12,heart_rate_avg,41.16997926743246,-1
2025-03-22,heart_rate_avg,42.84410247767919,-1
2025-05-03,heart_rate_avg,37.928727668235865,-1
2025-05-19,heart_rate_avg,38.53970950677811,-1
2025-05-27,heart_rate_avg,40.86315817623883,-1
2025-06-27,heart_rate_avg,40.86796487094824,-1
2025-09-04,heart_rate_avg,40.89922935315624,-1
2024-09-15,heart_rate_avg,87.57077072662267,-1
2024-11-04,heart_rate_avg,89.4374582521732,-1
2024-12-21,heart_rate_avg,94.93771067875495,-1
2025-02-19,heart_rate_avg,97.48594671031636,-1
2025-02-24,heart_rate_avg,91.7265603487469,-1
2025-03-12,heart_rate_avg,90.66787174558614,-1
2025-03-18,heart_rate_avg,92.11739653026748,-1
2025-03-21,heart_rate_avg,89.19798191938838,-1
2025-03-31,heart_rate_avg,94.38181401889184,-1
2025-04-26,heart_rate_avg,89.49182044932536,-1
2025-05-06,heart_rate_avg,98.1938803517208,-1
2025-05-08,heart_rate_avg,89.50909830962385,-1
2025-05-24,heart_rate_avg,87.79031242157936,-1
2025-06-15,heart_rate_avg,89.13576258775669,-1
2025-06-21,heart_rate_avg,88.96101114146049,-1
2025-06-30,heart_rate_avg,87.75019108321783,-1
2025-07-21,heart_rate_avg,94.38702157931382,-1
2025-09-03,heart_rate_avg,93.8766345002634,-1
2024-09-07,heart_rate_avg,102.35377739491533,-1
2024-09-18,heart_rate_avg,94.9093228517228,-1
2024-10-09,heart_rate_avg,89.31142988395479,-1
2024-10-12,heart_rate_avg,94.33644558267842,-1
2024-11-30,heart_rate_avg,88.1739932961514,-1
2024-12-16,heart_rate_avg,89.48819028706473,-1
2024-12-26,heart_rate_avg,91.01987740520404,-1
2025-01-15,heart_rate_avg,98.46697520084685,-1
2025-02-17,heart_rate_avg,42.53795121241586,-1
2025-03-29,heart_rate_avg,93.13749715533974,-1
2025-05-05,heart_rate_avg,88.63877973503239,-1
2025-06-18,heart_rate_avg,92.1411947218552,-1
2025-07-08,heart_rate_avg,100.45147843624363,-1
2025-07-20,heart_rate_avg,94.45247968313288,-1
2025-07-26,heart_rate_avg,95.969442879872,-1
2025-08-31,heart_rate_avg,90.70207502930708,-1
2024-09-06,heart_rate_avg,32.58635288806676,-1
2024-10-02,heart_rate_avg,42.95572763628083,-1
2024-10-12,heart_rate_avg,42.8185584551633,-1
2024-11-03,heart_rate_avg,35.87521468169686,-1
2024-11-29,heart_rate_avg,42.08705203901089,-1
2025-02-06,heart_rate_avg,39.92714975818099,-1
2025-03-04,heart_rate_avg,36.53310489431671,-1
2025-04-08,heart_rate_avg,41.78442635845858,-1
2025-04-13,heart_rate_avg,42.39146645116937,-1
2025-05-21,heart_rate_avg,41.79994823930621,-1
2025-05-25,heart_rate_avg,29.73920578981021,-1
2025-06-04,heart_rate_avg,42.64955842279844,-1
2025-06-16,heart_rate_avg,41.43905887442805,-1
2025-06-25,heart_rate_avg,38.14373344783151,-1
2025-07-04,heart_rate_avg,40.355937174918296,-1
2025-08-02,heart_rate_avg,31.637731505183005,-1
2025-08-08,heart_rate_avg,40.503884722214266,-1
2025-08-13,heart_rate_avg,37.02072961457532,-1
2024-09-06,heart_rate_avg,88.95353460130184,-1
2024-09-30,heart_rate_avg,88.29379870164937,-1
2024-10-11,heart_rate_avg,91.34247260717328,-1
2024-11-16,heart_rate_avg,90.16065885509524,-1
2024-12-10,heart_rate_avg,95.31140819940128,-1
2024-12-22,heart_rate_avg,90.54999661603254,-1
2025-01-10,heart_rate_avg,87.79664484528244,-1
2025-01-20,heart_rate_avg,89.10120664294574,-1
2025-02-01,heart_rate_avg,91.33731617272336,-1
2025-02-19,heart_rate_avg,88.52201432179776,-1
2025-03-12,heart_rate_avg,104.58847942881172,-1
2025-03-16,heart_rate_avg,97.09341903663552,-1
2025-03-18,heart_rate_avg,97.85925592414776,-1
2025-04-15,heart_rate_avg,89.1829753239692,-1
2025-04-22,heart_rate_avg,91.39445189522124,-1
2025-05-22,heart_rate_avg,87.73586596119722,-1
2025-05-25,heart_rate_avg,88.56211941498755,-1
2025-05-26,heart_rate_avg,90.8183974357918,-1
2025-06-18,heart_rate_avg,87.7732862785286,-1
2025-07-03,heart_rate_avg,42.9472884255396,-1
2025-07-12,heart_rate_avg,100.13955189866248,-1
2025-07-31,heart_rate_avg,87.59707480928095,-1
2025-08-02,heart_rate_avg,90.02748102930352,-1
2025-08-24,heart_rate_avg,92.69812125382704,-1
2024-09-07,heart_rate_avg,94.47842650786669,-1
2024-09-22,heart_rate_avg,95.97735503738257,-1
2024-12-08,heart_rate_avg,38.61193002340049,-1
2024-12-09,heart_rate_avg,92.67885879232853,-1
2024-12-13,heart_rate_avg,37.68491128613566,-1
2024-12-21,heart_rate_avg,92.86453360203409,-1
2025-02-10,heart_rate_avg,91.6027008944629,-1
2025-02-12,heart_rate_avg,100.23924087299471,-1
2025-05-05,heart_rate_avg,91.26199227622143,-1
2025-05-10,heart_rate_avg,91.82205350029795,-1
2025-06-07,heart_rate_avg,98.8519305361373,-1
2025-07-03,heart_rate_avg,92.64159539735952,-1
2025-08-14,heart_rate_avg,95.52372246498348,-1
2025-01-04,heart_rate_avg,40.84359000128444,-1
2025-02-02,heart_rate_avg,39.15652837986924,-1
2025-02-26,heart_rate_avg,95.84630927340864,-1
2025-03-01,heart_rate_avg,91.19564659582365,-1
2025-03-20,heart_rate_avg,42.56078460926553,-1
2025-08-06,heart_rate_avg,36.59911723205426,-1
2024-09-09,heart_rate_avg,31.98916486133821,-1
2024-09-14,heart_rate_avg,41.02284607353482,-1
2024-10-21,heart_rate_avg,41.55714633484207,-1
2024-10-31,heart_rate_avg,33.51259692632542,-1
2024-12-04,heart_rate_avg,41.39719135328119,-1
2024-12-08,heart_rate_avg,42.16379319954505,-1
2024-12-26,heart_rate_avg,36.36960316981872,-1
2024-12-31,heart_rate_avg,36.872676603122045,-1
2025-01-07,heart_rate_avg,39.1273964270018,-1
2025-01-17,heart_rate_avg,40.62765852255273,-1
2025-01-26,heart_rate_avg,36.65519872290426,-1
2025-01-31,heart_rate_avg,40.59506634366738,-1
2025-02-22,heart_rate_avg,36.23939709641339,-1
2025-02-28,heart_rate_avg,40.99196171708215,-1
2025-03-26,heart_rate_avg,37.546401881135125,-1
2025-04-06,heart_rate_avg,33.69859999918818,-1
2025-04-10,heart_rate_avg,30.05271795036829,-1
2025-04-18,heart_rate_avg,35.948960982340935,-1
2025-05-11,heart_rate_avg,39.66767198217998,-1
2025-05-21,heart_rate_avg,41.43153440528961,-1
2025-06-08,heart_rate_avg,43.0194557271939,-1
2025-06-22,heart_rate_avg,43.19378799680578,-1
2025-06-30,heart_rate_avg,41.59434564287341,-1
2025-07-17,heart_rate_avg,42.91960742333138,-1
2025-08-05,heart_rate_avg,42.020256749849125,-1
2025-08-16,heart_rate_avg,37.8129907470919,-1
2025-08-19,heart_rate_avg,42.75896385888281,-1
2025-08-29,heart_rate_avg,41.07686406496482,-1
2024-09-22,heart_rate_avg,95.3636303507655,-1
2025-02-11,heart_rate_avg,87.73804045781502,-1
2025-02-20,heart_rate_avg,87.60641884316615,-1
2025-04-13,heart_rate_avg,42.93268977800162,-1
2025-04-16,heart_rate_avg,88.18234985862485,-1
2025-04-29,heart_rate_avg,36.740981152927134,-1
2025-05-02,heart_rate_avg,42.80480551184528,-1
2025-05-10,heart_rate_avg,88.22907097403633,-1
2024-09-13,heart_rate_avg,87.70538430662046,-1
2024-09-17,heart_rate_avg,100.89468213495373,-1
2024-10-01,heart_rate_avg,88.5544999019244,-1
2024-10-06,heart_rate_avg,94.6375510247986,-1
2024-10-13,heart_rate_avg,42.57074627111627,-1
2024-10-29,heart_rate_avg,88.54336614567642,-1
2024-11-29,heart_rate_avg,92.09090490692572,-1
2024-12-08,heart_rate_avg,87.57533989334243,-1
2024-12-18,heart_rate_avg,89.63869932636368,-1
2024-12-25,heart_rate_avg,88.36991763251956,-1
2025-01-09,heart_rate_avg,88.7178596162436,-1
2025-01-25,heart_rate_avg,93.73612790511892,-1
2025-02-06,heart_rate_avg,88.1807857842065,-1
2025-02-19,heart_rate_avg,39.59091252196109,-1
2025-03-02,heart_rate_avg,92.863416283492,-1
2025-03-07,heart_rate_avg,40.51338656065352,-1
2025-04-03,heart_rate_avg,89.59397048021214,-1
2025-05-22,heart_rate_avg,89.68509035988339,-1
2025-05-23,heart_rate_avg,88.06164559471608,-1
2025-05-30,heart_rate_avg,96.29751368606554,-1
2025-07-27,heart_rate_avg,87.56491813569787,-1
2025-08-25,heart_rate_avg,91.26112572921193,-1
2025-09-01,heart_rate_avg,89.6177290157976,-1
2024-09-21,heart_rate_avg,101.08420940689533,-1
2024-10-03,heart_rate_avg,99.38693627253132,-1
2024-10-15,heart_rate_avg,90.12933563316652,-1
2024-10-22,heart_rate_avg,35.74826181473215,-1
2024-10-27,heart_rate_avg,91.6822968437672,-1
2024-11-05,heart_rate_avg,95.17548830701064,-1
2024-12-03,heart_rate_avg,92.0743215973593,-1
2024-12-16,heart_rate_avg,88.01147382071397,-1
2024-12-24,heart_rate_avg,88.36822502581586,-1
2024-12-26,heart_rate_avg,96.51063569676997,-1
2025-01-09,heart_rate_avg,101.0082105150488,-1
2025-01-31,heart_rate_avg,88.03692525691042,-1
2025-02-13,heart_rate_avg,90.08263719579917,-1
2025-02-14,heart_rate_avg,87.88852368939487,-1
2025-03-14,heart_rate_avg,99.44416392064116,-1
2025-04-06,heart_rate_avg,93.20177880161948,-1
2025-04-12,heart_rate_avg,88.16859829697245,-1
2025-04-13,heart_rate_avg,94.43125688515865,-1
2025-04-29,heart_rate_avg,100.83966757831864,-1
2025-05-04,heart_rate_avg,91.72970520003022,-1
2025-05-14,heart_rate_avg,94.17151125547102,-1
2025-06-02,heart_rate_avg,89.30518839439152,-1
2025-06-22,heart_rate_avg,95.34070074471929,-1
2025-06-26,heart_rate_avg,87.61432549621907,-1
2025-07-18,heart_rate_avg,97.70220605080044,-1
2025-07-31,heart_rate_avg,89.57279277549793,-1
2025-08-08,heart_rate_avg,89.1378039546677,-1
2025-09-01,heart_rate_avg,89.096341549643,-1
2024-11-17,heart_rate_avg,89.33774735648804,-1
2024-12-31,heart_rate_avg,87.69184008319772,-1
2025-01-14,heart_rate_avg,37.85436319476936,-1
2025-01-22,heart_rate_avg,89.12550620548427,-1
2025-01-28,heart_rate_avg,93.34963985616776,-1
2025-02-15,heart_rate_avg,89.51222657674326,-1
2025-04-10,heart_rate_avg,89.81304649524043,-1
2025-04-11,heart_rate_avg,42.99356894466047,-1
2025-05-15,heart_rate_avg,87.7385784951579,-1
2025-06-08,heart_rate_avg,91.3064131425213,-1
2025-06-25,heart_rate_avg,41.99380344180264,-1
2025-07-18,heart_rate_avg,92.6053115416646,-1
2025-07-27,heart_rate_avg,41.97990466324893,-1
2024-09-30,heart_rate_avg,42.57129156388861,-1
2024-10-04,heart_rate_avg,36.46095087741256,-1
2024-10-31,heart_rate_avg,42.71272610970546,-1
2024-11-04,heart_rate_avg,41.64064317956776,-1
2024-11-05,heart_rate_avg,41.60567978163034,-1
2024-12-04,heart_rate_avg,35.824530390885286,-1
2024-12-30,heart_rate_avg,41.771596335790775,-1
2025-01-11,heart_rate_avg,39.708171269480594,-1
2025-01-30,heart_rate_avg,89.39626843143914,-1
2025-02-26,heart_rate_avg,42.296137243332176,-1
2025-03-10,heart_rate_avg,36.922953092864255,-1
2025-04-18,heart_rate_avg,30.91515816467758,-1
2025-05-04,heart_rate_avg,41.07195312156774,-1
2025-05-11,heart_rate_avg,36.30142382199112,-1
2025-05-17,heart_rate_avg,42.8981691602672,-1
2025-05-21,heart_rate_avg,32.911691862884275,-1
2025-05-22,heart_rate_avg,31.245346814337974,-1
2025-06-08,heart_rate_avg,36.66829421992058,-1
2025-06-17,heart_rate_avg,42.80228895164503,-1
2025-06-24,heart_rate_avg,41.32234695723595,-1
2025-07-05,heart_rate_avg,39.05997430226724,-1
2025-07-29,heart_rate_avg,38.48886170850552,-1
2025-08-02,heart_rate_avg,41.6374504287758,-1
2024-09-07,heart_rate_avg,92.10994194291816,-1
2024-09-11,heart_rate_avg,92.36081475490346,-1
2024-10-09,heart_rate_avg,88.53122492176134,-1
2024-10-22,heart_rate_avg,88.19607894328163,-1
2024-10-23,heart_rate_avg,94.13324935866513,-1
2024-11-07,heart_rate_avg,89.53975626681466,-1
2024-12-06,heart_rate_avg,92.73568706730438,-1
2025-01-22,heart_rate_avg,41.29327654503378,-1
2025-02-15,heart_rate_avg,87.52751609843446,-1
2025-02-21,heart_rate_avg,89.21172576455925,-1
2025-03-03,heart_rate_avg,89.9522739104103,-1
2025-03-12,heart_rate_avg,94.54227022261844,-1
2025-03-25,heart_rate_avg,96.17613861501783,-1
2025-04-08,heart_rate_avg,87.77561255629655,-1
2025-04-12,heart_rate_avg,87.93561913360944,-1
2025-05-14,heart_rate_avg,88.32105624935292,-1
2025-05-24,heart_rate_avg,90.02674439010548,-1
2025-06-10,heart_rate_avg,90.03783497570761,-1
2025-06-16,heart_rate_avg,97.41196181874912,-1
2025-07-01,heart_rate_avg,95.2489295209914,-1
2024-09-17,heart_rate_avg,92.75331121440624,-1
2024-10-01,heart_rate_avg,38.29884265234619,-1
2024-10-09,heart_rate_avg,87.84775165459857,-1
2024-11-17,heart_rate_avg,39.97489786074077,-1
2024-12-01,heart_rate_avg,29.66441760193941,-1
2024-12-20,heart_rate_avg,35.60345558359326,-1
2024-12-31,heart_rate_avg,41.20206821840078,-1
2025-01-08,heart_rate_avg,42.73633390734789,-1
2025-01-28,heart_rate_avg,39.71770072826504,-1
2025-02-15,heart_rate_avg,39.83612866765867,-1
2025-03-13,heart_rate_avg,41.17863157425314,-1
2025-03-23,heart_rate_avg,42.44951400697164,-1
2025-03-27,heart_rate_avg,42.93576835888733,-1
2025-04-25,heart_rate_avg,91.34208186840146,-1
2025-05-15,heart_rate_avg,35.82382247235155,-1
2025-06-01,heart_rate_avg,87.39549609029467,-1
2025-06-11,heart_rate_avg,40.81513592462006,-1
2025-06-26,heart_rate_avg,39.31387671195116,-1
2025-07-05,heart_rate_avg,27.393634073304888,-1
2025-07-21,heart_rate_avg,33.53122539026686,-1
2025-08-05,heart_rate_avg,38.56113399207742,-1
2024-09-30,heart_rate_avg,42.38459344180311,-1
2024-10-09,heart_rate_avg,42.71623261752679,-1
2024-10-10,heart_rate_avg,40.77326590346874,-1
2024-10-13,heart_rate_avg,38.44719914511204,-1
2024-10-28,heart_rate_avg,43.11217376433062,-1
2024-11-09,heart_rate_avg,37.22178944209457,-1
2024-12-09,heart_rate_avg,41.03648109781622,-1
2024-12-22,heart_rate_avg,40.26400654690119,-1
2025-01-02,heart_rate_avg,37.54554821287344,-1
2025-01-13,heart_rate_avg,40.375593455116544,-1
2025-01-31,heart_rate_avg,42.73745914179242,-1
2025-02-06,heart_rate_avg,37.39698562090975,-1
2025-02-28,heart_rate_avg,26.759662708359937,-1
2025-03-06,heart_rate_avg,39.66699956837405,-1
2025-03-10,heart_rate_avg,34.6516706304664,-1
2025-03-17,heart_rate_avg,43.180284490034055,-1
2025-03-27,heart_rate_avg,39.04547785371715,-1
2025-04-01,heart_rate_avg,42.3858477858814,-1
2025-04-06,heart_rate_avg,43.18837048346467,-1
2025-04-10,heart_rate_avg,41.55944003334344,-1
2025-05-06,heart_rate_avg,41.67502394305394,-1
2025-06-23,heart_rate_avg,42.239483505026215,-1
2025-07-02,heart_rate_avg,43.06195032205691,-1
2025-07-24,heart_rate_avg,40.66741700444712,-1
2025-08-08,heart_rate_avg,29.679630310573287,-1
2025-08-25,heart_rate_avg,38.47336525919632,-1
2025-09-01,heart_rate_avg,42.3711140818546,-1
2024-09-07,heart_rate_avg,89.5739881550817,-1
2024-10-30,heart_rate_avg,92.89096732889432,-1
2024-11-10,heart_rate_avg,87.52919759737054,-1
2024-12-05,heart_rate_avg,90.9366505455688,-1
2025-02-15,heart_rate_avg,95.8647583374984,-1
2025-02-18,heart_rate_avg,87.64125393142572,-1
2025-02-27,heart_rate_avg,89.87893765031673,-1
2025-05-18,heart_rate_avg,90.6711879448916,-1
2025-06-02,heart_rate_avg,87.86172804745904,-1
2025-06-19,heart_rate_avg,91.42698212064198,-1
2025-07-04,heart_rate_avg,88.87566238557146,-1
2025-07-24,heart_rate_avg,92.75272052811438,-1
2025-07-30,heart_rate_avg,98.05780146474652,-1
2025-08-14,heart_rate_avg,97.7487935070336,-1
2025-08-29,heart_rate_avg,87.70749684760251,-1
2024-09-07,heart_rate_avg,39.1089465579773,-1
2024-10-10,heart_rate_avg,95.56988972534484,-1
2024-11-26,heart_rate_avg,40.669045702931385,-1
2024-12-17,heart_rate_avg,39.902543801060105,-1
2024-12-18,heart_rate_avg,42.4470045622078,-1
2025-01-27,heart_rate_avg,42.14981469306886,-1
2025-03-11,heart_rate_avg,38.80247921286865,-1
2025-05-10,heart_rate_avg,42.29752513946156,-1
2025-06-17,heart_rate_avg,38.68700290217652,-1
2025-06-20,heart_rate_avg,34.318011359041485,-1
2025-07-15,heart_rate_avg,40.84876625733803,-1
2025-08-29,heart_rate_avg,37.12484911665676,-1
2024-09-18,heart_rate_avg,42.20405547680831,-1
2024-10-21,heart_rate_avg,41.72948900939887,-1
2024-12-17,heart_rate_avg,89.82642094428269,-1
2025-02-01,heart_rate_avg,31.51731304510106,-1
2025-03-26,heart_rate_avg,42.16430283505344,-1
2025-04-02,heart_rate_avg,35.191201985641726,-1
2025-04-19,heart_rate_avg,42.721228457817546,-1
2025-05-04,heart_rate_avg,35.04093560362692,-1
2025-05-06,heart_rate_avg,41.46527116869743,-1
2025-06-20,heart_rate_avg,95.51098401536622,-1
2025-07-01,heart_rate_avg,39.83957059476885,-1
2025-07-11,heart_rate_avg,89.649025447894,-1
2025-07-29,heart_rate_avg,40.72857125121677,-1
2025-08-04,heart_rate_avg,39.92854735949038,-1
2025-08-05,heart_rate_avg,37.30502821804126,-1
2024-09-09,heart_rate_avg,87.4019522890063,-1
2024-09-22,heart_rate_avg,87.43084071570632,-1
2024-10-16,heart_rate_avg,89.86714286796642,-1
2024-10-22,heart_rate_avg,89.54855595680324,-1
2024-10-26,heart_rate_avg,87.5662235841078,-1
2024-11-02,heart_rate_avg,89.11570934512369,-1
2024-11-03,heart_rate_avg,91.17994169832762,-1
2024-11-15,heart_rate_avg,88.38612091862565,-1
2024-12-06,heart_rate_avg,88.91275351338311,-1
2024-12-24,heart_rate_avg,88.03055953253445,-1
2024-12-28,heart_rate_avg,91.18280128666336,-1
2024-12-30,heart_rate_avg,90.77318444293796,-1
2025-01-06,heart_rate_avg,88.42839058395575,-1
2025-01-15,heart_rate_avg,95.31100780910371,-1
2025-01-31,heart_rate_avg,95.4998002705449,-1
2025-02-01,heart_rate_avg,92.45643498757502,-1
2025-02-07,heart_rate_avg,88.06480918030911,-1
2025-02-20,heart_rate_avg,91.35354451320994,-1
2025-02-27,heart_rate_avg,87.71724131862574,-1
2025-03-14,heart_rate_avg,92.88525000986826,-1
2025-03-20,heart_rate_avg,91.35617239185008,-1
2025-03-25,heart_rate_avg,95.93117062843965,-1
2025-04-11,heart_rate_avg,101.655715483357,-1
2025-04-20,heart_rate_avg,91.6127179374458,-1
2025-04-27,heart_rate_avg,90.98132208825352,-1
2025-05-11,heart_rate_avg,91.74692934037095,-1
2025-05-17,heart_rate_avg,89.73666423454543,-1
2025-05-22,heart_rate_avg,92.37009167298756,-1
2025-06-06,heart_rate_avg,94.08061157209428,-1
2025-06-08,heart_rate_avg,93.4358333246616,-1
2025-06-30,heart_rate_avg,90.8682566433869,-1
2025-07-01,heart_rate_avg,90.91154496320766,-1
2025-07-02,heart_rate_avg,98.57235429872016,-1
2025-07-14,heart_rate_avg,89.36715583943604,-1
2025-07-30,heart_rate_avg,88.279280009171,-1
2025-08-05,heart_rate_avg,93.52193006697344,-1
2025-08-08,heart_rate_avg,91.9401576606308,-1
2025-08-13,heart_rate_avg,94.55991617055716,-1
2025-08-18,heart_rate_avg,95.21675640377782,-1
2025-08-23,heart_rate_avg,93.81898641726794,-1
2025-08-27,heart_rate_avg,97.93610547755212,-1
2024-09-24,heart_rate_avg,88.36358821485982,-1
2024-09-25,heart_rate_avg,34.883468468194295,-1
2024-10-11,heart_rate_avg,37.3955427042408,-1
2024-10-15,heart_rate_avg,34.54253960533153,-1
2024-10-18,heart_rate_avg,38.07177419377735,-1
2024-11-24,heart_rate_avg,38.45183458965289,-1
2024-11-27,heart_rate_avg,42.70601128832004,-1
2024-12-18,heart_rate_avg,42.98765724080507,-1
2024-12-27,heart_rate_avg,41.0691346832165,-1
2025-01-07,heart_rate_avg,37.40003471377948,-1
2025-01-17,heart_rate_avg,42.78782892435002,-1
2025-01-23,heart_rate_avg,88.1284509313495,-1
2025-02-16,heart_rate_avg,38.71247266425529,-1
2025-02-26,heart_rate_avg,42.93175678969887,-1
2025-03-06,heart_rate_avg,36.82238175444934,-1
2025-03-28,heart_rate_avg,37.61370973737537,-1
2025-04-07,heart_rate_avg,40.96959394916861,-1
2025-04-09,heart_rate_avg,42.13187513537419,-1
2025-04-15,heart_rate_avg,42.3345698861111,-1
2025-04-29,heart_rate_avg,42.10520271658421,-1
2025-05-09,heart_rate_avg,42.76274967047269,-1
2025-05-10,heart_rate_avg,35.46839225216504,-1
2025-05-20,heart_rate_avg,41.45212105842357,-1
2025-06-12,heart_rate_avg,40.436039053670285,-1
2025-07-06,heart_rate_avg,42.23356551519579,-1
2025-07-19,heart_rate_avg,33.00224887297311,-1
2025-07-27,heart_rate_avg,40.366358406382105,-1
2025-08-13,heart_rate_avg,37.659588172187696,-1
2024-10-03,heart_rate_avg,40.84947209252856,-1
2024-12-28,heart_rate_avg,88.2148336562631,-1
2025-01-02,heart_rate_avg,42.57144651799455,-1
2025-03-24,heart_rate_avg,41.45866342962013,-1
2025-04-01,heart_rate_avg,38.90609490863612,-1
2025-04-23,heart_rate_avg,89.69915856470706,-1
2025-05-15,heart_rate_avg,42.319565370379934,-1
2025-05-19,heart_rate_avg,31.468596699619766,-1
2025-05-30,heart_rate_avg,30.71989613561847,-1
2025-07-05,heart_rate_avg,41.935869736974375,-1
2024-10-28,heart_rate_avg,97.88504668015996,-1
2024-11-23,heart_rate_avg,37.02536443255218,-1
2024-12-01,heart_rate_avg,37.751162937734506,-1
2024-12-29,heart_rate_avg,92.8756687936885,-1
2025-02-04,heart_rate_avg,88.54135270171862,-1
2025-03-17,heart_rate_avg,89.47279373499376,-1
2025-04-15,heart_rate_avg,88.90372150146328,-1
2025-05-23,heart_rate_avg,88.24084956143341,-1
2025-07-18,heart_rate_avg,41.32173482308824,-1
2025-07-30,heart_rate_avg,87.42552364806572,-1
2025-08-22,heart_rate_avg,87.39850908444865,-1
2025-09-05,heart_rate_avg,90.44943729069918,-1
2024-10-11,heart_rate_avg,94.50979077651078,-1
2024-10-25,heart_rate_avg,40.84422658720023,-1
2024-11-04,heart_rate_avg,40.13212773163657,-1
2024-11-11,heart_rate_avg,39.41533767467508,-1
2024-12-14,heart_rate_avg,89.5033983100454,-1
2025-01-09,heart_rate_avg,43.167608862997575,-1
2025-01-11,heart_rate_avg,39.17932378428149,-1
2025-01-16,heart_rate_avg,35.99845449030222,-1
2025-02-26,heart_rate_avg,38.87834851207275,-1
2025-04-06,heart_rate_avg,34.17446571729602,-1
2025-05-22,heart_rate_avg,39.7952526882586,-1
2025-06-12,heart_rate_avg,35.482368378455135,-1
2025-07-17,heart_rate_avg,90.67835972725604,-1
2024-09-09,heart_rate_avg,23.10485692003825,-1
2024-09-11,heart_rate_avg,40.556105500141015,-1
2024-09-29,heart_rate_avg,40.87959770538493,-1
2024-10-12,heart_rate_avg,36.13408254065902,-1
2024-10-13,heart_rate_avg,38.40009934861664,-1
2024-10-16,heart_rate_avg,35.36952205864131,-1
2024-10-27,heart_rate_avg,38.92235124970373,-1
2024-11-18,heart_rate_avg,36.618542669847805,-1
2024-12-04,heart_rate_avg,42.156101239685455,-1
2024-12-07,heart_rate_avg,40.98095107060195,-1
2024-12-17,heart_rate_avg,32.76600168921246,-1
2024-12-21,heart_rate_avg,41.71270819947881,-1
2024-12-24,heart_rate_avg,39.6629584740526,-1
2024-12-25,heart_rate_avg,39.45629737636997,-1
2024-12-26,heart_rate_avg,97.13038600525712,-1
2025-01-10,heart_rate_avg,41.036602814580405,-1
2025-02-05,heart_rate_avg,38.93706380096795,-1
2025-02-08,heart_rate_avg,40.0477535760729,-1
2025-02-28,heart_rate_avg,40.269746160379455,-1
2025-03-02,heart_rate_avg,41.738835426033376,-1
2025-03-03,heart_rate_avg,35.935760356346485,-1
2025-03-05,heart_rate_avg,39.746605333641554,-1
2025-04-17,heart_rate_avg,34.94117522620492,-1
2025-05-01,heart_rate_avg,30.443965176380864,-1
2025-05-08,heart_rate_avg,41.3874943774562,-1
2025-05-13,heart_rate_avg,39.88093228618969,-1
2025-05-29,heart_rate_avg,41.211425316578485,-1
2025-06-20,heart_rate_avg,39.99733825857556,-1
2025-06-22,heart_rate_avg,31.231599445552536,-1
2025-07-23,heart_rate_avg,39.61014240275553,-1
2025-08-27,heart_rate_avg,42.19574167509277,-1
2025-09-03,heart_rate_avg,39.18044538917205,-1
2024-09-20,heart_rate_avg,42.64641695036299,-1
2024-10-24,heart_rate_avg,91.065681931303,-1
2025-03-04,heart_rate_avg,39.36427690064463,-1
2025-03-26,heart_rate_avg,87.73064164569763,-1
2025-04-06,heart_rate_avg,89.75165343517577,-1
2025-06-06,heart_rate_avg,91.66771670583348,-1
2025-08-20,heart_rate_avg,88.64862545916193,-1
2024-11-23,heart_rate_avg,88.04773440294156,-1
2024-11-25,heart_rate_avg,37.95897471006007,-1
2025-02-14,heart_rate_avg,93.71340516470796,-1
2025-04-08,heart_rate_avg,89.35672860047305,-1
2025-04-29,heart_rate_avg,88.53716277105579,-1
2025-07-03,heart_rate_avg,92.10904313370848,-1
2025-07-04,heart_rate_avg,35.33043883381573,-1
2025-07-28,heart_rate_avg,42.649668289874725,-1
2025-08-13,heart_rate_avg,88.69299490274823,-1
2025-08-15,heart_rate_avg,38.87509540018276,-1
2025-08-16,heart_rate_avg,90.5059656373428,-1
2025-08-28,heart_rate_avg,91.90495007111974,-1
2024-09-10,heart_rate_avg,87.56703912775335,-1
2024-09-12,heart_rate_avg,88.57675868561103,-1
2024-09-13,heart_rate_avg,98.01666044052,-1
2024-10-24,heart_rate_avg,89.45933368453218,-1
2024-11-07,heart_rate_avg,97.7459448712137,-1
2024-11-13,heart_rate_avg,90.72522017840087,-1
2024-11-28,heart_rate_avg,88.70389662265282,-1
2024-12-18,heart_rate_avg,88.12414921498312,-1
2025-01-14,heart_rate_avg,89.47351873392778,-1
2025-01-20,heart_rate_avg,93.29781503551446,-1
2025-02-08,heart_rate_avg,87.74964173180044,-1
2025-02-11,heart_rate_avg,90.20147185987456,-1
2025-02-15,heart_rate_avg,91.54927478926842,-1
2025-02-23,heart_rate_avg,87.84568958982588,-1
2025-03-11,heart_rate_avg,91.83274838028824,-1
2025-03-30,heart_rate_avg,91.80597722954262,-1
2025-06-05,heart_rate_avg,88.04038703498796,-1
2025-08-08,heart_rate_avg,90.44454363035544,-1
2024-09-13,heart_rate_avg,38.13537401440599,-1
2024-10-13,heart_rate_avg,99.36824209565852,-1
2024-10-20,heart_rate_avg,90.8612878278895,-1
2024-10-31,heart_rate_avg,92.97374097796396,-1
2024-11-19,heart_rate_avg,89.05849197405993,-1
2024-12-28,heart_rate_avg,43.04941758042771,-1
2025-01-11,heart_rate_avg,41.48452838504312,-1
2025-04-26,heart_rate_avg,90.98911391511508,-1
2025-05-20,heart_rate_avg,89.65635652256024,-1
2025-05-22,heart_rate_avg,99.91949404527595,-1
2025-07-14,heart_rate_avg,88.92520804180312,-1
2025-08-09,heart_rate_avg,91.11040922222804,-1
2025-09-02,heart_rate_avg,39.08718070673597,-1
2024-09-23,heart_rate_avg,89.81759903256221,-1
2024-10-16,heart_rate_avg,87.54152836242538,-1
2024-10-17,heart_rate_avg,90.96132411580136,-1
2024-11-08,heart_rate_avg,91.22258536666578,-1
2024-12-16,heart_rate_avg,89.6740789925073,-1
2025-03-01,heart_rate_avg,94.75912828197076,-1
2025-03-30,heart_rate_avg,89.52419994542538,-1
2025-05-13,heart_rate_avg,87.74938678806977,-1
2025-07-22,heart_rate_avg,87.73185423990451,-1
2024-09-10,heart_rate_avg,39.42931440763442,-1
2024-10-01,heart_rate_avg,42.65395163947896,-1
2024-10-19,heart_rate_avg,40.60687513914756,-1
2024-11-04,heart_rate_avg,42.17066187426735,-1
2024-11-20,heart_rate_avg,42.218620018871846,-1
2024-12-20,heart_rate_avg,89.579718520172,-1
2025-01-15,heart_rate_avg,40.64641511528725,-1
2025-02-03,heart_rate_avg,25.265657711007293,-1
2025-02-19,heart_rate_avg,33.130457217432024,-1
2025-03-05,heart_rate_avg,40.84965688601835,-1
2025-03-15,heart_rate_avg,42.77403022674745,-1
2025-04-28,heart_rate_avg,39.159075007019794,-1
2025-05-07,heart_rate_avg,37.35758746030813,-1
2025-05-18,heart_rate_avg,32.15050908868194,-1
2025-05-22,heart_rate_avg,40.77001698622121,-1
2025-05-25,heart_rate_avg,35.97324427807794,-1
2025-05-30,heart_rate_avg,92.29374319141372,-1
2025-06-04,heart_rate_avg,33.00387320361808,-1
2025-06-06,heart_rate_avg,41.0191563099708,-1
2025-06-30,heart_rate_avg,41.17005817078919,-1
2025-07-16,heart_rate_avg,36.57065224275964,-1
2025-08-12,heart_rate_avg,40.31044198391697,-1
2025-08-23,heart_rate_avg,38.78575400592311,-1
2024-10-11,heart_rate_avg,92.08608690749062,-1
2024-12-26,heart_rate_avg,94.8453601861006,-1
2025-01-11,heart_rate_avg,87.66659186368857,-1
2025-03-06,heart_rate_avg,94.95550284841882,-1
2025-04-24,heart_rate_avg,42.66370423115341,-1
2025-04-26,heart_rate_avg,96.43087411385564,-1
2025-06-01,heart_rate_avg,42.0963872744197,-1
2025-06-24,heart_rate_avg,90.07676270374132,-1
2025-07-12,heart_rate_avg,40.378026704622826,-1
2025-08-18,heart_rate_avg,90.094259413049,-1
2024-11-04,heart_rate_avg,91.5042971639636,-1
2024-12-16,heart_rate_avg,43.082489525813465,-1
2025-01-22,heart_rate_avg,41.7542344018826,-1
2025-04-20,heart_rate_avg,89.05023677959923,-1
2025-04-28,heart_rate_avg,93.7257231481406,-1
2025-05-15,heart_rate_avg,38.2975640794415,-1
2025-06-16,heart_rate_avg,88.41828283379662,-1
2025-07-13,heart_rate_avg,41.77614452656865,-1
2025-08-08,heart_rate_avg,97.61323300327656,-1
2025-08-11,heart_rate_avg,88.61847162772504,-1
2024-09-22,heart_rate_avg,33.49008312249949,-1
2025-01-16,heart_rate_avg,91.70322580883835,-1
2025-01-22,heart_rate_avg,88.91789829968414,-1
2025-01-23,heart_rate_avg,31.941927372977297,-1
2025-01-29,heart_rate_avg,88.06484105970259,-1
2025-03-24,heart_rate_avg,87.68487774161589,-1
2025-04-04,heart_rate_avg,91.2084291961276,-1
2025-05-05,heart_rate_avg,40.72057140970427,-1
2025-06-02,heart_rate_avg,36.89035086189489,-1
2025-06-12,heart_rate_avg,96.25594965448026,-1
2025-06-17,heart_rate_avg,91.8096911000512,-1
2025-06-29,heart_rate_avg,87.73701224781854,-1
2025-07-10,heart_rate_avg,90.89271136284816,-1
2025-08-22,heart_rate_avg,89.51026336197341,-1
2024-10-07,heart_rate_avg,87.44834608962265,-1
2024-12-28,heart_rate_avg,90.43844399291866,-1
2025-01-16,heart_rate_avg,97.73920933503597,-1
2025-01-30,heart_rate_avg,42.97360032088962,-1
2025-02-13,heart_rate_avg,93.5482900913734,-1
2025-03-20,heart_rate_avg,96.9068597479147,-1
2025-05-02,heart_rate_avg,95.44120105680622,-1
2025-05-07,heart_rate_avg,89.30410861872787,-1
2025-05-10,heart_rate_avg,92.6739075829307,-1
2025-06-06,heart_rate_avg,43.03594128694763,-1
2025-07-30,heart_rate_avg,89.22025089310357,-1
2025-08-11,heart_rate_avg,95.14657483862776,-1
2024-10-21,heart_rate_avg,94.85742513913894,-1
2024-11-08,heart_rate_avg,89.6208502526419,-1
2024-11-19,heart_rate_avg,91.92140103557212,-1
2024-12-06,heart_rate_avg,89.54082266697284,-1
2024-12-19,heart_rate_avg,87.72892456621895,-1
2025-01-02,heart_rate_avg,92.883167351237,-1
2025-01-27,heart_rate_avg,87.72750471273885,-1
2025-04-04,heart_rate_avg,40.97277304919753,-1
2025-04-09,heart_rate_avg,88.08059032879827,-1
2025-05-17,heart_rate_avg,95.75602544587144,-1
2025-05-28,heart_rate_avg,87.91950970597763,-1
2025-06-10,heart_rate_avg,91.18271206921445,-1
2025-07-29,heart_rate_avg,88.2921837159695,-1
2025-09-04,heart_rate_avg,92.517573397631,-1
2024-09-09,heart_rate_avg,41.64210786382091,-1
2024-09-25,heart_rate_avg,39.878047929284,-1
2024-10-05,heart_rate_avg,42.46432018238197,-1
2024-10-23,heart_rate_avg,40.336386714186034,-1
2024-10-24,heart_rate_avg,88.28354282714744,-1
2024-10-27,heart_rate_avg,40.91117786209849,-1
2024-11-03,heart_rate_avg,41.84717347817261,-1
2024-11-13,heart_rate_avg,31.35017607426961,-1
2024-12-24,heart_rate_avg,41.16466611047542,-1
2024-12-25,heart_rate_avg,41.425541312175255,-1
2025-01-10,heart_rate_avg,42.401023871288416,-1
2025-01-24,heart_rate_avg,41.73026236401893,-1
2025-01-28,heart_rate_avg,35.24820512153721,-1
2025-02-21,heart_rate_avg,41.15230656795798,-1
2025-05-16,heart_rate_avg,42.6691808983377,-1
2025-07-14,heart_rate_avg,90.09010905203576,-1
2025-07-20,heart_rate_avg,36.011610697703475,-1
2025-08-12,heart_rate_avg,40.55412810801273,-1
2025-08-21,heart_rate_avg,42.88497093841794,-1
2024-12-13,heart_rate_avg,95.46972082246144,-1
2025-03-16,heart_rate_avg,34.95424355037584,-1
2025-04-09,heart_rate_avg,35.37487072905652,-1
2025-05-06,heart_rate_avg,94.79673614784878,-1
2025-07-05,heart_rate_avg,92.960720266499,-1
2025-07-12,heart_rate_avg,91.08228475567704,-1
2025-09-02,heart_rate_avg,92.23227114238212,-1
2024-09-14,heart_rate_avg,88.01984741776306,-1
2024-10-19,heart_rate_avg,37.40835775960253,-1
2024-11-18,heart_rate_avg,90.37152839433033,-1
2025-01-07,heart_rate_avg,90.75789734491572,-1
2025-01-13,heart_rate_avg,89.75031752810204,-1
2025-01-29,heart_rate_avg,90.18765164198054,-1
2025-04-14,heart_rate_avg,93.14464633765866,-1
2025-04-18,heart_rate_avg,89.66057547636558,-1
2025-04-25,heart_rate_avg,90.58171240817326,-1
2025-05-08,heart_rate_avg,87.87218217142274,-1
2025-05-18,heart_rate_avg,88.43325852040155,-1
2025-07-01,heart_rate_avg,93.4079151213113,-1
2025-07-24,heart_rate_avg,91.4510181424444,-1
2025-07-29,heart_rate_avg,93.81817333767115,-1
2025-08-14,heart_rate_avg,93.57624596495684,-1
2025-08-25,heart_rate_avg,88.02521516001211,-1
2024-09-23,heart_rate_avg,40.63384156286443,-1
2024-10-13,heart_rate_avg,42.08275287091668,-1
2024-10-14,heart_rate_avg,38.712277530472,-1
2024-10-25,heart_rate_avg,41.81162939173703,-1
2024-11-28,heart_rate_avg,37.42411738868989,-1
2024-12-20,heart_rate_avg,41.28450982648052,-1
2025-01-03,heart_rate_avg,42.54484202556244,-1
2025-01-16,heart_rate_avg,36.399445099016646,-1
2025-01-29,heart_rate_avg,41.8243103891901,-1
2025-02-08,heart_rate_avg,42.12725434284019,-1
2025-02-18,heart_rate_avg,41.81156915394604,-1
2025-02-25,heart_rate_avg,38.3370802050474,-1
2025-03-04,heart_rate_avg,39.084656695259945,-1
2025-03-30,heart_rate_avg,42.58935799037721,-1
2025-04-19,heart_rate_avg,39.540101813817806,-1
2025-04-20,heart_rate_avg,42.76265287862125,-1
2025-04-26,heart_rate_avg,37.49465060168798,-1
2025-05-21,heart_rate_avg,43.05722862665877,-1
2025-05-28,heart_rate_avg,39.420270527324575,-1
2025-07-05,heart_rate_avg,40.42089288165355,-1
2025-07-07,heart_rate_avg,42.822715268097966,-1
2025-07-15,heart_rate_avg,39.448397971130696,-1
2025-07-27,heart_rate_avg,42.69439272463528,-1
2025-08-02,heart_rate_avg,40.96394176362045,-1
2024-11-29,heart_rate_avg,96.21398399161882,-1
2024-12-25,heart_rate_avg,89.89689302747527,-1
2025-01-02,heart_rate_avg,88.18473263502423,-1
2025-01-26,heart_rate_avg,93.44501683852305,-1
2025-02-16,heart_rate_avg,93.32996360497626,-1
2025-02-20,heart_rate_avg,88.59374765644688,-1
2025-03-01,heart_rate_avg,88.72206085230786,-1
2025-06-08,heart_rate_avg,38.90303503429588,-1
2025-06-30,heart_rate_avg,42.72642743649168,-1
2025-07-12,heart_rate_avg,42.56535199774002,-1
2025-07-26,heart_rate_avg,90.18030643519153,-1
2025-01-05,heart_rate_avg,33.583794218590256,-1
2025-01-17,heart_rate_avg,40.58200040718037,-1
2025-03-18,heart_rate_avg,39.30915749327578,-1
2025-04-26,heart_rate_avg,42.68002999139919,-1
2025-05-31,heart_rate_avg,39.262952429569374,-1
2025-08-02,heart_rate_avg,35.831460831893736,-1
2025-08-05,heart_rate_avg,37.63369658484218,-1
2025-09-01,heart_rate_avg,38.8429969507253,-1
2024-09-11,heart_rate_avg,87.67851173717567,-1
2024-09-26,heart_rate_avg,91.12433091504012,-1
2024-10-25,heart_rate_avg,93.15899880058345,-1
2024-11-20,heart_rate_avg,88.29822257682727,-1
2024-12-02,heart_rate_avg,41.18550713419279,-1
2024-12-21,heart_rate_avg,42.4529341263662,-1
2025-01-12,heart_rate_avg,36.33582084405079,-1
2025-02-05,heart_rate_avg,41.74134694544146,-1
2025-02-09,heart_rate_avg,37.02759765963651,-1
2025-03-04,heart_rate_avg,89.68660293113967,-1
2025-04-11,heart_rate_avg,29.846607640736792,-1
2025-05-23,heart_rate_avg,38.31616332421824,-1
2025-05-28,heart_rate_avg,88.97084009532838,-1
2024-10-02,heart_rate_avg,92.77257117849956,-1
2025-02-14,heart_rate_avg,98.9244008716718,-1
2025-03-11,heart_rate_avg,41.67679234234917,-1
2025-05-09,heart_rate_avg,88.1526098438066,-1
2025-06-05,heart_rate_avg,39.90825279422349,-1
2025-06-24,heart_rate_avg,95.88841000728436,-1
2025-07-08,heart_rate_avg,41.87246671503812,-1
2025-08-06,heart_rate_avg,90.93834853878604,-1
2025-08-22,heart_rate_avg,42.31935754972332,-1
2024-09-27,heart_rate_avg,33.73916106382817,-1
2024-09-28,heart_rate_avg,29.796668147413698,-1
2024-10-11,heart_rate_avg,40.470609686149686,-1
2024-10-12,heart_rate_avg,42.532740793662526,-1
2024-10-13,heart_rate_avg,41.13502768630611,-1
2024-10-23,heart_rate_avg,43.13875065310979,-1
2024-10-24,heart_rate_avg,42.285817507823054,-1
2024-10-27,heart_rate_avg,41.28010030321372,-1
2024-10-28,heart_rate_avg,27.315752740201887,-1
2024-11-03,heart_rate_avg,41.17857014609756,-1
2024-11-05,heart_rate_avg,37.919265090317424,-1
2024-11-10,heart_rate_avg,28.60222267744317,-1
2024-11-11,heart_rate_avg,42.32940471533039,-1
2024-11-14,heart_rate_avg,42.014123840486754,-1
2024-11-17,heart_rate_avg,41.65721194495406,-1
2024-11-21,heart_rate_avg,30.98236622418368,-1
2024-11-24,heart_rate_avg,41.67235705000745,-1
2024-11-25,heart_rate_avg,42.97292113247855,-1
2024-11-26,heart_rate_avg,41.019183840948045,-1
2024-12-01,heart_rate_avg,34.754662993044725,-1
2024-12-04,heart_rate_avg,37.03343716649852,-1
2024-12-10,heart_rate_avg,38.7999585491726,-1
2024-12-13,heart_rate_avg,33.149031450293755,-1
2024-12-18,heart_rate_avg,42.54012845429776,-1
2024-12-22,heart_rate_avg,16.753438159376053,-1
2024-12-28,heart_rate_avg,42.30012357394349,-1
2025-01-08,heart_rate_avg,41.324583697050734,-1
2025-01-13,heart_rate_avg,42.13012135750405,-1
2025-01-17,heart_rate_avg,41.33550951246171,-1
2025-01-28,heart_rate_avg,42.31056212287336,-1
2025-02-03,heart_rate_avg,37.16348222294481,-1
2025-02-05,heart_rate_avg,34.95836595618093,-1
2025-02-11,heart_rate_avg,33.02365755476134,-1
2025-02-12,heart_rate_avg,42.66203492732986,-1
2025-02-18,heart_rate_avg,42.30518061785734,-1
2025-03-01,heart_rate_avg,36.96420670326047,-1
2025-03-03,heart_rate_avg,42.86662402469516,-1
2025-03-13,heart_rate_avg,40.35474769421049,-1
2025-03-19,heart_rate_avg,40.753512591363645,-1
2025-03-24,heart_rate_avg,40.29253137939268,-1
2025-03-29,heart_rate_avg,33.80170218725583,-1
2025-04-10,heart_rate_avg,36.578641612584974,-1
2025-04-14,heart_rate_avg,42.40754570128631,-1
2025-04-21,heart_rate_avg,40.38555528379478,-1
2025-04-28,heart_rate_avg,42.72710524288467,-1
2025-05-07,heart_rate_avg,41.353696542262135,-1
2025-05-09,heart_rate_avg,42.86518640929326,-1
2025-05-10,heart_rate_avg,40.28138229789454,-1
2025-05-18,heart_rate_avg,41.53601233842936,-1
2025-05-20,heart_rate_avg,40.96478530440551,-1
2025-05-26,heart_rate_avg,30.885013581689854,-1
2025-05-28,heart_rate_avg,36.783444315577285,-1
2025-05-29,heart_rate_avg,35.66851711178361,-1
2025-05-30,heart_rate_avg,42.88257277402866,-1
2025-06-24,heart_rate_avg,37.49838044242732,-1
2025-06-27,heart_rate_avg,33.08410771527636,-1
2025-06-29,heart_rate_avg,37.79863723314676,-1
2025-07-01,heart_rate_avg,43.180220474439466,-1
2025-07-22,heart_rate_avg,38.64000185273712,-1
2025-07-25,heart_rate_avg,41.94359566268445,-1
2025-07-31,heart_rate_avg,32.59572315635635,-1
2025-08-04,heart_rate_avg,38.199814713123736,-1
2025-08-07,heart_rate_avg,42.71191243961367,-1
2025-08-08,heart_rate_avg,40.78989776150823,-1
2024-09-17,heart_rate_avg,89.5981737349263,-1
2024-09-23,heart_rate_avg,88.72767317550557,-1
2024-10-06,heart_rate_avg,42.67262688954828,-1
2024-11-27,heart_rate_avg,92.57546760698789,-1
2024-11-28,heart_rate_avg,43.09688564622934,-1
2024-11-30,heart_rate_avg,43.08805988557625,-1
2025-01-26,heart_rate_avg,90.26363234171812,-1
2025-02-12,heart_rate_avg,34.80833302183585,-1
2025-02-26,heart_rate_avg,94.02783686897236,-1
2025-05-11,heart_rate_avg,36.222873577030605,-1
2025-06-02,heart_rate_avg,40.40848892947464,-1
2025-06-04,heart_rate_avg,40.877581996002846,-1
2025-06-24,heart_rate_avg,90.03669525065048,-1
2025-06-27,heart_rate_avg,40.531723984639534,-1
2025-07-03,heart_rate_avg,88.45064233787704,-1
2025-07-10,heart_rate_avg,92.59260760618474,-1
2025-08-28,heart_rate_avg,88.85415956063152,-1
2024-09-09,heart_rate_avg,89.25376663288142,-1
2024-09-14,heart_rate_avg,39.15400496130557,-1
2024-10-07,heart_rate_avg,88.7428268368839,-1
2024-12-09,heart_rate_avg,88.57448514258547,-1
2025-01-09,heart_rate_avg,92.32043396393874,-1
2025-02-04,heart_rate_avg,92.53537360283688,-1
2025-02-25,heart_rate_avg,89.87210173842092,-1
2025-05-31,heart_rate_avg,91.0703692579016,-1
2025-06-22,heart_rate_avg,90.2576976115165,-1
2025-07-28,heart_rate_avg,88.74339747124091,-1
2025-08-06,heart_rate_avg,91.15268178449156,-1
2025-08-18,heart_rate_avg,93.0330941213215,-1
2025-08-24,heart_rate_avg,90.93107223467848,-1
2024-09-13,heart_rate_avg,89.35340840425894,-1
2024-10-26,heart_rate_avg,88.10256274088528,-1
2024-10-31,heart_rate_avg,94.99694196434676,-1
2024-11-20,heart_rate_avg,91.64156901562887,-1
2025-01-09,heart_rate_avg,42.32599368887022,-1
2025-01-17,heart_rate_avg,89.29585165367192,-1
2025-01-28,heart_rate_avg,41.90698774806837,-1
2025-03-03,heart_rate_avg,42.807517745706406,-1
2025-07-11,heart_rate_avg,95.27629390030155,-1
2025-07-28,heart_rate_avg,89.47992229524539,-1
2025-08-02,heart_rate_avg,94.30114884658812,-1
2025-08-07,heart_rate_avg,95.77393797656772,-1
2025-08-11,heart_rate_avg,90.15854350946069,-1
2025-09-04,heart_rate_avg,43.026952124305296,-1
2024-09-13,heart_rate_avg,38.928879000098455,-1
2024-10-23,heart_rate_avg,42.34117476697267,-1
2024-10-24,heart_rate_avg,39.0423005487712,-1
2024-11-14,heart_rate_avg,39.92734120307546,-1
2025-02-13,heart_rate_avg,88.56787598166656,-1
2025-04-22,heart_rate_avg,39.47539990169213,-1
2025-04-24,heart_rate_avg,42.94682130294973,-1
2025-06-03,heart_rate_avg,34.03580872126295,-1
2025-06-27,heart_rate_avg,38.50705884404703,-1
2025-06-29,heart_rate_avg,98.46016172088488,-1
2025-08-22,heart_rate_avg,43.04474542629968,-1
2024-09-27,heart_rate_avg,96.50986378348338,-1
2024-10-09,heart_rate_avg,90.88708447647946,-1
2024-10-11,heart_rate_avg,87.73743155802298,-1
2024-10-26,heart_rate_avg,88.05033467427823,-1
2024-11-15,heart_rate_avg,37.63782682765058,-1
2024-11-18,heart_rate_avg,87.50327640066905,-1
2024-12-05,heart_rate_avg,92.27699448011504,-1
2024-12-12,heart_rate_avg,95.46648119052406,-1
2025-03-15,heart_rate_avg,94.54776179681863,-1
2025-05-29,heart_rate_avg,88.42237214900013,-1
2025-06-28,heart_rate_avg,88.3088885792923,-1
2025-07-26,heart_rate_avg,87.8349260643432,-1
2024-09-13,heart_rate_avg,92.99918916493638,-1
2024-11-17,heart_rate_avg,89.26758419743449,-1
2024-12-31,heart_rate_avg,98.49111407451012,-1
2025-02-11,heart_rate_avg,88.44383487614388,-1
2025-03-23,heart_rate_avg,87.72624409799073,-1
2025-04-10,heart_rate_avg,89.36891986289189,-1
2025-04-14,heart_rate_avg,92.3103160706706,-1
2025-06-02,heart_rate_avg,90.27596716322086,-1
2025-06-25,heart_rate_avg,37.45975386522012,-1
2025-07-01,heart_rate_avg,35.24248613458753,-1
2025-08-27,heart_rate_avg,40.61960302073519,-1
2024-09-11,heart_rate_avg,89.81188061820444,-1
2024-12-09,heart_rate_avg,32.75670950973839,-1
2025-01-02,heart_rate_avg,41.27553642351223,-1
2025-06-02,heart_rate_avg,87.67789647498014,-1
2025-06-22,heart_rate_avg,94.35702906493604,-1
2025-08-10,heart_rate_avg,93.5344739685918,-1
2024-09-26,heart_rate_avg,88.78210154653007,-1
2024-09-29,heart_rate_avg,95.47396796271434,-1
2024-09-30,heart_rate_avg,91.59509176420156,-1
2024-11-06,heart_rate_avg,88.5770643157595,-1
2024-11-25,heart_rate_avg,88.78911972815392,-1
2024-12-20,heart_rate_avg,94.8080666701035,-1
2025-02-01,heart_rate_avg,91.055384365758,-1
2025-02-17,heart_rate_avg,88.34485322575213,-1
2025-02-18,heart_rate_avg,98.71035699187902,-1
2025-02-27,heart_rate_avg,93.36624138980876,-1
2025-03-15,heart_rate_avg,97.04632166064918,-1
2025-03-30,heart_rate_avg,97.30150386732852,-1
2025-04-11,heart_rate_avg,92.29624946909986,-1
2025-04-17,heart_rate_avg,42.88197183531727,-1
2025-04-20,heart_rate_avg,88.280521197323,-1
2025-04-30,heart_rate_avg,106.72107241571888,-1
2025-05-05,heart_rate_avg,89.53891479113267,-1
2025-05-21,heart_rate_avg,93.90137831145702,-1
2025-05-27,heart_rate_avg,95.68435151651256,-1
2025-06-25,heart_rate_avg,87.49956752445902,-1
2025-07-04,heart_rate_avg,90.64573256297196,-1
2025-07-15,heart_rate_avg,87.69540781265677,-1
2025-07-18,heart_rate_avg,89.21446524835159,-1
2025-07-29,heart_rate_avg,90.70892076209611,-1
2024-10-21,heart_rate_avg,90.53022054603665,-1
2024-10-26,heart_rate_avg,89.7487463368929,-1
2024-11-09,heart_rate_avg,41.74137087247323,-1
2024-12-26,heart_rate_avg,42.25134756886099,-1
2025-01-11,heart_rate_avg,88.30361155021009,-1
2025-02-27,heart_rate_avg,88.75353840845744,-1
2025-03-17,heart_rate_avg,37.19975214928958,-1
2025-06-21,heart_rate_avg,42.829222503318064,-1
2025-06-29,heart_rate_avg,104.00079053301496,-1
2025-07-27,heart_rate_avg,87.49609491047897,-1
2024-09-09,heart_rate_avg,35.156067506771336,-1
2024-10-10,heart_rate_avg,35.134546215319375,-1
2024-11-01,heart_rate_avg,33.26141064007471,-1
2024-11-28,heart_rate_avg,43.176687404298605,-1
2024-12-13,heart_rate_avg,43.09067922603907,-1
2025-01-03,heart_rate_avg,43.04023298984845,-1
2025-01-05,heart_rate_avg,41.255756291226895,-1
2025-02-22,heart_rate_avg,39.97606078100307,-1
2025-02-26,heart_rate_avg,41.423281930667216,-1
2025-03-26,heart_rate_avg,40.33545346654944,-1
2025-04-06,heart_rate_avg,40.52913016227744,-1
2025-04-24,heart_rate_avg,42.99702209919944,-1
2025-05-19,heart_rate_avg,35.54918479325748,-1
2025-06-20,heart_rate_avg,39.52283149873433,-1
2025-08-16,heart_rate_avg,38.97551113008498,-1
2024-10-28,heart_rate_avg,91.81452758723114,-1
2024-11-20,heart_rate_avg,36.01071362654086,-1
2024-11-25,heart_rate_avg,88.7131858624424,-1
2024-11-26,heart_rate_avg,40.91676604663968,-1
2025-01-13,heart_rate_avg,34.84549033234698,-1
2025-02-03,heart_rate_avg,93.11949472682758,-1
2025-02-13,heart_rate_avg,42.618642969118895,-1
2025-04-24,heart_rate_avg,37.30227271131999,-1
2025-05-29,heart_rate_avg,42.37758342360883,-1
2025-07-14,heart_rate_avg,95.65859740585744,-1
2024-10-18,heart_rate_avg,42.47487486201216,-1
2024-10-22,heart_rate_avg,96.90891330708746,-1
2024-10-31,heart_rate_avg,92.83306923131246,-1
2025-01-31,heart_rate_avg,89.57860157370851,-1
2025-02-02,heart_rate_avg,38.81537632171796,-1
2025-02-17,heart_rate_avg,39.159123637507015,-1
2025-04-17,heart_rate_avg,40.364499917941146,-1
2025-04-19,heart_rate_avg,42.26735271328438,-1
2025-04-22,heart_rate_avg,41.9406785034758,-1
2025-05-06,heart_rate_avg,32.56149791942619,-1
2025-05-19,heart_rate_avg,90.31712980702028,-1
2025-06-16,heart_rate_avg,40.59288531230757,-1
2025-07-01,heart_rate_avg,40.69624699819407,-1
2025-07-05,heart_rate_avg,41.58271304069583,-1
2025-08-25,heart_rate_avg,42.04725042235856,-1
2024-09-26,heart_rate_avg,42.99182096147153,-1
2024-11-14,heart_rate_avg,91.66871030727744,-1
2024-11-20,heart_rate_avg,97.81336908294168,-1
2024-12-08,heart_rate_avg,93.64416289552138,-1
2025-01-14,heart_rate_avg,87.45160568348817,-1
2025-02-08,heart_rate_avg,91.09955485400948,-1
2025-02-26,heart_rate_avg,90.183438632924,-1
2025-03-27,heart_rate_avg,87.90913795190325,-1
2025-04-13,heart_rate_avg,94.86917869868668,-1
2025-04-21,heart_rate_avg,91.54875945751336,-1
2025-04-27,heart_rate_avg,95.65569580115924,-1
2025-05-25,heart_rate_avg,89.67962270276499,-1
2025-05-26,heart_rate_avg,87.79710923488956,-1
2025-06-04,heart_rate_avg,89.4376042645676,-1
2025-06-19,heart_rate_avg,88.29404769596391,-1
2025-07-05,heart_rate_avg,34.67657559115557,-1
2025-07-28,heart_rate_avg,90.827782118922,-1
2024-10-15,heart_rate_avg,90.769539397816,-1
2024-10-23,heart_rate_avg,89.25576627542196,-1
2024-10-24,heart_rate_avg,88.29558349927385,-1
2024-11-11,heart_rate_avg,41.03911905736106,-1
2024-12-28,heart_rate_avg,96.0061667131807,-1
2025-01-13,heart_rate_avg,90.91731971545028,-1
2025-02-05,heart_rate_avg,91.33970020071015,-1
2025-03-04,heart_rate_avg,42.923453578696126,-1
2025-04-26,heart_rate_avg,88.52254381813877,-1
2025-05-30,heart_rate_avg,88.72359974206431,-1
2025-05-31,heart_rate_avg,93.68347265982416,-1
2025-06-09,heart_rate_avg,41.59265148504682,-1
2025-06-20,heart_rate_avg,87.49466324968078,-1
2025-06-22,heart_rate_avg,89.76437526256622,-1
2025-08-13,heart_rate_avg,89.32035546391832,-1
2025-08-20,heart_rate_avg,42.43585988114228,-1
2024-11-11,heart_rate_avg,43.02919136256088,-1
2024-12-04,heart_rate_avg,37.04247137065744,-1
2024-12-05,heart_rate_avg,38.15533367938704,-1
2025-01-01,heart_rate_avg,41.03608509685255,-1
2025-02-16,heart_rate_avg,38.721027473668656,-1
2025-03-30,heart_rate_avg,90.19982949805124,-1
2025-04-14,heart_rate_avg,40.99962863498028,-1
2025-04-19,heart_rate_avg,41.83607857042741,-1
2025-05-16,heart_rate_avg,90.68332526571818,-1
2025-05-31,heart_rate_avg,42.08474197194048,-1
2025-06-21,heart_rate_avg,38.771987854823706,-1
2025-06-23,heart_rate_avg,42.914028484986986,-1
2024-09-07,heart_rate_avg,103.3559733673027,-1
2024-12-20,heart_rate_avg,91.71143297557036,-1
2025-02-16,heart_rate_avg,88.0986313843166,-1
2025-03-19,heart_rate_avg,43.20091908001864,-1
2025-04-18,heart_rate_avg,41.04424461745703,-1
2025-04-23,heart_rate_avg,90.48757716165176,-1
2025-06-06,heart_rate_avg,88.00678042648737,-1
2025-06-27,heart_rate_avg,87.56584283047809,-1
2025-08-17,heart_rate_avg,101.02870234095292,-1
2024-10-03,heart_rate_avg,36.04802350988109,-1
2024-10-30,heart_rate_avg,36.78964967467645,-1
2024-11-05,heart_rate_avg,35.034365336600935,-1
2025-01-21,heart_rate_avg,42.69267326305538,-1
2025-02-05,heart_rate_avg,33.759928878245894,-1
2025-03-09,heart_rate_avg,42.66686105878959,-1
2025-04-12,heart_rate_avg,36.86299041878079,-1
2025-05-16,heart_rate_avg,42.81911491888288,-1
2025-05-27,heart_rate_avg,87.56045218780908,-1
2025-06-25,heart_rate_avg,33.19611245022897,-1
2025-07-14,heart_rate_avg,42.30774402738121,-1
2025-07-22,heart_rate_avg,39.40113419470271,-1
2025-08-14,heart_rate_avg,29.076245604673403,-1
2025-08-29,heart_rate_avg,91.26274700368064,-1
2025-09-01,heart_rate_avg,38.97133249657522,-1
2024-09-12,heart_rate_avg,106.37743712382836,-1
2024-09-17,heart_rate_avg,102.4617649406058,-1
2024-09-19,heart_rate_avg,90.64743804369424,-1
2024-09-23,heart_rate_avg,91.5966927969217,-1
2024-10-07,heart_rate_avg,97.03800553018942,-1
2024-10-19,heart_rate_avg,90.44205178350867,-1
2024-10-25,heart_rate_avg,93.4086113364028,-1
2024-10-31,heart_rate_avg,92.20529537761398,-1
2024-11-05,heart_rate_avg,95.25752300074524,-1
2024-11-11,heart_rate_avg,90.6319497962614,-1
2024-11-12,heart_rate_avg,98.8535352413821,-1
2024-11-13,heart_rate_avg,87.99330229723196,-1
2024-11-14,heart_rate_avg,88.76014572562397,-1
2024-11-25,heart_rate_avg,99.87070621840368,-1
2024-12-01,heart_rate_avg,97.3504799998584,-1
2024-12-03,heart_rate_avg,90.11690123394852,-1
2024-12-07,heart_rate_avg,93.34143985608269,-1
2024-12-08,heart_rate_avg,94.09598751321552,-1
2024-12-17,heart_rate_avg,103.43647903482707,-1
2024-12-19,heart_rate_avg,90.72844911454236,-1
2024-12-23,heart_rate_avg,93.72862827800984,-1
2024-12-30,heart_rate_avg,87.67271310879003,-1
2025-01-02,heart_rate_avg,96.23152687755656,-1
2025-01-10,heart_rate_avg,101.08142529827413,-1
2025-01-12,heart_rate_avg,93.55561504368076,-1
2025-01-13,heart_rate_avg,88.99213273980358,-1
2025-01-16,heart_rate_avg,90.90617633685476,-1
2025-01-22,heart_rate_avg,95.37701046871484,-1
2025-01-31,heart_rate_avg,88.55397127477768,-1
2025-02-03,heart_rate_avg,96.04408632158864,-1
2025-02-18,heart_rate_avg,91.155888695155,-1
2025-03-04,heart_rate_avg,91.53454165372904,-1
2025-03-05,heart_rate_avg,92.59619393577312,-1
2025-03-10,heart_rate_avg,91.89465192590325,-1
2025-03-18,heart_rate_avg,88.64790303784851,-1
2025-03-22,heart_rate_avg,103.81998068440438,-1
2025-04-15,heart_rate_avg,99.82137290661802,-1
2025-04-16,heart_rate_avg,91.63872950819066,-1
2025-04-17,heart_rate_avg,87.43163829517174,-1
2025-04-19,heart_rate_avg,88.47696466096923,-1
2025-04-23,heart_rate_avg,93.96569692632542,-1
2025-04-28,heart_rate_avg,90.48016130229573,-1
2025-05-07,heart_rate_avg,88.92470113437783,-1
2025-05-10,heart_rate_avg,104.47083372037385,-1
2025-05-13,heart_rate_avg,90.83742795055628,-1
2025-05-15,heart_rate_avg,90.23543921130522,-1
2025-05-17,heart_rate_avg,90.87373334372782,-1
2025-05-18,heart_rate_avg,91.6661476298599,-1
2025-05-25,heart_rate_avg,91.74537819002197,-1
2025-06-02,heart_rate_avg,91.02825310342703,-1
2025-06-09,heart_rate_avg,102.30563130240168,-1
2025-06-13,heart_rate_avg,91.51934673540129,-1
2025-06-20,heart_rate_avg,87.47891686555818,-1
2025-07-02,heart_rate_avg,100.66610334013389,-1
2025-07-07,heart_rate_avg,91.87651858076012,-1
2025-07-09,heart_rate_avg,92.91204306127332,-1
2025-08-08,heart_rate_avg,99.86860818461896,-1
2025-08-09,heart_rate_avg,87.43380777667764,-1
2025-08-11,heart_rate_avg,89.31951702650004,-1
2025-08-15,heart_rate_avg,90.26897028214624,-1
2025-08-19,heart_rate_avg,93.13464011533767,-1
2025-08-21,heart_rate_avg,92.6283657073794,-1
2025-09-05,heart_rate_avg,100.87897307025136,-1
2024-09-28,heart_rate_avg,36.5623585176904,-1
2024-11-14,heart_rate_avg,93.37909338310683,-1
2024-12-10,heart_rate_avg,91.77600038715804,-1
2024-12-11,heart_rate_avg,35.06922361586814,-1
2024-12-12,heart_rate_avg,96.86532081681048,-1
2025-04-05,heart_rate_avg,41.559886196795176,-1
2025-04-17,heart_rate_avg,93.1858859293154,-1
2025-05-01,heart_rate_avg,87.59650585998806,-1
2025-07-17,heart_rate_avg,39.930937916963934,-1
2025-07-20,heart_rate_avg,42.35590885118227,-1
2025-08-02,heart_rate_avg,40.53692500846759,-1
2025-08-19,heart_rate_avg,38.25284550624411,-1
2024-09-06,heart_rate_avg,38.70816391583533,-1
2024-10-14,heart_rate_avg,41.78733201212491,-1
2024-11-17,heart_rate_avg,89.47507548694796,-1
2024-12-18,heart_rate_avg,87.8339728549191,-1
2025-01-16,heart_rate_avg,94.42875125974317,-1
2025-01-19,heart_rate_avg,87.6842758082728,-1
2025-01-22,heart_rate_avg,87.53758291374649,-1
2025-02-11,heart_rate_avg,102.60374897835992,-1
2025-03-06,heart_rate_avg,95.21876844981183,-1
2025-03-08,heart_rate_avg,88.76880706621473,-1
2025-04-20,heart_rate_avg,87.98221790738829,-1
2025-04-23,heart_rate_avg,87.61584128077766,-1
2025-07-09,heart_rate_avg,89.03815801467181,-1
2025-07-22,heart_rate_avg,42.22830128344633,-1
2025-08-16,heart_rate_avg,90.31828717406704,-1
2024-09-19,heart_rate_avg,31.57448493589299,-1
2024-10-03,heart_rate_avg,42.6935561922659,-1
2024-10-28,heart_rate_avg,87.49106676626025,-1
2024-12-04,heart_rate_avg,87.83451404285906,-1
2025-04-11,heart_rate_avg,89.57268755469988,-1
2025-04-20,heart_rate_avg,40.836263965622,-1
2025-05-06,heart_rate_avg,37.99887301666539,-1
2025-07-23,heart_rate_avg,38.63557089901212,-1
2025-07-26,heart_rate_avg,89.49170783255693,-1
2025-07-29,heart_rate_avg,87.96934019342336,-1
2024-10-23,heart_rate_avg,42.79618186364341,-1
2025-01-28,heart_rate_avg,89.2983577250653,-1
2025-02-12,heart_rate_avg,40.31281408082572,-1
2025-02-27,heart_rate_avg,87.94764672925093,-1
2025-03-01,heart_rate_avg,90.73525840219092,-1
2025-03-12,heart_rate_avg,88.06163699376401,-1
2025-03-13,heart_rate_avg,88.896467056152,-1
2025-03-24,heart_rate_avg,36.81108139547942,-1
2025-05-06,heart_rate_avg,41.36908576957288,-1
2025-07-01,heart_rate_avg,90.63152466511345,-1
2024-09-07,heart_rate_avg,89.10139308050921,-1
2024-10-05,heart_rate_avg,88.24539123245418,-1
2024-11-03,heart_rate_avg,39.68554589544458,-1
2024-12-09,heart_rate_avg,87.69765945852176,-1
2025-01-19,heart_rate_avg,94.03433279097936,-1
2025-01-23,heart_rate_avg,97.9636499310658,-1
2025-01-30,heart_rate_avg,88.94050857020183,-1
2025-03-15,heart_rate_avg,89.34327379149838,-1
2025-04-29,heart_rate_avg,92.43313124580968,-1
2025-05-07,heart_rate_avg,88.33680526731132,-1
2025-05-18,heart_rate_avg,87.43896985613179,-1
2025-06-02,heart_rate_avg,88.23161486080241,-1
2025-06-03,heart_rate_avg,89.70543441706444,-1
2025-06-15,heart_rate_avg,95.09024950998864,-1
2025-07-27,heart_rate_avg,89.30489035923054,-1
2025-08-10,heart_rate_avg,109.0541289264642,-1
2025-08-27,heart_rate_avg,38.65307958797421,-1
2025-09-03,heart_rate_avg,88.96856111254782,-1
2024-10-04,heart_rate_avg,41.28612349399351,-1
2024-10-30,heart_rate_avg,93.50358006687313,-1
2024-12-18,heart_rate_avg,38.21560378951622,-1
2024-12-29,heart_rate_avg,42.1925744935528,-1
2025-01-09,heart_rate_avg,42.97882231169316,-1
2025-01-19,heart_rate_avg,36.62744856843738,-1
2025-02-10,heart_rate_avg,43.00848591285761,-1
2025-02-28,heart_rate_avg,89.97502992773381,-1
2025-03-05,heart_rate_avg,96.60408046162698,-1
2025-03-28,heart_rate_avg,87.8510774621002,-1
2025-03-31,heart_rate_avg,40.872714342011854,-1
2024-09-06,heart_rate_avg,97.74329744458343,-1
2024-09-09,heart_rate_avg,89.48497949651785,-1
2024-09-13,heart_rate_avg,95.74341149307644,-1
2024-10-09,heart_rate_avg,90.04469112771112,-1
2024-10-11,heart_rate_avg,89.30131047832913,-1
2024-10-22,heart_rate_avg,90.88050444646738,-1
2024-11-16,heart_rate_avg,92.23608398552412,-1
2024-11-18,heart_rate_avg,92.5136177668757,-1
2024-12-03,heart_rate_avg,89.3324953574407,-1
2024-12-15,heart_rate_avg,98.86763020197112,-1
2024-12-23,heart_rate_avg,91.67865235945024,-1
2024-12-29,heart_rate_avg,89.53829283754585,-1
2025-01-30,heart_rate_avg,89.63256570963901,-1
2025-02-08,heart_rate_avg,90.23810624409936,-1
2025-02-14,heart_rate_avg,95.39645269695546,-1
2025-03-29,heart_rate_avg,90.61357280310258,-1
2025-03-31,heart_rate_avg,92.32378663536066,-1
2025-04-01,heart_rate_avg,88.98911812499148,-1
2025-04-05,heart_rate_avg,89.50223460279193,-1
2025-04-13,heart_rate_avg,88.73372092141032,-1
2025-04-21,heart_rate_avg,95.03660919218488,-1
2025-05-12,heart_rate_avg,88.04328797347995,-1
2025-05-18,heart_rate_avg,89.75517858055659,-1
2025-05-29,heart_rate_avg,94.95815510222737,-1
2025-06-11,heart_rate_avg,42.66087858604297,-1
2025-06-17,heart_rate_avg,88.41017982086498,-1
2025-06-27,heart_rate_avg,88.56924895920237,-1
2025-07-22,heart_rate_avg,89.8181209893998,-1
2024-09-12,heart_rate_avg,40.59580142460155,-1
2024-09-21,heart_rate_avg,42.93183471512789,-1
2024-10-01,heart_rate_avg,39.68249068861418,-1
2024-10-21,heart_rate_avg,38.438141282442885,-1
2024-11-01,heart_rate_avg,39.494308619554346,-1
2024-11-15,heart_rate_avg,38.85746085961874,-1
2024-11-23,heart_rate_avg,40.48357447686731,-1
2024-12-19,heart_rate_avg,41.79869209574895,-1
2024-12-23,heart_rate_avg,41.305317655240486,-1
2024-12-30,heart_rate_avg,35.78474522795108,-1
2025-01-04,heart_rate_avg,39.26638517400407,-1
2025-01-24,heart_rate_avg,37.73392697690613,-1
2025-01-26,heart_rate_avg,38.691097929501794,-1
2025-02-06,heart_rate_avg,41.97797591900426,-1
2025-02-08,heart_rate_avg,40.969455085241535,-1
2025-02-19,heart_rate_avg,38.71562961454568,-1
2025-03-01,heart_rate_avg,42.34980412620442,-1
2025-03-20,heart_rate_avg,42.03076020559968,-1
2025-03-29,heart_rate_avg,41.65599421660784,-1
2025-04-17,heart_rate_avg,42.15438036995143,-1
2025-04-30,heart_rate_avg,40.04265572412889,-1
2025-05-14,heart_rate_avg,43.13984465617465,-1
2025-05-26,heart_rate_avg,40.66740609809102,-1
2025-06-17,heart_rate_avg,40.74214003535725,-1
2025-06-30,heart_rate_avg,90.52981612980066,-1
2025-07-04,heart_rate_avg,35.67073204547023,-1
2025-07-08,heart_rate_avg,33.31595599373081,-1
2025-07-25,heart_rate_avg,42.60814107351685,-1
2025-08-17,heart_rate_avg,35.18206537166027,-1
2025-08-24,heart_rate_avg,36.972757052481455,-1
2025-09-01,heart_rate_avg,41.48716925217279,-1
2024-10-01,heart_rate_avg,88.24083810952195,-1
2025-02-01,heart_rate_avg,38.97034759728623,-1
2025-05-31,heart_rate_avg,37.62717109512767,-1
2025-06-23,heart_rate_avg,89.26475014527774,-1
2025-07-24,heart_rate_avg,87.70585686746111,-1
2025-08-02,heart_rate_avg,92.69918428698614,-1
2025-08-09,heart_rate_avg,39.64968948046457,-1
2024-09-15,heart_rate_avg,43.11203219687189,-1
2024-09-28,heart_rate_avg,39.59307997717556,-1
2024-11-05,heart_rate_avg,89.1501144774681,-1
2024-11-13,heart_rate_avg,41.65821806341837,-1
2025-01-04,heart_rate_avg,91.34135945538752,-1
2025-01-05,heart_rate_avg,87.73139241221611,-1
2025-05-01,heart_rate_avg,42.94283366816235,-1
2025-05-06,heart_rate_avg,89.31525833677279,-1
2025-05-22,heart_rate_avg,88.07903432082557,-1
2025-06-11,heart_rate_avg,95.6529864107926,-1
2025-06-29,heart_rate_avg,39.46329441892128,-1
2024-09-25,heart_rate_avg,37.71643396995076,-1
2024-10-01,heart_rate_avg,91.17669097826352,-1
2024-10-07,heart_rate_avg,87.62427825719183,-1
2024-10-14,heart_rate_avg,90.13675207571802,-1
2025-03-13,heart_rate_avg,89.76004238295386,-1
2025-04-17,heart_rate_avg,88.23073157446896,-1
2025-06-20,heart_rate_avg,96.13150488552408,-1
2024-09-19,heart_rate_avg,92.8616896346144,-1
2024-10-15,heart_rate_avg,92.26265994262336,-1
2024-10-27,heart_rate_avg,94.58704829031872,-1
2024-11-09,heart_rate_avg,41.75674691541735,-1
2024-12-19,heart_rate_avg,91.58857631393144,-1
2024-12-29,heart_rate_avg,94.93570591863434,-1
2025-02-24,heart_rate_avg,88.75538098536168,-1
2025-03-07,heart_rate_avg,91.43334369883196,-1
2025-03-28,heart_rate_avg,87.90300338902193,-1
2025-05-09,heart_rate_avg,89.35977781310618,-1
2025-06-04,heart_rate_avg,96.62434648979708,-1
2025-06-08,heart_rate_avg,41.92983905820452,-1
2025-08-25,heart_rate_avg,91.48677239202752,-1
2024-09-07,heart_rate_avg,36.3927024412878,-1
2024-09-11,heart_rate_avg,38.598183461161895,-1
2024-10-07,heart_rate_avg,42.09615674858558,-1
2024-10-09,heart_rate_avg,42.59234853615568,-1
2024-10-22,heart_rate_avg,40.15113906377184,-1
2024-10-26,heart_rate_avg,35.07328487145178,-1
2024-10-30,heart_rate_avg,39.23104729405638,-1
2024-11-08,heart_rate_avg,41.440159525583525,-1
2024-11-13,heart_rate_avg,38.059208829090025,-1
2024-11-19,heart_rate_avg,34.601662134020266,-1
2024-11-21,heart_rate_avg,35.003549019331416,-1
2024-12-02,heart_rate_avg,42.44370967933273,-1
2024-12-23,heart_rate_avg,41.79821132150568,-1
2025-01-02,heart_rate_avg,42.83335718650849,-1
2025-01-27,heart_rate_avg,34.63567660503877,-1
2025-02-16,heart_rate_avg,40.108382609364256,-1
2025-02-21,heart_rate_avg,41.52883904986541,-1
2025-02-25,heart_rate_avg,34.68248060631129,-1
2025-03-15,heart_rate_avg,26.599878273290138,-1
2025-03-20,heart_rate_avg,42.989017080219135,-1
2025-03-24,heart_rate_avg,38.39235372300104,-1
2025-05-20,heart_rate_avg,26.769887970407037,-1
2025-05-27,heart_rate_avg,41.90000163709278,-1
2025-05-28,heart_rate_avg,36.19102696975713,-1
2025-05-30,heart_rate_avg,42.62522057151731,-1
2025-06-02,heart_rate_avg,42.3277768451397,-1
2025-06-06,heart_rate_avg,42.201310953861736,-1
2025-06-30,heart_rate_avg,42.35903878396665,-1
2025-07-01,heart_rate_avg,41.414238833322365,-1
2025-07-08,heart_rate_avg,35.67594358737508,-1
2025-07-26,heart_rate_avg,40.5998088432664,-1
2025-08-05,heart_rate_avg,40.30111571837371,-1
2025-08-24,heart_rate_avg,40.35334836317646,-1
2025-09-04,heart_rate_avg,40.45633970022337,-1
2024-09-10,heart_rate_avg,38.20470898348768,-1
2024-09-13,heart_rate_avg,40.78968459286635,-1
2024-09-29,heart_rate_avg,91.26644333744996,-1
2024-10-09,heart_rate_avg,38.81574407838994,-1
2024-10-12,heart_rate_avg,90.1060998899638,-1
2024-11-15,heart_rate_avg,32.1024600465159,-1
2024-11-23,heart_rate_avg,42.844939279233415,-1
2024-12-27,heart_rate_avg,42.31451550917208,-1
2025-01-08,heart_rate_avg,42.35544407284047,-1
2025-02-02,heart_rate_avg,35.62582539093188,-1
2025-02-17,heart_rate_avg,37.37962812729608,-1
2025-02-20,heart_rate_avg,42.51525096495166,-1
2025-04-13,heart_rate_avg,36.09043931536228,-1
2025-04-14,heart_rate_avg,42.64963459130037,-1
2025-05-03,heart_rate_avg,91.11270386723214,-1
2025-05-16,heart_rate_avg,40.41354485513058,-1
2025-06-10,heart_rate_avg,41.51615234703327,-1
2025-06-30,heart_rate_avg,31.769017329610648,-1
2025-07-01,heart_rate_avg,38.30428638997429,-1
2025-09-05,heart_rate_avg,42.31550395373304,-1
2024-09-13,heart_rate_avg,42.61461499053331,-1
2024-10-09,heart_rate_avg,31.682111454868625,-1
2024-11-11,heart_rate_avg,31.17102638369302,-1
2024-11-29,heart_rate_avg,41.20117027302618,-1
2024-11-30,heart_rate_avg,29.04324297691212,-1
2024-12-21,heart_rate_avg,23.505736747338744,-1
2024-12-30,heart_rate_avg,35.09114027968034,-1
2025-02-23,heart_rate_avg,41.960528834728805,-1
2025-03-01,heart_rate_avg,41.79482348890742,-1
2025-03-22,heart_rate_avg,42.90696689128142,-1
2025-03-25,heart_rate_avg,43.16860035813461,-1
2025-04-13,heart_rate_avg,39.22261937199147,-1
2025-04-24,heart_rate_avg,38.17647163803221,-1
2025-05-07,heart_rate_avg,37.40008161860271,-1
2025-05-16,heart_rate_avg,25.61661986240397,-1
2025-05-21,heart_rate_avg,36.40783007620785,-1
2025-06-04,heart_rate_avg,40.15361895416669,-1
2025-06-21,heart_rate_avg,35.823574839955995,-1
2025-06-24,heart_rate_avg,43.08946081962125,-1
2025-06-26,heart_rate_avg,39.852323062766914,-1
2025-07-30,heart_rate_avg,30.69842938102655,-1
2025-08-06,heart_rate_avg,40.14768852056069,-1
2025-08-07,heart_rate_avg,40.96307158766551,-1
2025-08-21,heart_rate_avg,40.704075441632014,-1
2025-08-22,heart_rate_avg,40.36548093586561,-1
2024-09-06,heart_rate_avg,87.4841732891353,-1
2024-10-25,heart_rate_avg,90.29690131787332,-1
2024-11-03,heart_rate_avg,93.90409761290329,-1
2024-11-12,heart_rate_avg,90.4313384886483,-1
2024-11-17,heart_rate_avg,88.75783506948996,-1
2024-11-24,heart_rate_avg,98.75694364322116,-1
2024-12-06,heart_rate_avg,91.63159646174869,-1
2024-12-10,heart_rate_avg,93.25601356574786,-1
2025-01-05,heart_rate_avg,93.62556632562024,-1
2025-01-20,heart_rate_avg,88.19782498252096,-1
2025-02-20,heart_rate_avg,92.93900852004158,-1
2025-03-31,heart_rate_avg,94.34331800204416,-1
2025-04-17,heart_rate_avg,92.98468439642856,-1
2025-04-22,heart_rate_avg,92.89748901662092,-1
2025-06-15,heart_rate_avg,95.7270477975019,-1
2025-07-02,heart_rate_avg,88.28716572097366,-1
2025-08-26,heart_rate_avg,93.34003232821412,-1
2024-09-15,heart_rate_avg,41.13860332134074,-1
2024-09-28,heart_rate_avg,90.29507284653992,-1
2024-12-11,heart_rate_avg,41.47451062023428,-1
2025-04-09,heart_rate_avg,42.25551082175856,-1
2025-08-03,heart_rate_avg,89.6476182783851,-1
2024-10-01,heart_rate_avg,39.603371263361765,-1
2025-03-19,heart_rate_avg,88.51221842197064,-1
2025-04-15,heart_rate_avg,87.88858164512204,-1
2025-05-16,heart_rate_avg,89.8934155098039,-1
2025-05-27,heart_rate_avg,39.74465610687601,-1
2025-08-06,heart_rate_avg,42.30859187314178,-1
2024-09-26,heart_rate_avg,99.98451182347398,-1
2024-09-30,heart_rate_avg,87.9852090749228,-1
2024-12-29,heart_rate_avg,96.68229663647828,-1
2025-01-16,heart_rate_avg,38.59315044855151,-1
2025-03-05,heart_rate_avg,91.87801085562056,-1
2025-04-19,heart_rate_avg,40.287173966974855,-1
2025-06-18,heart_rate_avg,89.706944595882,-1
2025-06-22,heart_rate_avg,36.37145991115881,-1
2025-08-10,heart_rate_avg,42.46301635881808,-1
2024-10-19,heart_rate_avg,88.0699818561414,-1
2024-10-30,heart_rate_avg,40.495234958957504,-1
2024-11-08,heart_rate_avg,33.74674577713127,-1
2024-11-27,heart_rate_avg,40.19549006566184,-1
2025-01-15,heart_rate_avg,34.83037731838033,-1
2025-01-29,heart_rate_avg,41.3589299516898,-1
2025-02-06,heart_rate_avg,40.04735291989898,-1
2025-02-17,heart_rate_avg,43.029356608494055,-1
2025-03-06,heart_rate_avg,43.21738694131644,-1
2025-04-22,heart_rate_avg,87.40520333318352,-1
2025-07-01,heart_rate_avg,40.23694693708988,-1
2025-07-11,heart_rate_avg,40.13654601941063,-1
2025-07-12,heart_rate_avg,36.39784529184786,-1
2024-09-06,heart_rate_avg,41.95305644402716,-1
2024-10-05,heart_rate_avg,35.632591993216465,-1
2024-10-27,heart_rate_avg,41.48500759642241,-1
2024-11-18,heart_rate_avg,42.09735343614474,-1
2024-12-09,heart_rate_avg,35.877104851249605,-1
2025-01-05,heart_rate_avg,42.78267175966597,-1
2025-01-16,heart_rate_avg,42.20309399574384,-1
2025-01-18,heart_rate_avg,38.89856281981346,-1
2025-02-07,heart_rate_avg,42.34457542842992,-1
2025-03-14,heart_rate_avg,42.01039378741217,-1
2025-03-16,heart_rate_avg,31.0368863543752,-1
2025-03-17,heart_rate_avg,34.80765133119816,-1
2025-04-13,heart_rate_avg,39.670840499347385,-1
2025-04-14,heart_rate_avg,42.5755382261781,-1
2025-04-19,heart_rate_avg,40.18642980337707,-1
2025-04-28,heart_rate_avg,39.4747217406824,-1
2025-07-18,heart_rate_avg,40.26605143512102,-1
2025-08-09,heart_rate_avg,36.65733763945288,-1
2025-08-18,heart_rate_avg,38.87129629310486,-1
2025-08-19,heart_rate_avg,41.398915627061854,-1
2025-08-20,heart_rate_avg,43.187853174660106,-1
2025-09-04,heart_rate_avg,38.24666093802112,-1
2024-09-15,heart_rate_avg,89.48038535189266,-1
2024-09-19,heart_rate_avg,92.78107206276924,-1
2024-10-16,heart_rate_avg,42.30835718454131,-1
2024-11-06,heart_rate_avg,90.24683511249668,-1
2024-11-08,heart_rate_avg,89.03662815576558,-1
2024-11-22,heart_rate_avg,88.38060938031086,-1
2024-12-03,heart_rate_avg,89.60410203739774,-1
2025-03-04,heart_rate_avg,97.796995536093,-1
2025-03-16,heart_rate_avg,89.67241084750265,-1
2025-03-19,heart_rate_avg,37.16014662751045,-1
2025-05-23,heart_rate_avg,92.31831578022756,-1
2025-07-04,heart_rate_avg,88.36272684538369,-1
2025-07-17,heart_rate_avg,88.43360965326664,-1
2025-08-10,heart_rate_avg,90.31027064826742,-1
2025-08-20,heart_rate_avg,87.68282670152347,-1
2024-10-05,heart_rate_avg,41.11195103641863,-1
2024-10-06,heart_rate_avg,40.178350670003255,-1
2024-10-08,heart_rate_avg,38.79179716879236,-1
2024-10-12,heart_rate_avg,40.269160212921385,-1
2024-10-16,heart_rate_avg,42.75451253145034,-1
2024-11-01,heart_rate_avg,42.07129964583379,-1
2024-12-14,heart_rate_avg,41.99254713925351,-1
2024-12-28,heart_rate_avg,32.23764376811139,-1
2025-01-12,heart_rate_avg,32.912337796131865,-1
2025-01-15,heart_rate_avg,40.567094124089536,-1
2025-02-09,heart_rate_avg,41.88018148682005,-1
2025-02-10,heart_rate_avg,39.51871263392168,-1
2025-02-14,heart_rate_avg,43.14069594874024,-1
2025-03-11,heart_rate_avg,38.46746654841343,-1
2025-03-23,heart_rate_avg,39.882591769943744,-1
2025-03-27,heart_rate_avg,33.871224868848834,-1
2025-04-16,heart_rate_avg,40.46339816311508,-1
2025-04-19,heart_rate_avg,40.63147196826532,-1
2025-04-20,heart_rate_avg,39.5567444326005,-1
2025-04-26,heart_rate_avg,39.38261949396668,-1
2025-04-28,heart_rate_avg,35.1615598751285,-1
2025-05-04,heart_rate_avg,42.93500117099137,-1
2025-06-02,heart_rate_avg,38.41966146107454,-1
2025-06-09,heart_rate_avg,38.26419495949274,-1
2025-06-12,heart_rate_avg,35.76957265799214,-1
2025-06-13,heart_rate_avg,30.52904687564436,-1
2025-06-17,heart_rate_avg,31.391198778780836,-1
2025-06-24,heart_rate_avg,32.92740449638875,-1
2025-06-25,heart_rate_avg,38.40708303272471,-1
2025-06-29,heart_rate_avg,33.74603405706107,-1
2025-07-02,heart_rate_avg,33.314014399492315,-1
2025-07-03,heart_rate_avg,42.98984877548215,-1
2025-07-05,heart_rate_avg,32.53916659156841,-1
2025-08-03,heart_rate_avg,33.32970786970487,-1
2025-08-17,heart_rate_avg,42.59689960982553,-1
2025-08-20,heart_rate_avg,39.34816978824047,-1
2025-08-21,heart_rate_avg,36.899228168221725,-1
2025-08-22,heart_rate_avg,35.12440015683479,-1
2024-09-13,heart_rate_avg,92.4955764808104,-1
2024-09-14,heart_rate_avg,94.59150309284615,-1
2024-09-15,heart_rate_avg,92.32158509871132,-1
2024-09-20,heart_rate_avg,92.9722884228694,-1
2024-09-27,heart_rate_avg,89.91632615130837,-1
2024-10-05,heart_rate_avg,91.36917147453704,-1
2024-10-09,heart_rate_avg,104.20232311064431,-1
2024-10-14,heart_rate_avg,93.68108399172932,-1
2024-10-15,heart_rate_avg,89.72353508874387,-1
2024-10-26,heart_rate_avg,88.90433193373572,-1
2024-11-09,heart_rate_avg,89.46425512324598,-1
2024-11-13,heart_rate_avg,89.63882303255293,-1
2024-11-16,heart_rate_avg,94.0515005411452,-1
2024-11-21,heart_rate_avg,102.55094566018204,-1
2024-11-24,heart_rate_avg,91.62649780556796,-1
2024-12-06,heart_rate_avg,93.06413724068274,-1
2024-12-08,heart_rate_avg,95.44437248308978,-1
2024-12-15,heart_rate_avg,93.40809110956174,-1
2024-12-19,heart_rate_avg,90.80793312944492,-1
2024-12-20,heart_rate_avg,95.65899112261836,-1
2024-12-22,heart_rate_avg,89.00881892266771,-1
2024-12-24,heart_rate_avg,95.0220959413929,-1
2024-12-25,heart_rate_avg,99.25558362000274,-1
2024-12-28,heart_rate_avg,87.58819807256705,-1
2025-01-01,heart_rate_avg,96.52119100452074,-1
2025-01-05,heart_rate_avg,101.0686866437653,-1
2025-01-09,heart_rate_avg,94.44528471411978,-1
2025-01-19,heart_rate_avg,94.1763417572839,-1
2025-01-26,heart_rate_avg,89.10832141506779,-1
2025-02-02,heart_rate_avg,91.88420466316327,-1
2025-02-10,heart_rate_avg,91.09629692779954,-1
2025-02-16,heart_rate_avg,109.20951801237771,-1
2025-02-18,heart_rate_avg,89.25297456620578,-1
2025-03-05,heart_rate_avg,105.76135865779128,-1
2025-03-12,heart_rate_avg,96.78390224011824,-1
2025-04-15,heart_rate_avg,96.16010666980232,-1
2025-04-21,heart_rate_avg,92.45359626444684,-1
2025-04-27,heart_rate_avg,90.94800858490504,-1
2025-05-07,heart_rate_avg,88.67816635868265,-1
2025-05-10,heart_rate_avg,88.8963766075064,-1
2025-05-14,heart_rate_avg,102.16997142262991,-1
2025-05-24,heart_rate_avg,96.44781047701092,-1
2025-06-06,heart_rate_avg,93.7654315009054,-1
2025-06-13,heart_rate_avg,88.60332064955742,-1
2025-06-15,heart_rate_avg,88.72704067732383,-1
2025-06-24,heart_rate_avg,93.6408061322142,-1
2025-06-27,heart_rate_avg,88.443197594679,-1
2025-06-30,heart_rate_avg,90.29510355492938,-1
2025-07-02,heart_rate_avg,90.01250479157173,-1
2025-07-06,heart_rate_avg,95.3487976744754,-1
2025-07-07,heart_rate_avg,89.00395433685077,-1
2025-07-14,heart_rate_avg,91.07276230265724,-1
2025-07-15,heart_rate_avg,89.85852934289437,-1
2025-07-16,heart_rate_avg,87.83944323809573,-1
2025-07-17,heart_rate_avg,101.07076679078102,-1
2025-07-21,heart_rate_avg,92.90755378437127,-1
2025-07-23,heart_rate_avg,89.86707597607662,-1
2025-08-03,heart_rate_avg,88.8913602395699,-1
2025-08-07,heart_rate_avg,93.2472314845455,-1
2025-08-09,heart_rate_avg,87.61152631478929,-1
2025-08-12,heart_rate_avg,97.05536658999088,-1
2025-08-13,heart_rate_avg,100.265093740892,-1
2025-08-14,heart_rate_avg,89.24606851584346,-1
2025-08-22,heart_rate_avg,87.71446311363334,-1
2025-08-25,heart_rate_avg,88.99900213440459,-1
2025-08-28,heart_rate_avg,99.61457267768812,-1
2025-08-31,heart_rate_avg,94.48905223549176,-1
2025-09-01,heart_rate_avg,96.3114293263124,-1
2025-09-05,heart_rate_avg,91.44954554147682,-1
2024-09-10,heart_rate_avg,88.4844695716243,-1
2024-09-11,heart_rate_avg,43.08551424163761,-1
2024-09-24,heart_rate_avg,42.55848411703349,-1
2024-11-07,heart_rate_avg,88.21073209992812,-1
2024-11-30,heart_rate_avg,88.29633843298463,-1
2024-12-10,heart_rate_avg,40.37936474480337,-1
2025-01-16,heart_rate_avg,39.15106244269924,-1
2025-01-25,heart_rate_avg,89.8093374177998,-1
2025-02-28,heart_rate_avg,92.2699937244826,-1
2025-03-08,heart_rate_avg,94.88816875515673,-1
2025-03-12,heart_rate_avg,88.9375114075924,-1
2025-04-08,heart_rate_avg,90.288848480628,-1
2025-06-13,heart_rate_avg,89.06006380086474,-1
2025-06-22,heart_rate_avg,95.52810806442405,-1
2025-07-08,heart_rate_avg,41.31361877282936,-1
2025-07-15,heart_rate_avg,96.9560829105453,-1
2024-09-07,heart_rate_avg,43.19131651106208,-1
2024-11-05,heart_rate_avg,41.20530514919783,-1
2024-11-12,heart_rate_avg,37.22213491759271,-1
2024-11-18,heart_rate_avg,40.47456462342373,-1
2024-12-13,heart_rate_avg,28.973632552264053,-1
2025-02-07,heart_rate_avg,37.06501788151729,-1
2025-02-11,heart_rate_avg,40.575829314559535,-1
2025-02-21,heart_rate_avg,26.525937332733637,-1
2025-04-16,heart_rate_avg,40.401434706155726,-1
2025-04-29,heart_rate_avg,37.93038836005844,-1
2025-05-03,heart_rate_avg,38.10895968752105,-1
2025-05-13,heart_rate_avg,41.002100845295416,-1
2025-05-23,heart_rate_avg,36.69323861153549,-1
2025-05-24,heart_rate_avg,40.423803496841664,-1
2025-06-07,heart_rate_avg,42.46449359996859,-1
2025-06-15,heart_rate_avg,39.6085560661209,-1
2025-07-13,heart_rate_avg,42.96886093561427,-1
2025-07-20,heart_rate_avg,33.61692501683031,-1
2025-07-24,heart_rate_avg,38.37879791232312,-1
2025-07-26,heart_rate_avg,34.88139743018817,-1
2025-07-30,heart_rate_avg,33.3041872874101,-1
2025-08-07,heart_rate_avg,23.725223330734856,-1
2025-08-13,heart_rate_avg,39.12769746732883,-1
2025-08-14,heart_rate_avg,39.4131454111949,-1
2025-08-31,heart_rate_avg,38.05140713534995,-1
2025-09-02,heart_rate_avg,34.49071102284023,-1
2024-10-11,heart_rate_avg,37.14047143192024,-1
2024-10-18,heart_rate_avg,40.72674840273072,-1
2024-10-22,heart_rate_avg,34.45010358391151,-1
2024-11-16,heart_rate_avg,39.85257603631839,-1
2024-11-30,heart_rate_avg,41.66540016739791,-1
2024-12-31,heart_rate_avg,37.193266374327465,-1
2025-01-15,heart_rate_avg,43.06068862887459,-1
2025-01-30,heart_rate_avg,87.92882847673079,-1
2025-02-09,heart_rate_avg,38.645134509093474,-1
2025-03-08,heart_rate_avg,34.899482498979914,-1
2025-03-09,heart_rate_avg,37.269596291830354,-1
2025-03-19,heart_rate_avg,37.06314473682188,-1
2025-03-23,heart_rate_avg,41.1145748140608,-1
2025-06-12,heart_rate_avg,42.6335975993056,-1
2025-07-18,heart_rate_avg,35.050549255490864,-1
2025-08-27,heart_rate_avg,41.82539848162911,-1
2024-10-28,heart_rate_avg,90.16751884983,-1
2025-01-23,heart_rate_avg,87.61825491877602,-1
2025-01-29,heart_rate_avg,41.33013841565761,-1
2025-03-03,heart_rate_avg,91.87653122372735,-1
2025-03-06,heart_rate_avg,89.81742442631648,-1
2025-06-09,heart_rate_avg,95.74605173481754,-1
2025-07-12,heart_rate_avg,42.39773068393653,-1
2025-08-15,heart_rate_avg,90.6079576833646,-1
2024-10-31,heart_rate_avg,37.05521816848258,-1
2024-11-10,heart_rate_avg,39.489510607004895,-1
2024-12-22,heart_rate_avg,42.456231952674855,-1
2024-12-27,heart_rate_avg,32.57763607008825,-1
2025-03-21,heart_rate_avg,92.54752727782882,-1
2025-04-02,heart_rate_avg,90.61986618844246,-1
2025-04-07,heart_rate_avg,40.31611022334185,-1
2025-04-12,heart_rate_avg,40.80977777730044,-1
2025-04-25,heart_rate_avg,42.19390190670012,-1
2025-05-14,heart_rate_avg,37.75360336235708,-1
2025-05-19,heart_rate_avg,27.294949985702907,-1
2025-05-26,heart_rate_avg,41.16211179932623,-1
2025-06-19,heart_rate_avg,42.1038299714124,-1
2025-07-02,heart_rate_avg,88.1959760466153,-1
2025-08-07,heart_rate_avg,41.64733657218128,-1
2025-08-22,heart_rate_avg,39.93141724843736,-1
2024-09-11,heart_rate_avg,41.9915191476654,-1
2024-10-18,heart_rate_avg,42.04926167642464,-1
2024-10-23,heart_rate_avg,91.63511638658572,-1
2025-01-01,heart_rate_avg,42.02202582919422,-1
2025-01-30,heart_rate_avg,40.42038289331148,-1
2025-01-31,heart_rate_avg,38.9866710060208,-1
2025-03-19,heart_rate_avg,36.09301180544045,-1
2025-05-06,heart_rate_avg,41.78674625792844,-1
2025-05-15,heart_rate_avg,42.75439201448928,-1
2025-05-29,heart_rate_avg,42.52259043413048,-1
2024-10-10,heart_rate_avg,40.94015916714088,-1
2024-11-13,heart_rate_avg,88.07818704746603,-1
2025-01-31,heart_rate_avg,89.32898331621595,-1
2025-02-05,heart_rate_avg,36.56608494036524,-1
2025-02-12,heart_rate_avg,98.41626309290577,-1
2025-04-26,heart_rate_avg,39.63096831192121,-1
2025-05-06,heart_rate_avg,87.69107944593117,-1
2025-07-20,heart_rate_avg,91.09862148478965,-1
2025-08-19,heart_rate_avg,89.00223536283369,-1
2024-10-15,heart_rate_avg,95.18836654868436,-1
2024-10-20,heart_rate_avg,89.2483623969683,-1
2024-10-23,heart_rate_avg,90.28730629178024,-1
2024-10-31,heart_rate_avg,94.8772382513127,-1
2024-11-22,heart_rate_avg,88.50502341687279,-1
2024-12-10,heart_rate_avg,88.87421553733914,-1
2024-12-22,heart_rate_avg,92.85164617320484,-1
2024-12-27,heart_rate_avg,94.62006000701722,-1
2024-12-30,heart_rate_avg,40.96101264523151,-1
2025-01-13,heart_rate_avg,87.4756083096146,-1
2025-01-24,heart_rate_avg,42.64041028813256,-1
2025-03-11,heart_rate_avg,87.72632147222902,-1
2025-03-13,heart_rate_avg,91.30728002339892,-1
2025-05-03,heart_rate_avg,93.06478676557082,-1
2025-05-19,heart_rate_avg,103.08611170181857,-1
2025-05-30,heart_rate_avg,88.00942257992118,-1
2025-06-11,heart_rate_avg,88.12415414294387,-1
2025-06-17,heart_rate_avg,100.98485313425064,-1
2025-06-23,heart_rate_avg,88.82015304529608,-1
2025-06-26,heart_rate_avg,89.80560888164018,-1
2025-07-05,heart_rate_avg,87.60350457747312,-1
2025-07-12,heart_rate_avg,88.1211856914195,-1
2025-08-22,heart_rate_avg,90.6163234377026,-1
2025-09-01,heart_rate_avg,87.544120431495,-1
2024-10-24,heart_rate_avg,104.61046331402224,-1
2024-10-28,heart_rate_avg,41.58558152155012,-1
2024-12-30,heart_rate_avg,89.0091171190475,-1
2025-02-02,heart_rate_avg,91.64752334410208,-1
2025-02-19,heart_rate_avg,37.811310749630586,-1
2025-04-08,heart_rate_avg,43.19092786766488,-1
2025-05-08,heart_rate_avg,40.10817852850407,-1
2025-05-10,heart_rate_avg,39.26095378098777,-1
2025-06-03,heart_rate_avg,89.143040551374,-1
2025-06-15,heart_rate_avg,39.49507694177902,-1
2025-07-10,heart_rate_avg,42.218729523723255,-1
2025-07-27,heart_rate_avg,36.27349855063881,-1
2025-07-30,heart_rate_avg,39.51927424616751,-1
2025-08-09,heart_rate_avg,39.88383975497274,-1
2024-09-18,heart_rate_avg,87.49796995858412,-1
2024-10-15,heart_rate_avg,42.34002991579892,-1
2024-10-20,heart_rate_avg,40.8654093905932,-1
2024-11-05,heart_rate_avg,93.24371048166392,-1
2024-11-21,heart_rate_avg,88.80782004088022,-1
2024-11-25,heart_rate_avg,42.5398233767511,-1
2024-11-29,heart_rate_avg,40.4315450079942,-1
2024-12-02,heart_rate_avg,87.61893069829927,-1
2025-02-16,heart_rate_avg,93.51301617581444,-1
2025-03-07,heart_rate_avg,90.6511289475633,-1
2025-03-25,heart_rate_avg,43.15437974310214,-1
2025-05-14,heart_rate_avg,42.8313919184596,-1
2025-07-15,heart_rate_avg,41.42700470071279,-1
2025-08-03,heart_rate_avg,96.6474926997395,-1
2024-09-13,heart_rate_avg,104.86726882076402,-1
2024-09-17,heart_rate_avg,92.09973179879356,-1
2024-09-19,heart_rate_avg,99.37022357298072,-1
2024-09-20,heart_rate_avg,108.20330078630882,-1
2024-10-04,heart_rate_avg,90.43882052767646,-1
2024-10-14,heart_rate_avg,91.864906705933,-1
2024-10-22,heart_rate_avg,88.47814333857835,-1
2024-10-24,heart_rate_avg,100.51925543299912,-1
2024-10-30,heart_rate_avg,94.77774592180072,-1
2024-11-01,heart_rate_avg,96.16219201002195,-1
2024-11-09,heart_rate_avg,90.77255253030972,-1
2024-11-14,heart_rate_avg,94.77347286944952,-1
2024-11-21,heart_rate_avg,98.7932857323357,-1
2024-11-25,heart_rate_avg,90.80648965960896,-1
2024-12-05,heart_rate_avg,88.5897527128297,-1
2024-12-11,heart_rate_avg,91.43869367547786,-1
2024-12-23,heart_rate_avg,104.99929940788957,-1
2024-12-24,heart_rate_avg,94.9663339862304,-1
2024-12-26,heart_rate_avg,90.48357176026524,-1
2024-12-27,heart_rate_avg,90.16803965211685,-1
2024-12-29,heart_rate_avg,93.74779196764624,-1
2025-01-06,heart_rate_avg,93.49774728070402,-1
2025-01-23,heart_rate_avg,88.97717081334784,-1
2025-02-02,heart_rate_avg,98.90223563200124,-1
2025-02-12,heart_rate_avg,93.46352946181324,-1
2025-02-17,heart_rate_avg,91.6279968354558,-1
2025-02-20,heart_rate_avg,90.84583967312072,-1
2025-02-22,heart_rate_avg,88.83971622389612,-1
2025-02-24,heart_rate_avg,93.15464460592143,-1
2025-02-27,heart_rate_avg,94.01263274319184,-1
2025-02-28,heart_rate_avg,88.18380295106597,-1
2025-04-17,heart_rate_avg,88.6384335465406,-1
2025-04-21,heart_rate_avg,88.43991519392681,-1
2025-05-03,heart_rate_avg,94.5959684933557,-1
2025-05-15,heart_rate_avg,91.1847228117571,-1
2025-05-16,heart_rate_avg,87.70523145512401,-1
2025-06-01,heart_rate_avg,94.0367203836201,-1
2025-06-02,heart_rate_avg,95.6673365697538,-1
2025-06-11,heart_rate_avg,91.30884065494052,-1
2025-06-13,heart_rate_avg,95.43001972400246,-1
2025-06-24,heart_rate_avg,94.67641091109095,-1
2025-06-27,heart_rate_avg,87.86678162482475,-1
2025-07-03,heart_rate_avg,90.04108597604863,-1
2025-07-06,heart_rate_avg,91.5909030773087,-1
2025-07-19,heart_rate_avg,103.5259943482331,-1
2025-07-29,heart_rate_avg,92.86321479259914,-1
2025-08-05,heart_rate_avg,89.09258205473398,-1
2025-08-06,heart_rate_avg,91.11607344803552,-1
2025-08-15,heart_rate_avg,92.12293052473754,-1
2025-08-19,heart_rate_avg,92.06180868183056,-1
2025-08-25,heart_rate_avg,89.03905361231656,-1
2025-08-27,heart_rate_avg,102.75201812176688,-1
2025-08-29,heart_rate_avg,90.56155051643113,-1
2025-08-31,heart_rate_avg,88.05384869177497,-1
2025-09-03,heart_rate_avg,89.94778676140687,-1
2024-09-16,heart_rate_avg,42.69102561632372,-1
2024-10-23,heart_rate_avg,90.49155840780176,-1
2024-10-27,heart_rate_avg,95.22855328012643,-1
2024-11-15,heart_rate_avg,96.11245742672916,-1
2024-11-16,heart_rate_avg,90.0032017037112,-1
2024-12-01,heart_rate_avg,29.03589455919886,-1
2024-12-28,heart_rate_avg,96.79754206817935,-1
2025-05-19,heart_rate_avg,90.49850695378618,-1
2025-07-19,heart_rate_avg,94.15141983806302,-1
2025-07-24,heart_rate_avg,91.36787922110057,-1
2025-08-21,heart_rate_avg,92.59662494491744,-1
2025-09-01,heart_rate_avg,88.46893360320911,-1
2024-10-13,heart_rate_avg,88.50860148059486,-1
2024-11-21,heart_rate_avg,43.221830498225714,-1
2025-03-04,heart_rate_avg,40.79036207164049,-1
2025-04-05,heart_rate_avg,38.14556698311932,-1
2025-05-23,heart_rate_avg,88.46633322627304,-1
2025-07-12,heart_rate_avg,88.00907291492135,-1
2025-07-20,heart_rate_avg,93.4574103067613,-1
2025-08-09,heart_rate_avg,37.82315505840874,-1
2024-09-06,heart_rate_avg,42.40413346003427,-1
2024-09-11,heart_rate_avg,39.29705064816045,-1
2024-09-14,heart_rate_avg,31.259377753834887,-1
2024-09-26,heart_rate_avg,35.38678258366977,-1
2024-09-30,heart_rate_avg,39.56722149327355,-1
2024-10-04,heart_rate_avg,33.163072816658584,-1
2024-10-06,heart_rate_avg,38.2044556060329,-1
2024-10-23,heart_rate_avg,38.82290704809378,-1
2024-10-31,heart_rate_avg,41.23952841278375,-1
2024-11-16,heart_rate_avg,95.93611448159945,-1
2024-11-26,heart_rate_avg,37.99865491949159,-1
2025-01-02,heart_rate_avg,35.19300119838073,-1
2025-01-06,heart_rate_avg,43.15221589961139,-1
2025-01-14,heart_rate_avg,41.18531458097775,-1
2025-02-05,heart_rate_avg,40.647024058836166,-1
2025-02-09,heart_rate_avg,39.02918088438047,-1
2025-02-22,heart_rate_avg,34.20563880854884,-1
2025-02-23,heart_rate_avg,42.93449044134634,-1
2025-02-26,heart_rate_avg,43.09459210584136,-1
2025-03-03,heart_rate_avg,33.44631507281662,-1
2025-03-06,heart_rate_avg,41.94611556841946,-1
2025-03-16,heart_rate_avg,37.07006828837292,-1
2025-03-19,heart_rate_avg,42.78160854370222,-1
2025-03-27,heart_rate_avg,41.8697122766968,-1
2025-04-07,heart_rate_avg,40.88711040240615,-1
2025-04-13,heart_rate_avg,39.065423647124405,-1
2025-04-14,heart_rate_avg,39.63100439030532,-1
2025-04-24,heart_rate_avg,35.11257168023997,-1
2025-04-28,heart_rate_avg,41.52463255248564,-1
2025-05-30,heart_rate_avg,42.92744234903624,-1
2025-06-05,heart_rate_avg,27.12874657455308,-1
2025-06-25,heart_rate_avg,34.997334011804284,-1
2025-07-04,heart_rate_avg,41.104613451316695,-1
2025-07-07,heart_rate_avg,38.5438561178996,-1
2025-07-20,heart_rate_avg,42.98916600240315,-1
2025-07-25,heart_rate_avg,36.30283300583376,-1
2025-08-06,heart_rate_avg,42.40490144710462,-1
2025-08-19,heart_rate_avg,42.29301545927558,-1
2025-08-22,heart_rate_avg,37.483791018052806,-1
2025-08-29,heart_rate_avg,35.24706887843622,-1
2024-09-17,heart_rate_avg,39.20565678295047,-1
2024-11-21,heart_rate_avg,43.18114605860532,-1
2024-11-23,heart_rate_avg,88.98727354669313,-1
2024-12-02,heart_rate_avg,88.00926224745777,-1
2025-01-10,heart_rate_avg,42.46155921326081,-1
2025-05-19,heart_rate_avg,38.29371067746303,-1
2025-05-30,heart_rate_avg,36.05519946515643,-1
2025-06-01,heart_rate_avg,90.7544113164276,-1
2024-09-07,heart_rate_avg,42.24408980290275,-1
2024-09-14,heart_rate_avg,39.40454411728121,-1
2024-10-04,heart_rate_avg,42.55446811595503,-1
2024-10-05,heart_rate_avg,38.94925391176496,-1
2024-10-16,heart_rate_avg,35.02011125531135,-1
2024-10-19,heart_rate_avg,31.0634450000277,-1
2024-10-22,heart_rate_avg,35.87966263239697,-1
2024-11-07,heart_rate_avg,29.000162712474776,-1
2024-11-20,heart_rate_avg,90.8244100556162,-1
2024-12-02,heart_rate_avg,37.80113409221913,-1
2024-12-14,heart_rate_avg,42.61813364051717,-1
2024-12-19,heart_rate_avg,43.203398613454524,-1
2025-01-03,heart_rate_avg,42.13352225358353,-1
2025-01-08,heart_rate_avg,32.89316941740599,-1
2025-01-29,heart_rate_avg,29.946720113096028,-1
2025-01-30,heart_rate_avg,33.754278489326765,-1
2025-01-31,heart_rate_avg,36.96789255017656,-1
2025-02-10,heart_rate_avg,42.7331312271567,-1
2025-02-13,heart_rate_avg,41.9622233228705,-1
2025-02-14,heart_rate_avg,37.80228509051075,-1
2025-02-24,heart_rate_avg,43.0879842932795,-1
2025-02-25,heart_rate_avg,37.57057687006855,-1
2025-03-01,heart_rate_avg,42.672363915698725,-1
2025-03-13,heart_rate_avg,39.260658908292754,-1
2025-03-15,heart_rate_avg,36.622053085307854,-1
2025-03-19,heart_rate_avg,40.41265422715911,-1
2025-03-22,heart_rate_avg,36.21474647702971,-1
2025-04-13,heart_rate_avg,42.610866871022345,-1
2025-04-15,heart_rate_avg,42.358350321503984,-1
2025-04-17,heart_rate_avg,29.73529953461455,-1
2025-04-22,heart_rate_avg,32.413116877676764,-1
2025-04-27,heart_rate_avg,42.5429188294594,-1
2025-05-14,heart_rate_avg,42.77889228606002,-1
2025-05-15,heart_rate_avg,37.86214345162927,-1
2025-06-03,heart_rate_avg,37.39236902695544,-1
2025-06-13,heart_rate_avg,41.94731353759757,-1
2025-07-19,heart_rate_avg,42.96049161242267,-1
2025-07-22,heart_rate_avg,42.88632486031141,-1
2025-07-24,heart_rate_avg,41.63331857060764,-1
2025-08-04,heart_rate_avg,39.232066668146224,-1
2025-08-08,heart_rate_avg,42.42057314327155,-1
2025-08-10,heart_rate_avg,39.72768686360399,-1
2025-08-13,heart_rate_avg,34.53830879031139,-1
2025-08-31,heart_rate_avg,27.05401264383334,-1
2025-09-04,heart_rate_avg,43.15058711251309,-1
2025-09-05,heart_rate_avg,41.75942033365486,-1
2024-10-18,heart_rate_avg,88.22667096427283,-1
2024-12-08,heart_rate_avg,88.82777438569133,-1
2025-02-14,heart_rate_avg,92.29154185387074,-1
2025-02-19,heart_rate_avg,40.8354488777968,-1
2025-06-06,heart_rate_avg,42.30989944740588,-1
2025-07-14,heart_rate_avg,91.29722452594244,-1
2025-08-05,heart_rate_avg,30.938154553440853,-1
2025-08-17,heart_rate_avg,42.226972668576906,-1
2024-10-13,heart_rate_avg,43.05652176487867,-1
2024-10-28,heart_rate_avg,87.89875656600843,-1
2024-12-05,heart_rate_avg,42.05877826852373,-1
2024-12-14,heart_rate_avg,42.54982897808616,-1
2025-01-11,heart_rate_avg,35.702182092774166,-1
2025-01-12,heart_rate_avg,91.07747384796969,-1
2025-01-29,heart_rate_avg,35.02645082914239,-1
2025-03-12,heart_rate_avg,92.56422471479046,-1
2025-03-28,heart_rate_avg,42.04127375277351,-1
2025-04-04,heart_rate_avg,40.05780237478141,-1
2025-04-26,heart_rate_avg,37.60156101595017,-1
2025-05-02,heart_rate_avg,42.850987743816894,-1
2025-05-11,heart_rate_avg,42.34874375347944,-1
2025-05-31,heart_rate_avg,41.55152965686324,-1
2025-06-11,heart_rate_avg,35.812322926622606,-1
2025-07-24,heart_rate_avg,37.933936205593206,-1
2025-08-06,heart_rate_avg,31.30353979034969,-1
2025-09-04,heart_rate_avg,34.70633953136219,-1
2024-09-07,heart_rate_avg,27.1361936571882,-1
2024-09-27,heart_rate_avg,39.06409663255537,-1
2024-09-29,heart_rate_avg,32.79319082628674,-1
2024-10-15,heart_rate_avg,36.81054178609916,-1
2024-11-01,heart_rate_avg,42.24068602661845,-1
2024-11-07,heart_rate_avg,38.4825069229922,-1
2024-11-15,heart_rate_avg,40.7287409151672,-1
2024-12-09,heart_rate_avg,36.39097303638092,-1
2024-12-10,heart_rate_avg,40.65789351150842,-1
2024-12-15,heart_rate_avg,36.19410206761175,-1
2024-12-19,heart_rate_avg,37.59946004216049,-1
2024-12-27,heart_rate_avg,41.94156091771302,-1
2024-12-28,heart_rate_avg,42.23483403040329,-1
2025-01-01,heart_rate_avg,42.75777563851723,-1
2025-01-03,heart_rate_avg,38.53506018193252,-1
2025-01-24,heart_rate_avg,39.80257816167678,-1
2025-01-26,heart_rate_avg,43.04076711542798,-1
2025-01-27,heart_rate_avg,29.530859900398173,-1
2025-02-01,heart_rate_avg,19.714627127333635,-1
2025-02-03,heart_rate_avg,40.98277489755354,-1
2025-03-04,heart_rate_avg,38.14586209767367,-1
2025-03-05,heart_rate_avg,36.75266022401841,-1
2025-03-22,heart_rate_avg,40.00541063017195,-1
2025-03-24,heart_rate_avg,35.026006502692674,-1
2025-03-27,heart_rate_avg,37.14873931905923,-1
2025-04-05,heart_rate_avg,40.19816768833068,-1
2025-04-30,heart_rate_avg,40.492384532922514,-1
2025-05-01,heart_rate_avg,37.635062765088506,-1
2025-05-07,heart_rate_avg,40.84233966878408,-1
2025-05-15,heart_rate_avg,42.599706071924686,-1
2025-06-01,heart_rate_avg,33.602041581406695,-1
2025-07-02,heart_rate_avg,36.6149450820508,-1
2025-07-06,heart_rate_avg,29.810824049342703,-1
2025-07-10,heart_rate_avg,41.81563010976216,-1
2025-07-15,heart_rate_avg,36.35715376702069,-1
2025-07-17,heart_rate_avg,34.61597968900828,-1
2025-07-19,heart_rate_avg,43.1428317729538,-1
2025-08-12,heart_rate_avg,38.17584301942401,-1
2025-08-27,heart_rate_avg,37.739887096627385,-1
2025-08-30,heart_rate_avg,41.33865773129703,-1
2025-09-01,heart_rate_avg,38.843814542630696,-1
2025-09-04,heart_rate_avg,37.42069505054548,-1
2024-09-07,heart_rate_avg,41.64468887371957,-1
2024-11-16,heart_rate_avg,33.98106303494994,-1
2024-12-12,heart_rate_avg,40.57888068287657,-1
2024-12-13,heart_rate_avg,41.01425207568107,-1
2025-01-05,heart_rate_avg,39.42941178120528,-1
2025-03-22,heart_rate_avg,40.66894690505067,-1
2025-04-06,heart_rate_avg,89.93363181245827,-1
2025-04-26,heart_rate_avg,40.413427654269896,-1
2025-04-27,heart_rate_avg,40.222409061429936,-1
2025-04-30,heart_rate_avg,97.02258471950334,-1
2025-07-03,heart_rate_avg,42.10855466684727,-1
2025-07-05,heart_rate_avg,88.85202505498637,-1
2025-07-13,heart_rate_avg,42.671528299943766,-1
2025-07-21,heart_rate_avg,42.82456567495891,-1
2025-08-22,heart_rate_avg,40.34981977187852,-1
2024-09-13,heart_rate_avg,38.01307765904136,-1
2024-10-03,heart_rate_avg,42.362521221344295,-1
2024-11-04,heart_rate_avg,39.96900653218997,-1
2024-11-10,heart_rate_avg,42.36277916127074,-1
2024-12-08,heart_rate_avg,38.8487474746908,-1
2025-01-09,heart_rate_avg,42.63223142124615,-1
2025-01-29,heart_rate_avg,41.03911057236432,-1
2025-02-08,heart_rate_avg,42.80365607946857,-1
2025-03-28,heart_rate_avg,38.34168169123779,-1
2025-03-29,heart_rate_avg,38.67052111104199,-1
2025-04-29,heart_rate_avg,41.492156987722176,-1
2025-05-10,heart_rate_avg,40.48281685466573,-1
2025-06-10,heart_rate_avg,42.03298133195472,-1
2025-06-12,heart_rate_avg,89.06576300738173,-1
2025-06-20,heart_rate_avg,36.28792940506837,-1
2025-08-01,heart_rate_avg,35.57280487937615,-1
2025-08-18,heart_rate_avg,32.95062279166519,-1
2025-09-05,heart_rate_avg,42.9105236059286,-1
2024-11-27,heart_rate_avg,24.853476525428,-1
2024-12-02,heart_rate_avg,90.488133255579,-1
2024-12-03,heart_rate_avg,42.012760134469815,-1
2024-12-28,heart_rate_avg,30.662865794570976,-1
2025-01-06,heart_rate_avg,41.07808863061917,-1
2025-02-08,heart_rate_avg,35.432763773176646,-1
2025-03-02,heart_rate_avg,41.526202834519225,-1
2025-03-17,heart_rate_avg,42.663748296892926,-1
2025-06-17,heart_rate_avg,41.43229303479559,-1
2025-08-29,heart_rate_avg,26.993836481511718,-1
2025-09-05,heart_rate_avg,42.6684118573151,-1
2024-09-15,heart_rate_avg,42.48353625377479,-1
2024-09-30,heart_rate_avg,90.0957555930062,-1
2024-11-01,heart_rate_avg,88.93531746871975,-1
2024-11-02,heart_rate_avg,88.18409989981794,-1
2024-12-24,heart_rate_avg,89.90861155140954,-1
2025-03-01,heart_rate_avg,87.39406256687784,-1
2025-03-12,heart_rate_avg,89.45281746266332,-1
2025-04-17,heart_rate_avg,94.11574652427174,-1
2025-04-24,heart_rate_avg,89.77313201772301,-1
2025-06-19,heart_rate_avg,36.21029412625877,-1
2025-07-24,heart_rate_avg,98.012207628299,-1
2025-08-11,heart_rate_avg,38.48866415927822,-1
2024-09-12,heart_rate_avg,88.74873767367546,-1
2024-10-08,heart_rate_avg,95.49388123735056,-1
2024-10-23,heart_rate_avg,97.6441172058323,-1
2024-11-06,heart_rate_avg,91.42859450802628,-1
2025-02-12,heart_rate_avg,99.97647376528808,-1
2025-02-16,heart_rate_avg,90.10206008194018,-1
2025-03-20,heart_rate_avg,92.70133713722998,-1
2025-04-06,heart_rate_avg,90.54250986958796,-1
2025-05-03,heart_rate_avg,88.53238023300102,-1
2025-05-14,heart_rate_avg,98.69432178573098,-1
2025-06-10,heart_rate_avg,92.51354573015006,-1
2025-06-26,heart_rate_avg,92.43880113156251,-1
2025-08-11,heart_rate_avg,39.748360071130776,-1
2025-08-25,heart_rate_avg,93.29876321903194,-1
2025-09-04,heart_rate_avg,33.37106923724707,-1
2024-09-28,heart_rate_avg,88.47834034988942,-1
2024-11-03,heart_rate_avg,90.72859170146376,-1
2024-11-23,heart_rate_avg,42.69931243831529,-1
2024-12-25,heart_rate_avg,87.56999452605159,-1
2024-12-31,heart_rate_avg,89.60459309112304,-1
2025-01-25,heart_rate_avg,92.51871614229152,-1
2025-02-01,heart_rate_avg,105.78271637927456,-1
2025-03-12,heart_rate_avg,89.41354218134991,-1
2025-03-24,heart_rate_avg,42.10767276750366,-1
2025-04-04,heart_rate_avg,41.017151059828805,-1
2025-06-25,heart_rate_avg,90.47415218916215,-1
2025-06-27,heart_rate_avg,88.92132976249422,-1
2025-08-11,heart_rate_avg,91.61271644805018,-1
2025-08-15,heart_rate_avg,88.69168235423672,-1
2024-09-13,heart_rate_avg,36.142142501493765,-1
2024-09-27,heart_rate_avg,38.55619013763822,-1
2024-10-02,heart_rate_avg,39.56604383032005,-1
2024-10-13,heart_rate_avg,28.117608970072176,-1
2024-11-04,heart_rate_avg,37.23137426141257,-1
2024-11-11,heart_rate_avg,34.94576024296178,-1
2024-11-18,heart_rate_avg,37.20638568532527,-1
2024-11-20,heart_rate_avg,39.85780983072424,-1
2025-01-07,heart_rate_avg,42.93845447057758,-1
2025-01-13,heart_rate_avg,40.33918989843414,-1
2025-01-20,heart_rate_avg,40.64749194635949,-1
2025-02-17,heart_rate_avg,42.98371291356065,-1
2025-03-05,heart_rate_avg,41.68958791090593,-1
2025-03-22,heart_rate_avg,41.52658004965569,-1
2025-03-23,heart_rate_avg,43.111039681779374,-1
2025-05-20,heart_rate_avg,39.61388244865996,-1
2025-05-30,heart_rate_avg,39.94990286417471,-1
2025-06-01,heart_rate_avg,37.37125045743423,-1
2025-06-02,heart_rate_avg,37.55815767189704,-1
2025-06-09,heart_rate_avg,40.00209645427483,-1
2025-06-10,heart_rate_avg,40.54529781607543,-1
2025-06-16,heart_rate_avg,35.40371545877963,-1
2025-06-18,heart_rate_avg,43.055202698580615,-1
2025-06-20,heart_rate_avg,42.41481381213055,-1
2025-06-27,heart_rate_avg,36.33122633226742,-1
2025-08-07,heart_rate_avg,42.2217384571868,-1
2025-08-19,heart_rate_avg,34.698859098660265,-1
2024-10-06,heart_rate_avg,36.92790760151649,-1
2024-11-21,heart_rate_avg,89.23540129661878,-1
2024-11-22,heart_rate_avg,38.713232976534485,-1
2024-12-03,heart_rate_avg,41.19486113918303,-1
2024-12-11,heart_rate_avg,87.49485724622781,-1
2025-01-06,heart_rate_avg,42.896132654478734,-1
2025-01-26,heart_rate_avg,90.61575555132228,-1
2025-02-22,heart_rate_avg,90.67970557782448,-1
2025-03-30,heart_rate_avg,35.09217992212804,-1
2025-03-31,heart_rate_avg,42.85618510008625,-1
2025-04-16,heart_rate_avg,89.67832109616631,-1
2025-05-15,heart_rate_avg,87.8645331076835,-1
2025-06-01,heart_rate_avg,42.7233401196678,-1
2025-06-07,heart_rate_avg,38.97452947392484,-1
2025-08-12,heart_rate_avg,87.49024600705363,-1
2024-09-14,heart_rate_avg,88.56339435009812,-1
2024-12-17,heart_rate_avg,88.4280112330882,-1
2025-01-30,heart_rate_avg,88.89963147235926,-1
2025-03-16,heart_rate_avg,93.58290135743512,-1
2025-04-09,heart_rate_avg,93.99620147016064,-1
2025-05-09,heart_rate_avg,97.3142498820367,-1
2025-05-24,heart_rate_avg,88.23740524249008,-1
2025-05-26,heart_rate_avg,90.66218177594202,-1
2025-06-28,heart_rate_avg,95.6522399386661,-1
2025-07-06,heart_rate_avg,95.3312881275624,-1
2025-07-12,heart_rate_avg,90.6321966201666,-1
2025-07-23,heart_rate_avg,89.22620517892483,-1
2025-07-27,heart_rate_avg,89.1326596864667,-1
2025-08-05,heart_rate_avg,88.84590154141137,-1
2025-08-21,heart_rate_avg,98.4658991375517,-1
2024-11-01,heart_rate_avg,42.546670700494,-1
2024-11-18,heart_rate_avg,88.66503348976335,-1
2025-03-19,heart_rate_avg,88.6848017356931,-1
2025-04-06,heart_rate_avg,91.00572000531584,-1
2025-04-13,heart_rate_avg,96.1049416356014,-1
2025-04-24,heart_rate_avg,90.07399896072484,-1
2025-06-21,heart_rate_avg,32.063902729981706,-1
2025-07-06,heart_rate_avg,87.96377810895748,-1
2025-07-22,heart_rate_avg,88.3776123442196,-1
2025-08-25,heart_rate_avg,88.74711922138579,-1
2024-09-29,heart_rate_avg,88.52397071019479,-1
2024-11-29,heart_rate_avg,95.43257909209711,-1
2024-12-27,heart_rate_avg,87.63334282752109,-1
2025-01-29,heart_rate_avg,41.55928980878449,-1
2025-02-01,heart_rate_avg,91.9703133967404,-1
2025-02-03,heart_rate_avg,97.83907395052772,-1
2025-02-21,heart_rate_avg,92.73610781331055,-1
2025-03-07,heart_rate_avg,92.03543168548111,-1
2025-03-13,heart_rate_avg,89.8845761350122,-1
2025-03-20,heart_rate_avg,90.02913294263378,-1
2025-04-10,heart_rate_avg,88.06009623552936,-1
2025-05-20,heart_rate_avg,92.49211253609845,-1
2025-06-13,heart_rate_avg,87.55582127665221,-1
2025-06-26,heart_rate_avg,91.24863490865364,-1
2025-07-06,heart_rate_avg,92.80310678413124,-1
2025-07-15,heart_rate_avg,90.37570346676635,-1
2025-07-18,heart_rate_avg,88.84750014711732,-1
2025-07-26,heart_rate_avg,105.46724762722349,-1
2024-09-11,heart_rate_avg,88.14806207280182,-1
2024-09-12,heart_rate_avg,88.86487500194983,-1
2024-09-13,heart_rate_avg,92.79636384362529,-1
2024-09-16,heart_rate_avg,94.38097476295384,-1
2024-10-17,heart_rate_avg,90.67565853238564,-1
2024-10-20,heart_rate_avg,93.20400755620184,-1
2024-10-22,heart_rate_avg,91.36397940266046,-1
2024-11-08,heart_rate_avg,87.96234997129463,-1
2024-11-29,heart_rate_avg,89.50226470031009,-1
2024-12-19,heart_rate_avg,88.44206723703786,-1
2025-01-07,heart_rate_avg,91.6446423837267,-1
2025-01-09,heart_rate_avg,91.90275626614728,-1
2025-01-10,heart_rate_avg,87.77508142557227,-1
2025-01-11,heart_rate_avg,87.81945776532332,-1
2025-01-12,heart_rate_avg,87.39804195947949,-1
2025-01-24,heart_rate_avg,93.58271410990902,-1
2025-02-01,heart_rate_avg,97.48657146958617,-1
2025-02-07,heart_rate_avg,95.54449840366806,-1
2025-02-11,heart_rate_avg,92.23305583226224,-1
2025-02-20,heart_rate_avg,88.17849126960687,-1
2025-03-03,heart_rate_avg,91.55822734110822,-1
2025-03-04,heart_rate_avg,91.07782060909456,-1
2025-03-09,heart_rate_avg,91.394738416641,-1
2025-03-12,heart_rate_avg,92.32698561030176,-1
2025-03-24,heart_rate_avg,90.93963181566792,-1
2025-04-11,heart_rate_avg,87.64874504129929,-1
2025-04-18,heart_rate_avg,92.6693321290262,-1
2025-04-30,heart_rate_avg,100.8290517460993,-1
2025-05-02,heart_rate_avg,91.14123350368293,-1
2025-05-03,heart_rate_avg,97.12542964916832,-1
2025-05-11,heart_rate_avg,90.92793941884128,-1
2025-05-16,heart_rate_avg,87.55133250992512,-1
2025-05-22,heart_rate_avg,101.7445876788066,-1
2025-05-27,heart_rate_avg,91.30792288540336,-1
2025-06-10,heart_rate_avg,93.65399674547233,-1
2025-06-15,heart_rate_avg,90.63629020201564,-1
2025-06-27,heart_rate_avg,97.40187810218885,-1
2025-06-28,heart_rate_avg,90.9673329177324,-1
2025-07-05,heart_rate_avg,87.99749833155184,-1
2025-07-09,heart_rate_avg,100.32480334733562,-1
2025-07-12,heart_rate_avg,89.20878965764655,-1
2025-08-03,heart_rate_avg,89.81682518442277,-1
2025-08-09,heart_rate_avg,90.74389058771676,-1
2025-08-10,heart_rate_avg,88.54532980977751,-1
2025-08-22,heart_rate_avg,87.40367903139048,-1
2025-08-26,heart_rate_avg,87.49541174377421,-1
2025-08-30,heart_rate_avg,87.60296459924568,-1
2025-09-05,heart_rate_avg,88.10832758053203,-1
2024-09-29,heart_rate_avg,92.0800673835961,-1
2024-10-07,heart_rate_avg,87.9522392600935,-1
2024-10-13,heart_rate_avg,88.22707859588245,-1
2024-10-14,heart_rate_avg,88.41680086618878,-1
2024-11-01,heart_rate_avg,90.63701989045028,-1
2024-11-07,heart_rate_avg,87.86980366519809,-1
2024-12-06,heart_rate_avg,96.5719807745748,-1
2024-12-21,heart_rate_avg,95.03954273432016,-1
2025-02-13,heart_rate_avg,88.24554314780453,-1
2025-03-16,heart_rate_avg,90.75475089144976,-1
2025-03-31,heart_rate_avg,88.04690688786994,-1
2025-05-15,heart_rate_avg,97.16783810927352,-1
2025-06-01,heart_rate_avg,88.92670145079828,-1
2025-06-02,heart_rate_avg,88.23884212382252,-1
2025-06-11,heart_rate_avg,88.29708831659121,-1
2025-06-12,heart_rate_avg,88.41383727497299,-1
2025-06-21,heart_rate_avg,88.58803414219679,-1
2025-07-09,heart_rate_avg,89.38470026068532,-1
2025-07-15,heart_rate_avg,90.433204991247,-1
2025-09-02,heart_rate_avg,87.6817923453518,-1
2024-10-17,heart_rate_avg,92.63322509311128,-1
2024-10-22,heart_rate_avg,89.51605552277829,-1
2024-12-12,heart_rate_avg,94.90522075666142,-1
2024-12-25,heart_rate_avg,88.457373284925,-1
2025-02-18,heart_rate_avg,39.24179521251145,-1
2025-02-24,heart_rate_avg,38.608551242436825,-1
2025-03-28,heart_rate_avg,97.38846493942322,-1
2025-04-07,heart_rate_avg,93.84135638548692,-1
2025-04-22,heart_rate_avg,95.61536460968055,-1
2025-06-30,heart_rate_avg,89.2665934982648,-1
2024-09-06,heart_rate_avg,87.6037300159033,-1
2024-11-18,heart_rate_avg,41.73984302970565,-1
2024-11-20,heart_rate_avg,92.42920633595404,-1
2025-01-04,heart_rate_avg,93.21187930925372,-1
2025-03-25,heart_rate_avg,38.47362995681783,-1
2025-04-08,heart_rate_avg,97.63658546169214,-1
2025-05-07,heart_rate_avg,94.56387034293098,-1
2025-05-31,heart_rate_avg,95.78946015220164,-1
2025-06-05,heart_rate_avg,42.05448671351049,-1
2025-08-04,heart_rate_avg,88.14696333274092,-1
2024-09-22,heart_rate_avg,41.299326229155966,-1
2024-11-08,heart_rate_avg,30.965701345024804,-1
2024-11-11,heart_rate_avg,41.991120013606974,-1
2024-11-19,heart_rate_avg,41.847725316613975,-1
2024-11-27,heart_rate_avg,41.77913837549137,-1
2024-12-09,heart_rate_avg,39.32267862876554,-1
2024-12-13,heart_rate_avg,38.5131522219308,-1
2024-12-15,heart_rate_avg,37.316760640592165,-1
2024-12-28,heart_rate_avg,39.79920428060476,-1
2025-01-13,heart_rate_avg,36.284816554288206,-1
2025-01-25,heart_rate_avg,38.98953802386745,-1
2025-03-03,heart_rate_avg,34.651573736393345,-1
2025-03-10,heart_rate_avg,32.43774652286403,-1
2025-03-15,heart_rate_avg,40.39547707326432,-1
2025-03-17,heart_rate_avg,40.773655395467046,-1
2025-03-31,heart_rate_avg,36.434017621087335,-1
2025-04-18,heart_rate_avg,41.25131553824504,-1
2025-05-20,heart_rate_avg,43.05181736606636,-1
2025-06-01,heart_rate_avg,39.23955580434621,-1
2025-06-02,heart_rate_avg,37.82092537901399,-1
2025-06-24,heart_rate_avg,41.48082582005698,-1
2025-06-26,heart_rate_avg,40.60562228038464,-1
2025-07-05,heart_rate_avg,42.43232221265676,-1
2025-07-12,heart_rate_avg,41.50939305285215,-1
2024-09-08,heart_rate_avg,40.51607648603008,-1
2024-11-08,heart_rate_avg,90.88376353418656,-1
2024-11-30,heart_rate_avg,93.44528956298193,-1
2024-12-17,heart_rate_avg,94.09162095650152,-1
2025-02-13,heart_rate_avg,96.24752681848838,-1
2025-02-20,heart_rate_avg,39.45660525316174,-1
2025-02-23,heart_rate_avg,38.21815491857142,-1
2025-05-07,heart_rate_avg,93.25103019084456,-1
2025-07-07,heart_rate_avg,87.9881139202134,-1
2025-07-20,heart_rate_avg,88.45871020107673,-1
2024-09-09,heart_rate_avg,30.421257246303355,-1
2024-10-27,heart_rate_avg,38.031864054076976,-1
2024-11-11,heart_rate_avg,42.71624094367203,-1
2024-12-04,heart_rate_avg,40.647398232448,-1
2024-12-08,heart_rate_avg,33.27025774126284,-1
2025-01-26,heart_rate_avg,41.46807529280262,-1
2025-02-22,heart_rate_avg,40.639066084715616,-1
2025-02-23,heart_rate_avg,39.983180569668384,-1
2025-03-03,heart_rate_avg,37.14126459549141,-1
2025-06-27,heart_rate_avg,41.82047033283602,-1
2025-07-28,heart_rate_avg,42.06517647680713,-1
2025-08-21,heart_rate_avg,88.91550889726356,-1
2025-08-29,heart_rate_avg,92.16731252419584,-1
2025-09-03,heart_rate_avg,89.75465588261127,-1
2024-09-06,heart_rate_avg,88.0122283881246,-1
2024-09-07,heart_rate_avg,92.9635160530304,-1
2024-09-19,heart_rate_avg,39.76861294327376,-1
2024-10-23,heart_rate_avg,88.23496094432949,-1
2024-10-26,heart_rate_avg,93.4287275614052,-1
2025-02-05,heart_rate_avg,90.32941379926297,-1
2025-02-17,heart_rate_avg,96.18377494564668,-1
2025-02-27,heart_rate_avg,87.86479098727234,-1
2025-03-05,heart_rate_avg,89.33599432825584,-1
2025-03-21,heart_rate_avg,91.0204191134423,-1
2025-03-24,heart_rate_avg,96.40280691862672,-1
2025-03-25,heart_rate_avg,96.45437706810878,-1
2025-06-10,heart_rate_avg,90.48603127675231,-1
2025-06-28,heart_rate_avg,38.48208150046958,-1
2025-07-01,heart_rate_avg,91.03448963562336,-1
2025-07-09,heart_rate_avg,96.06855292819618,-1
2025-07-12,heart_rate_avg,88.54330413532733,-1
2025-08-04,heart_rate_avg,99.38394856576885,-1
2025-08-06,heart_rate_avg,89.6118018097189,-1
2025-08-08,heart_rate_avg,87.7902860777136,-1
2025-08-18,heart_rate_avg,87.59098634924455,-1
2025-08-28,heart_rate_avg,95.9519635682959,-1
2025-09-05,heart_rate_avg,92.3397271720907,-1
2024-09-09,heart_rate_avg,92.6632299483734,-1
2024-09-24,heart_rate_avg,89.1170548159607,-1
2024-10-23,heart_rate_avg,90.79599625192417,-1
2024-12-01,heart_rate_avg,95.45018585545375,-1
2024-12-04,heart_rate_avg,88.58488359141322,-1
2024-12-07,heart_rate_avg,42.548254543379095,-1
2025-03-06,heart_rate_avg,39.93667757033177,-1
2025-03-14,heart_rate_avg,91.9524678323284,-1
2025-05-01,heart_rate_avg,88.32560671056888,-1
2025-05-16,heart_rate_avg,39.88055585342234,-1
2025-05-22,heart_rate_avg,91.92424799999505,-1
2025-06-18,heart_rate_avg,95.41353324594454,-1
2025-07-15,heart_rate_avg,37.94998849924521,-1
2024-10-07,heart_rate_avg,35.24573561495021,-1
2024-10-14,heart_rate_avg,92.82092070462414,-1
2024-10-24,heart_rate_avg,38.48635034578221,-1
2024-10-29,heart_rate_avg,39.819445530012295,-1
2024-11-22,heart_rate_avg,42.53095110160032,-1
2024-11-24,heart_rate_avg,42.80729402181865,-1
2025-02-27,heart_rate_avg,42.21191122782232,-1
2025-03-02,heart_rate_avg,42.24082205019531,-1
2025-03-11,heart_rate_avg,41.267593936341136,-1
2025-04-22,heart_rate_avg,33.31689230575379,-1
2025-07-28,heart_rate_avg,42.81292628016006,-1
2025-08-13,heart_rate_avg,42.87499480143019,-1
2025-08-16,heart_rate_avg,40.05050095744198,-1
2024-11-04,heart_rate_avg,40.14942221918356,-1
2024-12-27,heart_rate_avg,39.68300012437652,-1
2025-03-05,heart_rate_avg,42.85045530471683,-1
2025-03-11,heart_rate_avg,88.88354255534631,-1
2025-03-21,heart_rate_avg,40.82941860668955,-1
2025-04-25,heart_rate_avg,36.35855403109306,-1
2025-04-29,heart_rate_avg,42.90621625990559,-1
2025-05-03,heart_rate_avg,41.45851089530387,-1
2025-05-07,heart_rate_avg,41.29349494919848,-1
2025-05-25,heart_rate_avg,35.426422287182675,-1
2025-05-26,heart_rate_avg,42.16225007557229,-1
2025-06-22,heart_rate_avg,42.23294322260766,-1
2025-06-27,heart_rate_avg,37.59829780020547,-1
2025-07-02,heart_rate_avg,27.25871499097262,-1
2025-08-06,heart_rate_avg,28.086712090744516,-1
2025-09-02,heart_rate_avg,41.26655722750074,-1
2024-10-08,heart_rate_avg,42.60207755790984,-1
2024-10-19,heart_rate_avg,31.177019131432065,-1
2024-11-05,heart_rate_avg,40.02866158931084,-1
2024-12-13,heart_rate_avg,33.922778210410215,-1
2025-01-19,heart_rate_avg,41.55621237904872,-1
2025-02-03,heart_rate_avg,40.75980228120102,-1
2025-02-07,heart_rate_avg,43.1411277699284,-1
2025-03-08,heart_rate_avg,42.71173780017945,-1
2025-03-31,heart_rate_avg,40.36746713644601,-1
2025-05-09,heart_rate_avg,42.8205555002977,-1
2025-05-13,heart_rate_avg,36.43524462756107,-1
2025-05-22,heart_rate_avg,37.300354310450935,-1
2025-05-29,heart_rate_avg,40.40187427099716,-1
2025-06-26,heart_rate_avg,38.50688943415058,-1
2025-07-25,heart_rate_avg,39.80534285931229,-1
2025-08-24,heart_rate_avg,43.13303752587577,-1
2024-09-07,heart_rate_avg,90.50107831614628,-1
2024-09-28,heart_rate_avg,92.48108437569871,-1
2024-11-02,heart_rate_avg,89.265734057695,-1
2024-11-14,heart_rate_avg,90.14508044105467,-1
2024-11-15,heart_rate_avg,94.5187606740821,-1
2024-11-26,heart_rate_avg,94.19062462451647,-1
2024-12-13,heart_rate_avg,87.66478137546083,-1
2025-01-19,heart_rate_avg,88.3563444012991,-1
2025-02-01,heart_rate_avg,89.56615482606789,-1
2025-02-09,heart_rate_avg,94.17466726526496,-1
2025-02-24,heart_rate_avg,92.50819778316992,-1
2025-03-02,heart_rate_avg,95.8306702088811,-1
2025-05-09,heart_rate_avg,92.5158524926601,-1
2025-05-13,heart_rate_avg,93.54779490761938,-1
2025-07-24,heart_rate_avg,40.547860234733015,-1
2025-08-05,heart_rate_avg,88.98243436850916,-1
2025-08-22,heart_rate_avg,90.522761015159,-1
2025-09-05,heart_rate_avg,91.50188990945134,-1
2024-10-31,heart_rate_avg,88.35209121935188,-1
2024-12-13,heart_rate_avg,97.4128207775534,-1
2025-02-03,heart_rate_avg,88.68812817437671,-1
2025-05-21,heart_rate_avg,88.74899998912619,-1
2025-06-08,heart_rate_avg,93.6384375461493,-1
2025-08-28,heart_rate_avg,93.49596212974949,-1
2024-09-13,heart_rate_avg,40.76446506974335,-1
2024-09-17,heart_rate_avg,37.77676531100396,-1
2024-09-19,heart_rate_avg,33.90577717613333,-1
2024-09-22,heart_rate_avg,41.924926522737984,-1
2024-11-07,heart_rate_avg,43.066347806246526,-1
2024-12-24,heart_rate_avg,31.177170288628,-1
2024-12-26,heart_rate_avg,41.244490102338666,-1
2024-12-28,heart_rate_avg,37.71256810756033,-1
2025-01-04,heart_rate_avg,35.46802957578909,-1
2025-01-16,heart_rate_avg,40.44057869483365,-1
2025-01-20,heart_rate_avg,42.44696887747805,-1
2025-01-23,heart_rate_avg,36.26180095122381,-1
2025-02-18,heart_rate_avg,36.52678701689412,-1
2025-04-10,heart_rate_avg,42.50106694380277,-1
2025-05-08,heart_rate_avg,33.31395579127063,-1
2025-05-27,heart_rate_avg,40.09676383232962,-1
2025-06-01,heart_rate_avg,40.192702569471614,-1
2025-07-05,heart_rate_avg,42.23074729866412,-1
2025-07-12,heart_rate_avg,40.55556461900248,-1
2025-07-14,heart_rate_avg,40.26562291714715,-1
2025-07-19,heart_rate_avg,41.05804307963551,-1
2025-08-11,heart_rate_avg,39.40398215494713,-1
2025-09-04,heart_rate_avg,42.11964545158426,-1
2024-10-10,heart_rate_avg,92.36173300639796,-1
2024-10-17,heart_rate_avg,90.91360427578176,-1
2024-11-07,heart_rate_avg,96.3408661486234,-1
2024-12-07,heart_rate_avg,89.01852743944183,-1
2024-12-10,heart_rate_avg,92.1990810369395,-1
2025-03-25,heart_rate_avg,93.637235277046,-1
2025-04-19,heart_rate_avg,88.97897841728954,-1
2025-05-25,heart_rate_avg,88.29845542218175,-1
2025-07-26,heart_rate_avg,91.3300837955021,-1
2025-08-06,heart_rate_avg,94.1097399700761,-1
2025-08-14,heart_rate_avg,88.07333494487492,-1
2025-08-17,heart_rate_avg,98.67735616958493,-1
2024-09-16,heart_rate_avg,40.20939260624621,-1
2024-09-17,heart_rate_avg,29.140737657670343,-1
2024-12-26,heart_rate_avg,39.060236316522456,-1
2025-04-09,heart_rate_avg,40.44712968885285,-1
2025-05-29,heart_rate_avg,42.28770733797914,-1
2025-07-05,heart_rate_avg,40.60984787729968,-1
2025-07-07,heart_rate_avg,93.29474789311912,-1
2025-07-25,heart_rate_avg,87.54723676079409,-1
2024-10-18,heart_rate_avg,34.06312143061294,-1
2024-12-10,heart_rate_avg,91.80290262440477,-1
2024-12-31,heart_rate_avg,40.78615518415819,-1
2025-03-04,heart_rate_avg,93.36073934139372,-1
2025-03-30,heart_rate_avg,40.097290708563065,-1
2024-11-09,heart_rate_avg,94.79536902536006,-1
2024-11-30,heart_rate_avg,90.54972801654536,-1
2024-12-22,heart_rate_avg,90.40759588142988,-1
2025-02-18,heart_rate_avg,89.59361527243152,-1
2025-02-22,heart_rate_avg,89.7604550871059,-1
2025-03-02,heart_rate_avg,88.05958014679167,-1
2025-03-30,heart_rate_avg,88.26160027479892,-1
2025-04-18,heart_rate_avg,89.3821296687738,-1
2025-05-02,heart_rate_avg,96.14356421898646,-1
2025-05-24,heart_rate_avg,87.86649124477037,-1
2025-05-25,heart_rate_avg,90.39211161222516,-1
2025-06-20,heart_rate_avg,89.32067165135939,-1
2025-06-29,heart_rate_avg,87.90713084372773,-1
2025-08-13,heart_rate_avg,88.31582900140232,-1
2025-09-01,heart_rate_avg,87.48485646144722,-1
2024-09-09,heart_rate_avg,39.81056762442614,-1
2024-09-19,heart_rate_avg,38.140356686296414,-1
2024-09-20,heart_rate_avg,41.92273475961511,-1
2024-09-28,heart_rate_avg,40.15525310037744,-1
2024-10-05,heart_rate_avg,38.07201949435292,-1
2024-10-08,heart_rate_avg,35.153713739452485,-1
2024-10-11,heart_rate_avg,36.19616651498961,-1
2024-10-15,heart_rate_avg,32.837295889737774,-1
2024-10-18,heart_rate_avg,42.56869722038738,-1
2024-10-22,heart_rate_avg,41.914328882438944,-1
2024-11-15,heart_rate_avg,39.30397288310383,-1
2024-11-21,heart_rate_avg,39.64636738144982,-1
2024-11-28,heart_rate_avg,41.452446709275975,-1
2024-12-03,heart_rate_avg,36.48508603198393,-1
2024-12-05,heart_rate_avg,38.61126510394638,-1
2024-12-09,heart_rate_avg,36.33593239324257,-1
2024-12-13,heart_rate_avg,37.937172442859065,-1
2024-12-19,heart_rate_avg,43.04122067145174,-1
2024-12-22,heart_rate_avg,41.84300046820877,-1
2024-12-28,heart_rate_avg,40.20753481756732,-1
2025-01-01,heart_rate_avg,39.70907310567667,-1
2025-01-03,heart_rate_avg,41.446945265821725,-1
2025-01-09,heart_rate_avg,41.57152271073421,-1
2025-01-11,heart_rate_avg,25.877637309891465,-1
2025-01-18,heart_rate_avg,39.194177082804856,-1
2025-02-01,heart_rate_avg,41.86230894774275,-1
2025-02-03,heart_rate_avg,37.49107818252568,-1
2025-02-05,heart_rate_avg,35.505618723530574,-1
2025-02-09,heart_rate_avg,35.010730946257894,-1
2025-03-03,heart_rate_avg,30.248438772898737,-1
2025-03-20,heart_rate_avg,31.682779560681222,-1
2025-03-26,heart_rate_avg,41.96497072329981,-1
2025-03-27,heart_rate_avg,37.55050917553047,-1
2025-03-29,heart_rate_avg,37.16843931294878,-1
2025-03-30,heart_rate_avg,31.589012302190262,-1
2025-04-14,heart_rate_avg,32.41183033623484,-1
2025-04-15,heart_rate_avg,40.39016398369417,-1
2025-04-20,heart_rate_avg,38.80119114500727,-1
2025-04-21,heart_rate_avg,43.06612601823318,-1
2025-04-23,heart_rate_avg,42.19469760821843,-1
2025-04-25,heart_rate_avg,39.9078107859831,-1
2025-04-26,heart_rate_avg,42.48856529908835,-1
2025-04-27,heart_rate_avg,35.3799883797149,-1
2025-04-29,heart_rate_avg,33.602793148466574,-1
2025-05-02,heart_rate_avg,41.80631533313449,-1
2025-05-06,heart_rate_avg,40.6166019815849,-1
2025-05-13,heart_rate_avg,40.82557943259846,-1
2025-05-23,heart_rate_avg,42.61270229967738,-1
2025-05-31,heart_rate_avg,39.9053518367983,-1
2025-06-03,heart_rate_avg,41.778734752231394,-1
2025-06-07,heart_rate_avg,42.22694537611196,-1
2025-06-19,heart_rate_avg,39.27039859133909,-1
2025-06-21,heart_rate_avg,38.94650089751066,-1
2025-06-25,heart_rate_avg,43.03054011761903,-1
2025-07-04,heart_rate_avg,41.48249137803375,-1
2025-07-08,heart_rate_avg,41.318825567697786,-1
2025-07-18,heart_rate_avg,40.95559979666455,-1
2025-07-30,heart_rate_avg,41.53818303091467,-1
2025-08-07,heart_rate_avg,37.97320594188071,-1
2025-08-12,heart_rate_avg,38.40253858363014,-1
2025-08-22,heart_rate_avg,29.55721810331842,-1
2025-08-23,heart_rate_avg,37.403208387902296,-1
2025-08-26,heart_rate_avg,42.597163854783446,-1
2025-08-31,heart_rate_avg,41.87678613601483,-1
2025-09-02,heart_rate_avg,29.12720010498058,-1
2025-09-04,heart_rate_avg,39.69728324575577,-1
2024-10-15,heart_rate_avg,42.012464124836136,-1
2024-12-27,heart_rate_avg,42.04468599105046,-1
2024-12-31,heart_rate_avg,28.419536904962506,-1
2025-01-01,heart_rate_avg,36.36837590333639,-1
2025-01-08,heart_rate_avg,36.62231832237636,-1
2025-01-26,heart_rate_avg,36.24671573857962,-1
2025-02-02,heart_rate_avg,39.99929464303194,-1
2025-03-10,heart_rate_avg,42.19863882795394,-1
2025-05-14,heart_rate_avg,42.814035627152805,-1
2024-11-05,heart_rate_avg,88.2558399131509,-1
2024-11-14,heart_rate_avg,93.0209899015478,-1
2024-11-26,heart_rate_avg,95.15029029139085,-1
2024-11-28,heart_rate_avg,88.03285765601308,-1
2024-12-09,heart_rate_avg,97.29534812004536,-1
2025-01-16,heart_rate_avg,90.34863067060068,-1
2025-03-03,heart_rate_avg,92.78459023394498,-1
2025-03-27,heart_rate_avg,112.91366395111106,-1
2025-04-05,heart_rate_avg,90.83650053435846,-1
2025-04-28,heart_rate_avg,39.50074855682982,-1
2025-05-16,heart_rate_avg,94.42052052025852,-1
2025-05-19,heart_rate_avg,98.37653767007588,-1
2025-06-04,heart_rate_avg,99.6821750150752,-1
2025-06-11,heart_rate_avg,89.02188980960551,-1
2025-06-16,heart_rate_avg,40.44620671393458,-1
2025-08-13,heart_rate_avg,90.16662770124849,-1
2025-08-14,heart_rate_avg,93.2301160307912,-1
2025-08-30,heart_rate_avg,90.70943493739564,-1
2024-10-07,heart_rate_avg,96.30166766009648,-1
2024-10-14,heart_rate_avg,96.9088292553005,-1
2024-11-01,heart_rate_avg,90.32198599445056,-1
2024-11-16,heart_rate_avg,88.17617666593762,-1
2024-11-22,heart_rate_avg,91.68619219943348,-1
2024-12-02,heart_rate_avg,90.4082603034297,-1
2024-12-09,heart_rate_avg,97.47871666486807,-1
2024-12-22,heart_rate_avg,99.50472380790028,-1
2025-01-05,heart_rate_avg,87.51273555522732,-1
2025-01-12,heart_rate_avg,89.88006988643633,-1
2025-02-12,heart_rate_avg,91.61408138547532,-1
2025-02-15,heart_rate_avg,97.2911797936757,-1
2025-02-24,heart_rate_avg,92.66921112512212,-1
2025-03-06,heart_rate_avg,92.2063879105552,-1
2025-05-07,heart_rate_avg,89.79956752449257,-1
2025-05-12,heart_rate_avg,87.99627579544872,-1
2025-05-18,heart_rate_avg,95.92526757961342,-1
2025-05-31,heart_rate_avg,88.08985827880119,-1
2025-06-27,heart_rate_avg,95.94311557578092,-1
2025-07-01,heart_rate_avg,87.49674492704912,-1
2025-07-22,heart_rate_avg,93.5630715237288,-1
2025-07-27,heart_rate_avg,99.10782926557766,-1
2025-08-11,heart_rate_avg,88.47077218092383,-1
2025-09-01,heart_rate_avg,33.52696978520794,-1
2024-09-23,heart_rate_avg,38.49148774528649,-1
2024-10-13,heart_rate_avg,42.26981908874797,-1
2024-10-24,heart_rate_avg,38.04215899964553,-1
2024-12-05,heart_rate_avg,37.81359711593323,-1
2024-12-08,heart_rate_avg,40.76574287506142,-1
2024-12-19,heart_rate_avg,41.88874122777422,-1
2025-01-10,heart_rate_avg,42.02289561562292,-1
2025-02-11,heart_rate_avg,37.04532782807415,-1
2025-02-15,heart_rate_avg,40.944486710815255,-1
2025-02-20,heart_rate_avg,26.372686224749263,-1
2025-04-05,heart_rate_avg,41.93067263587011,-1
2025-04-19,heart_rate_avg,37.16790469905151,-1
2025-05-09,heart_rate_avg,35.42115167942197,-1
2025-05-19,heart_rate_avg,34.234867337231925,-1
2025-05-22,heart_rate_avg,42.48399026234005,-1
2025-05-31,heart_rate_avg,36.853055505164576,-1
2025-07-10,heart_rate_avg,34.7940731088935,-1
2025-08-18,heart_rate_avg,41.8902138015488,-1
2025-08-19,heart_rate_avg,36.16296471923906,-1
2025-09-05,heart_rate_avg,42.5275571225706,-1
2024-10-02,heart_rate_avg,41.9049638367799,-1
2024-10-31,heart_rate_avg,43.12285297956531,-1
2024-11-21,heart_rate_avg,26.12499532813382,-1
2025-02-27,heart_rate_avg,41.27796503547731,-1
2025-05-22,heart_rate_avg,42.01308617769374,-1
2025-09-03,heart_rate_avg,40.53659355054915,-1
2024-09-10,heart_rate_avg,93.96994108614368,-1
2024-09-15,heart_rate_avg,37.21085175297915,-1
2024-10-04,heart_rate_avg,88.0407486826007,-1
2025-01-20,heart_rate_avg,89.27874111545175,-1
2025-03-31,heart_rate_avg,40.6034865634736,-1
2025-04-01,heart_rate_avg,88.51601868029262,-1
2025-04-05,heart_rate_avg,39.65853003484926,-1
2025-06-27,heart_rate_avg,94.75158478821388,-1
2025-07-27,heart_rate_avg,95.31204118133633,-1
2025-08-12,heart_rate_avg,91.47911914368436,-1
2025-08-20,heart_rate_avg,89.03586255189731,-1
2024-09-13,heart_rate_avg,91.69200273436051,-1
2024-10-08,heart_rate_avg,96.41532684463824,-1
2024-10-09,heart_rate_avg,92.33655782546924,-1
2024-11-02,heart_rate_avg,89.80055312791009,-1
2024-11-14,heart_rate_avg,88.09713093596648,-1
2024-11-25,heart_rate_avg,93.21171369478137,-1
2024-12-05,heart_rate_avg,87.51766002254855,-1
2024-12-27,heart_rate_avg,90.08469643030448,-1
2025-01-01,heart_rate_avg,92.32808579811268,-1
2025-01-15,heart_rate_avg,89.62322308057674,-1
2025-03-07,heart_rate_avg,90.93311727067116,-1
2025-05-19,heart_rate_avg,87.67178648127468,-1
2025-05-26,heart_rate_avg,89.43414012269645,-1
2025-05-31,heart_rate_avg,92.4075268876966,-1
2025-06-02,heart_rate_avg,89.87025133245872,-1
2025-06-04,heart_rate_avg,88.75603375101478,-1
2025-06-13,heart_rate_avg,88.73147298857032,-1
2025-06-22,heart_rate_avg,87.68443129596855,-1
2024-09-24,heart_rate_avg,37.97204773854119,-1
2025-01-08,heart_rate_avg,41.859078201452895,-1
2025-01-24,heart_rate_avg,42.78694447138431,-1
2025-02-04,heart_rate_avg,40.23813578314223,-1
2025-03-19,heart_rate_avg,41.95701241568412,-1
2025-05-09,heart_rate_avg,39.16882712365329,-1
2025-05-11,heart_rate_avg,88.62244216060843,-1
2025-06-07,heart_rate_avg,40.22716349026414,-1
2025-07-19,heart_rate_avg,87.4351979348601,-1
2024-09-19,heart_rate_avg,92.86465464383336,-1
2024-09-23,heart_rate_avg,87.86252649249683,-1
2024-11-06,heart_rate_avg,93.1290340988475,-1
2024-11-10,heart_rate_avg,96.30835705744946,-1
2024-12-20,heart_rate_avg,94.05203214129298,-1
2024-12-28,heart_rate_avg,91.52253162129206,-1
2025-02-01,heart_rate_avg,88.21042283749875,-1
2025-02-08,heart_rate_avg,94.69644555108624,-1
2025-02-17,heart_rate_avg,88.25956120939976,-1
2025-03-04,heart_rate_avg,95.39497967917264,-1
2025-03-07,heart_rate_avg,87.49620191663092,-1
2025-04-11,heart_rate_avg,90.66540142636708,-1
2025-04-18,heart_rate_avg,93.01850707514836,-1
2025-04-30,heart_rate_avg,92.79053460508985,-1
2025-05-10,heart_rate_avg,94.32837656764384,-1
2025-05-24,heart_rate_avg,90.38866155171456,-1
2025-05-30,heart_rate_avg,91.22197935752833,-1
2025-07-21,heart_rate_avg,92.50631436080162,-1
2025-08-07,heart_rate_avg,93.092882536272,-1
2025-08-16,heart_rate_avg,91.17621145860474,-1
2024-09-21,heart_rate_avg,36.725958278108656,-1
2024-09-23,heart_rate_avg,40.65449461089586,-1
2024-10-12,heart_rate_avg,39.9562799873984,-1
2024-11-01,heart_rate_avg,41.92567221569011,-1
2024-11-08,heart_rate_avg,37.17654121427025,-1
2024-11-11,heart_rate_avg,42.281805477879374,-1
2024-11-12,heart_rate_avg,40.824825053683206,-1
2024-11-14,heart_rate_avg,38.90989280303606,-1
2024-11-19,heart_rate_avg,42.29530849912828,-1
2024-11-24,heart_rate_avg,35.154733255177355,-1
2024-11-27,heart_rate_avg,38.39135250590333,-1
2024-11-30,heart_rate_avg,38.11257932657104,-1
2024-12-09,heart_rate_avg,42.56950425453476,-1
2024-12-11,heart_rate_avg,40.52278994237052,-1
2025-01-02,heart_rate_avg,37.03379602519865,-1
2025-01-03,heart_rate_avg,41.09570077465205,-1
2025-01-06,heart_rate_avg,41.243408851878975,-1
2025-01-11,heart_rate_avg,38.30960619149907,-1
2025-01-13,heart_rate_avg,39.075709702770126,-1
2025-01-18,heart_rate_avg,36.67306992443023,-1
2025-01-27,heart_rate_avg,41.562689116893694,-1
2025-02-10,heart_rate_avg,38.274394236103134,-1
2025-02-21,heart_rate_avg,35.26754537056918,-1
2025-02-25,heart_rate_avg,36.16178224805351,-1
2025-03-04,heart_rate_avg,17.49055580895358,-1
2025-03-05,heart_rate_avg,38.01143872921448,-1
2025-03-06,heart_rate_avg,38.46857559742514,-1
2025-03-09,heart_rate_avg,43.17012927715415,-1
2025-03-16,heart_rate_avg,40.08225296451438,-1
2025-04-18,heart_rate_avg,42.920605162770585,-1
2025-04-29,heart_rate_avg,31.362604124467254,-1
2025-05-08,heart_rate_avg,33.573212390648166,-1
2025-05-10,heart_rate_avg,40.45515101948665,-1
2025-05-26,heart_rate_avg,43.10260862190831,-1
2025-05-30,heart_rate_avg,38.67980008408159,-1
2025-06-15,heart_rate_avg,40.044057516840056,-1
2025-06-19,heart_rate_avg,41.72020561371488,-1
2025-07-10,heart_rate_avg,36.45246559942427,-1
2025-07-21,heart_rate_avg,39.70640431449647,-1
2025-08-04,heart_rate_avg,39.465738201018894,-1
2025-08-15,heart_rate_avg,36.36511284215598,-1
2025-08-18,heart_rate_avg,37.6376017322806,-1
2025-08-19,heart_rate_avg,29.041003731107484,-1
2025-08-22,heart_rate_avg,42.27286871068327,-1
2025-08-30,heart_rate_avg,41.327818188229685,-1
2025-09-04,heart_rate_avg,43.065980302556994,-1
2024-10-10,heart_rate_avg,91.59545414590023,-1
2024-10-15,heart_rate_avg,89.07444418422375,-1
2024-10-18,heart_rate_avg,88.14828272246748,-1
2024-11-23,heart_rate_avg,92.3156870581996,-1
2024-12-01,heart_rate_avg,90.3580560309708,-1
2024-12-25,heart_rate_avg,91.13337943534673,-1
2025-01-21,heart_rate_avg,89.40200735338992,-1
2025-03-04,heart_rate_avg,87.94424933963933,-1
2025-03-24,heart_rate_avg,42.95083242526242,-1
2025-03-25,heart_rate_avg,88.46871068809139,-1
2025-03-29,heart_rate_avg,91.111580634622,-1
2025-04-05,heart_rate_avg,89.75322215493617,-1
2025-05-10,heart_rate_avg,90.61112159474332,-1
2025-06-29,heart_rate_avg,91.4194370661812,-1
2025-07-26,heart_rate_avg,92.62091598581463,-1
2025-07-28,heart_rate_avg,88.39893066445225,-1
2025-08-11,heart_rate_avg,89.56996409730215,-1
2025-08-19,heart_rate_avg,91.52151143153289,-1
2025-08-27,heart_rate_avg,42.98647502946126,-1
2024-10-22,heart_rate_avg,39.31692264789548,-1
2024-11-15,heart_rate_avg,37.57464862366645,-1
2024-12-16,heart_rate_avg,90.33698927352074,-1
2025-03-27,heart_rate_avg,41.91839547966903,-1
2025-03-30,heart_rate_avg,35.4908776560347,-1
2025-04-04,heart_rate_avg,88.11227140212083,-1
2025-04-11,heart_rate_avg,88.77871301865993,-1
2025-05-18,heart_rate_avg,38.73639418339244,-1
2025-06-02,heart_rate_avg,87.62301647722309,-1
2025-08-20,heart_rate_avg,38.532097484733946,-1
2024-10-18,heart_rate_avg,42.33554471001712,-1
2024-11-12,heart_rate_avg,39.83907289925034,-1
2024-11-22,heart_rate_avg,87.75701936375629,-1
2025-01-09,heart_rate_avg,87.40148521745904,-1
2025-01-16,heart_rate_avg,37.787073184344,-1
2025-01-22,heart_rate_avg,39.43024291603792,-1
2025-01-27,heart_rate_avg,39.8924865484824,-1
2025-02-17,heart_rate_avg,42.04003308265695,-1
2025-04-05,heart_rate_avg,90.0976597623267,-1
2025-06-04,heart_rate_avg,93.94316607932386,-1
2025-06-16,heart_rate_avg,37.26122285935105,-1
2024-10-10,heart_rate_avg,38.65327752989175,-1
2024-12-30,heart_rate_avg,87.46527932351782,-1
2025-02-06,heart_rate_avg,38.18237849893272,-1
2025-02-08,heart_rate_avg,42.26530821889676,-1
2025-02-09,heart_rate_avg,42.15323387564924,-1
2025-04-03,heart_rate_avg,41.38959984035542,-1
2025-07-25,heart_rate_avg,87.94182677019575,-1
2024-09-12,heart_rate_avg,96.41419034918025,-1
2024-09-20,heart_rate_avg,89.83186218195762,-1
2024-10-14,heart_rate_avg,90.17003204367336,-1
2024-11-26,heart_rate_avg,88.44741251758724,-1
2024-12-08,heart_rate_avg,88.10375219971803,-1
2024-12-19,heart_rate_avg,88.17186409542572,-1
2025-01-10,heart_rate_avg,90.64503262337855,-1
2025-01-12,heart_rate_avg,89.01188684088768,-1
2025-02-07,heart_rate_avg,94.0027952531832,-1
2025-03-25,heart_rate_avg,90.78912238078664,-1
2025-04-04,heart_rate_avg,90.38861739713342,-1
2025-05-06,heart_rate_avg,88.93100935579841,-1
2025-05-20,heart_rate_avg,87.91401703723103,-1
2025-06-09,heart_rate_avg,99.24402173642788,-1
2025-06-12,heart_rate_avg,89.09351873867737,-1
2025-06-15,heart_rate_avg,90.4933767036076,-1
2025-07-05,heart_rate_avg,100.96562858957728,-1
2025-08-05,heart_rate_avg,100.11948484358028,-1
2024-10-09,heart_rate_avg,88.70304239473424,-1
2024-10-13,heart_rate_avg,97.07629928976677,-1
2024-10-19,heart_rate_avg,87.96472603541804,-1
2024-11-04,heart_rate_avg,91.93963632771808,-1
2024-12-16,heart_rate_avg,92.53407470210352,-1
2025-01-06,heart_rate_avg,88.27757876660523,-1
2025-01-08,heart_rate_avg,89.27103574414554,-1
2025-01-19,heart_rate_avg,104.87190166896208,-1
2025-01-22,heart_rate_avg,87.98033308334183,-1
2025-02-02,heart_rate_avg,91.6350867521726,-1
2025-02-17,heart_rate_avg,88.29552123073336,-1
2025-02-22,heart_rate_avg,93.17316111159434,-1
2025-02-24,heart_rate_avg,87.7057278365632,-1
2025-03-04,heart_rate_avg,87.80362022313653,-1
2025-03-20,heart_rate_avg,91.0866910366376,-1
2025-04-14,heart_rate_avg,89.35439990379268,-1
2025-04-15,heart_rate_avg,90.63148275714352,-1
2025-04-20,heart_rate_avg,91.02102303097016,-1
2025-05-07,heart_rate_avg,89.66077987182925,-1
2025-05-29,heart_rate_avg,93.18369412521533,-1
2025-06-10,heart_rate_avg,93.38224164619724,-1
2025-07-07,heart_rate_avg,87.76355912765467,-1
2025-07-12,heart_rate_avg,91.40010213647062,-1
2025-07-25,heart_rate_avg,92.9790122805112,-1
2025-08-02,heart_rate_avg,89.25400306997346,-1
2025-08-05,heart_rate_avg,102.26527404832127,-1
2025-08-24,heart_rate_avg,88.30198438156626,-1
2024-09-11,heart_rate_avg,39.62831393499263,-1
2024-09-12,heart_rate_avg,42.50302264288042,-1
2024-09-13,heart_rate_avg,43.04612597919413,-1
2024-09-21,heart_rate_avg,26.28926355805369,-1
2024-09-27,heart_rate_avg,39.72761513462251,-1
2024-10-01,heart_rate_avg,41.57523262631532,-1
2024-10-03,heart_rate_avg,31.78165871621088,-1
2024-10-22,heart_rate_avg,40.76238628602398,-1
2024-10-24,heart_rate_avg,27.629274157619573,-1
2024-10-27,heart_rate_avg,90.2233822939003,-1
2024-11-11,heart_rate_avg,35.62312978918093,-1
2024-11-14,heart_rate_avg,41.81361036701378,-1
2024-11-18,heart_rate_avg,39.427944442236495,-1
2024-11-19,heart_rate_avg,41.69886533647313,-1
2024-11-21,heart_rate_avg,35.513777313891524,-1
2024-12-03,heart_rate_avg,28.380257734678544,-1
2024-12-07,heart_rate_avg,33.393883171802734,-1
2024-12-10,heart_rate_avg,42.17680838964282,-1
2024-12-18,heart_rate_avg,42.29456533720206,-1
2024-12-26,heart_rate_avg,37.0580184943822,-1
2024-12-30,heart_rate_avg,35.83758462464491,-1
2025-01-03,heart_rate_avg,42.566986969885406,-1
2025-01-25,heart_rate_avg,40.41906077771954,-1
2025-02-01,heart_rate_avg,40.48553709870252,-1
2025-02-07,heart_rate_avg,39.86569261278242,-1
2025-02-08,heart_rate_avg,31.83661169208156,-1
2025-02-10,heart_rate_avg,41.66592993629106,-1
2025-02-15,heart_rate_avg,32.572544149099755,-1
2025-02-19,heart_rate_avg,38.75510012898606,-1
2025-02-25,heart_rate_avg,38.78658608825209,-1
2025-02-27,heart_rate_avg,42.45659488720289,-1
2025-02-28,heart_rate_avg,39.137598479904845,-1
2025-03-13,heart_rate_avg,36.49380086465687,-1
2025-03-17,heart_rate_avg,38.01186247869809,-1
2025-03-27,heart_rate_avg,42.52195238083299,-1
2025-04-05,heart_rate_avg,39.52436237311011,-1
2025-04-07,heart_rate_avg,41.10312790974638,-1
2025-04-14,heart_rate_avg,35.05681764174531,-1
2025-04-16,heart_rate_avg,34.54442685118462,-1
2025-04-18,heart_rate_avg,36.84309677334135,-1
2025-04-19,heart_rate_avg,40.28707095073721,-1
2025-04-21,heart_rate_avg,37.98499439643293,-1
2025-04-24,heart_rate_avg,34.583024638399124,-1
2025-04-27,heart_rate_avg,40.31180974711546,-1
2025-04-28,heart_rate_avg,41.58311829465839,-1
2025-05-13,heart_rate_avg,41.7437320941945,-1
2025-05-15,heart_rate_avg,40.09733284874184,-1
2025-05-25,heart_rate_avg,42.92380819852156,-1
2025-05-27,heart_rate_avg,33.25354166798637,-1
2025-06-02,heart_rate_avg,41.40906796118452,-1
2025-06-12,heart_rate_avg,40.13253215977054,-1
2025-06-15,heart_rate_avg,41.212025981964544,-1
2025-06-24,heart_rate_avg,39.15153460525891,-1
2025-06-27,heart_rate_avg,42.46759500651384,-1
2025-06-28,heart_rate_avg,32.46576114979932,-1
2025-07-07,heart_rate_avg,37.98765655825986,-1
2025-07-08,heart_rate_avg,27.33956160200278,-1
2025-07-15,heart_rate_avg,38.825570776541646,-1
2025-07-21,heart_rate_avg,37.48754468971184,-1
2025-07-23,heart_rate_avg,32.69356415090102,-1
2025-07-27,heart_rate_avg,35.16925286435591,-1
2025-07-31,heart_rate_avg,42.263364307097895,-1
2025-08-12,heart_rate_avg,39.2300494286303,-1
2025-08-15,heart_rate_avg,41.24664260369638,-1
2025-08-17,heart_rate_avg,42.96246602259913,-1
2025-08-19,heart_rate_avg,40.8892210239452,-1
2025-08-20,heart_rate_avg,36.93463524299177,-1
2025-08-22,heart_rate_avg,43.19176690735263,-1
2025-08-24,heart_rate_avg,35.58462028564226,-1
2024-10-18,heart_rate_avg,89.6786149784857,-1
2024-11-29,heart_rate_avg,42.90331760283688,-1
2024-12-03,heart_rate_avg,38.365942526769885,-1
2025-03-06,heart_rate_avg,42.45694605774513,-1
2025-03-09,heart_rate_avg,101.00827291505276,-1
2024-09-12,heart_rate_avg,42.78507087250862,-1
2024-11-11,heart_rate_avg,38.88768064566612,-1
2024-12-16,heart_rate_avg,42.941481688108986,-1
2024-12-18,heart_rate_avg,91.32540312952612,-1
2025-01-06,heart_rate_avg,99.95957420649172,-1
2025-02-10,heart_rate_avg,42.28387048015347,-1
2025-04-08,heart_rate_avg,89.31525416310555,-1
2025-04-17,heart_rate_avg,43.08851883703516,-1
2025-04-26,heart_rate_avg,41.95303250228375,-1
2025-05-18,heart_rate_avg,39.23718307906978,-1
2025-06-09,heart_rate_avg,34.10566941024694,-1
2025-07-22,heart_rate_avg,38.87384396408433,-1
2025-07-30,heart_rate_avg,38.027073711374726,-1
2025-08-03,heart_rate_avg,43.14627551257136,-1
2025-08-07,heart_rate_avg,41.093322777156416,-1
2025-08-25,heart_rate_avg,42.77108811193291,-1
2025-08-29,heart_rate_avg,96.50857078116336,-1
2025-01-14,heart_rate_avg,42.51247741302748,-1
2025-02-08,heart_rate_avg,39.78811379221655,-1
2025-06-05,heart_rate_avg,91.12963544455474,-1
2025-06-14,heart_rate_avg,38.92730984687368,-1
2025-07-29,heart_rate_avg,38.300988839706136,-1
2025-08-13,heart_rate_avg,90.27671210134514,-1
2024-09-13,heart_rate_avg,91.54677168809825,-1
2024-10-12,heart_rate_avg,38.64531204980038,-1
2024-10-19,heart_rate_avg,42.69709350091617,-1
2024-11-05,heart_rate_avg,31.413967834889117,-1
2024-11-14,heart_rate_avg,42.43880182955408,-1
2024-11-16,heart_rate_avg,40.668138331821496,-1
2024-12-10,heart_rate_avg,95.32050007595232,-1
2025-04-25,heart_rate_avg,38.17538316852709,-1
2025-07-03,heart_rate_avg,38.49024143600865,-1
2025-07-21,heart_rate_avg,92.1461363959703,-1
2024-09-21,heart_rate_avg,42.30604938809198,-1
2024-09-28,heart_rate_avg,41.67813851127538,-1
2024-10-13,heart_rate_avg,40.70432163780585,-1
2024-10-30,heart_rate_avg,37.06740257495436,-1
2024-11-01,heart_rate_avg,39.6700552088607,-1
2024-11-20,heart_rate_avg,42.74808534160964,-1
2024-12-10,heart_rate_avg,39.45863897520107,-1
2025-01-17,heart_rate_avg,40.36235115041573,-1
2025-01-18,heart_rate_avg,35.491339825528186,-1
2025-02-15,heart_rate_avg,42.604831768855725,-1
2025-02-19,heart_rate_avg,33.492258865356206,-1
2025-04-26,heart_rate_avg,36.09112642762231,-1
2025-05-02,heart_rate_avg,38.80052479234421,-1
2025-05-04,heart_rate_avg,41.751640023637854,-1
2025-05-05,heart_rate_avg,35.51422858429249,-1
2025-05-08,heart_rate_avg,89.62896185794287,-1
2025-05-16,heart_rate_avg,40.534038542286,-1
2025-05-20,heart_rate_avg,26.814094178496468,-1
2025-06-24,heart_rate_avg,41.30018517952293,-1
2025-06-28,heart_rate_avg,36.32963004359269,-1
2025-07-21,heart_rate_avg,40.94321214691605,-1
2025-08-01,heart_rate_avg,38.75209849338704,-1
2025-08-07,heart_rate_avg,41.1967880556471,-1
2025-08-16,heart_rate_avg,41.37628127815418,-1
2024-11-03,heart_rate_avg,40.394549448558536,-1
2024-12-22,heart_rate_avg,89.55168495246514,-1
2025-01-04,heart_rate_avg,39.14536185070998,-1
2025-01-05,heart_rate_avg,41.13501541558186,-1
2025-01-14,heart_rate_avg,92.37571752115689,-1
2025-01-25,heart_rate_avg,89.59137273447973,-1
2025-02-03,heart_rate_avg,38.00517195642625,-1
2025-03-09,heart_rate_avg,42.68976627476793,-1
2025-04-24,heart_rate_avg,36.13979326581597,-1
2025-05-11,heart_rate_avg,88.9950153666361,-1
2025-05-13,heart_rate_avg,42.77914361127392,-1
2025-06-01,heart_rate_avg,88.10059468228842,-1
2025-06-02,heart_rate_avg,42.92834519239253,-1
2025-06-03,heart_rate_avg,27.225557174976608,-1
2025-06-19,heart_rate_avg,42.86648716311426,-1
2025-06-23,heart_rate_avg,40.39063723038091,-1
2025-07-07,heart_rate_avg,41.100765769386086,-1
2025-07-17,heart_rate_avg,39.77801434070376,-1
2025-08-05,heart_rate_avg,41.17639800084039,-1
2024-09-24,heart_rate_avg,87.66318729433559,-1
2024-09-30,heart_rate_avg,91.02726821284956,-1
2024-10-04,heart_rate_avg,87.69484379491726,-1
2024-10-16,heart_rate_avg,97.86828401278164,-1
2024-11-03,heart_rate_avg,90.10419496684354,-1
2024-11-17,heart_rate_avg,93.15198102374912,-1
2024-11-29,heart_rate_avg,89.38686114483441,-1
2024-12-05,heart_rate_avg,90.5939405957661,-1
2024-12-07,heart_rate_avg,90.97948817859748,-1
2024-12-14,heart_rate_avg,90.20999179584028,-1
2024-12-17,heart_rate_avg,95.39820720732511,-1
2025-01-11,heart_rate_avg,87.45598269693481,-1
2025-01-22,heart_rate_avg,108.2962913716418,-1
2025-01-31,heart_rate_avg,93.61487735741478,-1
2025-03-01,heart_rate_avg,89.62149233479772,-1
2025-03-07,heart_rate_avg,90.33945857570254,-1
2025-03-08,heart_rate_avg,87.64853862066579,-1
2025-03-09,heart_rate_avg,89.43517354788386,-1
2025-03-26,heart_rate_avg,88.84429988546695,-1
2025-04-01,heart_rate_avg,104.03924722558494,-1
2025-04-08,heart_rate_avg,89.28194586225644,-1
2025-04-20,heart_rate_avg,87.61582150020513,-1
2025-04-26,heart_rate_avg,92.80459510433536,-1
2025-05-07,heart_rate_avg,96.6490695605562,-1
2025-05-21,heart_rate_avg,89.07516334045104,-1
2025-05-30,heart_rate_avg,91.77473130900825,-1
2025-06-01,heart_rate_avg,88.3585541776623,-1
2025-06-08,heart_rate_avg,88.92559537178656,-1
2025-06-12,heart_rate_avg,89.0748086606601,-1
2025-07-03,heart_rate_avg,89.60686501729165,-1
2025-07-09,heart_rate_avg,90.24367908489108,-1
2025-07-22,heart_rate_avg,87.90738675733905,-1
2025-08-08,heart_rate_avg,96.97904695130296,-1
2025-08-10,heart_rate_avg,93.85182610606492,-1
2024-09-15,heart_rate_avg,25.85435044142671,-1
2024-09-20,heart_rate_avg,90.31603772662734,-1
2024-10-25,heart_rate_avg,93.6243784742118,-1
2024-10-26,heart_rate_avg,41.11884685991252,-1
2024-12-15,heart_rate_avg,90.83572464539024,-1
2025-01-05,heart_rate_avg,39.4819721948721,-1
2025-03-24,heart_rate_avg,90.982144379701,-1
2025-05-12,heart_rate_avg,99.82872956964732,-1
2025-08-19,heart_rate_avg,43.22151048287309,-1
2025-08-22,heart_rate_avg,38.14335667693575,-1
2024-09-08,heart_rate_avg,36.70071156062088,-1
2024-10-03,heart_rate_avg,38.285696510303126,-1
2024-10-13,heart_rate_avg,36.85900920691543,-1
2024-11-08,heart_rate_avg,40.37075791355013,-1
2024-11-10,heart_rate_avg,35.46726300499052,-1
2024-12-05,heart_rate_avg,37.52172404210559,-1
2025-01-18,heart_rate_avg,35.883586756233456,-1
2025-02-13,heart_rate_avg,41.087908647986666,-1
2025-02-17,heart_rate_avg,39.7928583749456,-1
2025-02-18,heart_rate_avg,36.88441588957348,-1
2025-03-01,heart_rate_avg,33.089600897526935,-1
2025-04-11,heart_rate_avg,40.82535560802761,-1
2025-05-04,heart_rate_avg,42.39864820743304,-1
2025-06-02,heart_rate_avg,30.1146881431098,-1
2025-06-18,heart_rate_avg,42.57401666919671,-1
2025-06-22,heart_rate_avg,40.77396819967099,-1
2025-07-12,heart_rate_avg,33.0623028225939,-1
2025-07-26,heart_rate_avg,39.7178488571786,-1
2025-08-02,heart_rate_avg,37.579519439630616,-1
2025-08-10,heart_rate_avg,37.40816781367498,-1
2025-08-26,heart_rate_avg,36.20553303851067,-1
2025-08-28,heart_rate_avg,35.21713995650252,-1
2024-11-01,heart_rate_avg,87.56846129632416,-1
2024-11-22,heart_rate_avg,96.93266448451836,-1
2024-12-19,heart_rate_avg,95.47229733566871,-1
2025-01-24,heart_rate_avg,89.001043628125,-1
2025-02-20,heart_rate_avg,91.37261365793998,-1
2025-02-27,heart_rate_avg,100.1167207360218,-1
2025-03-06,heart_rate_avg,93.7518630058432,-1
2025-04-11,heart_rate_avg,93.20535354666671,-1
2025-04-19,heart_rate_avg,89.78704279513023,-1
2025-06-15,heart_rate_avg,89.79733907845213,-1
2025-06-19,heart_rate_avg,93.7823817016468,-1
2025-07-07,heart_rate_avg,87.69929936865756,-1
2025-08-13,heart_rate_avg,87.59668358614911,-1
2025-08-19,heart_rate_avg,90.70830853504074,-1
2024-09-13,heart_rate_avg,31.06475404887392,-1
2024-09-21,heart_rate_avg,35.98555178646599,-1
2024-10-14,heart_rate_avg,41.69640067085318,-1
2024-10-30,heart_rate_avg,41.189145716442894,-1
2024-11-07,heart_rate_avg,38.360124793583495,-1
2024-12-04,heart_rate_avg,39.24217255771752,-1
2024-12-30,heart_rate_avg,41.21479396238698,-1
2025-01-10,heart_rate_avg,42.96186911541086,-1
2025-01-16,heart_rate_avg,39.535828761860095,-1
2025-01-19,heart_rate_avg,42.44574848287655,-1
2025-01-23,heart_rate_avg,41.318384022961546,-1
2025-01-29,heart_rate_avg,37.79291474288665,-1
2025-02-12,heart_rate_avg,40.03978789005464,-1
2025-02-19,heart_rate_avg,41.04517547434413,-1
2025-03-03,heart_rate_avg,88.61761389195478,-1
2025-03-04,heart_rate_avg,39.90362753819767,-1
2025-03-18,heart_rate_avg,38.40953673133329,-1
2025-04-04,heart_rate_avg,41.65166169657441,-1
2025-04-20,heart_rate_avg,39.804866358606176,-1
2025-06-04,heart_rate_avg,39.30147674325748,-1
2025-06-07,heart_rate_avg,38.61975608553173,-1
2025-06-17,heart_rate_avg,36.24203294646841,-1
2025-07-29,heart_rate_avg,40.3610664363598,-1
2025-08-06,heart_rate_avg,43.041071263760784,-1
2025-08-11,heart_rate_avg,41.50794359471695,-1
2025-08-13,heart_rate_avg,34.22719676498951,-1
2025-08-16,heart_rate_avg,41.28551802920248,-1
2025-08-21,heart_rate_avg,39.53767466035098,-1
2024-09-15,heart_rate_avg,42.22197494629215,-1
2024-09-19,heart_rate_avg,35.200614357191746,-1
2024-10-16,heart_rate_avg,41.515217298699305,-1
2025-01-23,heart_rate_avg,40.70083172587023,-1
2025-02-10,heart_rate_avg,43.175630531251294,-1
2025-02-26,heart_rate_avg,43.15158370814684,-1
2025-03-06,heart_rate_avg,30.10390619043516,-1
2025-05-09,heart_rate_avg,32.80294057512208,-1
2025-06-22,heart_rate_avg,33.63607650796337,-1
2025-06-27,heart_rate_avg,41.28255220600624,-1
2024-10-15,heart_rate_avg,34.451851607218735,-1
2024-11-11,heart_rate_avg,89.87797667745681,-1
2024-11-27,heart_rate_avg,41.16356217885083,-1
2025-02-01,heart_rate_avg,90.54095113787646,-1
2025-02-04,heart_rate_avg,37.13636527704115,-1
2025-02-10,heart_rate_avg,42.911781263484414,-1
2025-02-13,heart_rate_avg,93.71105557874502,-1
2025-04-28,heart_rate_avg,92.61917081347993,-1
2025-04-29,heart_rate_avg,36.4562744997525,-1
2025-06-13,heart_rate_avg,39.415106270452,-1
2025-08-02,heart_rate_avg,88.22276987863358,-1
2025-08-17,heart_rate_avg,88.94256300976205,-1
2024-10-13,heart_rate_avg,90.0240142146326,-1
2024-11-22,heart_rate_avg,89.35249712853596,-1
2024-12-05,heart_rate_avg,89.76640324041148,-1
2024-12-13,heart_rate_avg,36.62887429684064,-1
2025-01-03,heart_rate_avg,88.49225811224923,-1
2025-01-06,heart_rate_avg,40.00802854251458,-1
2025-01-07,heart_rate_avg,93.36412426761304,-1
2025-04-29,heart_rate_avg,88.34505586126303,-1
2025-06-05,heart_rate_avg,87.4994478632375,-1
2025-08-07,heart_rate_avg,87.63307149508111,-1
2025-08-25,heart_rate_avg,90.76971947206212,-1
2025-09-03,heart_rate_avg,90.17720681166514,-1
2024-09-17,heart_rate_avg,91.3913072144584,-1
2024-10-04,heart_rate_avg,96.5329127319335,-1
2024-11-09,heart_rate_avg,88.68123462737896,-1
2025-01-06,heart_rate_avg,89.1224565211601,-1
2025-03-10,heart_rate_avg,93.2348911988413,-1
2025-04-07,heart_rate_avg,92.22753016322945,-1
2025-06-05,heart_rate_avg,87.86854639569658,-1
2025-06-22,heart_rate_avg,90.22021531377962,-1
2025-07-04,heart_rate_avg,87.67716462447449,-1
2025-07-21,heart_rate_avg,88.3370464297811,-1
2025-08-25,heart_rate_avg,90.66652059937402,-1
2024-09-06,heart_rate_avg,87.57897631519867,-1
2024-10-09,heart_rate_avg,93.10527770781616,-1
2024-10-15,heart_rate_avg,89.28052799576312,-1
2024-10-21,heart_rate_avg,98.26311485413002,-1
2024-11-05,heart_rate_avg,90.63163108231744,-1
2024-11-06,heart_rate_avg,95.70209143138614,-1
2024-12-02,heart_rate_avg,90.9779952280107,-1
2024-12-20,heart_rate_avg,90.19154547161426,-1
2024-12-27,heart_rate_avg,88.63377797232002,-1
2025-01-01,heart_rate_avg,100.99601038772916,-1
2025-01-02,heart_rate_avg,88.71264048168459,-1
2025-01-10,heart_rate_avg,96.6325740412967,-1
2025-01-18,heart_rate_avg,87.96035765362305,-1
2025-01-27,heart_rate_avg,88.85382719755648,-1
2025-02-03,heart_rate_avg,96.87860976920383,-1
2025-02-12,heart_rate_avg,89.87874497671066,-1
2025-02-17,heart_rate_avg,87.53141426559556,-1
2025-02-21,heart_rate_avg,88.47236106210464,-1
2025-02-22,heart_rate_avg,90.0510452301953,-1
2025-02-27,heart_rate_avg,88.59510717566206,-1
2025-03-10,heart_rate_avg,88.69424195095769,-1
2025-05-06,heart_rate_avg,88.48350561328738,-1
2025-05-11,heart_rate_avg,91.3352058706333,-1
2025-05-20,heart_rate_avg,94.22400510546618,-1
2025-05-21,heart_rate_avg,113.117383305912,-1
2025-05-23,heart_rate_avg,87.58708581191814,-1
2025-06-06,heart_rate_avg,92.32517954842577,-1
2025-06-09,heart_rate_avg,95.68227935493606,-1
2025-06-13,heart_rate_avg,101.72178643785634,-1
2025-06-14,heart_rate_avg,91.84057947252052,-1
2025-06-26,heart_rate_avg,90.74154512804697,-1
2025-07-02,heart_rate_avg,92.7057786987986,-1
2025-07-13,heart_rate_avg,92.35891024372656,-1
2025-07-15,heart_rate_avg,90.38645620078113,-1
2025-07-21,heart_rate_avg,89.38575260967292,-1
2025-08-26,heart_rate_avg,98.02267867515108,-1
2024-09-16,heart_rate_avg,38.26797192707823,-1
2024-09-21,heart_rate_avg,41.12750669899133,-1
2024-10-04,heart_rate_avg,32.37332719883222,-1
2024-10-15,heart_rate_avg,39.244880097481726,-1
2024-11-15,heart_rate_avg,41.41940158355087,-1
2024-11-21,heart_rate_avg,41.993132933707386,-1
2025-01-26,heart_rate_avg,39.20304416275623,-1
2025-02-07,heart_rate_avg,39.247442963956885,-1
2025-02-11,heart_rate_avg,34.45401034348918,-1
2025-03-20,heart_rate_avg,42.17277638889326,-1
2025-04-19,heart_rate_avg,37.6056378047353,-1
2025-05-31,heart_rate_avg,35.57304341155063,-1
2025-07-19,heart_rate_avg,38.871588592079895,-1
2024-09-12,heart_rate_avg,41.18546617635462,-1
2024-09-30,heart_rate_avg,43.07489507337828,-1
2024-10-05,heart_rate_avg,40.68812399695472,-1
2024-10-06,heart_rate_avg,41.07510855001114,-1
2024-10-07,heart_rate_avg,36.28573261970616,-1
2024-11-07,heart_rate_avg,43.1141451866555,-1
2024-11-13,heart_rate_avg,38.71285717062696,-1
2024-11-23,heart_rate_avg,41.98518070051947,-1
2024-11-24,heart_rate_avg,41.38086140614422,-1
2024-12-03,heart_rate_avg,29.480260986852905,-1
2024-12-11,heart_rate_avg,34.73654101103436,-1
2024-12-16,heart_rate_avg,41.91511234331775,-1
2024-12-26,heart_rate_avg,40.09034104624452,-1
2024-12-30,heart_rate_avg,42.02691488822636,-1
2025-01-14,heart_rate_avg,38.492623262821816,-1
2025-02-02,heart_rate_avg,29.258435292092663,-1
2025-02-07,heart_rate_avg,42.90078774533856,-1
2025-02-18,heart_rate_avg,39.320139431348,-1
2025-03-27,heart_rate_avg,42.88336986025157,-1
2025-04-24,heart_rate_avg,36.11422302477554,-1
2025-05-06,heart_rate_avg,31.23862636226356,-1
2025-05-07,heart_rate_avg,41.19429037255082,-1
2025-05-17,heart_rate_avg,92.57326112419352,-1
2025-05-23,heart_rate_avg,41.13947993990793,-1
2025-05-25,heart_rate_avg,38.39441666968706,-1
2025-05-29,heart_rate_avg,39.45816084924918,-1
2025-06-02,heart_rate_avg,39.53791986654012,-1
2025-06-21,heart_rate_avg,36.780703165509095,-1
2025-06-23,heart_rate_avg,34.22028008033575,-1
2025-07-04,heart_rate_avg,43.10011378018446,-1
2025-07-15,heart_rate_avg,40.00921426521431,-1
2025-07-20,heart_rate_avg,40.253703220318926,-1
2024-09-27,heart_rate_avg,41.913730276170114,-1
2024-10-12,heart_rate_avg,89.61266243089341,-1
2024-12-27,heart_rate_avg,87.6992969597834,-1
2025-01-20,heart_rate_avg,92.63724962912218,-1
2025-01-29,heart_rate_avg,90.9752595508834,-1
2025-03-30,heart_rate_avg,88.78609136779505,-1
2025-06-11,heart_rate_avg,97.0234174426781,-1
2025-06-22,heart_rate_avg,88.5739119617611,-1
2025-08-29,heart_rate_avg,38.2321468955692,-1
2024-09-09,heart_rate_avg,88.70122186458462,-1
2024-10-11,heart_rate_avg,43.18101532326726,-1
2025-01-23,heart_rate_avg,87.42091319500399,-1
2025-02-12,heart_rate_avg,89.46636543104222,-1
2025-03-23,heart_rate_avg,89.9885297265956,-1
2025-03-24,heart_rate_avg,95.26118536859784,-1
2025-03-31,heart_rate_avg,87.86389490932274,-1
2025-04-05,heart_rate_avg,40.43886688390276,-1
2025-05-13,heart_rate_avg,89.28176490467875,-1
2024-09-11,heart_rate_avg,42.678908017291874,-1
2024-09-14,heart_rate_avg,34.660870281356345,-1
2024-09-18,heart_rate_avg,31.765249008900245,-1
2024-09-19,heart_rate_avg,39.85554855183919,-1
2024-10-10,heart_rate_avg,37.75316549718583,-1
2024-10-14,heart_rate_avg,42.96550909204528,-1
2025-01-14,heart_rate_avg,38.37950713458197,-1
2025-01-17,heart_rate_avg,39.627883537165374,-1
2025-02-06,heart_rate_avg,39.35695012234071,-1
2025-02-10,heart_rate_avg,33.9847278922191,-1
2025-02-15,heart_rate_avg,38.36532771410428,-1
2025-05-03,heart_rate_avg,43.19058553129631,-1
2025-06-04,heart_rate_avg,41.86489180523444,-1
2025-06-07,heart_rate_avg,28.87090817150856,-1
2025-07-17,heart_rate_avg,42.40423367654829,-1
2025-08-03,heart_rate_avg,39.70268407351989,-1
2025-08-14,heart_rate_avg,40.92654700790741,-1
2024-09-15,heart_rate_avg,39.43339543504682,-1
2024-09-27,heart_rate_avg,39.71541589318163,-1
2024-09-30,heart_rate_avg,39.13831829884406,-1
2024-10-16,heart_rate_avg,27.83621682991751,-1
2024-10-21,heart_rate_avg,39.52042520390194,-1
2024-10-26,heart_rate_avg,43.10393783422988,-1
2024-10-27,heart_rate_avg,31.90385241005297,-1
2024-10-29,heart_rate_avg,37.48381497492662,-1
2024-11-01,heart_rate_avg,40.053901150249146,-1
2024-11-03,heart_rate_avg,35.22362445595682,-1
2024-11-09,heart_rate_avg,33.288958651363785,-1
2024-12-29,heart_rate_avg,42.44743033099559,-1
2025-01-02,heart_rate_avg,41.101286870665454,-1
2025-01-30,heart_rate_avg,37.90650414267788,-1
2025-02-11,heart_rate_avg,41.9573987214087,-1
2025-02-12,heart_rate_avg,38.66418373520953,-1
2025-02-15,heart_rate_avg,34.57712219982779,-1
2025-03-08,heart_rate_avg,29.09401125437315,-1
2025-03-14,heart_rate_avg,41.70291910140473,-1
2025-03-24,heart_rate_avg,42.68970084574466,-1
2025-03-25,heart_rate_avg,39.504448834431486,-1
2025-03-28,heart_rate_avg,34.40080797418234,-1
2025-04-02,heart_rate_avg,42.83469451677382,-1
2025-04-06,heart_rate_avg,37.701445525237126,-1
2025-04-07,heart_rate_avg,39.25518381315497,-1
2025-04-09,heart_rate_avg,35.52756816381948,-1
2025-04-16,heart_rate_avg,38.08480408001954,-1
2025-04-24,heart_rate_avg,36.40367362660044,-1
2025-04-26,heart_rate_avg,39.77005883791236,-1
2025-05-02,heart_rate_avg,38.72356022499507,-1
2025-05-07,heart_rate_avg,43.10236508235264,-1
2025-05-08,heart_rate_avg,41.88900796192535,-1
2025-05-13,heart_rate_avg,13.80160745362489,-1
2025-05-14,heart_rate_avg,41.53905458972268,-1
2025-05-24,heart_rate_avg,42.61024146679722,-1
2025-06-06,heart_rate_avg,34.90335472730268,-1
2025-06-11,heart_rate_avg,39.18715608551177,-1
2025-06-14,heart_rate_avg,36.096893748417735,-1
2025-06-29,heart_rate_avg,41.80362682967138,-1
2025-07-07,heart_rate_avg,26.965996843933628,-1
2025-07-12,heart_rate_avg,42.22519825921709,-1
2025-07-21,heart_rate_avg,41.87266955040755,-1
2025-08-03,heart_rate_avg,35.89120279423438,-1
2024-09-23,heart_rate_avg,41.28094971622441,-1
2024-10-05,heart_rate_avg,38.46391352865352,-1
2024-11-02,heart_rate_avg,40.01341108178325,-1
2024-12-16,heart_rate_avg,41.61965151013773,-1
2025-01-25,heart_rate_avg,40.54136008916032,-1
2025-02-03,heart_rate_avg,42.983063318810096,-1
2025-02-05,heart_rate_avg,38.372934744796126,-1
2025-02-08,heart_rate_avg,40.49983385209971,-1
2025-03-12,heart_rate_avg,91.22105225187047,-1
2025-03-20,heart_rate_avg,88.77295262399487,-1
2025-03-22,heart_rate_avg,39.4464415714715,-1
2025-04-24,heart_rate_avg,33.28219425643454,-1
2025-04-30,heart_rate_avg,41.805373295133,-1
2025-05-14,heart_rate_avg,87.5928261730652,-1
2025-06-25,heart_rate_avg,40.54747083471027,-1
2025-07-20,heart_rate_avg,87.91918342128832,-1
2025-07-25,heart_rate_avg,40.20527312896246,-1
2025-08-16,heart_rate_avg,89.39263573029116,-1
2024-09-07,heart_rate_avg,95.49614192880551,-1
2024-09-11,heart_rate_avg,98.61512515065584,-1
2024-09-16,heart_rate_avg,87.61490781593443,-1
2024-10-03,heart_rate_avg,89.15304980820525,-1
2024-11-01,heart_rate_avg,93.5123728364662,-1
2024-11-03,heart_rate_avg,89.96773593889824,-1
2024-11-04,heart_rate_avg,94.85284534353092,-1
2024-11-07,heart_rate_avg,104.96388736424063,-1
2024-12-01,heart_rate_avg,88.67458760362835,-1
2024-12-10,heart_rate_avg,87.72328481971678,-1
2024-12-12,heart_rate_avg,88.30710378174528,-1
2024-12-24,heart_rate_avg,102.52889347427592,-1
2024-12-25,heart_rate_avg,88.95539676823851,-1
2025-01-15,heart_rate_avg,89.10681043485312,-1
2025-01-19,heart_rate_avg,93.44662716519794,-1
2025-01-24,heart_rate_avg,95.10750348228775,-1
2025-01-26,heart_rate_avg,87.60778674495997,-1
2025-02-13,heart_rate_avg,92.77267021850815,-1
2025-03-07,heart_rate_avg,89.75701854187386,-1
2025-03-09,heart_rate_avg,89.6405154507727,-1
2025-03-10,heart_rate_avg,93.39035611897042,-1
2025-03-13,heart_rate_avg,88.09333464454109,-1
2025-03-23,heart_rate_avg,87.42838783259246,-1
2025-03-30,heart_rate_avg,94.2764729369956,-1
2025-04-19,heart_rate_avg,88.67306651587543,-1
2025-05-09,heart_rate_avg,87.7393924570715,-1
2025-05-17,heart_rate_avg,92.29037772180496,-1
2025-05-19,heart_rate_avg,91.8376366814812,-1
2025-06-02,heart_rate_avg,92.7215254901578,-1
2025-06-09,heart_rate_avg,90.873868388163,-1
2025-06-22,heart_rate_avg,93.81178979201212,-1
2025-06-27,heart_rate_avg,102.8749531571461,-1
2025-07-08,heart_rate_avg,90.91854491871754,-1
2025-07-11,heart_rate_avg,88.11448287339434,-1
2025-07-19,heart_rate_avg,98.3091710537231,-1
2025-08-15,heart_rate_avg,104.82479990518314,-1
2025-09-04,heart_rate_avg,91.82415994659314,-1
2024-09-21,heart_rate_avg,89.76329143343835,-1
2024-10-01,heart_rate_avg,42.04685406120788,-1
2024-10-31,heart_rate_avg,32.962119834598624,-1
2024-11-18,heart_rate_avg,36.42318322702123,-1
2024-11-19,heart_rate_avg,39.03526244316188,-1
2024-11-24,heart_rate_avg,36.98999209781904,-1
2024-12-05,heart_rate_avg,43.08179263032159,-1
2024-12-08,heart_rate_avg,94.62424396604534,-1
2024-12-13,heart_rate_avg,41.06021723438389,-1
2025-01-18,heart_rate_avg,88.90321526180982,-1
2025-01-23,heart_rate_avg,42.68235058523608,-1
2025-02-25,heart_rate_avg,39.14402852920353,-1
2025-03-06,heart_rate_avg,43.15840682473216,-1
2025-03-14,heart_rate_avg,38.30040851562663,-1
2025-03-23,heart_rate_avg,33.85271064530406,-1
2025-04-18,heart_rate_avg,35.40598644278524,-1
2025-05-21,heart_rate_avg,42.02942241544402,-1
2025-05-31,heart_rate_avg,43.013183892726126,-1
2025-07-09,heart_rate_avg,40.838143258447104,-1
2024-11-09,heart_rate_avg,38.28563718334509,-1
2024-11-14,heart_rate_avg,31.946700187065577,-1
2024-12-24,heart_rate_avg,36.91224249217631,-1
2024-12-30,heart_rate_avg,40.08098716143986,-1
2025-02-01,heart_rate_avg,36.86346040366746,-1
2025-02-23,heart_rate_avg,42.28997698525903,-1
2025-05-15,heart_rate_avg,39.12416508775133,-1
2025-05-28,heart_rate_avg,39.07562343478105,-1
2025-07-01,heart_rate_avg,39.47320757388746,-1
2025-08-16,heart_rate_avg,41.28299891025525,-1
2025-08-25,heart_rate_avg,42.33492744924098,-1
2025-09-04,heart_rate_avg,88.02250532201654,-1
2024-09-06,heart_rate_avg,42.58123069044215,-1
2024-10-16,heart_rate_avg,39.195887117304906,-1
2024-10-22,heart_rate_avg,38.8228617606308,-1
2024-10-26,heart_rate_avg,42.07956617581385,-1
2024-10-29,heart_rate_avg,41.67344698402993,-1
2024-11-19,heart_rate_avg,33.19326264684938,-1
2025-01-04,heart_rate_avg,43.08032828681516,-1
2025-02-03,heart_rate_avg,39.24640175728987,-1
2025-03-08,heart_rate_avg,32.82077048325723,-1
2025-03-16,heart_rate_avg,41.47124302041577,-1
2025-05-01,heart_rate_avg,88.04534814975015,-1
2025-05-18,heart_rate_avg,42.01039311054478,-1
2025-06-08,heart_rate_avg,35.284973164328065,-1
2025-07-23,heart_rate_avg,42.16385094710304,-1
2025-08-05,heart_rate_avg,37.343957854428375,-1
2025-08-09,heart_rate_avg,35.11933568582116,-1
2025-08-27,heart_rate_avg,43.03742571302367,-1
2025-09-04,heart_rate_avg,42.20289425174536,-1
2024-09-11,heart_rate_avg,90.92361826472568,-1
2024-09-29,heart_rate_avg,88.68438243331615,-1
2024-10-06,heart_rate_avg,91.09128364693946,-1
2024-10-12,heart_rate_avg,89.48062839864525,-1
2024-10-13,heart_rate_avg,90.97766174181704,-1
2024-11-03,heart_rate_avg,93.85158012194236,-1
2024-11-07,heart_rate_avg,91.33174214713026,-1
2024-11-16,heart_rate_avg,92.63662580566628,-1
2024-11-17,heart_rate_avg,91.31367846477926,-1
2024-12-04,heart_rate_avg,88.63157656901112,-1
2024-12-11,heart_rate_avg,89.80795086333593,-1
2024-12-23,heart_rate_avg,91.647756851448,-1
2024-12-30,heart_rate_avg,99.78374723282413,-1
2025-01-07,heart_rate_avg,92.36649194632597,-1
2025-01-21,heart_rate_avg,97.96974002086336,-1
2025-01-22,heart_rate_avg,95.82719794987328,-1
2025-01-29,heart_rate_avg,95.77652859401071,-1
2025-01-31,heart_rate_avg,90.5947336397018,-1
2025-02-01,heart_rate_avg,94.94894120696004,-1
2025-02-03,heart_rate_avg,93.54767006578746,-1
2025-02-08,heart_rate_avg,93.3387245105056,-1
2025-02-17,heart_rate_avg,90.97703750264796,-1
2025-02-21,heart_rate_avg,93.39493817572504,-1
2025-02-24,heart_rate_avg,100.27293275199736,-1
2025-03-03,heart_rate_avg,95.37916586335476,-1
2025-03-23,heart_rate_avg,87.64801544898667,-1
2025-04-02,heart_rate_avg,92.67343142114206,-1
2025-04-16,heart_rate_avg,89.9276503419207,-1
2025-04-24,heart_rate_avg,90.92361396985604,-1
2025-04-25,heart_rate_avg,88.63450623951974,-1
2025-05-03,heart_rate_avg,89.15879026011496,-1
2025-06-07,heart_rate_avg,92.08484112264958,-1
2025-06-23,heart_rate_avg,91.18574742924336,-1
2025-07-02,heart_rate_avg,91.78617305371056,-1
2025-07-10,heart_rate_avg,90.84029828691745,-1
2025-07-16,heart_rate_avg,93.11040159653967,-1
2025-07-20,heart_rate_avg,89.6886886518632,-1
2025-07-22,heart_rate_avg,92.33387024026928,-1
2025-09-05,heart_rate_avg,88.78291065198987,-1
2024-09-26,heart_rate_avg,89.32878326454798,-1
2024-10-13,heart_rate_avg,90.11573065379883,-1
2024-10-31,heart_rate_avg,91.96437572676648,-1
2024-11-08,heart_rate_avg,95.61318691430236,-1
2024-12-13,heart_rate_avg,91.9236275296632,-1
2025-01-22,heart_rate_avg,96.40643534420644,-1
2025-02-10,heart_rate_avg,43.15294886244011,-1
2025-02-19,heart_rate_avg,42.38330899413637,-1
2025-03-04,heart_rate_avg,101.59334046366844,-1
2025-04-21,heart_rate_avg,90.03817336970668,-1
2025-05-21,heart_rate_avg,90.82053273515056,-1
2025-06-19,heart_rate_avg,40.998192636464985,-1
2025-07-02,heart_rate_avg,88.9856251460364,-1
2025-07-15,heart_rate_avg,87.72086684918287,-1
2025-07-17,heart_rate_avg,91.0863840227342,-1
2025-08-10,heart_rate_avg,87.48119499423902,-1
2025-08-20,heart_rate_avg,88.08904498432386,-1
2024-09-10,heart_rate_avg,29.8858362579453,-1
2024-09-13,heart_rate_avg,38.839535254235685,-1
2024-10-12,heart_rate_avg,99.5686598845741,-1
2024-10-14,heart_rate_avg,38.22839194639708,-1
2024-12-20,heart_rate_avg,89.72260768125753,-1
2025-01-29,heart_rate_avg,42.44660285802907,-1
2025-02-14,heart_rate_avg,41.85243495560633,-1
2025-03-03,heart_rate_avg,91.40954453442612,-1
2025-04-15,heart_rate_avg,38.891336398971646,-1
2025-05-13,heart_rate_avg,99.43262428918132,-1
2025-08-08,heart_rate_avg,95.30426816296864,-1
2024-09-23,heart_rate_avg,37.61215459640121,-1
2024-09-27,heart_rate_avg,97.27812076319918,-1
2024-10-13,heart_rate_avg,88.5487940011423,-1
2024-10-28,heart_rate_avg,87.65772605678809,-1
2024-11-11,heart_rate_avg,89.50846134629691,-1
2024-11-28,heart_rate_avg,92.12197960853224,-1
2024-12-31,heart_rate_avg,91.98186703055504,-1
2025-01-07,heart_rate_avg,87.4091162330754,-1
2025-01-27,heart_rate_avg,40.43411926946492,-1
2025-01-30,heart_rate_avg,88.99939930344112,-1
2025-02-01,heart_rate_avg,93.19207614752656,-1
2025-02-02,heart_rate_avg,91.91475678296754,-1
2025-03-29,heart_rate_avg,96.0245245670307,-1
2025-05-17,heart_rate_avg,88.4862996969069,-1
2025-05-19,heart_rate_avg,87.96536227921933,-1
2025-06-04,heart_rate_avg,88.92784819871693,-1
2025-06-24,heart_rate_avg,92.83029365134831,-1
2025-07-28,heart_rate_avg,90.84503384346787,-1
2025-08-10,heart_rate_avg,91.8468521915622,-1
2025-09-02,heart_rate_avg,87.81972631800674,-1
2024-09-11,heart_rate_avg,40.11305217758053,-1
2024-10-16,heart_rate_avg,89.86469315470978,-1
2024-11-15,heart_rate_avg,91.21374879326144,-1
2025-01-08,heart_rate_avg,35.500207958349705,-1
2025-01-09,heart_rate_avg,42.796193675141936,-1
2025-01-25,heart_rate_avg,38.41795641609915,-1
2025-02-14,heart_rate_avg,41.42012938388859,-1
2025-02-26,heart_rate_avg,92.0551207213272,-1
2025-04-19,heart_rate_avg,40.79120857135991,-1
2025-04-24,heart_rate_avg,36.75576886917721,-1
2025-05-29,heart_rate_avg,87.50656879508605,-1
2025-06-13,heart_rate_avg,87.94922183437836,-1
2025-06-14,heart_rate_avg,41.762260309318656,-1
2025-06-19,heart_rate_avg,88.10944499108894,-1
2025-06-22,heart_rate_avg,41.94800419840374,-1
2025-08-19,heart_rate_avg,40.69357502584408,-1
2024-09-26,heart_rate_avg,39.01012784126144,-1
2024-10-03,heart_rate_avg,42.91496006285507,-1
2024-10-23,heart_rate_avg,40.39292396447218,-1
2024-12-11,heart_rate_avg,35.56931553382216,-1
2024-12-31,heart_rate_avg,42.94421946891361,-1
2025-01-06,heart_rate_avg,40.19989212709565,-1
2025-01-13,heart_rate_avg,39.86089103213441,-1
2025-01-15,heart_rate_avg,39.4678359174426,-1
2025-02-13,heart_rate_avg,36.8037773221655,-1
2025-02-18,heart_rate_avg,40.48080690441343,-1
2025-02-23,heart_rate_avg,28.07690198769206,-1
2025-03-03,heart_rate_avg,32.83438404878948,-1
2025-03-05,heart_rate_avg,40.08155347159955,-1
2025-03-15,heart_rate_avg,30.606787998483497,-1
2025-03-20,heart_rate_avg,90.96898270720992,-1
2025-03-22,heart_rate_avg,38.38929226689939,-1
2025-03-26,heart_rate_avg,40.62565293742392,-1
2025-04-23,heart_rate_avg,33.346930549977834,-1
2025-05-13,heart_rate_avg,22.379489506057094,-1
2025-05-14,heart_rate_avg,32.6135248146567,-1
2025-07-01,heart_rate_avg,38.85685536691085,-1
2025-07-10,heart_rate_avg,36.454644700950695,-1
2025-07-12,heart_rate_avg,36.84798763991394,-1
2025-07-28,heart_rate_avg,38.02089120398658,-1
2025-07-29,heart_rate_avg,38.36409162709053,-1
2025-08-03,heart_rate_avg,34.1673934251695,-1
2025-08-05,heart_rate_avg,22.48584676648905,-1
2025-08-16,heart_rate_avg,41.28113303070159,-1
2024-09-08,heart_rate_avg,42.95992083077496,-1
2024-09-14,heart_rate_avg,40.04658043760243,-1
2024-10-11,heart_rate_avg,30.30760966394773,-1
2024-10-20,heart_rate_avg,42.19833528416784,-1
2024-10-22,heart_rate_avg,42.471630791518095,-1
2024-10-29,heart_rate_avg,38.6677566516679,-1
2024-12-05,heart_rate_avg,42.53184793041957,-1
2024-12-12,heart_rate_avg,28.56066954610972,-1
2024-12-15,heart_rate_avg,40.949731156434765,-1
2025-01-21,heart_rate_avg,99.06542720555908,-1
2025-02-04,heart_rate_avg,41.54050548148823,-1
2025-02-09,heart_rate_avg,87.43233568256628,-1
2025-02-24,heart_rate_avg,41.0331795634677,-1
2025-03-11,heart_rate_avg,89.07188219932688,-1
2025-03-14,heart_rate_avg,39.16985162701232,-1
2025-04-11,heart_rate_avg,40.63037722148276,-1
2025-05-02,heart_rate_avg,40.02963117895138,-1
2025-05-06,heart_rate_avg,43.184567992328496,-1
2025-06-01,heart_rate_avg,40.9035829717352,-1
2025-06-28,heart_rate_avg,42.82174599296752,-1
2025-08-20,heart_rate_avg,36.6879891139916,-1
2024-09-12,heart_rate_avg,31.78606921285079,-1
2024-10-04,heart_rate_avg,39.184709268081576,-1
2024-11-22,heart_rate_avg,40.67124451394915,-1
2024-11-23,heart_rate_avg,37.27532766551751,-1
2025-02-11,heart_rate_avg,35.397542158565834,-1
2025-07-04,heart_rate_avg,40.25412707801439,-1
2025-07-06,heart_rate_avg,35.725230922261375,-1
2025-07-14,heart_rate_avg,40.59702232648289,-1
2025-07-16,heart_rate_avg,42.86113557883294,-1
2025-08-12,heart_rate_avg,37.98353977443692,-1
2025-08-15,heart_rate_avg,90.36663172391728,-1
2025-08-17,heart_rate_avg,38.59727572492376,-1
2025-08-20,heart_rate_avg,34.63548057760384,-1
2025-08-24,heart_rate_avg,40.79308330363239,-1
2024-10-11,heart_rate_avg,42.65602930492203,-1
2024-11-13,heart_rate_avg,41.56072517183638,-1
2024-11-21,heart_rate_avg,89.41734479817544,-1
2025-02-01,heart_rate_avg,39.709329672934,-1
2025-02-03,heart_rate_avg,88.29370878535167,-1
2025-02-09,heart_rate_avg,90.88538627029328,-1
2025-03-13,heart_rate_avg,43.14205612916676,-1
2025-03-19,heart_rate_avg,40.7116033069116,-1
2025-05-12,heart_rate_avg,91.3506281591345,-1
2025-05-24,heart_rate_avg,38.13201451887972,-1
2025-06-19,heart_rate_avg,88.52945384642558,-1
2025-06-30,heart_rate_avg,89.54473917749421,-1
2025-07-21,heart_rate_avg,42.60994045571528,-1
2024-09-20,heart_rate_avg,42.59437864808271,-1
2024-10-09,heart_rate_avg,43.1834451851582,-1
2024-10-11,heart_rate_avg,89.6742254433463,-1
2024-11-14,heart_rate_avg,87.90456245903859,-1
2024-11-24,heart_rate_avg,93.3837979159419,-1
2024-12-04,heart_rate_avg,96.4982784590755,-1
2024-12-07,heart_rate_avg,41.52418875289992,-1
2025-01-06,heart_rate_avg,87.41816360060272,-1
2025-01-13,heart_rate_avg,89.47999042230148,-1
2025-05-05,heart_rate_avg,88.5777336472613,-1
2025-07-27,heart_rate_avg,41.2749571885185,-1
2025-08-19,heart_rate_avg,43.12385609351789,-1
2025-09-02,heart_rate_avg,89.28404657906484,-1
2024-09-20,heart_rate_avg,36.65174112416141,-1
2024-10-12,heart_rate_avg,40.81900275434796,-1
2024-10-15,heart_rate_avg,88.71367840210591,-1
2024-10-25,heart_rate_avg,37.50674515062693,-1
2024-10-26,heart_rate_avg,40.875222351397696,-1
2025-03-17,heart_rate_avg,37.94588189007787,-1
2025-03-22,heart_rate_avg,39.92555992143534,-1
2025-03-30,heart_rate_avg,42.875710877383206,-1
2025-04-21,heart_rate_avg,91.05390413930292,-1
2025-06-03,heart_rate_avg,41.20754708596124,-1
2025-08-22,heart_rate_avg,92.58863781035208,-1
2024-10-20,heart_rate_avg,41.96758795303328,-1
2024-12-09,heart_rate_avg,93.83945578667571,-1
2025-01-22,heart_rate_avg,38.34079609031578,-1
2025-01-27,heart_rate_avg,40.716859572983616,-1
2025-02-02,heart_rate_avg,42.62784425632581,-1
2025-04-02,heart_rate_avg,38.09987306069045,-1
2025-04-11,heart_rate_avg,42.67753490293188,-1
2025-05-12,heart_rate_avg,40.42161383866612,-1
2025-08-06,heart_rate_avg,88.74801585776376,-1
2025-09-01,heart_rate_avg,87.48322219284583,-1
2024-09-13,heart_rate_avg,89.41886581297597,-1
2024-10-17,heart_rate_avg,87.9121286588644,-1
2024-10-18,heart_rate_avg,94.68567047589208,-1
2024-11-22,heart_rate_avg,88.59469223490015,-1
2024-12-01,heart_rate_avg,88.20648579155049,-1
2024-12-07,heart_rate_avg,40.096559161169154,-1
2025-01-28,heart_rate_avg,89.56636795422489,-1
2025-03-29,heart_rate_avg,42.56109306673051,-1
2025-05-29,heart_rate_avg,89.289739154923,-1
2025-07-01,heart_rate_avg,89.65697940786879,-1
2025-07-26,heart_rate_avg,39.70349451653001,-1
2025-07-30,heart_rate_avg,87.71481789294675,-1
2024-09-17,heart_rate_avg,40.815305947542825,-1
2024-09-19,heart_rate_avg,35.792337660278164,-1
2024-09-26,heart_rate_avg,39.97093156062161,-1
2024-09-28,heart_rate_avg,23.659695103303807,-1
2024-10-03,heart_rate_avg,35.52897346684797,-1
2024-10-17,heart_rate_avg,42.5025620925082,-1
2024-10-18,heart_rate_avg,42.62312168629974,-1
2024-10-28,heart_rate_avg,39.18308045853889,-1
2024-11-03,heart_rate_avg,40.55100938843959,-1
2024-11-09,heart_rate_avg,27.606937959594703,-1
2024-11-19,heart_rate_avg,35.18952692019576,-1
2024-11-23,heart_rate_avg,42.779395136777566,-1
2024-11-27,heart_rate_avg,36.71558114670985,-1
2024-12-03,heart_rate_avg,40.25968528458492,-1
2024-12-20,heart_rate_avg,36.57292153292485,-1
2024-12-22,heart_rate_avg,38.34574866298845,-1
2024-12-28,heart_rate_avg,35.47465192539924,-1
2025-01-01,heart_rate_avg,38.32161255091928,-1
2025-01-03,heart_rate_avg,36.32819792542368,-1
2025-01-06,heart_rate_avg,41.84476681112279,-1
2025-01-14,heart_rate_avg,37.4783939345811,-1
2025-01-24,heart_rate_avg,36.15990577176528,-1
2025-01-26,heart_rate_avg,35.889445486290526,-1
2025-02-09,heart_rate_avg,36.33574773097508,-1
2025-02-17,heart_rate_avg,38.007315688708175,-1
2025-02-25,heart_rate_avg,42.5322997654497,-1
2025-03-10,heart_rate_avg,31.09157664261138,-1
2025-03-22,heart_rate_avg,42.5245231510282,-1
2025-03-26,heart_rate_avg,38.67893031967177,-1
2025-03-29,heart_rate_avg,35.07118155192851,-1
2025-04-10,heart_rate_avg,34.278528405788606,-1
2025-04-16,heart_rate_avg,40.30906359276126,-1
2025-04-17,heart_rate_avg,42.560869491571694,-1
2025-04-18,heart_rate_avg,38.89602897350471,-1
2025-04-22,heart_rate_avg,40.80542262407511,-1
2025-04-26,heart_rate_avg,33.50976775367507,-1
2025-04-30,heart_rate_avg,39.02715826675454,-1
2025-05-01,heart_rate_avg,32.08926382346727,-1
2025-05-10,heart_rate_avg,33.22294853514325,-1
2025-05-11,heart_rate_avg,35.66975237945878,-1
2025-05-18,heart_rate_avg,38.588593540613246,-1
2025-05-29,heart_rate_avg,40.20640902864236,-1
2025-05-31,heart_rate_avg,39.07028323084759,-1
2025-06-02,heart_rate_avg,22.21905798314307,-1
2025-06-06,heart_rate_avg,36.44585502743637,-1
2025-06-09,heart_rate_avg,42.718507985934735,-1
2025-06-13,heart_rate_avg,41.681569383563314,-1
2025-06-14,heart_rate_avg,33.20783583034196,-1
2025-06-26,heart_rate_avg,40.64337622603935,-1
2025-07-04,heart_rate_avg,41.50151091355611,-1
2025-07-06,heart_rate_avg,33.47352231266761,-1
2025-07-10,heart_rate_avg,39.64285233289357,-1
2025-07-17,heart_rate_avg,34.60934107108662,-1
2025-07-20,heart_rate_avg,42.9053115715196,-1
2025-08-06,heart_rate_avg,31.48437285700068,-1
2025-08-12,heart_rate_avg,43.1074446041587,-1
2025-08-17,heart_rate_avg,42.350748322428686,-1
2025-08-23,heart_rate_avg,43.0666704166012,-1
2025-08-31,heart_rate_avg,39.330729724790885,-1
2025-09-03,heart_rate_avg,38.8492048671946,-1
2025-09-05,heart_rate_avg,42.32422758631893,-1
2024-10-30,heart_rate_avg,31.10916011497354,-1
2024-11-15,heart_rate_avg,35.741989966984455,-1
2024-11-18,heart_rate_avg,39.68477717625311,-1
2024-12-27,heart_rate_avg,41.68879501845921,-1
2024-12-28,heart_rate_avg,87.98931064182322,-1
2024-12-30,heart_rate_avg,91.28722533841012,-1
2025-01-24,heart_rate_avg,38.2846894760092,-1
2025-03-15,heart_rate_avg,91.7964772854472,-1
2025-04-11,heart_rate_avg,42.73268001269102,-1
2025-06-16,heart_rate_avg,41.43177156409663,-1
2025-08-10,heart_rate_avg,43.03801542718108,-1
2024-09-07,heart_rate_avg,43.07072182322828,-1
2024-09-08,heart_rate_avg,91.77371935133652,-1
2024-09-14,heart_rate_avg,38.65908288484691,-1
2024-09-23,heart_rate_avg,89.97606885885163,-1
2024-12-19,heart_rate_avg,92.55888957889049,-1
2024-12-30,heart_rate_avg,33.61102212844651,-1
2025-02-27,heart_rate_avg,87.55584628003513,-1
2025-03-12,heart_rate_avg,40.8507394300258,-1
2025-04-01,heart_rate_avg,41.31540352987727,-1
2025-04-27,heart_rate_avg,41.66230941538651,-1
2024-09-12,heart_rate_avg,99.20346341283856,-1
2024-10-29,heart_rate_avg,89.0960965039403,-1
2024-11-09,heart_rate_avg,98.17118538047222,-1
2024-11-14,heart_rate_avg,90.54393540613248,-1
2024-12-27,heart_rate_avg,87.59690570107415,-1
2025-03-07,heart_rate_avg,88.46386761527626,-1
2025-03-09,heart_rate_avg,89.34666509087477,-1
2025-03-21,heart_rate_avg,89.24127209676462,-1
2025-05-30,heart_rate_avg,95.00975628769936,-1
2025-07-09,heart_rate_avg,89.47297189543829,-1
2025-08-12,heart_rate_avg,87.97387379268181,-1
2025-08-16,heart_rate_avg,88.04407738034085,-1
2024-09-20,heart_rate_avg,87.67637068714517,-1
2024-09-21,heart_rate_avg,88.63895406255646,-1
2024-10-26,heart_rate_avg,99.60265896066028,-1
2024-12-15,heart_rate_avg,88.44707533700578,-1
2025-04-13,heart_rate_avg,38.72307152280824,-1
2025-04-14,heart_rate_avg,89.60061447707426,-1
2025-07-03,heart_rate_avg,87.98206591514628,-1
2025-08-10,heart_rate_avg,92.82251054735028,-1
2024-09-06,heart_rate_avg,28.951610247141037,-1
2024-10-11,heart_rate_avg,41.11632403079213,-1
2024-10-23,heart_rate_avg,39.96740980348565,-1
2024-11-02,heart_rate_avg,43.173724591044525,-1
2024-11-19,heart_rate_avg,39.06733387425056,-1
2024-11-21,heart_rate_avg,42.29522180947332,-1
2024-12-14,heart_rate_avg,39.95256694642795,-1
2024-12-18,heart_rate_avg,34.31521144649488,-1
2024-12-21,heart_rate_avg,42.74443133927335,-1
2025-01-04,heart_rate_avg,37.74282261334963,-1
2025-01-06,heart_rate_avg,37.89617341565308,-1
2025-01-14,heart_rate_avg,40.1659241165128,-1
2025-02-05,heart_rate_avg,36.67531078996424,-1
2025-02-22,heart_rate_avg,42.7059062369298,-1
2025-03-08,heart_rate_avg,39.17043778819125,-1
2025-03-09,heart_rate_avg,36.687191629192014,-1
2025-03-11,heart_rate_avg,41.370002955016965,-1
2025-05-02,heart_rate_avg,41.95580611140296,-1
2025-05-29,heart_rate_avg,36.11381406470203,-1
2025-06-15,heart_rate_avg,40.82665658228007,-1
2025-06-24,heart_rate_avg,40.77934487192047,-1
2025-07-03,heart_rate_avg,39.96226365108963,-1
2025-07-07,heart_rate_avg,37.09246184827741,-1
2025-07-29,heart_rate_avg,42.20350702283262,-1
2025-08-04,heart_rate_avg,42.27954487142863,-1
2024-09-06,heart_rate_avg,41.47031892043256,-1
2024-10-18,heart_rate_avg,94.15297115632782,-1
2024-10-28,heart_rate_avg,89.92888657184155,-1
2024-11-02,heart_rate_avg,42.530380772521056,-1
2024-11-09,heart_rate_avg,42.89919227310208,-1
2024-12-20,heart_rate_avg,32.263799641652604,-1
2025-02-01,heart_rate_avg,39.55413140672022,-1
2025-02-19,heart_rate_avg,40.10603389333907,-1
2025-03-10,heart_rate_avg,42.5301412284396,-1
2025-05-12,heart_rate_avg,42.26656623669595,-1
2025-06-20,heart_rate_avg,87.5427964142879,-1
2025-07-08,heart_rate_avg,43.0824644069237,-1
2025-08-16,heart_rate_avg,42.7536838605819,-1
2025-08-19,heart_rate_avg,90.1685160914969,-1
2024-12-28,heart_rate_avg,89.44173975434191,-1
2025-01-06,heart_rate_avg,91.26936942629168,-1
2025-01-16,heart_rate_avg,88.68670152697953,-1
2025-01-18,heart_rate_avg,89.38956147294253,-1
2025-01-19,heart_rate_avg,94.24484082313128,-1
2025-02-01,heart_rate_avg,43.17841451624861,-1
2025-02-22,heart_rate_avg,92.2078523371746,-1
2025-05-27,heart_rate_avg,89.53022583251261,-1
2025-06-04,heart_rate_avg,42.54173282124365,-1
2025-06-20,heart_rate_avg,94.96258739553016,-1
2025-08-12,heart_rate_avg,99.54366449061742,-1
2025-09-02,heart_rate_avg,34.8383454258726,-1
2024-10-19,heart_rate_avg,42.16713590219125,-1
2024-12-28,heart_rate_avg,35.23474997233011,-1
2025-01-01,heart_rate_avg,35.51095333904026,-1
2025-01-03,heart_rate_avg,92.11858066966572,-1
2025-01-22,heart_rate_avg,90.17244372353102,-1
2025-02-04,heart_rate_avg,40.20611967217172,-1
2025-06-17,heart_rate_avg,40.93354606110489,-1
2025-06-21,heart_rate_avg,39.7808253652769,-1
2025-08-19,heart_rate_avg,96.603369616496,-1
2025-08-31,heart_rate_avg,34.68086100633532,-1
2024-09-17,heart_rate_avg,38.78446330048517,-1
2024-09-29,heart_rate_avg,42.53676871149081,-1
2024-10-31,heart_rate_avg,88.23142849863481,-1
2024-12-26,heart_rate_avg,43.13178866879527,-1
2024-12-28,heart_rate_avg,37.12804732711729,-1
2025-01-04,heart_rate_avg,91.1983474947492,-1
2025-02-11,heart_rate_avg,92.02468648265172,-1
2025-03-01,heart_rate_avg,87.80846438840456,-1
2025-03-04,heart_rate_avg,41.698458236608886,-1
2025-04-15,heart_rate_avg,91.42089845686804,-1
2025-04-25,heart_rate_avg,35.55179969234788,-1
2025-06-21,heart_rate_avg,39.73696287058522,-1
2024-09-13,heart_rate_avg,35.86497486029707,-1
2024-09-16,heart_rate_avg,41.94801427448226,-1
2024-09-20,heart_rate_avg,36.747575269869984,-1
2024-09-26,heart_rate_avg,41.04130746218864,-1
2024-09-28,heart_rate_avg,40.58052874399262,-1
2024-09-30,heart_rate_avg,37.94936650390443,-1
2024-10-08,heart_rate_avg,24.020781041253954,-1
2024-10-15,heart_rate_avg,41.89344793897837,-1
2024-10-28,heart_rate_avg,29.70495520189427,-1
2024-11-01,heart_rate_avg,42.03571070358405,-1
2024-11-12,heart_rate_avg,42.66803845629305,-1
2024-11-13,heart_rate_avg,39.38019514096023,-1
2025-01-19,heart_rate_avg,38.86912018962161,-1
2025-01-25,heart_rate_avg,41.66842076786264,-1
2025-01-27,heart_rate_avg,37.63618179173172,-1
2025-01-29,heart_rate_avg,42.86409342037118,-1
2025-03-07,heart_rate_avg,34.75762849899577,-1
2025-03-17,heart_rate_avg,41.0887708195126,-1
2025-04-10,heart_rate_avg,38.85684308572028,-1
2025-04-11,heart_rate_avg,41.30737376890964,-1
2025-04-16,heart_rate_avg,40.99970076443937,-1
2025-04-28,heart_rate_avg,35.18691216939286,-1
2025-05-18,heart_rate_avg,42.57612548782583,-1
2025-05-24,heart_rate_avg,41.78724637344136,-1
2025-06-06,heart_rate_avg,41.11797541442517,-1
2025-06-15,heart_rate_avg,41.707795277978846,-1
2025-06-17,heart_rate_avg,42.72070608070361,-1
2025-06-29,heart_rate_avg,41.78688589898121,-1
2025-07-02,heart_rate_avg,41.25529120603579,-1
2025-07-04,heart_rate_avg,39.5531277872926,-1
2025-07-06,heart_rate_avg,29.91887344982937,-1
2025-07-09,heart_rate_avg,36.71422795318446,-1
2025-07-10,heart_rate_avg,41.43956986063708,-1
2025-08-07,heart_rate_avg,39.31796758368698,-1
2024-09-23,heart_rate_avg,40.59978292719227,-1
2024-10-13,heart_rate_avg,43.22191922080918,-1
2024-12-11,heart_rate_avg,41.31257933252384,-1
2024-12-13,heart_rate_avg,29.63803351212485,-1
2024-12-24,heart_rate_avg,39.20449258335637,-1
2025-01-12,heart_rate_avg,42.00170722658638,-1
2025-02-06,heart_rate_avg,41.97591350070226,-1
2025-02-10,heart_rate_avg,39.78022139379553,-1
2025-02-17,heart_rate_avg,43.047465086237096,-1
2025-02-27,heart_rate_avg,38.69847354842847,-1
2025-03-01,heart_rate_avg,42.67476505985464,-1
2025-03-11,heart_rate_avg,42.50209223148042,-1
2025-03-13,heart_rate_avg,37.773627779491086,-1
2025-03-18,heart_rate_avg,40.14588352983586,-1
2025-04-09,heart_rate_avg,39.897304445712805,-1
2025-04-13,heart_rate_avg,41.42215428871374,-1
2025-04-30,heart_rate_avg,28.522781355842877,-1
2025-05-01,heart_rate_avg,40.29606215743844,-1
2025-05-18,heart_rate_avg,42.108219956578495,-1
2025-05-22,heart_rate_avg,39.75659046541478,-1
2025-06-01,heart_rate_avg,36.06076703442739,-1
2025-06-27,heart_rate_avg,36.367809886989,-1
2025-07-21,heart_rate_avg,94.51729755848392,-1
2025-07-22,heart_rate_avg,32.2761806587095,-1
2024-09-11,heart_rate_avg,39.94611868079734,-1
2024-10-17,heart_rate_avg,89.63797112882578,-1
2024-11-17,heart_rate_avg,90.89089293848816,-1
2024-12-06,heart_rate_avg,34.935418427120595,-1
2024-12-16,heart_rate_avg,94.61244334676618,-1
2025-01-02,heart_rate_avg,96.3859903830296,-1
2025-01-22,heart_rate_avg,89.67303650453229,-1
2025-04-27,heart_rate_avg,88.168452107506,-1
2025-06-22,heart_rate_avg,88.27396540723218,-1
2025-06-30,heart_rate_avg,93.11429894609095,-1
2025-07-06,heart_rate_avg,87.88368072145067,-1
2025-07-16,heart_rate_avg,87.79901563089354,-1
2025-07-21,heart_rate_avg,34.85078709380685,-1
2025-08-02,heart_rate_avg,41.75392385348216,-1
2024-09-26,heart_rate_avg,36.55773171573341,-1
2024-10-11,heart_rate_avg,42.82337827758466,-1
2024-11-18,heart_rate_avg,39.02652911464526,-1
2024-11-20,heart_rate_avg,90.6616379259437,-1
2024-12-29,heart_rate_avg,39.5198909853934,-1
2025-03-08,heart_rate_avg,41.67207499917474,-1
2025-03-29,heart_rate_avg,38.092414595841326,-1
2025-04-09,heart_rate_avg,38.939401305293785,-1
2025-04-16,heart_rate_avg,90.4534528678318,-1
2025-06-19,heart_rate_avg,35.35269263441119,-1
2025-06-28,heart_rate_avg,42.66973081010256,-1
2025-07-27,heart_rate_avg,36.352637912509,-1
2024-09-23,heart_rate_avg,42.5383064001358,-1
2024-10-25,heart_rate_avg,36.889322179891536,-1
2024-11-04,heart_rate_avg,42.36470023761704,-1
2024-11-18,heart_rate_avg,40.42664071346858,-1
2024-12-23,heart_rate_avg,42.07783705978247,-1
2025-01-07,heart_rate_avg,41.29803203515781,-1
2025-01-31,heart_rate_avg,42.13320437230735,-1
2025-02-01,heart_rate_avg,42.33142046350275,-1
2025-03-05,heart_rate_avg,42.51931264888012,-1
2025-03-11,heart_rate_avg,36.76309193987031,-1
2025-03-31,heart_rate_avg,41.2216655602309,-1
2025-04-18,heart_rate_avg,41.677582577442735,-1
2025-05-25,heart_rate_avg,40.45908435953886,-1
2025-06-13,heart_rate_avg,42.761550203451336,-1
2025-06-18,heart_rate_avg,35.18147786147735,-1
2025-06-19,heart_rate_avg,39.10095092062535,-1
2025-07-06,heart_rate_avg,94.80107290335664,-1
2025-07-14,heart_rate_avg,39.88964546285816,-1
2025-07-16,heart_rate_avg,36.93632436935256,-1
2025-08-04,heart_rate_avg,29.44940630489277,-1
2025-08-18,heart_rate_avg,40.255477740689415,-1
2024-09-23,heart_rate_avg,89.2563077187957,-1
2024-09-26,heart_rate_avg,88.61905857739804,-1
2024-09-27,heart_rate_avg,92.62523333065812,-1
2024-10-11,heart_rate_avg,88.85613863815806,-1
2024-11-04,heart_rate_avg,98.77164773880932,-1
2024-11-10,heart_rate_avg,89.64952411301256,-1
2024-11-16,heart_rate_avg,88.9780186250301,-1
2024-11-27,heart_rate_avg,90.84214442072944,-1
2024-11-29,heart_rate_avg,96.32523216823404,-1
2024-12-02,heart_rate_avg,87.85565392362187,-1
2024-12-11,heart_rate_avg,95.26793280016564,-1
2024-12-12,heart_rate_avg,91.09978538678456,-1
2024-12-14,heart_rate_avg,93.37254269956034,-1
2024-12-21,heart_rate_avg,98.57718216390704,-1
2024-12-23,heart_rate_avg,94.39006183822045,-1
2025-01-22,heart_rate_avg,90.46824568881968,-1
2025-01-24,heart_rate_avg,89.30063624824999,-1
2025-01-30,heart_rate_avg,87.70945156141921,-1
2025-02-04,heart_rate_avg,96.32653825010048,-1
2025-02-16,heart_rate_avg,87.77965423429002,-1
2025-02-19,heart_rate_avg,103.2386882158651,-1
2025-02-22,heart_rate_avg,88.26867568217617,-1
2025-04-04,heart_rate_avg,90.32260292319744,-1
2025-04-14,heart_rate_avg,90.35255000416214,-1
2025-04-16,heart_rate_avg,98.63907911356232,-1
2025-05-13,heart_rate_avg,89.69974208335971,-1
2025-05-20,heart_rate_avg,92.27728363422622,-1
2025-05-27,heart_rate_avg,92.22099129126508,-1
2025-06-04,heart_rate_avg,90.8879180762339,-1
2025-06-11,heart_rate_avg,94.6501335873691,-1
2025-06-24,heart_rate_avg,90.29898178954092,-1
2025-06-26,heart_rate_avg,93.4748879991378,-1
2025-06-27,heart_rate_avg,88.16699316058379,-1
2025-07-08,heart_rate_avg,90.27628400522984,-1
2025-07-22,heart_rate_avg,93.78901635310514,-1
2025-08-12,heart_rate_avg,96.272314440956,-1
2025-08-18,heart_rate_avg,93.87389637275352,-1
2025-08-25,heart_rate_avg,95.96298758670456,-1
2025-08-30,heart_rate_avg,97.04782332272949,-1
2025-09-02,heart_rate_avg,90.51539909982615,-1
2025-09-03,heart_rate_avg,97.31486742520134,-1
2024-09-21,heart_rate_avg,39.12614221621899,-1
2024-10-22,heart_rate_avg,42.57505980274532,-1
2024-11-10,heart_rate_avg,39.25835278893497,-1
2024-11-21,heart_rate_avg,42.94812688250824,-1
2025-01-01,heart_rate_avg,42.87751752829962,-1
2025-01-28,heart_rate_avg,41.68930294852416,-1
2025-06-02,heart_rate_avg,90.22225767055824,-1
2025-06-26,heart_rate_avg,90.15032172979572,-1
2025-07-01,heart_rate_avg,31.391329109184568,-1
2025-07-19,heart_rate_avg,94.5439703221142,-1
2025-09-02,heart_rate_avg,40.18088301513405,-1
2024-09-13,heart_rate_avg,38.71792704871695,-1
2024-09-24,heart_rate_avg,40.61395357807255,-1
2024-10-17,heart_rate_avg,41.93030003352874,-1
2024-10-26,heart_rate_avg,41.64981809001384,-1
2024-10-29,heart_rate_avg,40.494011545477,-1
2024-11-06,heart_rate_avg,42.30806969057189,-1
2024-11-17,heart_rate_avg,39.08065411895495,-1
2024-11-26,heart_rate_avg,37.23014322141479,-1
2024-12-13,heart_rate_avg,36.18357446354102,-1
2024-12-14,heart_rate_avg,38.29991511128367,-1
2024-12-23,heart_rate_avg,29.057917549762607,-1
2024-12-29,heart_rate_avg,42.41302087933005,-1
2025-01-03,heart_rate_avg,42.25716030204892,-1
2025-01-04,heart_rate_avg,40.62915154378268,-1
2025-01-12,heart_rate_avg,29.79184005860686,-1
2025-01-14,heart_rate_avg,41.90409469983364,-1
2025-02-03,heart_rate_avg,39.34130138920405,-1
2025-02-04,heart_rate_avg,32.580368310447994,-1
2025-03-04,heart_rate_avg,42.792144061229024,-1
2025-03-17,heart_rate_avg,39.0108905330162,-1
2025-04-06,heart_rate_avg,39.01182531897817,-1
2025-05-11,heart_rate_avg,30.285313010588663,-1
2025-05-23,heart_rate_avg,41.08211559653642,-1
2025-06-17,heart_rate_avg,41.81887157897349,-1
2025-06-20,heart_rate_avg,37.34846118628455,-1
2025-07-13,heart_rate_avg,39.419847255925816,-1
2025-08-07,heart_rate_avg,90.92716761862404,-1
2024-09-17,heart_rate_avg,87.79656284894803,-1
2024-09-28,heart_rate_avg,88.52167460632431,-1
2024-10-02,heart_rate_avg,96.98718364651032,-1
2024-10-06,heart_rate_avg,102.52932311035369,-1
2024-10-10,heart_rate_avg,87.92260094629603,-1
2024-11-19,heart_rate_avg,40.38869285471901,-1
2024-12-06,heart_rate_avg,42.49998884115513,-1
2024-12-11,heart_rate_avg,92.79461777288148,-1
2024-12-19,heart_rate_avg,88.08351488033675,-1
2024-12-26,heart_rate_avg,43.184159004915294,-1
2025-02-09,heart_rate_avg,97.7816393455293,-1
2025-02-15,heart_rate_avg,87.4840534490816,-1
2025-02-20,heart_rate_avg,93.07963505350703,-1
2025-03-13,heart_rate_avg,42.61753495770572,-1
2025-03-14,heart_rate_avg,90.78710265688892,-1
2025-04-01,heart_rate_avg,93.83847462888232,-1
2025-04-15,heart_rate_avg,90.80186687855264,-1
2025-04-18,heart_rate_avg,98.8225240237084,-1
2025-05-06,heart_rate_avg,87.97971875973994,-1
2025-06-28,heart_rate_avg,87.49178507347784,-1
2025-07-22,heart_rate_avg,32.518141983832464,-1
2025-08-07,heart_rate_avg,96.9304581877127,-1
2025-08-26,heart_rate_avg,88.00579742738984,-1
2024-09-10,heart_rate_avg,41.927321504251,-1
2024-10-19,heart_rate_avg,39.51189315899266,-1
2024-11-03,heart_rate_avg,41.04955180111686,-1
2024-11-22,heart_rate_avg,87.83952844634894,-1
2024-12-12,heart_rate_avg,31.476896483234565,-1
2024-12-30,heart_rate_avg,43.14709734599826,-1
2025-01-10,heart_rate_avg,42.03818102923752,-1
2025-01-21,heart_rate_avg,96.81034578258816,-1
2025-02-20,heart_rate_avg,42.66751392999768,-1
2025-03-16,heart_rate_avg,38.46531313528996,-1
2025-04-07,heart_rate_avg,40.69699742455698,-1
2025-04-25,heart_rate_avg,38.16531968392973,-1
2025-04-26,heart_rate_avg,28.149804741023424,-1
2025-04-29,heart_rate_avg,39.46442720389736,-1
2025-05-13,heart_rate_avg,35.56153924449002,-1
2025-06-10,heart_rate_avg,43.07849620300888,-1
2025-06-14,heart_rate_avg,42.68666994949075,-1
2025-06-16,heart_rate_avg,40.88002836882617,-1
2025-06-27,heart_rate_avg,39.367469403997546,-1
2025-07-27,heart_rate_avg,36.667891659922105,-1
2025-08-06,heart_rate_avg,31.99423033292513,-1
2025-08-07,heart_rate_avg,42.3105809293677,-1
2025-08-18,heart_rate_avg,42.528608700742296,-1
2025-09-02,heart_rate_avg,38.50426816035559,-1
2024-09-08,heart_rate_avg,93.00660998150052,-1
2024-09-23,heart_rate_avg,43.08291578355207,-1
2024-10-06,heart_rate_avg,43.14092442326094,-1
2024-10-21,heart_rate_avg,38.93956270053634,-1
2024-11-20,heart_rate_avg,40.38566011788521,-1
2024-12-01,heart_rate_avg,36.99355220982925,-1
2024-12-17,heart_rate_avg,90.5930616245188,-1
2025-02-14,heart_rate_avg,31.35271041047076,-1
2025-02-17,heart_rate_avg,42.38482108690869,-1
2025-02-22,heart_rate_avg,42.24512689682962,-1
2025-02-25,heart_rate_avg,42.46825960053334,-1
2025-04-07,heart_rate_avg,37.96621419245781,-1
2025-04-09,heart_rate_avg,87.84167241213827,-1
2025-06-08,heart_rate_avg,33.49286799473353,-1
2025-06-13,heart_rate_avg,38.890611883148175,-1
2025-07-25,heart_rate_avg,34.279593345115856,-1
2024-09-11,heart_rate_avg,90.8852347731862,-1
2024-09-18,heart_rate_avg,89.00863060379339,-1
2024-10-03,heart_rate_avg,88.41013341572474,-1
2024-10-04,heart_rate_avg,89.60140124700773,-1
2024-10-07,heart_rate_avg,90.29484606671636,-1
2024-11-15,heart_rate_avg,89.82674906644124,-1
2024-12-03,heart_rate_avg,88.51608710296082,-1
2024-12-22,heart_rate_avg,92.97097706966343,-1
2025-01-01,heart_rate_avg,101.3179605831651,-1
2025-01-04,heart_rate_avg,91.90960799702492,-1
2025-01-17,heart_rate_avg,88.81924691865075,-1
2025-02-03,heart_rate_avg,92.36880138637386,-1
2025-02-10,heart_rate_avg,94.98146240590556,-1
2025-02-23,heart_rate_avg,89.90625859572694,-1
2025-02-28,heart_rate_avg,88.6382877473762,-1
2025-03-16,heart_rate_avg,95.70746241089168,-1
2025-03-26,heart_rate_avg,87.99245494715821,-1
2025-04-08,heart_rate_avg,88.13819847682723,-1
2025-06-06,heart_rate_avg,89.00746866686396,-1
2025-06-21,heart_rate_avg,89.06534450960362,-1
2025-06-29,heart_rate_avg,91.22990785562892,-1
2025-07-28,heart_rate_avg,93.05943355833496,-1
2025-07-29,heart_rate_avg,90.2084061200472,-1
2025-08-16,heart_rate_avg,87.8968487732351,-1
2025-08-28,heart_rate_avg,90.64340866665307,-1
2025-08-31,heart_rate_avg,91.49448875996632,-1
2025-09-02,heart_rate_avg,101.1559899121749,-1
2024-09-08,heart_rate_avg,87.86804591727133,-1
2024-09-22,heart_rate_avg,89.59021933031057,-1
2024-10-24,heart_rate_avg,92.7190730687874,-1
2024-12-28,heart_rate_avg,42.62904293543685,-1
2024-12-30,heart_rate_avg,88.28346147668475,-1
2025-02-07,heart_rate_avg,94.4379430552165,-1
2025-02-16,heart_rate_avg,90.23375584969742,-1
2025-03-02,heart_rate_avg,87.78858731590337,-1
2025-03-08,heart_rate_avg,88.04524619872902,-1
2025-04-10,heart_rate_avg,91.2922090528489,-1
2025-04-12,heart_rate_avg,90.62524932773492,-1
2025-05-08,heart_rate_avg,88.32661822123235,-1
2025-05-28,heart_rate_avg,92.33364184722848,-1
2025-06-20,heart_rate_avg,90.12035020316576,-1
2025-06-22,heart_rate_avg,88.46106694292638,-1
2025-07-01,heart_rate_avg,95.3968755615349,-1
2025-07-06,heart_rate_avg,39.49966902272936,-1
2025-08-05,heart_rate_avg,87.82808051088217,-1
2024-09-13,heart_rate_avg,33.760140933863006,-1
2024-09-17,heart_rate_avg,87.51662285709946,-1
2024-12-26,heart_rate_avg,42.18635454775726,-1
2025-01-09,heart_rate_avg,41.44018402196706,-1
2025-01-13,heart_rate_avg,42.27379672855035,-1
2025-02-09,heart_rate_avg,42.20633280601492,-1
2025-03-07,heart_rate_avg,42.00312194171998,-1
2025-03-10,heart_rate_avg,34.029267850337746,-1
2025-03-18,heart_rate_avg,39.90523322727291,-1
2025-04-08,heart_rate_avg,37.7083611965265,-1
2025-05-26,heart_rate_avg,42.50820776726566,-1
2025-07-29,heart_rate_avg,42.06928879377196,-1
2025-07-31,heart_rate_avg,40.225186261514935,-1
2024-10-03,heart_rate_avg,37.94690169224042,-1
2024-10-18,heart_rate_avg,94.20116296557084,-1
2024-11-25,heart_rate_avg,42.89129881532701,-1
2024-12-19,heart_rate_avg,40.775202240211456,-1
2025-01-07,heart_rate_avg,41.10928464927038,-1
2025-01-24,heart_rate_avg,90.27079165999756,-1
2025-02-15,heart_rate_avg,42.01284338854328,-1
2025-02-28,heart_rate_avg,41.9335254958776,-1
2025-03-11,heart_rate_avg,37.29193207365573,-1
2025-03-25,heart_rate_avg,41.781824572674935,-1
2025-05-25,heart_rate_avg,96.2218340082674,-1
2025-05-30,heart_rate_avg,38.09210865627938,-1
2025-06-01,heart_rate_avg,41.3849794394906,-1
2025-06-11,heart_rate_avg,40.9952021625586,-1
2025-07-09,heart_rate_avg,41.57156535556945,-1
2025-07-14,heart_rate_avg,40.5177979068541,-1
2024-10-21,heart_rate_avg,88.42163258950501,-1
2024-12-01,heart_rate_avg,90.673595158627,-1
2024-12-25,heart_rate_avg,95.06395469610013,-1
2025-01-05,heart_rate_avg,88.07007756213491,-1
2025-03-18,heart_rate_avg,89.89250477992204,-1
2025-03-30,heart_rate_avg,90.95467598508756,-1
2025-04-05,heart_rate_avg,39.03466268437828,-1
2025-04-08,heart_rate_avg,41.26869333806887,-1
2025-04-18,heart_rate_avg,101.28931136312885,-1
2025-04-21,heart_rate_avg,90.17680752365833,-1
2025-04-30,heart_rate_avg,39.97798120944944,-1
2025-05-25,heart_rate_avg,94.91304382844044,-1
2025-07-10,heart_rate_avg,90.66684174361916,-1
2025-08-31,heart_rate_avg,89.86435770807053,-1
2024-09-26,heart_rate_avg,35.799574063371416,-1
2024-11-24,heart_rate_avg,42.15710805590743,-1
2024-12-01,heart_rate_avg,43.08836942037895,-1
2025-01-25,heart_rate_avg,38.00745422028705,-1
2025-01-30,heart_rate_avg,36.74675434246308,-1
2025-02-10,heart_rate_avg,39.26831786460933,-1
2025-03-09,heart_rate_avg,34.292838768952834,-1
2025-03-24,heart_rate_avg,88.56761519149471,-1
2025-04-10,heart_rate_avg,42.24591236153461,-1
2025-04-27,heart_rate_avg,38.46087283770613,-1
2025-06-02,heart_rate_avg,42.16014720667309,-1
2025-07-22,heart_rate_avg,41.48762242035136,-1
2025-07-31,heart_rate_avg,41.02925077310174,-1
2025-08-17,heart_rate_avg,36.46573072169839,-1
2025-09-05,heart_rate_avg,36.60831432620169,-1
2024-09-10,heart_rate_avg,33.49517471907378,-1
2024-09-16,heart_rate_avg,40.698061635127786,-1
2024-10-02,heart_rate_avg,35.52780292975519,-1
2024-10-10,heart_rate_avg,41.79928696869987,-1
2024-11-23,heart_rate_avg,35.889344238095745,-1
2025-03-26,heart_rate_avg,39.07937702218567,-1
2025-05-21,heart_rate_avg,37.77826759777381,-1
2025-05-22,heart_rate_avg,37.29089657997416,-1
2025-05-26,heart_rate_avg,88.73558642203486,-1
2025-07-08,heart_rate_avg,88.02171022420856,-1
2025-08-15,heart_rate_avg,29.55835384311991,-1
2024-09-14,heart_rate_avg,37.61172307698784,-1
2024-09-16,heart_rate_avg,41.02668324313106,-1
2024-09-17,heart_rate_avg,41.13651035777623,-1
2024-10-05,heart_rate_avg,42.88032059675921,-1
2024-11-02,heart_rate_avg,40.68781442673742,-1
2024-11-29,heart_rate_avg,37.312467262036265,-1
2024-12-24,heart_rate_avg,40.00694796006903,-1
2024-12-27,heart_rate_avg,34.092297222459074,-1
2025-01-14,heart_rate_avg,37.4502769863519,-1
2025-02-14,heart_rate_avg,42.1912692753871,-1
2025-03-13,heart_rate_avg,41.00965292946768,-1
2025-03-19,heart_rate_avg,41.37667146106136,-1
2025-03-20,heart_rate_avg,41.3923793513347,-1
2025-04-08,heart_rate_avg,40.83173456586744,-1
2025-04-15,heart_rate_avg,31.81979095339392,-1
2025-05-07,heart_rate_avg,43.0643264035441,-1
2025-07-18,heart_rate_avg,40.72555955314533,-1
2024-09-07,heart_rate_avg,94.44597680461315,-1
2024-10-23,heart_rate_avg,38.59634078263284,-1
2024-12-16,heart_rate_avg,42.21707961288605,-1
2025-01-08,heart_rate_avg,42.02777669236377,-1
2025-02-27,heart_rate_avg,40.24420913057809,-1
2025-03-10,heart_rate_avg,42.09600783831056,-1
2025-03-19,heart_rate_avg,88.22097753196638,-1
2025-03-26,heart_rate_avg,35.484126475492914,-1
2025-04-29,heart_rate_avg,38.53461445457175,-1
2025-06-18,heart_rate_avg,42.04553892939256,-1
2025-07-14,heart_rate_avg,41.23206082489816,-1
2024-10-13,heart_rate_avg,37.34199602409183,-1
2024-10-29,heart_rate_avg,40.733380690105164,-1
2024-12-12,heart_rate_avg,89.28249035534571,-1
2025-01-01,heart_rate_avg,32.33345560859216,-1
2025-05-19,heart_rate_avg,42.51561716161287,-1
2025-06-25,heart_rate_avg,91.86892238617864,-1
2025-07-21,heart_rate_avg,41.379686309955815,-1
2025-07-27,heart_rate_avg,92.6940810245301,-1
2025-07-28,heart_rate_avg,89.573236858461,-1
2025-08-06,heart_rate_avg,42.46473951305523,-1
2024-10-10,heart_rate_avg,43.01794526592269,-1
2024-10-26,heart_rate_avg,32.812109751052425,-1
2024-11-04,heart_rate_avg,35.89898951211396,-1
2024-11-27,heart_rate_avg,35.57948062021407,-1
2024-12-05,heart_rate_avg,42.0094814223371,-1
2024-12-10,heart_rate_avg,38.61866427038287,-1
2025-01-06,heart_rate_avg,39.45034575929864,-1
2025-01-31,heart_rate_avg,34.9050398564289,-1
2025-02-02,heart_rate_avg,34.84820429684621,-1
2025-03-04,heart_rate_avg,42.68733750043412,-1
2025-03-10,heart_rate_avg,43.110949410007365,-1
2025-03-12,heart_rate_avg,40.20435334770826,-1
2025-04-04,heart_rate_avg,36.47963970617975,-1
2025-04-09,heart_rate_avg,37.39171225424845,-1
2025-07-09,heart_rate_avg,34.18575599522635,-1
2025-08-19,heart_rate_avg,42.43449488789912,-1
2025-08-26,heart_rate_avg,37.88036817133592,-1
2024-09-10,heart_rate_avg,91.17177041561057,-1
2024-09-15,heart_rate_avg,42.50928304607464,-1
2024-11-02,heart_rate_avg,87.6554234655402,-1
2024-12-12,heart_rate_avg,39.19030526632716,-1
2025-02-02,heart_rate_avg,33.8120737574657,-1
2025-03-15,heart_rate_avg,94.41036490920426,-1
2025-03-17,heart_rate_avg,90.42938628508668,-1
2025-04-25,heart_rate_avg,89.54603722873942,-1
2025-05-01,heart_rate_avg,35.76112348681612,-1
2025-06-13,heart_rate_avg,31.848137136933808,-1
2025-08-07,heart_rate_avg,94.3300168882204,-1
2025-08-27,heart_rate_avg,39.23952845637225,-1
2024-12-24,heart_rate_avg,39.555802833837056,-1
2025-02-17,heart_rate_avg,40.08495542787731,-1
2025-04-01,heart_rate_avg,99.10657988235168,-1
2025-04-12,heart_rate_avg,33.8464458384297,-1
2025-04-18,heart_rate_avg,42.24129197972155,-1
2025-06-22,heart_rate_avg,88.46593827853285,-1
2025-07-09,heart_rate_avg,96.53203312565006,-1
2025-09-01,heart_rate_avg,40.9783965404865,-1
2025-09-05,heart_rate_avg,42.712719740819466,-1
2024-10-29,heart_rate_avg,88.3583003656572,-1
2024-11-12,heart_rate_avg,91.51300081711383,-1
2024-12-23,heart_rate_avg,98.84754832711629,-1
2025-01-12,heart_rate_avg,93.99486286411246,-1
2025-02-11,heart_rate_avg,87.54023438490296,-1
2025-04-02,heart_rate_avg,87.68038396813242,-1
2025-04-16,heart_rate_avg,87.95191479740213,-1
2025-04-23,heart_rate_avg,87.58951425584266,-1
2025-04-25,heart_rate_avg,90.0927943649164,-1
2025-05-12,heart_rate_avg,97.43888161234692,-1
2025-06-07,heart_rate_avg,91.30754662171432,-1
2025-06-10,heart_rate_avg,90.69269212355138,-1
2025-06-22,heart_rate_avg,88.0934733229946,-1
2025-06-23,heart_rate_avg,101.05353437872265,-1
2025-07-21,heart_rate_avg,91.01901100891487,-1
2025-07-27,heart_rate_avg,43.03463987227275,-1
2025-08-08,heart_rate_avg,88.63721268277254,-1
2025-08-22,heart_rate_avg,89.17503943906954,-1
2025-08-23,heart_rate_avg,94.81393215761116,-1
2025-08-24,heart_rate_avg,92.602188810964,-1
2024-09-28,heart_rate_avg,34.26793641440764,-1
2024-11-20,heart_rate_avg,43.026478941344,-1
2024-12-08,heart_rate_avg,36.95020585032112,-1
2024-12-14,heart_rate_avg,93.96759669808192,-1
2024-12-30,heart_rate_avg,42.517871133109495,-1
2025-02-01,heart_rate_avg,39.716558510096654,-1
2025-02-17,heart_rate_avg,43.19250509931213,-1
2025-02-26,heart_rate_avg,41.73100654677828,-1
2025-03-07,heart_rate_avg,32.482902980451755,-1
2025-03-14,heart_rate_avg,37.65592525795912,-1
2025-03-27,heart_rate_avg,39.02794674273312,-1
2025-04-26,heart_rate_avg,35.41959605090833,-1
2025-05-02,heart_rate_avg,41.389673730431895,-1
2025-05-13,heart_rate_avg,37.88100063824768,-1
2025-06-09,heart_rate_avg,40.81618543725237,-1
2025-06-10,heart_rate_avg,38.57361121754262,-1
2025-06-23,heart_rate_avg,42.748953115614725,-1
2025-06-28,heart_rate_avg,36.03820147388076,-1
2025-07-11,heart_rate_avg,31.07598525626712,-1
2025-08-27,heart_rate_avg,28.507949950485447,-1
2025-01-22,heart_rate_avg,41.50831904392464,-1
2025-05-03,heart_rate_avg,36.97856303264556,-1
2025-06-14,heart_rate_avg,91.79234434830568,-1
2025-07-14,heart_rate_avg,90.55073656765065,-1
2025-08-05,heart_rate_avg,23.696106357108235,-1
2025-08-26,heart_rate_avg,41.44596337476451,-1
2025-09-01,heart_rate_avg,41.11840108147698,-1
2024-09-09,heart_rate_avg,38.158643014294455,-1
2024-10-10,heart_rate_avg,36.49797161533998,-1
2024-11-09,heart_rate_avg,40.781116364116535,-1
2024-11-21,heart_rate_avg,39.94972817171213,-1
2025-01-12,heart_rate_avg,41.49196359562929,-1
2025-02-26,heart_rate_avg,42.5908799089515,-1
2025-03-14,heart_rate_avg,41.91690719618573,-1
2025-03-19,heart_rate_avg,40.59347499347346,-1
2025-04-06,heart_rate_avg,43.17842342987248,-1
2025-04-10,heart_rate_avg,37.683652775365225,-1
2025-04-18,heart_rate_avg,42.915568511169255,-1
2025-04-21,heart_rate_avg,40.17813225001882,-1
2025-06-21,heart_rate_avg,39.82601672752492,-1
2025-06-26,heart_rate_avg,36.425203561593904,-1
2025-06-28,heart_rate_avg,42.19918301415209,-1
2025-07-04,heart_rate_avg,42.585873126952364,-1
2025-08-03,heart_rate_avg,39.19631399663948,-1
2025-08-09,heart_rate_avg,41.59624555479847,-1
2025-08-19,heart_rate_avg,35.58281012004528,-1
2024-10-28,heart_rate_avg,41.956858721909775,-1
2025-01-29,heart_rate_avg,41.68889281554039,-1
2025-02-21,heart_rate_avg,42.66064491719557,-1
2025-02-27,heart_rate_avg,89.0691371468953,-1
2025-03-07,heart_rate_avg,36.69941768748631,-1
2025-06-05,heart_rate_avg,33.09349791703917,-1
2025-07-01,heart_rate_avg,42.86087516481499,-1
2025-08-31,heart_rate_avg,41.11724469019596,-1
2024-09-07,heart_rate_avg,98.87722252824284,-1
2024-10-01,heart_rate_avg,87.62556638346793,-1
2024-10-03,heart_rate_avg,90.32929180745036,-1
2024-10-15,heart_rate_avg,87.794505926409,-1
2024-10-16,heart_rate_avg,90.02830627617057,-1
2024-10-28,heart_rate_avg,94.1186701045862,-1
2024-10-29,heart_rate_avg,91.02078709216626,-1
2024-11-11,heart_rate_avg,100.9569197791444,-1
2024-11-28,heart_rate_avg,90.50113273991484,-1
2024-12-21,heart_rate_avg,89.27349757314799,-1
2024-12-27,heart_rate_avg,94.18464371894837,-1
2024-12-30,heart_rate_avg,98.59453960137724,-1
2025-01-02,heart_rate_avg,95.31893032368087,-1
2025-01-05,heart_rate_avg,95.00206009126356,-1
2025-01-06,heart_rate_avg,90.44139286612224,-1
2025-01-16,heart_rate_avg,89.1991438256802,-1
2025-01-17,heart_rate_avg,87.9391220120847,-1
2025-01-23,heart_rate_avg,87.95772630836102,-1
2025-01-29,heart_rate_avg,89.50128791649932,-1
2025-02-02,heart_rate_avg,91.42257735758788,-1
2025-02-08,heart_rate_avg,95.84323182047817,-1
2025-02-13,heart_rate_avg,93.51001265755272,-1
2025-02-16,heart_rate_avg,88.56158821951941,-1
2025-02-18,heart_rate_avg,88.44392309318913,-1
2025-02-19,heart_rate_avg,93.78820864074648,-1
2025-02-28,heart_rate_avg,92.57457764722604,-1
2025-03-07,heart_rate_avg,87.75157862331709,-1
2025-03-13,heart_rate_avg,92.83256269304194,-1
2025-03-23,heart_rate_avg,92.9647133535542,-1
2025-04-19,heart_rate_avg,93.54288753151404,-1
2025-04-20,heart_rate_avg,100.87905930690944,-1
2025-04-23,heart_rate_avg,91.40442876233875,-1
2025-04-27,heart_rate_avg,91.85936524768094,-1
2025-04-29,heart_rate_avg,93.8689322136787,-1
2025-05-12,heart_rate_avg,90.80675451361284,-1
2025-05-21,heart_rate_avg,88.55649848516686,-1
2025-05-27,heart_rate_avg,90.81596129150572,-1
2025-05-30,heart_rate_avg,88.10808565810781,-1
2025-06-05,heart_rate_avg,88.6983435118957,-1
2025-06-17,heart_rate_avg,88.19203512117846,-1
2025-07-06,heart_rate_avg,88.1651459243682,-1
2025-07-07,heart_rate_avg,88.215934899877,-1
2025-07-16,heart_rate_avg,88.85992586953398,-1
2025-07-20,heart_rate_avg,87.91815216316684,-1
2025-07-31,heart_rate_avg,93.94093542407936,-1
2025-08-05,heart_rate_avg,95.6410052091832,-1
2025-08-07,heart_rate_avg,101.99636114432204,-1
2025-08-12,heart_rate_avg,94.05145337961318,-1
2025-08-13,heart_rate_avg,88.27697431224259,-1
2025-08-27,heart_rate_avg,96.22580701675946,-1
2025-08-28,heart_rate_avg,95.88280070131782,-1
2024-09-16,heart_rate_avg,31.99120935303214,-1
2024-09-22,heart_rate_avg,39.49798232124682,-1
2024-10-05,heart_rate_avg,34.76884058256873,-1
2024-10-06,heart_rate_avg,42.88047914137579,-1
2024-10-08,heart_rate_avg,37.27241117085296,-1
2024-10-21,heart_rate_avg,33.70275175139789,-1
2024-10-23,heart_rate_avg,40.411156596781126,-1
2024-10-24,heart_rate_avg,41.61999420215109,-1
2024-10-27,heart_rate_avg,41.20754547043885,-1
2024-11-11,heart_rate_avg,40.60530924026868,-1
2024-12-10,heart_rate_avg,41.306776217666325,-1
2025-01-18,heart_rate_avg,40.13795126484538,-1
2025-02-18,heart_rate_avg,33.721438445068074,-1
2025-03-03,heart_rate_avg,32.133863730031024,-1
2025-03-05,heart_rate_avg,36.81920887985199,-1
2025-03-10,heart_rate_avg,43.12817612960892,-1
2025-03-23,heart_rate_avg,40.82280899014937,-1
2025-04-15,heart_rate_avg,42.96319203029928,-1
2025-05-04,heart_rate_avg,41.8083643808045,-1
2025-05-12,heart_rate_avg,42.73271239098023,-1
2025-06-26,heart_rate_avg,40.88173488773397,-1
2025-06-29,heart_rate_avg,40.96009103877133,-1
2025-07-04,heart_rate_avg,40.86323635246139,-1
2025-07-17,heart_rate_avg,38.46737239668106,-1
2025-07-26,heart_rate_avg,40.6533317327487,-1
2025-07-27,heart_rate_avg,29.76803417776594,-1
2025-07-29,heart_rate_avg,41.82686880541648,-1
2025-08-12,heart_rate_avg,36.08390382487555,-1
2025-08-18,heart_rate_avg,42.29682461390468,-1
2024-09-08,heart_rate_avg,35.24471344880628,-1
2024-09-15,heart_rate_avg,37.35586293273756,-1
2024-09-21,heart_rate_avg,41.49418412352769,-1
2024-10-01,heart_rate_avg,39.07031899411926,-1
2024-10-11,heart_rate_avg,40.25361805499378,-1
2024-10-15,heart_rate_avg,39.04005980277277,-1
2024-11-02,heart_rate_avg,38.96150478026103,-1
2024-11-16,heart_rate_avg,37.432052480243016,-1
2024-12-03,heart_rate_avg,36.91911372552006,-1
2025-01-03,heart_rate_avg,42.30816936392195,-1
2025-01-17,heart_rate_avg,39.55639364925955,-1
2025-02-01,heart_rate_avg,42.25436230324412,-1
2025-02-09,heart_rate_avg,39.1223733050189,-1
2025-02-12,heart_rate_avg,39.91373988127419,-1
2025-03-26,heart_rate_avg,34.234855356428525,-1
2025-04-10,heart_rate_avg,34.97203217434971,-1
2025-04-16,heart_rate_avg,40.07916730291478,-1
2025-05-06,heart_rate_avg,40.25561613064262,-1
2025-05-21,heart_rate_avg,42.859548305613785,-1
2025-06-02,heart_rate_avg,87.71964129377854,-1
2025-06-28,heart_rate_avg,40.51104096579634,-1
2025-07-21,heart_rate_avg,31.89701041912653,-1
2025-08-21,heart_rate_avg,43.101210570242586,-1
2025-08-30,heart_rate_avg,40.30883373619021,-1
2025-08-31,heart_rate_avg,42.19778049288392,-1
2024-10-01,heart_rate_avg,95.15836888006407,-1
2024-10-19,heart_rate_avg,90.81242696206716,-1
2024-10-28,heart_rate_avg,88.15342250191911,-1
2024-10-29,heart_rate_avg,37.59840453144649,-1
2024-11-11,heart_rate_avg,92.82723779476204,-1
2024-11-21,heart_rate_avg,87.53129614301183,-1
2024-12-03,heart_rate_avg,89.35710012217893,-1
2025-01-04,heart_rate_avg,88.80560444838885,-1
2025-02-02,heart_rate_avg,99.0344270719738,-1
2025-05-08,heart_rate_avg,94.6063627616732,-1
2025-06-04,heart_rate_avg,91.49994590015646,-1
2025-06-15,heart_rate_avg,95.99961258659884,-1
2025-08-12,heart_rate_avg,95.2781829801398,-1
2025-08-20,heart_rate_avg,88.41062570450734,-1
2024-09-26,heart_rate_avg,89.46787695823582,-1
2024-11-13,heart_rate_avg,88.27311263791657,-1
2024-11-20,heart_rate_avg,89.22485672622587,-1
2024-12-31,heart_rate_avg,38.198945353041786,-1
2025-01-10,heart_rate_avg,88.04117521847198,-1
2025-04-11,heart_rate_avg,88.41653592862123,-1
2025-06-06,heart_rate_avg,89.4775934876419,-1
2025-07-01,heart_rate_avg,41.43859118616224,-1
2025-07-04,heart_rate_avg,88.17950242869763,-1
2025-08-11,heart_rate_avg,88.22653432549629,-1
2024-09-08,heart_rate_avg,38.21427205425752,-1
2024-09-23,heart_rate_avg,41.24641946476754,-1
2024-11-19,heart_rate_avg,41.85824770782512,-1
2024-11-25,heart_rate_avg,41.97696558624352,-1
2024-12-30,heart_rate_avg,26.534737058870284,-1
2025-01-02,heart_rate_avg,42.32138890951274,-1
2025-01-17,heart_rate_avg,89.5800140400846,-1
2025-01-21,heart_rate_avg,39.63922885962263,-1
2025-03-06,heart_rate_avg,92.28510121801644,-1
2025-04-11,heart_rate_avg,42.5843938373904,-1
2025-04-15,heart_rate_avg,32.27553159146693,-1
2025-05-18,heart_rate_avg,34.255034887899875,-1
2025-05-25,heart_rate_avg,39.12669488806133,-1
2025-06-03,heart_rate_avg,40.01371129492997,-1
2024-11-01,heart_rate_avg,37.86239410257467,-1
2024-11-05,heart_rate_avg,37.806857993437504,-1
2024-11-17,heart_rate_avg,41.836771803712985,-1
2024-11-28,heart_rate_avg,94.92806505928952,-1
2025-02-07,heart_rate_avg,87.41735559037622,-1
2025-02-11,heart_rate_avg,91.75344024960349,-1
2025-02-21,heart_rate_avg,33.95849463345411,-1
2025-03-05,heart_rate_avg,87.83523498143344,-1
2025-03-10,heart_rate_avg,90.31194058321228,-1
2025-06-17,heart_rate_avg,36.69857531649788,-1
2025-06-19,heart_rate_avg,43.00943282979026,-1
2025-06-23,heart_rate_avg,35.9044252993594,-1
2025-06-30,heart_rate_avg,39.813395806059845,-1
2025-07-13,heart_rate_avg,36.52262715261952,-1
2025-08-15,heart_rate_avg,42.64570419768013,-1
2025-08-19,heart_rate_avg,40.86643244262911,-1
2024-09-17,heart_rate_avg,89.06453866856599,-1
2024-12-24,heart_rate_avg,88.44592939622959,-1
2025-01-18,heart_rate_avg,39.13862004191721,-1
2025-01-29,heart_rate_avg,100.12955165528312,-1
2025-04-11,heart_rate_avg,90.27914737385214,-1
2025-04-14,heart_rate_avg,88.49979075701935,-1
2024-09-14,heart_rate_avg,34.14383473516061,-1
2024-10-27,heart_rate_avg,39.17027838457368,-1
2024-11-07,heart_rate_avg,33.92628343170985,-1
2024-11-21,heart_rate_avg,39.664889195526776,-1
2024-12-01,heart_rate_avg,42.58937305517842,-1
2024-12-14,heart_rate_avg,87.70456367482387,-1
2025-01-20,heart_rate_avg,41.81791892583374,-1
2025-02-20,heart_rate_avg,40.128996018569495,-1
2025-03-15,heart_rate_avg,39.947360869854194,-1
2025-03-17,heart_rate_avg,43.03566321383067,-1
2025-04-12,heart_rate_avg,36.14687054584707,-1
2025-05-06,heart_rate_avg,41.17605865347816,-1
2025-05-19,heart_rate_avg,40.24420733285885,-1
2025-06-01,heart_rate_avg,89.03636169154454,-1
2025-07-03,heart_rate_avg,39.27478713796074,-1
2025-07-25,heart_rate_avg,42.839564321302845,-1
2025-07-27,heart_rate_avg,41.1518821358415,-1
2025-07-28,heart_rate_avg,37.38664936275735,-1
2025-08-20,heart_rate_avg,26.63087318177974,-1
2024-10-09,heart_rate_avg,90.651935026008,-1
2024-11-10,heart_rate_avg,97.33230765645028,-1
2024-12-20,heart_rate_avg,41.21576622682643,-1
2025-02-19,heart_rate_avg,88.39219135429714,-1
2025-03-13,heart_rate_avg,38.90878455939009,-1
2025-03-22,heart_rate_avg,88.0725748663277,-1
2025-03-29,heart_rate_avg,98.21481224355966,-1
2025-05-01,heart_rate_avg,91.31250650130296,-1
2025-06-22,heart_rate_avg,88.3938209625401,-1
2025-07-28,heart_rate_avg,89.92027429628052,-1
2025-07-30,heart_rate_avg,89.64245267347286,-1
2024-09-26,heart_rate_avg,41.945787162128255,-1
2024-11-02,heart_rate_avg,35.81271331940775,-1
2024-11-03,heart_rate_avg,41.37178630359525,-1
2024-11-07,heart_rate_avg,42.00977237152024,-1
2025-01-30,heart_rate_avg,39.48473724595247,-1
2025-01-31,heart_rate_avg,91.96100864596308,-1
2025-02-15,heart_rate_avg,33.75033668267207,-1
2025-03-07,heart_rate_avg,40.851901815538426,-1
2025-04-04,heart_rate_avg,42.827003004210354,-1
2025-04-16,heart_rate_avg,38.96793666699094,-1
2025-05-15,heart_rate_avg,42.76341450292075,-1
2025-06-07,heart_rate_avg,33.458670245827705,-1
2025-07-01,heart_rate_avg,41.42523058327862,-1
2025-09-04,heart_rate_avg,31.69237757241828,-1
2025-01-20,heart_rate_avg,90.54166998097242,-1
2025-01-25,heart_rate_avg,41.77853589276924,-1
2025-02-06,heart_rate_avg,42.91592148791685,-1
2025-03-30,heart_rate_avg,93.24574234536804,-1
2025-04-09,heart_rate_avg,95.66271568441296,-1
2025-06-17,heart_rate_avg,91.56104952156085,-1
2025-07-19,heart_rate_avg,95.62310853674438,-1
2024-10-19,heart_rate_avg,95.00866920510715,-1
2024-10-23,heart_rate_avg,88.8918097792524,-1
2024-11-07,heart_rate_avg,95.60299646235217,-1
2024-11-13,heart_rate_avg,38.98337616119588,-1
2024-11-18,heart_rate_avg,40.15968011980367,-1
2024-12-09,heart_rate_avg,42.255539361738784,-1
2025-01-25,heart_rate_avg,101.06536295402692,-1
2025-02-07,heart_rate_avg,87.78734537222643,-1
2025-02-15,heart_rate_avg,87.47529646183318,-1
2025-04-19,heart_rate_avg,90.42656956349234,-1
2025-05-04,heart_rate_avg,91.46976743841996,-1
2025-06-08,heart_rate_avg,41.609679735068624,-1
2025-07-17,heart_rate_avg,40.47469540688212,-1
2025-08-02,heart_rate_avg,90.3408556074592,-1
2024-09-08,heart_rate_avg,92.02347376205178,-1
2024-09-14,heart_rate_avg,90.25678023478216,-1
2024-09-24,heart_rate_avg,41.98985043697907,-1
2024-10-31,heart_rate_avg,41.53319977390606,-1
2024-12-31,heart_rate_avg,93.34757258005024,-1
2025-03-26,heart_rate_avg,38.18813277773072,-1
2025-05-24,heart_rate_avg,40.10018523456477,-1
2025-07-10,heart_rate_avg,32.83168021997083,-1
2025-07-17,heart_rate_avg,42.14125948405661,-1
2024-10-06,heart_rate_avg,95.85588121505336,-1
2024-10-15,heart_rate_avg,91.38633284220806,-1
2024-11-03,heart_rate_avg,92.91862019765946,-1
2024-11-12,heart_rate_avg,87.56037910561773,-1
2024-11-23,heart_rate_avg,89.35600967146922,-1
2025-01-14,heart_rate_avg,91.4577677600154,-1
2025-02-18,heart_rate_avg,91.75160125891895,-1
2025-02-19,heart_rate_avg,91.15755454580253,-1
2025-04-23,heart_rate_avg,39.73229327692616,-1
2025-04-28,heart_rate_avg,42.21148364409269,-1
2025-05-03,heart_rate_avg,33.649722580168195,-1
2025-05-22,heart_rate_avg,94.73754164765072,-1
2024-09-13,heart_rate_avg,90.84050880771716,-1
2024-09-26,heart_rate_avg,94.30910010482654,-1
2024-10-13,heart_rate_avg,95.15845661456504,-1
2024-11-18,heart_rate_avg,93.2973173342503,-1
2024-12-25,heart_rate_avg,41.4955867549425,-1
2025-01-28,heart_rate_avg,42.43721513502157,-1
2025-02-10,heart_rate_avg,89.48556646570358,-1
2025-05-11,heart_rate_avg,95.06040093646558,-1
2025-06-18,heart_rate_avg,93.50813964253916,-1
2025-07-06,heart_rate_avg,89.83738369399788,-1
2025-07-29,heart_rate_avg,88.787319503558,-1
2025-08-07,heart_rate_avg,41.14027321481669,-1
2025-08-24,heart_rate_avg,87.90980118476688,-1
2024-10-19,heart_rate_avg,39.59850497862733,-1
2024-10-20,heart_rate_avg,35.01353622042751,-1
2024-11-09,heart_rate_avg,88.19529247594895,-1
2025-01-02,heart_rate_avg,43.10880524706202,-1
2025-01-04,heart_rate_avg,40.27240005260799,-1
2025-02-13,heart_rate_avg,41.196878413125646,-1
2025-03-05,heart_rate_avg,42.99384886319815,-1
2025-03-26,heart_rate_avg,41.08529946343273,-1
2025-03-28,heart_rate_avg,42.89780647819312,-1
2025-04-06,heart_rate_avg,42.42205803593498,-1
2025-06-22,heart_rate_avg,42.07397002878096,-1
2024-09-18,heart_rate_avg,87.92309981819986,-1
2024-10-18,heart_rate_avg,87.56144411409366,-1
2024-10-23,heart_rate_avg,88.92822814929464,-1
2024-10-25,heart_rate_avg,89.23660588496334,-1
2024-11-02,heart_rate_avg,89.90553313215706,-1
2024-11-12,heart_rate_avg,102.3524962617826,-1
2024-11-17,heart_rate_avg,90.25696645062206,-1
2024-11-24,heart_rate_avg,95.32234525822184,-1
2024-11-26,heart_rate_avg,88.8678164746378,-1
2024-11-28,heart_rate_avg,89.34088017240478,-1
2024-11-30,heart_rate_avg,90.79614962746842,-1
2024-12-08,heart_rate_avg,38.21974056507725,-1
2024-12-22,heart_rate_avg,89.77657680197909,-1
2024-12-27,heart_rate_avg,105.12411611361289,-1
2024-12-30,heart_rate_avg,91.68705665540178,-1
2025-01-15,heart_rate_avg,89.58671544716361,-1
2025-01-24,heart_rate_avg,93.07865747681716,-1
2025-01-31,heart_rate_avg,88.15956295355224,-1
2025-02-08,heart_rate_avg,90.25478192324522,-1
2025-03-04,heart_rate_avg,90.38532936700555,-1
2025-03-24,heart_rate_avg,90.25866539166046,-1
2025-03-29,heart_rate_avg,98.65366117165068,-1
2025-04-04,heart_rate_avg,98.66972357680385,-1
2025-04-13,heart_rate_avg,91.0176549272036,-1
2025-04-19,heart_rate_avg,89.81393191084221,-1
2025-04-22,heart_rate_avg,90.54039996668116,-1
2025-04-27,heart_rate_avg,109.76363712673908,-1
2025-05-08,heart_rate_avg,99.36154782015062,-1
2025-07-06,heart_rate_avg,101.89979406267636,-1
2025-07-07,heart_rate_avg,93.92760324559764,-1
2025-07-08,heart_rate_avg,95.42628046759948,-1
2025-07-10,heart_rate_avg,91.3655540159956,-1
2025-08-10,heart_rate_avg,89.71584389382778,-1
2025-09-05,heart_rate_avg,95.96261150387974,-1
2024-09-09,heart_rate_avg,31.7076154548032,-1
2024-09-19,heart_rate_avg,41.281881116891824,-1
2024-09-29,heart_rate_avg,40.7277631988952,-1
2024-10-01,heart_rate_avg,38.52474257871052,-1
2024-10-02,heart_rate_avg,39.251557706745615,-1
2024-10-13,heart_rate_avg,40.2307361928119,-1
2024-10-15,heart_rate_avg,36.47793015674363,-1
2024-10-27,heart_rate_avg,38.32638423322807,-1
2024-11-10,heart_rate_avg,41.4439339788868,-1
2024-11-14,heart_rate_avg,30.70254915889296,-1
2024-11-22,heart_rate_avg,40.13954740602355,-1
2024-12-18,heart_rate_avg,30.583805688187898,-1
2024-12-19,heart_rate_avg,30.688565485754456,-1
2024-12-31,heart_rate_avg,36.909173490033126,-1
2025-01-13,heart_rate_avg,38.78936932779333,-1
2025-01-31,heart_rate_avg,37.667522075042925,-1
2025-02-15,heart_rate_avg,38.12343086892367,-1
2025-02-17,heart_rate_avg,35.47340742166888,-1
2025-02-18,heart_rate_avg,35.62964489203782,-1
2025-03-19,heart_rate_avg,37.59159290613755,-1
2025-03-22,heart_rate_avg,33.12322298221076,-1
2025-03-28,heart_rate_avg,38.55110035517012,-1
2025-03-30,heart_rate_avg,41.05326476091017,-1
2025-04-11,heart_rate_avg,40.51559852484415,-1
2025-04-18,heart_rate_avg,42.42103460868671,-1
2025-04-19,heart_rate_avg,25.69058090480236,-1
2025-04-26,heart_rate_avg,42.88216332603359,-1
2025-05-07,heart_rate_avg,38.225579876921245,-1
2025-05-11,heart_rate_avg,40.22111940574639,-1
2025-05-14,heart_rate_avg,36.24885043399336,-1
2025-05-16,heart_rate_avg,37.92794698526141,-1
2025-05-17,heart_rate_avg,42.66692908640567,-1
2025-05-25,heart_rate_avg,39.15025739383308,-1
2025-05-28,heart_rate_avg,27.89949203158572,-1
2025-05-29,heart_rate_avg,42.70579844788742,-1
2025-05-30,heart_rate_avg,32.25631965672666,-1
2025-06-02,heart_rate_avg,40.96910094050118,-1
2025-06-04,heart_rate_avg,41.94834951350335,-1
2025-06-11,heart_rate_avg,36.05166187843557,-1
2025-06-13,heart_rate_avg,36.0983088951972,-1
2025-06-15,heart_rate_avg,40.91401534235396,-1
2025-06-29,heart_rate_avg,36.97717723168935,-1
2025-07-03,heart_rate_avg,39.954266428703306,-1
2025-07-06,heart_rate_avg,31.316117291795905,-1
2025-07-07,heart_rate_avg,32.938803362358506,-1
2025-07-11,heart_rate_avg,41.38672515948869,-1
2025-07-12,heart_rate_avg,42.580622642378245,-1
2025-07-22,heart_rate_avg,33.12790145718757,-1
2025-07-27,heart_rate_avg,40.51590083765424,-1
2025-07-29,heart_rate_avg,22.183058706798786,-1
2025-08-28,heart_rate_avg,33.93518696067321,-1
2024-09-09,heart_rate_avg,41.54059424298884,-1
2024-10-21,heart_rate_avg,87.84648255868998,-1
2025-01-06,heart_rate_avg,88.26555432984321,-1
2025-02-04,heart_rate_avg,38.111492082727366,-1
2025-03-23,heart_rate_avg,88.6535805543563,-1
2025-04-25,heart_rate_avg,95.23430339956283,-1
2025-05-22,heart_rate_avg,92.84389862396026,-1
2025-05-26,heart_rate_avg,91.0200545775559,-1
2025-07-03,heart_rate_avg,87.6536757849852,-1
2025-07-07,heart_rate_avg,88.10638701057832,-1
2025-07-14,heart_rate_avg,87.71578626542484,-1
2024-09-07,heart_rate_avg,89.4137787855688,-1
2024-09-08,heart_rate_avg,96.20601914026167,-1
2024-09-22,heart_rate_avg,90.21131652875006,-1
2024-09-29,heart_rate_avg,89.82107039719148,-1
2024-10-05,heart_rate_avg,91.9129496666474,-1
2024-10-26,heart_rate_avg,92.9331629445797,-1
2024-11-02,heart_rate_avg,89.54115367716409,-1
2024-11-05,heart_rate_avg,93.11253823099727,-1
2024-11-09,heart_rate_avg,94.77003777070271,-1
2024-11-12,heart_rate_avg,87.44722420721789,-1
2024-11-22,heart_rate_avg,94.00233838728325,-1
2024-11-29,heart_rate_avg,89.64475510641566,-1
2024-12-17,heart_rate_avg,88.94925362293355,-1
2024-12-20,heart_rate_avg,88.57010657933264,-1
2024-12-23,heart_rate_avg,93.3757439887423,-1
2025-01-06,heart_rate_avg,89.64312708479699,-1
2025-01-23,heart_rate_avg,88.49912438029405,-1
2025-01-24,heart_rate_avg,88.66749322021752,-1
2025-02-13,heart_rate_avg,94.627797748953,-1
2025-02-20,heart_rate_avg,88.68867375721663,-1
2025-02-22,heart_rate_avg,90.58657586060716,-1
2025-03-02,heart_rate_avg,87.71066555312363,-1
2025-03-03,heart_rate_avg,87.7773347261851,-1
2025-03-05,heart_rate_avg,88.97174593117458,-1
2025-03-09,heart_rate_avg,100.34336051881762,-1
2025-04-05,heart_rate_avg,90.74436405504592,-1
2025-04-16,heart_rate_avg,108.1790869629883,-1
2025-04-17,heart_rate_avg,88.60645039513555,-1
2025-04-18,heart_rate_avg,89.44761096956343,-1
2025-04-28,heart_rate_avg,93.72987631572008,-1
2025-05-09,heart_rate_avg,87.8892036649388,-1
2025-05-21,heart_rate_avg,88.69282883392734,-1
2025-06-04,heart_rate_avg,90.23686930324232,-1
2025-06-06,heart_rate_avg,89.68742202311132,-1
2025-07-01,heart_rate_avg,88.942741048677,-1
2025-07-11,heart_rate_avg,90.67777766485663,-1
2025-07-19,heart_rate_avg,87.62172104896513,-1
2025-07-23,heart_rate_avg,88.51902573223126,-1
2025-07-26,heart_rate_avg,94.06647374668503,-1
2025-08-17,heart_rate_avg,90.11743743141795,-1
2025-08-18,heart_rate_avg,90.2309294884536,-1
2025-08-26,heart_rate_avg,94.80195987330151,-1
2024-09-29,heart_rate_avg,94.05969041586604,-1
2024-10-16,heart_rate_avg,87.79115778185096,-1
2024-10-20,heart_rate_avg,91.70415821035412,-1
2024-10-21,heart_rate_avg,94.07857324756912,-1
2024-10-22,heart_rate_avg,93.3629691508036,-1
2024-11-06,heart_rate_avg,101.90969797388036,-1
2024-11-07,heart_rate_avg,88.41460924340298,-1
2024-12-25,heart_rate_avg,99.31759320126596,-1
2025-01-04,heart_rate_avg,100.77381262581254,-1
2025-02-17,heart_rate_avg,91.3726379435732,-1
2025-03-19,heart_rate_avg,88.91130405310743,-1
2025-04-06,heart_rate_avg,89.5077630496299,-1
2025-04-08,heart_rate_avg,92.62901805410208,-1
2025-04-15,heart_rate_avg,91.93305188027728,-1
2025-06-01,heart_rate_avg,89.22865286487816,-1
2025-06-11,heart_rate_avg,94.54890035849826,-1
2025-07-04,heart_rate_avg,87.75951688355383,-1
2025-07-25,heart_rate_avg,87.48751759149744,-1
2025-08-08,heart_rate_avg,89.3152745274402,-1
2025-08-15,heart_rate_avg,95.5441636493879,-1
2025-08-31,heart_rate_avg,92.91934141179571,-1
2024-09-26,heart_rate_avg,93.4920146798824,-1
2024-10-02,heart_rate_avg,92.38191881961455,-1
2024-10-08,heart_rate_avg,89.31221187147794,-1
2024-10-12,heart_rate_avg,89.20841669850873,-1
2024-11-22,heart_rate_avg,87.94708144220297,-1
2024-11-24,heart_rate_avg,87.39529814832767,-1
2024-12-01,heart_rate_avg,99.14164068646812,-1
2024-12-06,heart_rate_avg,97.80618529550117,-1
2024-12-25,heart_rate_avg,97.2959922984253,-1
2025-01-04,heart_rate_avg,90.21677145562148,-1
2025-01-17,heart_rate_avg,92.531210843121,-1
2025-01-26,heart_rate_avg,92.64454400541676,-1
2025-02-11,heart_rate_avg,87.78774471934625,-1
2025-03-06,heart_rate_avg,90.26804085432902,-1
2025-04-13,heart_rate_avg,91.24787947143696,-1
2025-04-20,heart_rate_avg,100.96669286261616,-1
2025-04-24,heart_rate_avg,90.28626953679849,-1
2025-04-29,heart_rate_avg,87.56161291285278,-1
2025-05-13,heart_rate_avg,89.84099069881903,-1
2025-07-06,heart_rate_avg,33.149638109483874,-1
2025-07-09,heart_rate_avg,99.21709058048602,-1
2025-07-14,heart_rate_avg,92.24516207097084,-1
2025-07-24,heart_rate_avg,88.24197397467302,-1
2025-08-08,heart_rate_avg,94.46344996607247,-1
2025-08-30,heart_rate_avg,88.10676836267004,-1
2024-11-16,heart_rate_avg,38.45786860720757,-1
2024-11-22,heart_rate_avg,39.245863291141966,-1
2024-12-09,heart_rate_avg,91.83539559655829,-1
2025-02-22,heart_rate_avg,40.059070794953286,-1
2025-03-06,heart_rate_avg,39.07952720051741,-1
2025-05-07,heart_rate_avg,42.62755505451764,-1
2025-05-29,heart_rate_avg,93.43149810254326,-1
2025-07-02,heart_rate_avg,35.82015106096046,-1
2024-09-14,heart_rate_avg,91.31793804088367,-1
2024-10-29,heart_rate_avg,94.15857469409508,-1
2024-11-09,heart_rate_avg,40.30176927260037,-1
2024-11-29,heart_rate_avg,89.1348134253251,-1
2025-03-11,heart_rate_avg,96.17485593169604,-1
2025-04-05,heart_rate_avg,41.24918314633575,-1
2025-05-02,heart_rate_avg,90.87196101881476,-1
2025-05-07,heart_rate_avg,87.7898991097446,-1
2025-05-08,heart_rate_avg,39.50250311780995,-1
2025-06-06,heart_rate_avg,37.58672269170657,-1
2025-07-25,heart_rate_avg,89.388499051769,-1
2025-08-09,heart_rate_avg,88.01339576032464,-1
2025-08-19,heart_rate_avg,42.62059047579044,-1
2024-09-25,heart_rate_avg,42.85535457898754,-1
2024-10-04,heart_rate_avg,41.26655195246381,-1
2024-10-07,heart_rate_avg,37.19830085814101,-1
2024-10-18,heart_rate_avg,42.842853832369066,-1
2024-10-31,heart_rate_avg,37.71218893293336,-1
2024-11-09,heart_rate_avg,36.88777461538604,-1
2024-12-27,heart_rate_avg,42.76007248948984,-1
2024-12-31,heart_rate_avg,42.43414163505851,-1
2025-01-06,heart_rate_avg,34.20963758815899,-1
2025-02-18,heart_rate_avg,41.14616821984255,-1
2025-03-06,heart_rate_avg,42.170821632556965,-1
2025-03-30,heart_rate_avg,41.237174672591365,-1
2025-04-13,heart_rate_avg,39.58432612038375,-1
2025-04-17,heart_rate_avg,41.9460206399453,-1
2025-04-21,heart_rate_avg,35.55704847056084,-1
2025-05-07,heart_rate_avg,38.44963619241351,-1
2025-05-21,heart_rate_avg,40.65411666840137,-1
2025-05-26,heart_rate_avg,89.12500003776876,-1
2025-06-21,heart_rate_avg,42.27864583703901,-1
2025-06-26,heart_rate_avg,35.45805337226026,-1
2025-07-05,heart_rate_avg,32.578133783678,-1
2025-08-16,heart_rate_avg,41.96204806047594,-1
2024-09-09,heart_rate_avg,42.06078112044059,-1
2024-09-10,heart_rate_avg,36.38957338541496,-1
2024-09-25,heart_rate_avg,41.20150711727472,-1
2024-10-03,heart_rate_avg,34.98977446067159,-1
2024-10-04,heart_rate_avg,40.68704008885362,-1
2024-10-08,heart_rate_avg,29.58832366539382,-1
2024-10-26,heart_rate_avg,42.755064952260206,-1
2024-10-31,heart_rate_avg,32.20145559047289,-1
2024-11-01,heart_rate_avg,33.7457507728073,-1
2024-11-03,heart_rate_avg,32.708332713918224,-1
2024-11-04,heart_rate_avg,40.47049016240675,-1
2024-11-08,heart_rate_avg,41.22941338563011,-1
2024-11-15,heart_rate_avg,36.78513272976182,-1
2024-11-21,heart_rate_avg,29.385426666501576,-1
2024-11-27,heart_rate_avg,38.60037687088813,-1
2024-11-29,heart_rate_avg,37.69972271433515,-1
2024-12-14,heart_rate_avg,38.25348778877963,-1
2025-01-02,heart_rate_avg,41.39414358015124,-1
2025-01-06,heart_rate_avg,42.51162269114034,-1
2025-01-10,heart_rate_avg,28.618757597580963,-1
2025-01-14,heart_rate_avg,38.5105005164294,-1
2025-01-17,heart_rate_avg,35.75858098220294,-1
2025-01-18,heart_rate_avg,40.63570025160711,-1
2025-01-20,heart_rate_avg,42.78794305259149,-1
2025-01-24,heart_rate_avg,31.270524955956443,-1
2025-01-25,heart_rate_avg,41.59117132884328,-1
2025-01-29,heart_rate_avg,42.98558655735522,-1
2025-02-04,heart_rate_avg,39.92136681495815,-1
2025-02-05,heart_rate_avg,41.03081532422714,-1
2025-02-07,heart_rate_avg,42.63296429901461,-1
2025-02-09,heart_rate_avg,33.4686041085783,-1
2025-02-14,heart_rate_avg,35.77258520564384,-1
2025-02-20,heart_rate_avg,41.68107099113245,-1
2025-02-22,heart_rate_avg,43.17663624519025,-1
2025-03-03,heart_rate_avg,37.90160146611566,-1
2025-03-10,heart_rate_avg,28.97273684301041,-1
2025-03-14,heart_rate_avg,42.784241233519474,-1
2025-03-16,heart_rate_avg,39.65161019087353,-1
2025-04-01,heart_rate_avg,42.89356341413893,-1
2025-04-06,heart_rate_avg,29.18190017022615,-1
2025-04-20,heart_rate_avg,35.15741670062519,-1
2025-05-01,heart_rate_avg,39.30916237920999,-1
2025-05-06,heart_rate_avg,38.31076074111906,-1
2025-05-17,heart_rate_avg,38.46527144981196,-1
2025-05-31,heart_rate_avg,37.711069768604574,-1
2025-06-08,heart_rate_avg,37.60409623051396,-1
2025-06-16,heart_rate_avg,25.4940530081919,-1
2025-06-20,heart_rate_avg,33.364568636351315,-1
2025-06-29,heart_rate_avg,40.21309926418415,-1
2025-07-02,heart_rate_avg,38.867866006498105,-1
2025-07-16,heart_rate_avg,33.712433769411525,-1
2025-07-24,heart_rate_avg,37.28094114330497,-1
2025-08-02,heart_rate_avg,39.78044509634709,-1
2025-08-22,heart_rate_avg,42.26339206955426,-1
2025-08-26,heart_rate_avg,41.2870738664722,-1
2025-08-27,heart_rate_avg,32.84400533529812,-1
2025-08-31,heart_rate_avg,40.28868707789528,-1
2024-10-16,heart_rate_avg,87.73760836069016,-1
2024-10-17,heart_rate_avg,87.83707587801719,-1
2024-10-19,heart_rate_avg,88.35327946473829,-1
2024-11-18,heart_rate_avg,27.054278529087668,-1
2024-12-05,heart_rate_avg,87.95658627205414,-1
2024-12-09,heart_rate_avg,38.925968169880335,-1
2025-01-06,heart_rate_avg,88.95940017362727,-1
2025-03-06,heart_rate_avg,90.44374920562568,-1
2025-03-10,heart_rate_avg,89.67343254825522,-1
2025-03-22,heart_rate_avg,41.75183306489731,-1
2025-03-29,heart_rate_avg,41.52926392748596,-1
2025-04-15,heart_rate_avg,40.32521958876533,-1
2025-04-30,heart_rate_avg,40.6951587719709,-1
2025-05-10,heart_rate_avg,94.1551130315294,-1
2025-05-25,heart_rate_avg,41.76918829456872,-1
2025-07-03,heart_rate_avg,87.74533122951372,-1
2025-07-30,heart_rate_avg,88.09477108604888,-1
2025-08-28,heart_rate_avg,88.40706041582322,-1
2024-09-25,heart_rate_avg,94.36561425173412,-1
2024-10-11,heart_rate_avg,93.00059956084526,-1
2024-12-03,heart_rate_avg,98.70372630864262,-1
2024-12-21,heart_rate_avg,87.74729237304042,-1
2025-01-14,heart_rate_avg,88.63641497493946,-1
2025-02-16,heart_rate_avg,91.41819166148258,-1
2025-02-18,heart_rate_avg,91.96086691541656,-1
2025-03-08,heart_rate_avg,91.73994327229622,-1
2025-03-30,heart_rate_avg,89.10212185913232,-1
2025-05-01,heart_rate_avg,91.3286854019806,-1
2025-06-16,heart_rate_avg,87.90062753465926,-1
2025-07-10,heart_rate_avg,89.32112412709637,-1
2025-07-20,heart_rate_avg,88.43697807038475,-1
2025-07-30,heart_rate_avg,92.99400737230688,-1
2025-08-19,heart_rate_avg,96.45982820616804,-1
2025-08-29,heart_rate_avg,87.73207421599118,-1
2025-08-31,heart_rate_avg,91.403108087729,-1
2024-09-30,heart_rate_avg,43.06812720980418,-1
2024-10-13,heart_rate_avg,34.77186157488596,-1
2024-10-15,heart_rate_avg,27.721118574829184,-1
2024-11-08,heart_rate_avg,41.18914255725343,-1
2024-12-09,heart_rate_avg,39.0236782410331,-1
2025-01-01,heart_rate_avg,38.63756106474989,-1
2025-02-05,heart_rate_avg,41.54521217974344,-1
2025-03-07,heart_rate_avg,39.47958826350905,-1
2025-03-11,heart_rate_avg,42.164510315692766,-1
2025-04-15,heart_rate_avg,38.31061905628253,-1
2025-04-17,heart_rate_avg,42.19509063624284,-1
2025-04-23,heart_rate_avg,41.51806429508288,-1
2025-06-02,heart_rate_avg,42.72960557663542,-1
2024-12-03,heart_rate_avg,87.57900621467633,-1
2024-12-17,heart_rate_avg,89.97434081144849,-1
2025-01-24,heart_rate_avg,93.06928233103396,-1
2025-02-02,heart_rate_avg,90.04325754233581,-1
2025-03-11,heart_rate_avg,87.92567940605576,-1
2025-06-21,heart_rate_avg,90.44770833007183,-1
2025-06-30,heart_rate_avg,94.5548121494933,-1
2025-07-30,heart_rate_avg,87.69581398432923,-1
2025-07-31,heart_rate_avg,90.46944695999326,-1
2025-08-19,heart_rate_avg,97.13085490168945,-1
2024-09-12,heart_rate_avg,41.980278285814,-1
2024-09-19,heart_rate_avg,40.53572680861697,-1
2024-09-22,heart_rate_avg,39.38873024609482,-1
2024-09-25,heart_rate_avg,41.78217811357965,-1
2024-10-01,heart_rate_avg,37.8576339972687,-1
2024-10-05,heart_rate_avg,39.51293260610778,-1
2024-10-16,heart_rate_avg,41.68750351327211,-1
2024-10-19,heart_rate_avg,42.46701942569332,-1
2024-10-22,heart_rate_avg,42.14969416267317,-1
2024-11-13,heart_rate_avg,38.2391511075637,-1
2024-12-04,heart_rate_avg,39.85397446607958,-1
2024-12-15,heart_rate_avg,39.76240794654274,-1
2024-12-29,heart_rate_avg,17.082248909578595,-1
2025-01-13,heart_rate_avg,34.48240930983381,-1
2025-01-15,heart_rate_avg,33.31776509850569,-1
2025-01-17,heart_rate_avg,29.828955142428157,-1
2025-02-04,heart_rate_avg,33.8318573813081,-1
2025-02-09,heart_rate_avg,42.90222983570818,-1
2025-03-17,heart_rate_avg,38.75198401558488,-1
2025-03-19,heart_rate_avg,36.28600279730513,-1
2025-03-22,heart_rate_avg,34.49759654418772,-1
2025-03-27,heart_rate_avg,29.353809354887627,-1
2025-05-11,heart_rate_avg,43.162696364122574,-1
2025-05-12,heart_rate_avg,32.98712868893968,-1
2025-05-22,heart_rate_avg,40.992658190335895,-1
2025-05-28,heart_rate_avg,35.021153568483314,-1
2025-07-02,heart_rate_avg,39.37237309404409,-1
2025-07-05,heart_rate_avg,43.09117661175523,-1
2025-07-06,heart_rate_avg,38.475285498306775,-1
2025-07-08,heart_rate_avg,41.956462383296696,-1
2025-07-10,heart_rate_avg,35.567885951499896,-1
2025-07-19,heart_rate_avg,39.99335476118178,-1
2025-07-21,heart_rate_avg,40.677704954368096,-1
2025-07-24,heart_rate_avg,32.7707981286956,-1
2025-07-27,heart_rate_avg,30.4241671864508,-1
2025-08-03,heart_rate_avg,37.49010007185159,-1
2025-08-08,heart_rate_avg,42.5327723058544,-1
2025-08-15,heart_rate_avg,26.995080227506445,-1
2025-08-19,heart_rate_avg,43.02574953353621,-1
2024-09-06,heart_rate_avg,93.31014580541816,-1
2024-09-23,heart_rate_avg,41.31815362637583,-1
2025-02-05,heart_rate_avg,40.92262001191966,-1
2025-02-20,heart_rate_avg,94.3445213215858,-1
2025-02-22,heart_rate_avg,35.32715125596211,-1
2025-04-01,heart_rate_avg,36.654984188214655,-1
2025-06-01,heart_rate_avg,41.05850458287295,-1
2025-06-03,heart_rate_avg,41.57896463425796,-1
2025-01-25,heart_rate_avg,37.82695271505614,-1
2025-02-18,heart_rate_avg,30.66822511733208,-1
2025-02-24,heart_rate_avg,41.6861231047636,-1
2025-03-04,heart_rate_avg,43.129081208923694,-1
2025-04-04,heart_rate_avg,42.154974859152425,-1
2025-05-24,heart_rate_avg,42.96840454049456,-1
2025-06-29,heart_rate_avg,92.7263369913024,-1
2025-08-05,heart_rate_avg,39.88944106302816,-1
2025-08-20,heart_rate_avg,36.22249114023845,-1
2024-09-16,heart_rate_avg,90.62333200457904,-1
2024-09-18,heart_rate_avg,88.2366253971382,-1
2024-09-22,heart_rate_avg,106.10454724688356,-1
2024-10-30,heart_rate_avg,90.4541966322222,-1
2024-11-03,heart_rate_avg,88.59146503420713,-1
2024-11-23,heart_rate_avg,95.95825514093713,-1
2024-11-27,heart_rate_avg,92.1651686796156,-1
2024-12-26,heart_rate_avg,90.34740440054702,-1
2025-01-03,heart_rate_avg,93.51703731198832,-1
2025-01-27,heart_rate_avg,41.94507997127749,-1
2025-02-18,heart_rate_avg,89.05198379449735,-1
2025-02-28,heart_rate_avg,87.8320071586454,-1
2025-04-27,heart_rate_avg,102.79003366271434,-1
2025-05-01,heart_rate_avg,91.54456988394084,-1
2025-05-12,heart_rate_avg,88.06935817246594,-1
2025-05-30,heart_rate_avg,90.35853950085952,-1
2025-06-25,heart_rate_avg,87.81396377482497,-1
2025-06-30,heart_rate_avg,105.29521689182974,-1
2025-07-24,heart_rate_avg,88.16971142559225,-1
2025-09-04,heart_rate_avg,88.22955736730597,-1
2025-09-05,heart_rate_avg,91.04315463653704,-1
2024-09-21,heart_rate_avg,40.66801246288303,-1
2024-11-04,heart_rate_avg,38.274335091257086,-1
2025-03-01,heart_rate_avg,42.907151076383705,-1
2025-03-27,heart_rate_avg,40.65536833479839,-1
2025-05-17,heart_rate_avg,34.069690374321056,-1
2025-06-15,heart_rate_avg,42.48249470011813,-1
2025-06-18,heart_rate_avg,40.53700844370451,-1
2025-08-05,heart_rate_avg,43.0827655375274,-1
2025-08-29,heart_rate_avg,34.4180169172751,-1
2025-09-02,heart_rate_avg,87.961034875002,-1
2024-11-18,heart_rate_avg,88.12156546277014,-1
2024-12-04,heart_rate_avg,88.26507998088022,-1
2024-12-17,heart_rate_avg,88.3179865949106,-1
2025-04-27,heart_rate_avg,38.57995144572847,-1
2024-09-18,heart_rate_avg,42.987755676856,-1
2024-10-03,heart_rate_avg,42.32150215338565,-1
2024-12-18,heart_rate_avg,37.309378374037166,-1
2024-12-24,heart_rate_avg,42.60089385210431,-1
2025-01-12,heart_rate_avg,42.679555733716825,-1
2025-03-14,heart_rate_avg,35.97054857349378,-1
2025-07-06,heart_rate_avg,38.11695864030489,-1
2025-07-16,heart_rate_avg,42.16537493779167,-1
2025-07-26,heart_rate_avg,37.18597283297375,-1
2025-08-14,heart_rate_avg,43.106375884946765,-1
2024-09-13,heart_rate_avg,42.218440715570864,-1
2024-10-20,heart_rate_avg,34.27984550832919,-1
2024-12-05,heart_rate_avg,87.8190999323238,-1
2025-01-26,heart_rate_avg,41.19039090939116,-1
2025-04-24,heart_rate_avg,89.09394759078816,-1
2025-05-19,heart_rate_avg,38.57280798836067,-1
2025-07-06,heart_rate_avg,38.26207720255054,-1
2024-10-03,heart_rate_avg,38.52918119485628,-1
2024-10-31,heart_rate_avg,32.04702128578112,-1
2024-11-02,heart_rate_avg,36.62718366146216,-1
2025-01-18,heart_rate_avg,34.76197156193344,-1
2025-06-02,heart_rate_avg,41.418196109878494,-1
2024-09-27,heart_rate_avg,42.343816746249736,-1
2024-11-01,heart_rate_avg,91.65723778032816,-1
2024-11-06,heart_rate_avg,87.69045493576294,-1
2024-11-29,heart_rate_avg,89.63393697362079,-1
2024-12-03,heart_rate_avg,94.72891127186094,-1
2024-12-14,heart_rate_avg,88.8073907139244,-1
2025-01-03,heart_rate_avg,88.327482319658,-1
2025-03-06,heart_rate_avg,93.7991313481164,-1
2025-03-16,heart_rate_avg,89.63745675069157,-1
2025-03-28,heart_rate_avg,88.1840451893512,-1
2025-03-30,heart_rate_avg,39.92337395178118,-1
2025-04-06,heart_rate_avg,35.07292578913342,-1
2025-04-19,heart_rate_avg,90.57067536971132,-1
2025-04-21,heart_rate_avg,89.43109251691895,-1
2025-05-27,heart_rate_avg,88.4109675242922,-1
2025-07-23,heart_rate_avg,93.92674736047252,-1
2025-08-12,heart_rate_avg,87.44005369013354,-1
2024-09-30,heart_rate_avg,88.1188591432979,-1
2024-11-19,heart_rate_avg,90.23371057982251,-1
2024-12-30,heart_rate_avg,88.2493315903249,-1
2025-03-26,heart_rate_avg,38.23262349440133,-1
2025-06-03,heart_rate_avg,40.230812069946246,-1
2025-07-09,heart_rate_avg,34.81440971254098,-1
2025-07-30,heart_rate_avg,33.869316507609724,-1
2024-09-07,heart_rate_avg,41.52841012696307,-1
2024-10-21,heart_rate_avg,87.44810136936982,-1
2024-11-16,heart_rate_avg,92.321585435015,-1
2024-11-25,heart_rate_avg,99.01641704039125,-1
2024-11-28,heart_rate_avg,88.74972527460713,-1
2025-01-01,heart_rate_avg,39.67089834559575,-1
2025-02-10,heart_rate_avg,87.59952722753319,-1
2025-02-25,heart_rate_avg,93.1282759959673,-1
2025-02-27,heart_rate_avg,98.63019162821284,-1
2025-02-28,heart_rate_avg,91.72911625125658,-1
2025-03-29,heart_rate_avg,88.32280267615401,-1
2025-07-24,heart_rate_avg,94.96191791400908,-1
2025-08-22,heart_rate_avg,87.86774028730466,-1
2025-08-27,heart_rate_avg,95.89233243306074,-1
2024-10-29,heart_rate_avg,42.41473047095407,-1
2024-11-25,heart_rate_avg,42.65320950684193,-1
2025-01-12,heart_rate_avg,42.51808630301392,-1
2025-01-19,heart_rate_avg,36.848017538500784,-1
2025-01-26,heart_rate_avg,39.73438546066025,-1
2025-02-10,heart_rate_avg,40.80852209601389,-1
2025-02-14,heart_rate_avg,99.32250362651196,-1
2025-02-16,heart_rate_avg,37.43355917793165,-1
2025-03-19,heart_rate_avg,42.663757441255626,-1
2025-06-16,heart_rate_avg,30.783485673523813,-1
2025-08-06,heart_rate_avg,35.8936735728166,-1
2024-09-09,heart_rate_avg,93.4419052443802,-1
2024-10-02,heart_rate_avg,90.08696882187228,-1
2024-10-06,heart_rate_avg,87.57415947282234,-1
2024-11-22,heart_rate_avg,98.89943464439672,-1
2024-11-23,heart_rate_avg,94.05264375943148,-1
2024-12-08,heart_rate_avg,88.64574241659332,-1
2024-12-14,heart_rate_avg,88.01280072470506,-1
2024-12-18,heart_rate_avg,87.87329830972605,-1
2025-01-03,heart_rate_avg,97.16512187993558,-1
2025-01-19,heart_rate_avg,91.64414635000334,-1
2025-01-26,heart_rate_avg,104.45414468809436,-1
2025-02-07,heart_rate_avg,90.73033096812546,-1
2025-02-13,heart_rate_avg,92.10661092520536,-1
2025-02-15,heart_rate_avg,94.6469432342177,-1
2025-02-18,heart_rate_avg,93.39569226492527,-1
2025-03-01,heart_rate_avg,87.95114975966473,-1
2025-03-10,heart_rate_avg,87.82242338852086,-1
2025-03-19,heart_rate_avg,102.58140789496476,-1
2025-04-03,heart_rate_avg,89.5072811859418,-1
2025-04-15,heart_rate_avg,92.43858715886566,-1
2025-04-22,heart_rate_avg,88.2379416884813,-1
2025-05-02,heart_rate_avg,92.52644249754312,-1
2025-05-04,heart_rate_avg,97.60223564633296,-1
2025-05-07,heart_rate_avg,87.98265782050092,-1
2025-05-11,heart_rate_avg,92.68989168383716,-1
2025-05-17,heart_rate_avg,91.1526771357142,-1
2025-05-23,heart_rate_avg,87.43258341179717,-1
2025-06-04,heart_rate_avg,87.69541737823238,-1
2025-06-11,heart_rate_avg,88.85940231067723,-1
2025-07-01,heart_rate_avg,99.9472998227732,-1
2025-07-02,heart_rate_avg,87.7005799476961,-1
2025-07-15,heart_rate_avg,93.1166763835894,-1
2025-07-20,heart_rate_avg,89.72600428627224,-1
2025-07-29,heart_rate_avg,91.22707765704402,-1
2025-08-04,heart_rate_avg,89.0246870372286,-1
2025-08-06,heart_rate_avg,88.9717656168042,-1
2025-08-09,heart_rate_avg,91.46644198864216,-1
2025-08-31,heart_rate_avg,87.61715325694584,-1
2025-09-02,heart_rate_avg,95.14138546603382,-1
2024-11-12,heart_rate_avg,88.73779721325175,-1
2025-02-05,heart_rate_avg,41.832404081402416,-1
2025-02-24,heart_rate_avg,36.28101328278756,-1
2024-10-11,heart_rate_avg,40.82946054764717,-1
2024-10-17,heart_rate_avg,40.872738380783886,-1
2024-11-13,heart_rate_avg,101.93307997812306,-1
2024-12-31,heart_rate_avg,88.79985162405177,-1
2025-02-23,heart_rate_avg,90.4993254363484,-1
2025-03-15,heart_rate_avg,88.1556267436637,-1
2025-03-30,heart_rate_avg,42.39139312869238,-1
2025-07-11,heart_rate_avg,38.7215470155368,-1
2024-09-07,heart_rate_avg,88.99010046358974,-1
2024-09-30,heart_rate_avg,91.55767133674534,-1
2024-10-21,heart_rate_avg,90.76294153802426,-1
2024-10-22,heart_rate_avg,89.89992658575491,-1
2024-10-26,heart_rate_avg,92.47607083151595,-1
2024-11-12,heart_rate_avg,94.09765244441694,-1
2024-11-28,heart_rate_avg,94.10641975570442,-1
2024-12-13,heart_rate_avg,89.36601235923752,-1
2024-12-16,heart_rate_avg,91.34741855654214,-1
2024-12-19,heart_rate_avg,95.73115202563991,-1
2024-12-28,heart_rate_avg,89.26374199220692,-1
2025-01-10,heart_rate_avg,36.55485452932125,-1
2025-03-20,heart_rate_avg,90.21315343883865,-1
2025-05-03,heart_rate_avg,87.84393823781966,-1
2025-05-06,heart_rate_avg,93.96293374254604,-1
2025-05-07,heart_rate_avg,87.71027892725962,-1
2025-06-16,heart_rate_avg,90.68992429375562,-1
2025-06-28,heart_rate_avg,88.46373149666512,-1
2025-06-29,heart_rate_avg,104.60712266297098,-1
2025-07-17,heart_rate_avg,93.3952153058954,-1
2025-08-04,heart_rate_avg,37.8640494226933,-1
2024-09-11,heart_rate_avg,88.62848125374023,-1
2024-10-01,heart_rate_avg,90.29897569833231,-1
2024-10-15,heart_rate_avg,88.54993387850804,-1
2024-12-09,heart_rate_avg,93.26537749239728,-1
2025-01-03,heart_rate_avg,98.67405691697158,-1
2025-03-01,heart_rate_avg,87.91989543285635,-1
2025-03-04,heart_rate_avg,89.14550050640167,-1
2025-03-07,heart_rate_avg,87.843994026974,-1
2025-03-13,heart_rate_avg,89.82060571441153,-1
2025-04-12,heart_rate_avg,93.63989653265568,-1
2025-04-20,heart_rate_avg,96.75354535346,-1
2025-05-11,heart_rate_avg,88.91425451016183,-1
2025-05-29,heart_rate_avg,91.70727016468086,-1
2025-06-02,heart_rate_avg,94.72160679463929,-1
2025-06-21,heart_rate_avg,92.89860331707024,-1
2025-08-29,heart_rate_avg,92.5315331774054,-1
2024-10-03,heart_rate_avg,35.347921071366045,-1
2024-10-16,heart_rate_avg,36.49324023908852,-1
2024-11-06,heart_rate_avg,94.67962963077758,-1
2024-11-19,heart_rate_avg,42.47741206981607,-1
2025-01-10,heart_rate_avg,42.51831402538588,-1
2025-01-16,heart_rate_avg,42.47374572859248,-1
2025-01-26,heart_rate_avg,39.667281156993766,-1
2025-02-13,heart_rate_avg,25.98324058076625,-1
2025-03-07,heart_rate_avg,40.3986486929477,-1
2025-03-09,heart_rate_avg,33.29500698963201,-1
2025-03-15,heart_rate_avg,41.09891454019351,-1
2025-04-30,heart_rate_avg,41.098605337282095,-1
2025-05-10,heart_rate_avg,38.58750154445031,-1
2025-05-21,heart_rate_avg,41.41782878291564,-1
2025-05-23,heart_rate_avg,37.946599677111465,-1
2025-05-28,heart_rate_avg,40.96800967758079,-1
2025-06-04,heart_rate_avg,37.129656735712096,-1
2025-06-07,heart_rate_avg,40.54171445764348,-1
2025-06-10,heart_rate_avg,35.803774130077706,-1
2025-06-11,heart_rate_avg,27.770156065464576,-1
2025-06-21,heart_rate_avg,37.45835500903695,-1
2025-06-27,heart_rate_avg,39.93950685955342,-1
2025-07-12,heart_rate_avg,33.094495017061,-1
2025-07-22,heart_rate_avg,42.88647404251864,-1
2025-08-10,heart_rate_avg,42.26725276370112,-1
2024-09-07,heart_rate_avg,91.36297981506154,-1
2024-09-29,heart_rate_avg,92.70911265482955,-1
2024-12-02,heart_rate_avg,87.72354916320937,-1
2025-02-09,heart_rate_avg,90.2785211704626,-1
2025-03-25,heart_rate_avg,95.67301576693404,-1
2025-04-18,heart_rate_avg,88.33853216302788,-1
2025-09-05,heart_rate_avg,42.24310972466061,-1
2024-09-27,heart_rate_avg,87.84593167832847,-1
2024-11-01,heart_rate_avg,88.91977618469666,-1
2024-11-29,heart_rate_avg,92.84477050109848,-1
2025-01-18,heart_rate_avg,87.53970191676736,-1
2025-01-23,heart_rate_avg,87.87758419450407,-1
2025-02-10,heart_rate_avg,89.7200476923961,-1
2025-02-21,heart_rate_avg,92.01085061594848,-1
2025-02-24,heart_rate_avg,89.42721879251806,-1
2025-03-21,heart_rate_avg,40.35919482317205,-1
2025-03-23,heart_rate_avg,91.74226797233064,-1
2025-03-25,heart_rate_avg,91.62519302680164,-1
2025-04-08,heart_rate_avg,93.9569667528953,-1
2025-05-08,heart_rate_avg,92.52918914962184,-1
2025-05-21,heart_rate_avg,89.55413301840844,-1
2025-05-27,heart_rate_avg,88.28488977740108,-1
2025-06-26,heart_rate_avg,89.36305410746237,-1
2025-08-04,heart_rate_avg,91.20508682958436,-1
2024-09-22,heart_rate_avg,42.672923940337256,-1
2024-09-26,heart_rate_avg,31.851947716563146,-1
2024-09-30,heart_rate_avg,42.90296788745376,-1
2024-10-04,heart_rate_avg,35.76384109364854,-1
2024-10-06,heart_rate_avg,36.656133133376144,-1
2024-10-10,heart_rate_avg,42.58719127379802,-1
2024-10-18,heart_rate_avg,33.61718863534448,-1
2024-10-21,heart_rate_avg,40.25331306000765,-1
2024-10-26,heart_rate_avg,41.76237605101772,-1
2024-10-28,heart_rate_avg,37.86382514667599,-1
2024-11-08,heart_rate_avg,43.16656424427043,-1
2024-11-26,heart_rate_avg,41.38826074208493,-1
2024-11-27,heart_rate_avg,32.84368858011253,-1
2024-12-03,heart_rate_avg,41.77768636922325,-1
2024-12-05,heart_rate_avg,39.92522165101608,-1
2024-12-06,heart_rate_avg,42.45261559197953,-1
2024-12-12,heart_rate_avg,37.62889541786306,-1
2025-01-02,heart_rate_avg,25.704041904158387,-1
2025-01-04,heart_rate_avg,36.64824671277071,-1
2025-01-22,heart_rate_avg,35.34381499026629,-1
2025-01-23,heart_rate_avg,40.12678519144505,-1
2025-02-13,heart_rate_avg,40.30123099185824,-1
2025-03-11,heart_rate_avg,35.07436932445168,-1
2025-03-13,heart_rate_avg,35.285538096435445,-1
2025-03-18,heart_rate_avg,35.227140275511,-1
2025-03-21,heart_rate_avg,38.86805120596402,-1
2025-03-26,heart_rate_avg,42.01965968317367,-1
2025-04-06,heart_rate_avg,28.468418340908908,-1
2025-04-24,heart_rate_avg,40.96927926538912,-1
2025-04-30,heart_rate_avg,41.07380020972657,-1
2025-05-04,heart_rate_avg,43.071074652093166,-1
2025-05-10,heart_rate_avg,43.01055543844647,-1
2025-05-18,heart_rate_avg,39.313006005878535,-1
2025-05-20,heart_rate_avg,43.01158603666477,-1
2025-06-07,heart_rate_avg,88.17570135558364,-1
2025-06-10,heart_rate_avg,34.38205502259852,-1
2025-06-16,heart_rate_avg,28.614007138850766,-1
2025-06-23,heart_rate_avg,39.31250844539953,-1
2025-06-24,heart_rate_avg,41.89829553552982,-1
2025-07-29,heart_rate_avg,27.28632289880737,-1
2025-08-10,heart_rate_avg,40.20840542872772,-1
2025-08-12,heart_rate_avg,38.97463134883579,-1
2025-08-19,heart_rate_avg,41.51736646563377,-1
2025-08-28,heart_rate_avg,33.64209321115673,-1
2024-09-14,heart_rate_avg,91.77878296351022,-1
2024-09-18,heart_rate_avg,109.10548070191732,-1
2024-09-27,heart_rate_avg,88.97574850874116,-1
2024-10-05,heart_rate_avg,98.93113024216038,-1
2024-10-07,heart_rate_avg,96.4079516230821,-1
2024-10-13,heart_rate_avg,87.46518046201406,-1
2024-10-17,heart_rate_avg,89.56507270318103,-1
2024-11-18,heart_rate_avg,90.46830835251208,-1
2024-12-16,heart_rate_avg,94.2215271379653,-1
2025-01-01,heart_rate_avg,87.93092751115547,-1
2025-01-02,heart_rate_avg,89.35738359727202,-1
2025-01-07,heart_rate_avg,87.73219298346432,-1
2025-02-02,heart_rate_avg,89.44211237747857,-1
2025-02-15,heart_rate_avg,88.55722138002953,-1
2025-02-16,heart_rate_avg,94.6661125942375,-1
2025-02-21,heart_rate_avg,42.8847371697746,-1
2025-04-08,heart_rate_avg,92.46698163098036,-1
2025-04-10,heart_rate_avg,89.91273374596788,-1
2025-06-03,heart_rate_avg,87.4130167104542,-1
2025-06-06,heart_rate_avg,88.15381232221185,-1
2025-06-19,heart_rate_avg,90.55893876924723,-1
2025-06-24,heart_rate_avg,89.37057706269175,-1
2025-06-27,heart_rate_avg,91.39870030921152,-1
2025-06-30,heart_rate_avg,91.63339062403853,-1
2025-07-10,heart_rate_avg,91.50381591333532,-1
2025-07-26,heart_rate_avg,95.21448717772763,-1
2025-08-01,heart_rate_avg,92.51378201988648,-1
2025-08-05,heart_rate_avg,95.34357104493266,-1
2024-10-19,heart_rate_avg,41.99922093059098,-1
2024-11-14,heart_rate_avg,42.84839074199645,-1
2024-12-15,heart_rate_avg,40.79605679393963,-1
2025-03-16,heart_rate_avg,94.24382807871577,-1
2025-05-01,heart_rate_avg,93.82574776706332,-1
2025-05-03,heart_rate_avg,41.560707194926536,-1
2025-05-27,heart_rate_avg,41.86643951638058,-1
2025-06-11,heart_rate_avg,40.76655595057017,-1
2025-08-13,heart_rate_avg,41.17232130562397,-1
2024-10-01,heart_rate_avg,35.10647081040629,-1
2025-01-24,heart_rate_avg,41.24613868127604,-1
2025-01-25,heart_rate_avg,42.29311315950086,-1
2025-02-03,heart_rate_avg,40.54271804039594,-1
2025-02-24,heart_rate_avg,90.5160373761264,-1
2025-04-05,heart_rate_avg,41.73500873192859,-1
2025-04-07,heart_rate_avg,87.63718166542455,-1
2025-05-23,heart_rate_avg,43.00082106791763,-1
2025-07-11,heart_rate_avg,39.79420778687697,-1
2025-07-19,heart_rate_avg,90.24394995638768,-1
2024-09-07,heart_rate_avg,41.46047477643354,-1
2024-10-06,heart_rate_avg,42.52106351186225,-1
2024-10-14,heart_rate_avg,90.30973719053628,-1
2024-11-20,heart_rate_avg,36.82739777661458,-1
2024-12-05,heart_rate_avg,39.42081222438243,-1
2025-01-06,heart_rate_avg,33.52783345086337,-1
2025-01-17,heart_rate_avg,32.607540089905,-1
2025-01-28,heart_rate_avg,36.7259296972035,-1
2025-03-12,heart_rate_avg,40.28563451191376,-1
2025-03-18,heart_rate_avg,40.811163304043546,-1
2025-04-08,heart_rate_avg,37.76329516122918,-1
2025-04-13,heart_rate_avg,32.21039014701516,-1
2025-05-23,heart_rate_avg,32.446334335935184,-1
2025-05-29,heart_rate_avg,29.45331323939697,-1
2025-07-05,heart_rate_avg,41.84201836722487,-1
2025-08-13,heart_rate_avg,39.94844692608135,-1
2025-08-15,heart_rate_avg,40.86567918559751,-1
2024-11-05,heart_rate_avg,29.642244703134946,-1
2024-11-27,heart_rate_avg,40.36596622504085,-1
2024-12-24,heart_rate_avg,38.92977314828349,-1
2025-01-17,heart_rate_avg,87.53686149269214,-1
2025-02-01,heart_rate_avg,35.97656804878043,-1
2025-04-18,heart_rate_avg,40.50316967725979,-1
2025-05-15,heart_rate_avg,33.55924754766149,-1
2025-05-16,heart_rate_avg,35.109888832103465,-1
2025-06-30,heart_rate_avg,30.32674576359395,-1
2025-07-02,heart_rate_avg,36.74230473732175,-1
2025-07-15,heart_rate_avg,36.33781500982756,-1
2025-07-31,heart_rate_avg,42.17940473695914,-1
2025-08-02,heart_rate_avg,42.86877944998155,-1
2025-08-28,heart_rate_avg,39.42097405331746,-1
2024-09-12,heart_rate_avg,42.05126963088597,-1
2024-09-23,heart_rate_avg,42.989432022954205,-1
2024-10-10,heart_rate_avg,43.219139409175526,-1
2024-10-15,heart_rate_avg,40.84135576853497,-1
2024-11-19,heart_rate_avg,42.3224629621403,-1
2024-12-06,heart_rate_avg,37.31155119038189,-1
2025-01-04,heart_rate_avg,42.90158296782669,-1
2025-02-01,heart_rate_avg,34.85226198946485,-1
2025-02-19,heart_rate_avg,39.544828463669305,-1
2025-02-22,heart_rate_avg,28.52527680158503,-1
2025-03-27,heart_rate_avg,42.002447583277146,-1
2025-04-08,heart_rate_avg,38.33595184002722,-1
2025-05-05,heart_rate_avg,43.15484221753776,-1
2025-05-13,heart_rate_avg,39.56620650633148,-1
2025-06-15,heart_rate_avg,38.71920115120236,-1
2025-07-13,heart_rate_avg,36.98136500955096,-1
2025-07-25,heart_rate_avg,43.07730440523014,-1
2025-08-23,heart_rate_avg,36.35095254268325,-1
2025-01-29,heart_rate_avg,34.01261764089747,-1
2025-01-31,heart_rate_avg,42.161263937475,-1
2025-02-23,heart_rate_avg,42.18550375049685,-1
2025-04-30,heart_rate_avg,89.35613909860989,-1
2025-05-24,heart_rate_avg,92.40371316965472,-1
2025-07-22,heart_rate_avg,41.94711061460677,-1
2024-09-09,heart_rate_avg,93.7961051035755,-1
2024-11-07,heart_rate_avg,35.35988444597067,-1
2024-12-14,heart_rate_avg,91.8791148458703,-1
2025-03-06,heart_rate_avg,88.61417017255044,-1
2025-03-08,heart_rate_avg,91.60791739625265,-1
2025-03-18,heart_rate_avg,37.65770591224701,-1
2025-05-08,heart_rate_avg,89.87890436027844,-1
2025-07-08,heart_rate_avg,92.57900356598849,-1
2024-09-28,heart_rate_avg,40.1653306462768,-1
2024-10-05,heart_rate_avg,42.12285670073467,-1
2024-10-26,heart_rate_avg,40.49017287729759,-1
2024-11-06,heart_rate_avg,38.37202702994162,-1
2025-01-18,heart_rate_avg,37.96730957251358,-1
2025-02-25,heart_rate_avg,42.26954190718921,-1
2025-03-03,heart_rate_avg,39.64444540546778,-1
2025-03-09,heart_rate_avg,39.96084589176148,-1
2025-04-13,heart_rate_avg,35.00880798548744,-1
2025-04-14,heart_rate_avg,37.07497387376278,-1
2025-04-17,heart_rate_avg,41.32172301590529,-1
2025-05-12,heart_rate_avg,41.890588130374816,-1
2025-05-26,heart_rate_avg,35.57154714337112,-1
2025-06-02,heart_rate_avg,41.22944438125843,-1
2025-07-30,heart_rate_avg,42.98905253844964,-1
2025-07-31,heart_rate_avg,40.78736082727388,-1
2025-08-12,heart_rate_avg,42.76124681581102,-1
2024-09-20,heart_rate_avg,41.69744511459282,-1
2024-11-06,heart_rate_avg,38.4818770965836,-1
2024-11-19,heart_rate_avg,88.84261661726241,-1
2024-12-21,heart_rate_avg,41.58957268251932,-1
2025-01-11,heart_rate_avg,42.19728083755496,-1
2025-01-28,heart_rate_avg,40.69285444406968,-1
2025-05-17,heart_rate_avg,42.25914173699032,-1
2025-08-04,heart_rate_avg,41.20032052508262,-1
2025-08-17,heart_rate_avg,31.917262494733684,-1
2024-11-01,heart_rate_avg,87.69741763139766,-1
2024-11-09,heart_rate_avg,41.9550689868244,-1
2024-12-12,heart_rate_avg,39.14310166561262,-1
2025-01-13,heart_rate_avg,38.50100048913944,-1
2025-03-10,heart_rate_avg,40.303761800414286,-1
2025-03-12,heart_rate_avg,40.20809533158008,-1
2025-03-22,heart_rate_avg,42.62010276324402,-1
2025-03-24,heart_rate_avg,36.77107332536451,-1
2025-04-07,heart_rate_avg,37.27818121405794,-1
2025-07-21,heart_rate_avg,32.493606637783365,-1
2024-09-09,heart_rate_avg,90.18253479008138,-1
2024-10-23,heart_rate_avg,92.63092719398774,-1
2024-12-27,heart_rate_avg,90.59224138495284,-1
2025-01-02,heart_rate_avg,41.7358916759529,-1
2025-01-29,heart_rate_avg,91.48196511894857,-1
2025-02-23,heart_rate_avg,88.29333658628846,-1
2025-03-19,heart_rate_avg,94.21286039131408,-1
2025-03-24,heart_rate_avg,89.2056683241473,-1
2025-05-15,heart_rate_avg,43.10924682457066,-1
2025-05-22,heart_rate_avg,41.28020800062841,-1
2025-05-30,heart_rate_avg,88.14392805901655,-1
2025-06-18,heart_rate_avg,35.36179666234092,-1
2025-07-02,heart_rate_avg,40.13193177825177,-1
2025-08-18,heart_rate_avg,96.09396893457898,-1
2024-09-20,heart_rate_avg,43.04738295236712,-1
2024-09-25,heart_rate_avg,36.71978034214858,-1
2024-09-29,heart_rate_avg,92.07343699002752,-1
2025-03-29,heart_rate_avg,88.84423339346688,-1
2025-04-05,heart_rate_avg,42.943845037307,-1
2025-04-11,heart_rate_avg,41.07906706290271,-1
2025-04-28,heart_rate_avg,89.32703633397236,-1
2025-04-29,heart_rate_avg,87.96359444275984,-1
2025-06-10,heart_rate_avg,32.79918697633651,-1
2025-06-21,heart_rate_avg,26.61637777568728,-1
2025-06-28,heart_rate_avg,40.72590190885751,-1
2025-07-11,heart_rate_avg,42.71282186070016,-1
2024-09-08,heart_rate_avg,36.74546073115701,-1
2024-09-12,heart_rate_avg,41.58354914073968,-1
2024-09-14,heart_rate_avg,40.48858128186451,-1
2024-09-17,heart_rate_avg,19.548013117034607,-1
2024-09-24,heart_rate_avg,39.497773109202015,-1
2024-09-25,heart_rate_avg,40.159143487385776,-1
2024-09-30,heart_rate_avg,25.00207012689478,-1
2024-10-18,heart_rate_avg,40.58225277580315,-1
2024-10-28,heart_rate_avg,41.69396439519293,-1
2024-11-04,heart_rate_avg,40.95788448994648,-1
2024-11-11,heart_rate_avg,40.59841968293318,-1
2024-11-17,heart_rate_avg,42.16501602100669,-1
2024-12-01,heart_rate_avg,42.77222004272009,-1
2024-12-11,heart_rate_avg,37.538599971875136,-1
2024-12-21,heart_rate_avg,31.862352420949957,-1
2024-12-23,heart_rate_avg,32.69280313778618,-1
2024-12-30,heart_rate_avg,40.86675720340904,-1
2024-12-31,heart_rate_avg,37.65479499968383,-1
2025-01-04,heart_rate_avg,34.38746818061835,-1
2025-01-08,heart_rate_avg,40.00135915946295,-1
2025-01-14,heart_rate_avg,42.7712465310578,-1
2025-01-20,heart_rate_avg,32.24338468440276,-1
2025-01-22,heart_rate_avg,38.79518891272737,-1
2025-02-18,heart_rate_avg,37.97292306866,-1
2025-03-06,heart_rate_avg,36.29918138613756,-1
2025-03-16,heart_rate_avg,43.010607387209525,-1
2025-03-26,heart_rate_avg,38.45831565935944,-1
2025-04-09,heart_rate_avg,35.10557055341913,-1
2025-04-10,heart_rate_avg,42.83622451966197,-1
2025-04-11,heart_rate_avg,34.80525710756831,-1
2025-05-18,heart_rate_avg,41.68860748586534,-1
2025-05-19,heart_rate_avg,43.2151109545659,-1
2025-06-06,heart_rate_avg,42.04279102298069,-1
2025-06-13,heart_rate_avg,42.706955659284496,-1
2025-06-21,heart_rate_avg,31.38145509015905,-1
2025-06-22,heart_rate_avg,39.83780478606613,-1
2025-06-27,heart_rate_avg,39.65329483181405,-1
2025-07-04,heart_rate_avg,41.7015882277256,-1
2025-07-24,heart_rate_avg,42.83324150735775,-1
2025-08-13,heart_rate_avg,39.0801901107823,-1
2025-08-19,heart_rate_avg,42.23962775951768,-1
2025-09-04,heart_rate_avg,41.35489313036463,-1
2025-01-07,heart_rate_avg,41.318865284621566,-1
2025-01-10,heart_rate_avg,35.18714335755051,-1
2025-03-11,heart_rate_avg,89.56974778912644,-1
2025-03-24,heart_rate_avg,39.42648239302758,-1
2025-04-04,heart_rate_avg,41.09641295822032,-1
2025-05-14,heart_rate_avg,40.51551645539857,-1
2025-06-23,heart_rate_avg,40.49027870100397,-1
2025-08-28,heart_rate_avg,37.93542799277312,-1
2024-09-26,heart_rate_avg,90.18869186586936,-1
2024-12-20,heart_rate_avg,40.236613456192906,-1
2025-01-11,heart_rate_avg,42.28430105977641,-1
2025-03-08,heart_rate_avg,35.96061468178269,-1
2025-03-10,heart_rate_avg,89.18504487232741,-1
2025-05-14,heart_rate_avg,32.15956398072069,-1
2025-06-20,heart_rate_avg,30.89468700509516,-1
2025-06-24,heart_rate_avg,87.45974391273403,-1
2025-07-07,heart_rate_avg,87.83913102487172,-1
2025-08-12,heart_rate_avg,37.326389007493454,-1
2024-09-07,heart_rate_avg,41.61470733413321,-1
2024-09-08,heart_rate_avg,40.30889432300447,-1
2024-09-16,heart_rate_avg,43.04328359098036,-1
2024-09-23,heart_rate_avg,36.63548407974285,-1
2024-10-12,heart_rate_avg,40.87661525623778,-1
2024-10-20,heart_rate_avg,39.71925197562685,-1
2024-10-26,heart_rate_avg,34.48962459921081,-1
2024-10-28,heart_rate_avg,42.560295135875904,-1
2024-11-11,heart_rate_avg,30.31667529336194,-1
2024-11-14,heart_rate_avg,41.14404250202129,-1
2024-12-22,heart_rate_avg,37.43977191684144,-1
2024-12-29,heart_rate_avg,42.95596723947513,-1
2024-12-30,heart_rate_avg,34.69543328493612,-1
2025-01-05,heart_rate_avg,98.4399692600032,-1
2025-01-19,heart_rate_avg,42.56294361854774,-1
2025-01-31,heart_rate_avg,33.6711452429485,-1
2025-02-06,heart_rate_avg,40.14009073487412,-1
2025-02-09,heart_rate_avg,37.663042361463866,-1
2025-03-01,heart_rate_avg,41.94166556149515,-1
2025-03-03,heart_rate_avg,42.39177275450548,-1
2025-03-04,heart_rate_avg,26.621604022166714,-1
2025-03-15,heart_rate_avg,37.36805863938104,-1
2025-03-29,heart_rate_avg,31.831626202430822,-1
2025-04-14,heart_rate_avg,36.6825534310973,-1
2025-04-19,heart_rate_avg,22.982602175637467,-1
2025-05-03,heart_rate_avg,39.89830582559658,-1
2025-05-13,heart_rate_avg,43.16418605095718,-1
2025-05-15,heart_rate_avg,33.57236543816771,-1
2025-05-16,heart_rate_avg,38.247086513413095,-1
2025-05-20,heart_rate_avg,40.60556762447155,-1
2025-06-14,heart_rate_avg,41.47969288721516,-1
2025-07-07,heart_rate_avg,41.96449721270156,-1
2025-07-12,heart_rate_avg,36.84033169220504,-1
2025-08-18,heart_rate_avg,34.77801334901919,-1
2024-09-15,heart_rate_avg,87.49958279797714,-1
2024-09-19,heart_rate_avg,39.241190013442136,-1
2024-10-18,heart_rate_avg,99.99209887788548,-1
2024-11-28,heart_rate_avg,96.0651135857956,-1
2024-12-11,heart_rate_avg,94.6459072758466,-1
2025-01-15,heart_rate_avg,92.71067479407496,-1
2025-01-27,heart_rate_avg,89.66949605449256,-1
2025-02-12,heart_rate_avg,89.80998829824671,-1
2025-02-19,heart_rate_avg,88.05800605132784,-1
2025-03-28,heart_rate_avg,42.05711198545752,-1
2025-04-12,heart_rate_avg,89.89888391411922,-1
2025-05-11,heart_rate_avg,90.48029744219656,-1
2025-05-21,heart_rate_avg,42.4911558078128,-1
2025-06-09,heart_rate_avg,87.77011189799622,-1
2025-06-11,heart_rate_avg,93.97479301002927,-1
2025-06-20,heart_rate_avg,35.74515787487679,-1
2025-07-10,heart_rate_avg,102.19158173419652,-1
2025-07-23,heart_rate_avg,88.98252619071182,-1
2024-10-05,heart_rate_avg,37.40450480623623,-1
2024-11-17,heart_rate_avg,93.8569922629768,-1
2024-11-29,heart_rate_avg,38.20033839314441,-1
2024-11-30,heart_rate_avg,41.04841342937889,-1
2025-03-14,heart_rate_avg,99.78138616485262,-1
2025-05-02,heart_rate_avg,39.264288867037,-1
2025-06-10,heart_rate_avg,42.12287836368855,-1
2025-06-19,heart_rate_avg,42.10674028763429,-1
2025-07-12,heart_rate_avg,43.11903649254305,-1
2025-08-04,heart_rate_avg,37.941675951830206,-1
2024-09-10,heart_rate_avg,89.87164772847878,-1
2024-09-13,heart_rate_avg,88.0976524697972,-1
2024-09-18,heart_rate_avg,89.27207443678024,-1
2024-09-20,heart_rate_avg,89.43653347730672,-1
2024-09-24,heart_rate_avg,93.24334076351312,-1
2024-09-25,heart_rate_avg,100.30177633002955,-1
2024-09-26,heart_rate_avg,89.8243063619026,-1
2024-10-03,heart_rate_avg,92.44641150158203,-1
2024-10-05,heart_rate_avg,98.50900650279354,-1
2024-10-09,heart_rate_avg,88.70933222797626,-1
2024-10-11,heart_rate_avg,91.09707032367685,-1
2024-10-13,heart_rate_avg,91.33101691463295,-1
2024-10-17,heart_rate_avg,89.78213283887669,-1
2024-10-20,heart_rate_avg,93.92855944717304,-1
2024-10-23,heart_rate_avg,91.809609960931,-1
2024-10-25,heart_rate_avg,98.9500788666179,-1
2024-11-14,heart_rate_avg,104.25159926178668,-1
2024-11-17,heart_rate_avg,90.44521004443384,-1
2024-11-26,heart_rate_avg,94.5191147403528,-1
2024-11-28,heart_rate_avg,88.4845832261802,-1
2024-11-30,heart_rate_avg,87.54328374331622,-1
2024-12-03,heart_rate_avg,89.6035295309591,-1
2024-12-05,heart_rate_avg,95.51710459695876,-1
2024-12-08,heart_rate_avg,91.82434333970096,-1
2024-12-13,heart_rate_avg,97.08121531342012,-1
2024-12-18,heart_rate_avg,89.13189609471941,-1
2024-12-30,heart_rate_avg,97.65093640830594,-1
2025-01-05,heart_rate_avg,92.92320306654264,-1
2025-01-09,heart_rate_avg,89.93735318086667,-1
2025-01-16,heart_rate_avg,92.530517177283,-1
2025-01-18,heart_rate_avg,100.916917474849,-1
2025-01-22,heart_rate_avg,90.46034719986764,-1
2025-01-24,heart_rate_avg,94.5407230281736,-1
2025-02-01,heart_rate_avg,98.29540323461728,-1
2025-02-08,heart_rate_avg,87.5726898063092,-1
2025-02-14,heart_rate_avg,93.1942358544876,-1
2025-02-20,heart_rate_avg,88.21970236905965,-1
2025-02-24,heart_rate_avg,107.01813409182309,-1
2025-02-27,heart_rate_avg,89.41832867443811,-1
2025-03-03,heart_rate_avg,91.62808865347642,-1
2025-03-11,heart_rate_avg,102.51538386984828,-1
2025-03-28,heart_rate_avg,88.17161828118215,-1
2025-04-01,heart_rate_avg,95.80395578426224,-1
2025-04-03,heart_rate_avg,93.2534663722516,-1
2025-04-05,heart_rate_avg,90.64000351287926,-1
2025-04-07,heart_rate_avg,90.02589283866192,-1
2025-04-12,heart_rate_avg,94.8927225083962,-1
2025-04-19,heart_rate_avg,96.2193146564915,-1
2025-04-21,heart_rate_avg,91.61894653635068,-1
2025-04-24,heart_rate_avg,89.09256280115298,-1
2025-04-26,heart_rate_avg,95.29695642803053,-1
2025-04-30,heart_rate_avg,98.08063360827131,-1
2025-05-04,heart_rate_avg,99.34628873848594,-1
2025-05-06,heart_rate_avg,97.72564492355784,-1
2025-05-28,heart_rate_avg,88.18449342405172,-1
2025-05-29,heart_rate_avg,95.28563394587091,-1
2025-07-05,heart_rate_avg,90.60764557578806,-1
2025-07-15,heart_rate_avg,98.49532918998244,-1
2025-07-23,heart_rate_avg,87.80919898448985,-1
2025-07-25,heart_rate_avg,90.71142359004912,-1
2025-07-28,heart_rate_avg,92.39389294540844,-1
2025-07-31,heart_rate_avg,91.68929320917424,-1
2025-08-01,heart_rate_avg,91.83690815940344,-1
2025-08-06,heart_rate_avg,91.45539379838578,-1
2025-08-08,heart_rate_avg,88.26962619184569,-1
2025-08-09,heart_rate_avg,90.82425235192096,-1
2025-08-12,heart_rate_avg,92.8159860545777,-1
2025-08-16,heart_rate_avg,95.70189761921668,-1
2025-09-01,heart_rate_avg,42.13939711088577,-1
2024-09-16,heart_rate_avg,42.731469221176745,-1
2024-09-17,heart_rate_avg,37.54765422168916,-1
2024-09-23,heart_rate_avg,32.21743189349146,-1
2024-10-04,heart_rate_avg,34.138411284404675,-1
2024-10-16,heart_rate_avg,37.67342888719632,-1
2024-10-27,heart_rate_avg,37.01968313282387,-1
2024-10-28,heart_rate_avg,38.287817751814245,-1
2024-10-29,heart_rate_avg,36.31803647355449,-1
2024-11-04,heart_rate_avg,31.84961942109397,-1
2024-11-15,heart_rate_avg,40.74649039995501,-1
2024-12-11,heart_rate_avg,37.10149291567344,-1
2024-12-21,heart_rate_avg,36.243944914715335,-1
2024-12-27,heart_rate_avg,40.3869457991448,-1
2025-01-05,heart_rate_avg,41.01522863668038,-1
2025-01-17,heart_rate_avg,37.69417495255519,-1
2025-01-21,heart_rate_avg,35.85999226519784,-1
2025-02-03,heart_rate_avg,39.194721469999095,-1
2025-02-11,heart_rate_avg,35.630249972743044,-1
2025-03-01,heart_rate_avg,40.74212837453713,-1
2025-03-21,heart_rate_avg,40.88897043804182,-1
2025-04-05,heart_rate_avg,42.79663438565469,-1
2025-04-19,heart_rate_avg,41.964208405650446,-1
2025-06-02,heart_rate_avg,35.56002072676608,-1
2025-06-17,heart_rate_avg,41.74560982644762,-1
2025-06-26,heart_rate_avg,42.53710504059855,-1
2025-07-29,heart_rate_avg,37.57253223340895,-1
2025-08-05,heart_rate_avg,43.12468851224207,-1
2025-08-24,heart_rate_avg,41.88937160641399,-1
2025-09-04,heart_rate_avg,36.07292633769099,-1
2024-10-15,heart_rate_avg,88.76230873223301,-1
2024-10-18,heart_rate_avg,42.192694625085984,-1
2025-01-26,heart_rate_avg,41.46485245537377,-1
2025-01-30,heart_rate_avg,88.2642020460151,-1
2025-03-03,heart_rate_avg,88.53478791161814,-1
2025-04-23,heart_rate_avg,90.26667602567996,-1
2025-05-21,heart_rate_avg,39.5881389125981,-1
2025-05-28,heart_rate_avg,90.18733147139824,-1
2025-06-16,heart_rate_avg,87.88971787162971,-1
2025-07-12,heart_rate_avg,40.56457508968123,-1
2025-07-27,heart_rate_avg,36.76290289737882,-1
2024-09-14,heart_rate_avg,43.147455861076665,-1
2024-09-22,heart_rate_avg,41.29191802325042,-1
2024-10-09,heart_rate_avg,36.39304404379382,-1
2024-11-15,heart_rate_avg,39.74599045175374,-1
2024-12-04,heart_rate_avg,42.92904756592036,-1
2024-12-18,heart_rate_avg,40.095697873214846,-1
2025-02-02,heart_rate_avg,38.29135394852984,-1
2025-02-05,heart_rate_avg,41.45040442406768,-1
2025-02-10,heart_rate_avg,89.35265072972305,-1
2025-02-12,heart_rate_avg,40.34138807907511,-1
2025-03-28,heart_rate_avg,42.38449964577707,-1
2025-05-11,heart_rate_avg,40.66818383112864,-1
2025-07-12,heart_rate_avg,41.300637121805366,-1
2025-08-20,heart_rate_avg,96.07458713481029,-1
2024-09-24,heart_rate_avg,34.638840257665464,-1
2024-11-19,heart_rate_avg,43.12492709093984,-1
2024-12-31,heart_rate_avg,35.60064993037036,-1
2025-01-21,heart_rate_avg,40.96135085862922,-1
2025-01-23,heart_rate_avg,40.71394085565355,-1
2025-02-17,heart_rate_avg,40.57600818752125,-1
2025-04-28,heart_rate_avg,39.23855398426928,-1
2025-04-30,heart_rate_avg,38.89317453855223,-1
2025-05-14,heart_rate_avg,88.21605394271205,-1
2025-05-19,heart_rate_avg,38.37242039645419,-1
2025-06-28,heart_rate_avg,40.21100506193607,-1
2025-07-10,heart_rate_avg,37.88424142608218,-1
2024-09-16,heart_rate_avg,92.65351327809186,-1
2024-09-17,heart_rate_avg,93.86364504684246,-1
2024-09-27,heart_rate_avg,91.7427628886672,-1
2024-10-13,heart_rate_avg,89.94339792493221,-1
2024-10-20,heart_rate_avg,88.45601638576599,-1
2024-10-25,heart_rate_avg,98.91334668675756,-1
2024-10-28,heart_rate_avg,103.4200197988648,-1
2024-10-29,heart_rate_avg,92.1042599192657,-1
2024-11-06,heart_rate_avg,87.81227124044119,-1
2024-11-15,heart_rate_avg,91.62189734639438,-1
2024-11-19,heart_rate_avg,96.96989109525413,-1
2024-11-23,heart_rate_avg,89.3677309153386,-1
2024-11-25,heart_rate_avg,90.53983361787498,-1
2024-11-28,heart_rate_avg,87.75241990386579,-1
2024-12-05,heart_rate_avg,109.56695662660186,-1
2024-12-11,heart_rate_avg,93.6506946445008,-1
2024-12-15,heart_rate_avg,91.73104287818164,-1
2024-12-30,heart_rate_avg,87.79174680145104,-1
2024-12-31,heart_rate_avg,87.8245782780007,-1
2025-01-03,heart_rate_avg,89.01845723042662,-1
2025-01-18,heart_rate_avg,91.34456590681708,-1
2025-01-21,heart_rate_avg,88.66066300153547,-1
2025-01-22,heart_rate_avg,99.56153438426028,-1
2025-02-18,heart_rate_avg,93.51102274426844,-1
2025-02-21,heart_rate_avg,94.00833062542875,-1
2025-02-23,heart_rate_avg,101.63469256282713,-1
2025-02-28,heart_rate_avg,98.35214179258068,-1
2025-03-01,heart_rate_avg,103.44657062711796,-1
2025-04-01,heart_rate_avg,88.18917536422383,-1
2025-04-09,heart_rate_avg,98.39485736570528,-1
2025-04-11,heart_rate_avg,104.7701364755938,-1
2025-04-19,heart_rate_avg,97.73401215565862,-1
2025-04-24,heart_rate_avg,92.94286742015716,-1
2025-05-02,heart_rate_avg,90.08342043583303,-1
2025-05-06,heart_rate_avg,91.53858720752388,-1
2025-05-16,heart_rate_avg,87.8142601176056,-1
2025-05-17,heart_rate_avg,91.8361403278798,-1
2025-05-18,heart_rate_avg,89.33290777445961,-1
2025-05-19,heart_rate_avg,88.46837748438928,-1
2025-05-30,heart_rate_avg,87.6100027321294,-1
2025-06-09,heart_rate_avg,90.9299917549514,-1
2025-06-12,heart_rate_avg,89.99645465988871,-1
2025-06-23,heart_rate_avg,95.41004392410872,-1
2025-06-28,heart_rate_avg,88.81044040844547,-1
2025-07-14,heart_rate_avg,88.10452480618748,-1
2025-08-01,heart_rate_avg,90.1831526952834,-1
2025-08-04,heart_rate_avg,91.65873979316856,-1
2025-08-05,heart_rate_avg,101.5425702006958,-1
2025-08-18,heart_rate_avg,89.15705200653585,-1
2025-08-23,heart_rate_avg,90.82043396695056,-1
2025-08-31,heart_rate_avg,92.20739410718876,-1
2025-09-04,heart_rate_avg,98.62503307689208,-1
2024-09-19,heart_rate_avg,90.51662401277083,-1
2024-09-21,heart_rate_avg,88.78002251692826,-1
2024-09-30,heart_rate_avg,97.53403005984411,-1
2024-10-02,heart_rate_avg,87.55566017093724,-1
2024-10-05,heart_rate_avg,94.61839962061796,-1
2024-10-09,heart_rate_avg,92.88089595462024,-1
2024-11-02,heart_rate_avg,91.54294910463044,-1
2024-12-10,heart_rate_avg,93.66340015105108,-1
2024-12-23,heart_rate_avg,43.16816242573043,-1
2025-02-21,heart_rate_avg,89.37439147730724,-1
2025-04-01,heart_rate_avg,88.22765268178924,-1
2025-05-11,heart_rate_avg,97.96076999194548,-1
2025-07-11,heart_rate_avg,88.64159140870937,-1
2025-07-18,heart_rate_avg,106.45830757524944,-1
2025-08-16,heart_rate_avg,93.0094224157583,-1
2025-08-18,heart_rate_avg,89.25883960528374,-1
2024-09-13,heart_rate_avg,33.717672574437714,-1
2024-09-15,heart_rate_avg,27.143867500318613,-1
2024-09-16,heart_rate_avg,29.340363322159835,-1
2024-09-23,heart_rate_avg,40.19749193701475,-1
2024-09-30,heart_rate_avg,37.88125429652808,-1
2024-10-04,heart_rate_avg,36.26014310492469,-1
2024-10-05,heart_rate_avg,40.30233433730674,-1
2024-10-08,heart_rate_avg,42.91647362227315,-1
2024-10-09,heart_rate_avg,42.40407824668029,-1
2024-10-13,heart_rate_avg,40.62145868078122,-1
2024-10-16,heart_rate_avg,36.24218950047782,-1
2024-10-17,heart_rate_avg,34.2529592353269,-1
2024-10-24,heart_rate_avg,41.52239385627622,-1
2024-11-02,heart_rate_avg,32.228443862448444,-1
2024-11-10,heart_rate_avg,27.79875132638516,-1
2024-11-15,heart_rate_avg,38.23139401670487,-1
2024-11-20,heart_rate_avg,37.39039127033491,-1
2024-11-25,heart_rate_avg,41.73429113422321,-1
2024-12-02,heart_rate_avg,40.09145834283456,-1
2024-12-04,heart_rate_avg,23.30803115182924,-1
2024-12-06,heart_rate_avg,39.659004974987226,-1
2024-12-07,heart_rate_avg,40.60313373772739,-1
2024-12-10,heart_rate_avg,25.209398467870177,-1
2024-12-19,heart_rate_avg,40.48341761059669,-1
2024-12-23,heart_rate_avg,38.38233992099153,-1
2024-12-24,heart_rate_avg,38.56604391728489,-1
2024-12-26,heart_rate_avg,38.19079525242801,-1
2024-12-27,heart_rate_avg,36.667969453651246,-1
2025-01-10,heart_rate_avg,41.17500128739833,-1
2025-01-15,heart_rate_avg,37.508315348360256,-1
2025-01-18,heart_rate_avg,32.882895241054634,-1
2025-01-29,heart_rate_avg,40.72009477052256,-1
2025-01-30,heart_rate_avg,42.82730442720653,-1
2025-02-03,heart_rate_avg,42.73720362997599,-1
2025-02-05,heart_rate_avg,38.760283077040896,-1
2025-02-06,heart_rate_avg,38.78232602814934,-1
2025-02-07,heart_rate_avg,42.03116211810606,-1
2025-02-09,heart_rate_avg,36.27063259468038,-1
2025-02-13,heart_rate_avg,39.60022643779157,-1
2025-02-14,heart_rate_avg,40.52309989325161,-1
2025-03-04,heart_rate_avg,42.37149759557083,-1
2025-03-06,heart_rate_avg,35.63255320328266,-1
2025-03-07,heart_rate_avg,37.39657652855271,-1
2025-03-10,heart_rate_avg,38.01578991663848,-1
2025-03-12,heart_rate_avg,43.05055303459048,-1
2025-03-15,heart_rate_avg,38.00210548469754,-1
2025-03-17,heart_rate_avg,38.29342206460715,-1
2025-03-26,heart_rate_avg,36.94481996852332,-1
2025-03-29,heart_rate_avg,41.77846089705026,-1
2025-03-31,heart_rate_avg,42.23514922892992,-1
2025-04-07,heart_rate_avg,37.63295294425125,-1
2025-04-10,heart_rate_avg,37.11448759738451,-1
2025-04-14,heart_rate_avg,30.788875223680925,-1
2025-04-15,heart_rate_avg,42.95737440162343,-1
2025-04-20,heart_rate_avg,32.02994996207731,-1
2025-04-25,heart_rate_avg,31.429954266029075,-1
2025-04-30,heart_rate_avg,34.62853514568632,-1
2025-05-04,heart_rate_avg,37.25100009304778,-1
2025-05-06,heart_rate_avg,39.297677845027984,-1
2025-05-11,heart_rate_avg,40.8676647424022,-1
2025-05-13,heart_rate_avg,32.895334823217766,-1
2025-05-17,heart_rate_avg,37.70015540679295,-1
2025-05-18,heart_rate_avg,32.88090109122706,-1
2025-05-22,heart_rate_avg,38.33867065278341,-1
2025-05-23,heart_rate_avg,41.0253489205925,-1
2025-05-24,heart_rate_avg,42.216352055139765,-1
2025-05-25,heart_rate_avg,36.44239020585494,-1
2025-05-26,heart_rate_avg,43.15323574510396,-1
2025-05-29,heart_rate_avg,37.95844520658496,-1
2025-06-01,heart_rate_avg,43.14112366354404,-1
2025-06-03,heart_rate_avg,42.15894409281835,-1
2025-06-08,heart_rate_avg,39.75710052524745,-1
2025-06-17,heart_rate_avg,39.86873326940794,-1
2025-06-18,heart_rate_avg,40.38304513579407,-1
2025-06-19,heart_rate_avg,38.10917451869645,-1
2025-06-23,heart_rate_avg,40.19704893004074,-1
2025-06-26,heart_rate_avg,41.880987883438905,-1
2025-06-28,heart_rate_avg,41.93423971596662,-1
2025-07-03,heart_rate_avg,31.53716326646139,-1
2025-07-04,heart_rate_avg,35.28683685681492,-1
2025-07-05,heart_rate_avg,33.798873682017245,-1
2025-07-06,heart_rate_avg,31.80631175681548,-1
2025-07-10,heart_rate_avg,41.639905961305935,-1
2025-07-11,heart_rate_avg,42.63689874715125,-1
2025-07-12,heart_rate_avg,34.72042531391956,-1
2025-07-17,heart_rate_avg,30.48956498677574,-1
2025-07-21,heart_rate_avg,34.28496031503475,-1
2025-07-26,heart_rate_avg,39.65094860763731,-1
2025-07-27,heart_rate_avg,29.550077640743662,-1
2025-07-30,heart_rate_avg,42.81300425015491,-1
2025-08-07,heart_rate_avg,37.8716104148068,-1
2025-08-10,heart_rate_avg,42.622436003047966,-1
2025-08-17,heart_rate_avg,30.31514441401532,-1
2025-08-22,heart_rate_avg,36.15553895668828,-1
2025-08-24,heart_rate_avg,39.937770178894,-1
2025-09-01,heart_rate_avg,35.68376629786878,-1
2025-09-05,heart_rate_avg,42.617979973211874,-1
2024-09-13,heart_rate_avg,97.92737947059064,-1
2024-09-27,heart_rate_avg,40.10329455274062,-1
2025-01-04,heart_rate_avg,95.39182382813156,-1
2025-01-22,heart_rate_avg,42.67010878181116,-1
2025-02-21,heart_rate_avg,91.4035566986572,-1
2025-02-22,heart_rate_avg,91.68102748389968,-1
2025-03-14,heart_rate_avg,87.53455291770328,-1
2025-04-04,heart_rate_avg,94.96614064524871,-1
2025-04-28,heart_rate_avg,90.81677591408776,-1
2025-06-13,heart_rate_avg,94.84278799326246,-1
2025-06-26,heart_rate_avg,89.59003802447754,-1
2025-06-27,heart_rate_avg,89.0984841852604,-1
2025-07-13,heart_rate_avg,89.12854306236102,-1
2025-07-28,heart_rate_avg,91.24919934778194,-1
2025-08-02,heart_rate_avg,99.18862678799292,-1
2025-08-31,heart_rate_avg,92.60551744991017,-1
2024-09-06,heart_rate_avg,40.15170875303316,-1
2024-09-24,heart_rate_avg,40.38192353986325,-1
2024-09-25,heart_rate_avg,42.60171688515212,-1
2024-10-14,heart_rate_avg,41.06498394999232,-1
2024-10-15,heart_rate_avg,41.33899747045092,-1
2024-10-18,heart_rate_avg,38.272379758342,-1
2024-10-21,heart_rate_avg,36.29150041080909,-1
2024-11-02,heart_rate_avg,32.071912074580766,-1
2024-11-13,heart_rate_avg,39.89471222998746,-1
2024-11-24,heart_rate_avg,41.23606501951914,-1
2024-11-30,heart_rate_avg,39.43417965827807,-1
2024-12-11,heart_rate_avg,42.72446475832856,-1
2024-12-16,heart_rate_avg,41.075017643021845,-1
2024-12-26,heart_rate_avg,37.09692129808924,-1
2025-01-17,heart_rate_avg,40.61769016526827,-1
2025-01-20,heart_rate_avg,38.81356949215805,-1
2025-01-27,heart_rate_avg,40.434028044203686,-1
2025-02-01,heart_rate_avg,90.12858862225023,-1
2025-02-05,heart_rate_avg,37.20716988344223,-1
2025-02-11,heart_rate_avg,39.76269364996799,-1
2025-02-24,heart_rate_avg,41.84355796822156,-1
2025-03-22,heart_rate_avg,40.90038596028498,-1
2025-03-31,heart_rate_avg,42.08287118663837,-1
2025-04-22,heart_rate_avg,41.959022038860894,-1
2025-05-15,heart_rate_avg,42.89433854337766,-1
2025-06-10,heart_rate_avg,42.92037707841507,-1
2025-06-19,heart_rate_avg,27.89114770719968,-1
2025-07-12,heart_rate_avg,41.707324825877954,-1
2025-08-17,heart_rate_avg,41.27199460598377,-1
2025-08-26,heart_rate_avg,40.22454268911567,-1
2024-09-18,heart_rate_avg,35.755737053490435,-1
2024-09-29,heart_rate_avg,43.05829486340004,-1
2024-10-12,heart_rate_avg,32.30695075131883,-1
2024-10-17,heart_rate_avg,40.735259511358485,-1
2024-11-11,heart_rate_avg,40.656314848739015,-1
2024-11-23,heart_rate_avg,40.93367835191742,-1
2024-12-10,heart_rate_avg,28.957689566536693,-1
2024-12-23,heart_rate_avg,39.246308674666935,-1
2024-12-24,heart_rate_avg,40.44690043509856,-1
2024-12-26,heart_rate_avg,37.96340085483712,-1
2025-01-02,heart_rate_avg,37.23808885854119,-1
2025-01-15,heart_rate_avg,38.50636334855588,-1
2025-01-27,heart_rate_avg,25.244453516308177,-1
2025-02-14,heart_rate_avg,40.59490017563836,-1
2025-02-16,heart_rate_avg,39.46356588044081,-1
2025-02-27,heart_rate_avg,42.320221818615,-1
2025-03-03,heart_rate_avg,36.92273034995375,-1
2025-03-28,heart_rate_avg,37.59428190788766,-1
2025-04-26,heart_rate_avg,32.74112185588636,-1
2025-05-13,heart_rate_avg,38.60664822230498,-1
2025-05-17,heart_rate_avg,41.837887495774,-1
2025-05-20,heart_rate_avg,40.6393392543306,-1
2025-05-22,heart_rate_avg,28.257565382240436,-1
2025-05-28,heart_rate_avg,34.48361395162746,-1
2025-05-29,heart_rate_avg,42.45330549731224,-1
2025-06-12,heart_rate_avg,37.02523897292678,-1
2025-06-17,heart_rate_avg,38.744448075896734,-1
2025-06-20,heart_rate_avg,36.2252284097605,-1
2025-07-10,heart_rate_avg,42.94785524623176,-1
2025-08-08,heart_rate_avg,38.09023472546504,-1
2025-08-11,heart_rate_avg,37.29433297929226,-1
2025-08-17,heart_rate_avg,37.53232180644295,-1
2025-08-31,heart_rate_avg,38.28092701201901,-1
2024-09-17,heart_rate_avg,39.98610984212244,-1
2024-10-02,heart_rate_avg,39.153678418359206,-1
2024-10-16,heart_rate_avg,42.32241239961641,-1
2024-10-18,heart_rate_avg,33.537872580835256,-1
2024-11-03,heart_rate_avg,42.59827743132482,-1
2024-11-23,heart_rate_avg,43.07024666766974,-1
2024-12-21,heart_rate_avg,39.58980062668495,-1
2025-02-26,heart_rate_avg,25.5008906123779,-1
2025-05-04,heart_rate_avg,37.49808259716997,-1
2025-05-05,heart_rate_avg,31.29342453646506,-1
2025-08-04,heart_rate_avg,42.08993867044906,-1
2025-09-03,heart_rate_avg,33.93031746426943,-1
2024-09-23,heart_rate_avg,40.46476418853171,-1
2024-12-11,heart_rate_avg,88.55090714717497,-1
2024-12-20,heart_rate_avg,93.44289995910924,-1
2024-12-31,heart_rate_avg,36.95636562855725,-1
2025-01-04,heart_rate_avg,88.63603391357502,-1
2025-01-14,heart_rate_avg,89.20251698856316,-1
2025-01-20,heart_rate_avg,94.04279581340356,-1
2025-02-05,heart_rate_avg,88.6254692346684,-1
2025-05-28,heart_rate_avg,35.24881806850182,-1
2025-06-02,heart_rate_avg,88.71784561297272,-1
2025-06-12,heart_rate_avg,42.11621009119016,-1
2025-07-30,heart_rate_avg,91.5228502309466,-1
2025-08-03,heart_rate_avg,40.8112580260072,-1
2025-08-07,heart_rate_avg,88.76844386627438,-1
2025-08-12,heart_rate_avg,36.41697662512853,-1
2024-10-03,heart_rate_avg,89.5380551148844,-1
2024-10-29,heart_rate_avg,95.44414932241106,-1
2024-11-12,heart_rate_avg,96.12798312687376,-1
2024-12-01,heart_rate_avg,40.18428594142623,-1
2024-12-26,heart_rate_avg,88.84723773413066,-1
2025-02-25,heart_rate_avg,41.483196431911175,-1
2025-05-30,heart_rate_avg,88.4676369418741,-1
2025-08-31,heart_rate_avg,93.61748027180523,-1
2024-10-01,heart_rate_avg,91.33460819055792,-1
2024-10-21,heart_rate_avg,88.2452073180872,-1
2024-11-05,heart_rate_avg,89.92337590407338,-1
2024-11-16,heart_rate_avg,92.07684752478096,-1
2024-11-30,heart_rate_avg,91.58229206470412,-1
2024-12-07,heart_rate_avg,90.85733768984952,-1
2024-12-19,heart_rate_avg,87.9510153418882,-1
2025-02-04,heart_rate_avg,40.17594811287546,-1
2025-03-13,heart_rate_avg,91.0275850040115,-1
2025-05-13,heart_rate_avg,91.39739906244472,-1
2025-06-07,heart_rate_avg,98.00616928938432,-1
2025-06-11,heart_rate_avg,87.84947575381797,-1
2025-07-03,heart_rate_avg,89.88380307752587,-1
2025-07-20,heart_rate_avg,90.63405225731373,-1
2025-07-26,heart_rate_avg,94.70402871065583,-1
2025-08-01,heart_rate_avg,96.64084935728714,-1
2025-08-10,heart_rate_avg,92.58034966813014,-1
2025-09-01,heart_rate_avg,88.40383255608145,-1
2024-09-19,heart_rate_avg,90.34290965187851,-1
2024-09-29,heart_rate_avg,92.84124147475195,-1
2024-10-17,heart_rate_avg,88.55900975515402,-1
2024-11-08,heart_rate_avg,98.94080088808964,-1
2024-11-13,heart_rate_avg,101.97622991031584,-1
2024-12-17,heart_rate_avg,88.26852128236058,-1
2024-12-24,heart_rate_avg,87.9912299016141,-1
2024-12-26,heart_rate_avg,88.2389370477707,-1
2025-02-10,heart_rate_avg,88.98686900456131,-1
2025-03-12,heart_rate_avg,88.79119415126472,-1
2025-04-06,heart_rate_avg,93.6693571812646,-1
2025-04-09,heart_rate_avg,88.95732199400334,-1
2025-04-27,heart_rate_avg,94.10849435511778,-1
2025-05-10,heart_rate_avg,90.39492541612972,-1
2025-05-16,heart_rate_avg,87.52924879188114,-1
2025-05-26,heart_rate_avg,36.90706351484885,-1
2025-05-30,heart_rate_avg,89.65651010032806,-1
2025-06-07,heart_rate_avg,89.2184612744623,-1
2025-06-09,heart_rate_avg,42.1590144553294,-1
2025-06-13,heart_rate_avg,92.84447553894714,-1
2025-06-20,heart_rate_avg,87.43218487629696,-1
2025-06-29,heart_rate_avg,94.25845761893716,-1
2025-07-02,heart_rate_avg,88.32106974511716,-1
2025-07-04,heart_rate_avg,89.433519686973,-1
2025-07-13,heart_rate_avg,89.50126537516797,-1
2025-07-14,heart_rate_avg,103.96115727822952,-1
2025-08-07,heart_rate_avg,88.89177309462505,-1
2025-08-12,heart_rate_avg,92.7450397447547,-1
2025-08-16,heart_rate_avg,87.96298881115004,-1
2025-08-18,heart_rate_avg,87.486291754592,-1
2025-08-28,heart_rate_avg,89.55092524311313,-1
2025-09-02,heart_rate_avg,90.52919036852492,-1
2024-09-22,heart_rate_avg,41.324140689256495,-1
2024-10-01,heart_rate_avg,39.6220105238087,-1
2024-11-18,heart_rate_avg,38.762075422409744,-1
2024-11-20,heart_rate_avg,37.40808054061624,-1
2024-12-04,heart_rate_avg,38.440393703616806,-1
2024-12-10,heart_rate_avg,33.00786681168758,-1
2024-12-25,heart_rate_avg,39.30463166457368,-1
2025-03-17,heart_rate_avg,40.51032379573248,-1
2025-04-13,heart_rate_avg,91.14187111686014,-1
2025-04-14,heart_rate_avg,32.85279683148847,-1
2025-05-10,heart_rate_avg,34.453839892452294,-1
2025-06-03,heart_rate_avg,87.4480261243555,-1
2025-06-20,heart_rate_avg,37.326710050519495,-1
2025-07-07,heart_rate_avg,41.82838326291702,-1
2025-07-08,heart_rate_avg,42.32086209181016,-1
2025-07-10,heart_rate_avg,42.88537118101456,-1
2025-08-03,heart_rate_avg,32.249421475476865,-1
2025-08-08,heart_rate_avg,41.99181760264024,-1
2024-09-13,heart_rate_avg,28.63547690804267,-1
2024-09-24,heart_rate_avg,39.141730730992535,-1
2024-11-16,heart_rate_avg,39.65972880782782,-1
2024-12-22,heart_rate_avg,90.42559805783584,-1
2024-12-27,heart_rate_avg,41.15483556307572,-1
2025-01-06,heart_rate_avg,38.60068261307395,-1
2025-01-31,heart_rate_avg,38.436357918229135,-1
2025-03-08,heart_rate_avg,41.20245221682161,-1
2025-04-17,heart_rate_avg,41.539858978996136,-1
2025-05-05,heart_rate_avg,88.64798055033252,-1
2025-06-27,heart_rate_avg,34.719928813680944,-1
2025-07-03,heart_rate_avg,35.29514331670667,-1
2024-09-10,heart_rate_avg,97.822739488773,-1
2024-10-16,heart_rate_avg,88.60900316697843,-1
2024-11-15,heart_rate_avg,40.29300008433482,-1
2025-03-01,heart_rate_avg,90.06548406208302,-1
2025-03-13,heart_rate_avg,91.85413738363256,-1
2025-05-25,heart_rate_avg,39.09399806889231,-1
2025-07-09,heart_rate_avg,90.12710789869726,-1
2024-09-10,heart_rate_avg,38.075764349201705,-1
2024-09-13,heart_rate_avg,42.54534557926936,-1
2024-09-16,heart_rate_avg,35.658967481201174,-1
2024-10-06,heart_rate_avg,43.02698106202553,-1
2024-11-03,heart_rate_avg,35.38947041736556,-1
2024-11-10,heart_rate_avg,26.223165356397047,-1
2024-11-15,heart_rate_avg,38.68123287165518,-1
2024-11-16,heart_rate_avg,33.75629759177876,-1
2024-11-23,heart_rate_avg,33.80164223452242,-1
2024-11-24,heart_rate_avg,39.04349949351512,-1
2024-12-03,heart_rate_avg,35.90202859849913,-1
2024-12-23,heart_rate_avg,42.9688232144813,-1
2024-12-24,heart_rate_avg,42.281973527766176,-1
2025-01-05,heart_rate_avg,42.850183396945695,-1
2025-01-08,heart_rate_avg,40.57373374952219,-1
2025-01-12,heart_rate_avg,19.75440515924346,-1
2025-01-16,heart_rate_avg,28.24066843029093,-1
2025-01-18,heart_rate_avg,42.16798999875773,-1
2025-01-21,heart_rate_avg,30.294507627567818,-1
2025-01-25,heart_rate_avg,35.37013340280639,-1
2025-02-10,heart_rate_avg,43.123467712524565,-1
2025-02-15,heart_rate_avg,42.83082431852162,-1
2025-03-12,heart_rate_avg,42.762991862242,-1
2025-03-14,heart_rate_avg,41.39528953043461,-1
2025-03-17,heart_rate_avg,36.83761102870487,-1
2025-03-21,heart_rate_avg,42.20222410918542,-1
2025-03-23,heart_rate_avg,37.6742049749257,-1
2025-04-03,heart_rate_avg,38.36123020300509,-1
2025-04-06,heart_rate_avg,43.04566698415506,-1
2025-04-19,heart_rate_avg,38.81402385014998,-1
2025-04-20,heart_rate_avg,36.52457555178455,-1
2025-04-25,heart_rate_avg,41.53834474002045,-1
2025-04-30,heart_rate_avg,38.77387362688586,-1
2025-05-11,heart_rate_avg,34.575603037704965,-1
2025-05-20,heart_rate_avg,42.47906011743801,-1
2025-05-21,heart_rate_avg,36.2564378011508,-1
2025-05-24,heart_rate_avg,35.20850911182113,-1
2025-06-04,heart_rate_avg,43.07161490557895,-1
2025-06-05,heart_rate_avg,39.19455921745785,-1
2025-06-15,heart_rate_avg,94.4291297838443,-1
2025-06-17,heart_rate_avg,31.96394547546828,-1
2025-06-25,heart_rate_avg,34.99126557796989,-1
2025-07-11,heart_rate_avg,42.29375979823415,-1
2025-07-12,heart_rate_avg,41.00287919489906,-1
2025-07-14,heart_rate_avg,40.96100878424788,-1
2025-07-22,heart_rate_avg,41.880008858584375,-1
2025-07-23,heart_rate_avg,36.81912889071425,-1
2025-08-07,heart_rate_avg,34.51304736488094,-1
2025-08-15,heart_rate_avg,38.698656064209615,-1
2025-09-02,heart_rate_avg,33.64250566667208,-1
2025-09-05,heart_rate_avg,34.58946028075876,-1
2024-09-09,heart_rate_avg,93.5381507668958,-1
2024-09-25,heart_rate_avg,42.376346307104086,-1
2024-10-02,heart_rate_avg,39.75026220130102,-1
2024-12-19,heart_rate_avg,87.7207804747681,-1
2024-12-25,heart_rate_avg,40.27676532472229,-1
2025-01-31,heart_rate_avg,41.92758481356217,-1
2025-02-16,heart_rate_avg,87.71511403855757,-1
2025-02-19,heart_rate_avg,88.10907444022425,-1
2025-02-26,heart_rate_avg,37.49338541869766,-1
2025-05-01,heart_rate_avg,42.92485643757559,-1
2025-06-09,heart_rate_avg,38.77116322869151,-1
2025-07-16,heart_rate_avg,90.17417538316448,-1
2024-09-16,heart_rate_avg,89.27688398961746,-1
2025-01-02,heart_rate_avg,42.251365502438254,-1
2025-01-11,heart_rate_avg,41.692528890622825,-1
2025-01-29,heart_rate_avg,39.59771479573783,-1
2025-02-20,heart_rate_avg,90.53785976949128,-1
2025-02-25,heart_rate_avg,40.958573293934286,-1
2025-03-04,heart_rate_avg,37.64162770891368,-1
2025-04-26,heart_rate_avg,88.35278749636105,-1
2025-05-03,heart_rate_avg,39.49613933932035,-1
2025-05-04,heart_rate_avg,89.44977640362026,-1
2025-06-20,heart_rate_avg,35.77576003868744,-1
2025-07-21,heart_rate_avg,89.07999582067865,-1
2025-08-01,heart_rate_avg,35.03902712256061,-1
2025-08-02,heart_rate_avg,90.56085780523932,-1
2025-08-21,heart_rate_avg,42.67893812712903,-1
2024-09-23,heart_rate_avg,34.75607742208801,-1
2024-10-03,heart_rate_avg,43.06399834378007,-1
2024-10-13,heart_rate_avg,36.47657871929252,-1
2024-10-16,heart_rate_avg,42.097715916782576,-1
2024-10-26,heart_rate_avg,42.830550133130565,-1
2025-01-09,heart_rate_avg,42.89049013177762,-1
2025-01-10,heart_rate_avg,38.2870045727872,-1
2025-01-15,heart_rate_avg,42.2877718496508,-1
2025-01-17,heart_rate_avg,27.227316048245,-1
2025-01-20,heart_rate_avg,40.55565002160586,-1
2025-01-30,heart_rate_avg,40.92237047332706,-1
2025-02-16,heart_rate_avg,34.231134988082644,-1
2025-02-19,heart_rate_avg,43.16213200119553,-1
2025-03-01,heart_rate_avg,43.07148028236666,-1
2025-04-03,heart_rate_avg,41.06742719357558,-1
2025-04-20,heart_rate_avg,39.59741821459851,-1
2025-05-12,heart_rate_avg,40.41217514625591,-1
2025-05-16,heart_rate_avg,37.18524504212584,-1
2025-05-21,heart_rate_avg,41.0021124705206,-1
2025-06-15,heart_rate_avg,43.03413892296508,-1
2025-07-05,heart_rate_avg,43.06311274273788,-1
2025-08-07,heart_rate_avg,27.873872477667256,-1
2025-08-16,heart_rate_avg,34.768328924603765,-1
2025-09-02,heart_rate_avg,37.64626723987446,-1
2024-11-24,heart_rate_avg,36.716797138861295,-1
2025-01-03,heart_rate_avg,88.93456666243418,-1
2025-01-11,heart_rate_avg,42.8475274549391,-1
2025-01-22,heart_rate_avg,87.52523190151214,-1
2025-02-17,heart_rate_avg,41.386125695724665,-1
2025-03-02,heart_rate_avg,89.21580507798774,-1
2025-04-14,heart_rate_avg,91.23870896653746,-1
2025-05-04,heart_rate_avg,37.06813828565487,-1
2024-09-23,heart_rate_avg,89.13381118541024,-1
2024-12-06,heart_rate_avg,102.72783201301024,-1
2025-01-04,heart_rate_avg,43.19876813530056,-1
2025-01-14,heart_rate_avg,94.58931520792636,-1
2025-03-11,heart_rate_avg,37.76798157957676,-1
2025-04-11,heart_rate_avg,42.62730861676683,-1
2025-04-14,heart_rate_avg,87.67467296989507,-1
2025-04-20,heart_rate_avg,100.87193219357212,-1
2025-04-25,heart_rate_avg,40.49180251448351,-1
2025-05-20,heart_rate_avg,97.35050385940993,-1
2025-05-25,heart_rate_avg,88.29501158591313,-1
2024-09-11,heart_rate_avg,38.85422138473999,-1
2024-09-12,heart_rate_avg,41.3641920568111,-1
2024-10-01,heart_rate_avg,88.5308236216593,-1
2024-10-03,heart_rate_avg,94.6252468465911,-1
2024-10-23,heart_rate_avg,42.02375699925156,-1
2025-01-03,heart_rate_avg,42.49102819412597,-1
2025-04-08,heart_rate_avg,88.54325464175812,-1
2025-06-14,heart_rate_avg,39.42538122200549,-1
2025-07-09,heart_rate_avg,90.04167502147001,-1
2025-07-23,heart_rate_avg,39.60366475283708,-1
2024-09-26,heart_rate_avg,90.06510950133882,-1
2024-09-29,heart_rate_avg,98.6886388870583,-1
2024-11-30,heart_rate_avg,41.539808175655175,-1
2025-01-05,heart_rate_avg,87.39258087566222,-1
2025-03-05,heart_rate_avg,87.8472435127399,-1
2025-03-26,heart_rate_avg,90.66905111946258,-1
2025-06-29,heart_rate_avg,95.91934193553868,-1
2025-08-22,heart_rate_avg,110.08512269963164,-1
2024-10-24,heart_rate_avg,37.08314080511832,-1
2024-12-14,heart_rate_avg,43.120039895052045,-1
2024-12-16,heart_rate_avg,87.5734214569167,-1
2025-02-12,heart_rate_avg,41.51573583847848,-1
2025-03-11,heart_rate_avg,42.93687659914224,-1
2025-04-27,heart_rate_avg,40.80555716136158,-1
2025-06-01,heart_rate_avg,41.73829101727739,-1
2025-06-05,heart_rate_avg,35.679890417406,-1
2025-06-15,heart_rate_avg,41.58526403814335,-1
2025-07-07,heart_rate_avg,42.29909066780597,-1
2025-08-19,heart_rate_avg,35.33958419885742,-1
2024-09-24,heart_rate_avg,89.34178138381648,-1
2024-10-15,heart_rate_avg,88.57731609348559,-1
2024-10-23,heart_rate_avg,93.33612233023231,-1
2024-10-24,heart_rate_avg,89.06670645595345,-1
2024-12-07,heart_rate_avg,89.23351281127195,-1
2024-12-18,heart_rate_avg,89.5795779765481,-1
2024-12-31,heart_rate_avg,96.8960351438767,-1
2025-01-06,heart_rate_avg,95.23836359740189,-1
2025-02-03,heart_rate_avg,87.75625410029419,-1
2025-02-12,heart_rate_avg,87.59021510666965,-1
2025-02-14,heart_rate_avg,89.0946329643037,-1
2025-02-24,heart_rate_avg,89.71910782333919,-1
2025-03-01,heart_rate_avg,88.6831505709579,-1
2025-04-14,heart_rate_avg,90.26310894978651,-1
2025-05-30,heart_rate_avg,89.26450770380742,-1
2025-07-07,heart_rate_avg,88.4742204416368,-1
2025-07-27,heart_rate_avg,100.6259411699856,-1
2025-08-05,heart_rate_avg,87.79917932977196,-1
2025-08-23,heart_rate_avg,89.4844146600418,-1
2025-08-27,heart_rate_avg,42.53305206404334,-1
2024-09-08,heart_rate_avg,37.62277814680843,-1
2024-09-11,heart_rate_avg,89.56420405116917,-1
2024-10-26,heart_rate_avg,39.3085177720877,-1
2024-11-02,heart_rate_avg,43.1775417045049,-1
2024-11-19,heart_rate_avg,42.05717389609924,-1
2025-01-26,heart_rate_avg,87.92718859785285,-1
2025-02-02,heart_rate_avg,42.92144416199287,-1
2025-03-09,heart_rate_avg,39.662440025443175,-1
2025-04-27,heart_rate_avg,35.750400857287744,-1
2025-07-23,heart_rate_avg,43.11580766503369,-1
2025-08-03,heart_rate_avg,92.0123869102008,-1
2025-08-09,heart_rate_avg,34.97234688752552,-1
2025-08-14,heart_rate_avg,40.39779072402784,-1
2025-08-31,heart_rate_avg,41.51089138244209,-1
2024-09-06,heart_rate_avg,39.43465394579397,-1
2024-12-04,heart_rate_avg,91.7262352093671,-1
2025-01-19,heart_rate_avg,42.36650060684316,-1
2025-02-04,heart_rate_avg,37.07994229115055,-1
2025-04-09,heart_rate_avg,39.37377531735503,-1
2025-05-21,heart_rate_avg,90.96662763798516,-1
2024-09-19,heart_rate_avg,88.7597001249118,-1
2024-09-25,heart_rate_avg,92.26840678668049,-1
2024-10-02,heart_rate_avg,88.95051970437432,-1
2024-10-16,heart_rate_avg,88.05862445991687,-1
2025-01-13,heart_rate_avg,87.85636561169652,-1
2025-01-26,heart_rate_avg,94.00026119015452,-1
2025-02-24,heart_rate_avg,91.78143468639604,-1
2025-03-06,heart_rate_avg,88.62655624277791,-1
2025-03-22,heart_rate_avg,93.50954954079457,-1
2025-05-29,heart_rate_avg,94.84042414638304,-1
2025-06-08,heart_rate_avg,97.3751397276707,-1
2025-06-29,heart_rate_avg,88.10535736885856,-1
2025-07-11,heart_rate_avg,93.1750062049849,-1
2025-07-18,heart_rate_avg,89.0339994741001,-1
2025-08-06,heart_rate_avg,91.12472280525418,-1
2025-09-04,heart_rate_avg,91.53591514215934,-1
2024-09-15,heart_rate_avg,41.14170524521475,-1
2024-10-08,heart_rate_avg,89.28638808232162,-1
2024-11-21,heart_rate_avg,38.79264671038041,-1
2025-04-04,heart_rate_avg,89.0874045969255,-1
2025-04-05,heart_rate_avg,40.651601228688094,-1
2025-04-14,heart_rate_avg,42.3345506772514,-1
2025-05-03,heart_rate_avg,39.91760629165185,-1
2025-07-24,heart_rate_avg,88.09744350532539,-1
2024-10-31,heart_rate_avg,35.726864758683185,-1
2024-11-19,heart_rate_avg,38.57349229668645,-1
2024-12-15,heart_rate_avg,88.2820171312778,-1
2025-01-31,heart_rate_avg,38.515076366898086,-1
2025-02-05,heart_rate_avg,88.8690298946696,-1
2025-04-11,heart_rate_avg,40.48599087786741,-1
2025-08-21,heart_rate_avg,94.61975586814212,-1
2024-09-17,heart_rate_avg,88.04350079618425,-1
2024-10-31,heart_rate_avg,87.55008694996636,-1
2024-11-15,heart_rate_avg,87.55496058006942,-1
2025-03-18,heart_rate_avg,90.01164853553257,-1
2025-04-01,heart_rate_avg,89.9902912681597,-1
2025-05-07,heart_rate_avg,42.29096964938948,-1
2025-06-16,heart_rate_avg,39.96356720880981,-1
2025-07-01,heart_rate_avg,88.24476998029157,-1
2025-08-09,heart_rate_avg,87.73224800266229,-1
2025-09-01,heart_rate_avg,90.75957505526809,-1
2025-09-03,heart_rate_avg,93.07435206815944,-1
2024-11-05,heart_rate_avg,94.18889638475436,-1
2024-11-17,heart_rate_avg,89.65071013091045,-1
2024-12-01,heart_rate_avg,87.91625168895249,-1
2024-12-29,heart_rate_avg,89.25382260029308,-1
2025-02-16,heart_rate_avg,87.71074469931577,-1
2025-04-04,heart_rate_avg,35.85481102633904,-1
2025-04-10,heart_rate_avg,41.7044011187463,-1
2025-05-07,heart_rate_avg,42.67654600012658,-1
2025-05-24,heart_rate_avg,92.57241215518415,-1
2025-06-18,heart_rate_avg,88.94251256268448,-1
2025-06-24,heart_rate_avg,93.32478771503304,-1
2025-07-09,heart_rate_avg,97.67047538839884,-1
2025-07-17,heart_rate_avg,87.92306753746743,-1
2025-08-26,heart_rate_avg,94.4077859419816,-1
2025-08-27,heart_rate_avg,87.59111590833882,-1
2024-09-06,heart_rate_avg,88.2202339908921,-1
2024-09-11,heart_rate_avg,95.50647433053958,-1
2024-09-15,heart_rate_avg,96.1325454186046,-1
2024-09-17,heart_rate_avg,95.87288258864302,-1
2024-09-19,heart_rate_avg,90.20955195939774,-1
2024-09-30,heart_rate_avg,91.14567002943116,-1
2024-10-02,heart_rate_avg,87.71230644496158,-1
2024-10-06,heart_rate_avg,91.31639001506,-1
2024-10-13,heart_rate_avg,97.38441636222082,-1
2024-10-17,heart_rate_avg,91.2669760672762,-1
2024-10-22,heart_rate_avg,90.20312458027496,-1
2024-10-24,heart_rate_avg,95.93140155246316,-1
2024-11-02,heart_rate_avg,90.01688713859119,-1
2024-11-03,heart_rate_avg,89.47745979929417,-1
2024-11-05,heart_rate_avg,92.5962187449704,-1
2024-11-14,heart_rate_avg,89.76714940366408,-1
2024-11-16,heart_rate_avg,96.43836815335416,-1
2024-11-17,heart_rate_avg,94.7669122854897,-1
2024-11-21,heart_rate_avg,93.4213415654866,-1
2024-11-24,heart_rate_avg,88.07225141964409,-1
2024-12-06,heart_rate_avg,91.51449855618394,-1
2024-12-07,heart_rate_avg,105.4948398650576,-1
2024-12-18,heart_rate_avg,96.97496176082024,-1
2024-12-23,heart_rate_avg,90.9100833867097,-1
2024-12-24,heart_rate_avg,89.19106108496145,-1
2024-12-28,heart_rate_avg,89.08471970606928,-1
2024-12-30,heart_rate_avg,97.72075004251784,-1
2024-12-31,heart_rate_avg,87.39426733285983,-1
2025-01-01,heart_rate_avg,88.2783386044733,-1
2025-01-08,heart_rate_avg,102.09446222349013,-1
2025-01-22,heart_rate_avg,90.15818979775538,-1
2025-01-25,heart_rate_avg,96.48803631634723,-1
2025-02-09,heart_rate_avg,89.67727492052464,-1
2025-02-10,heart_rate_avg,100.2909445377814,-1
2025-02-11,heart_rate_avg,91.97284553622112,-1
2025-02-20,heart_rate_avg,87.90128398598593,-1
2025-02-23,heart_rate_avg,88.0926883981516,-1
2025-02-26,heart_rate_avg,88.79804840425778,-1
2025-02-27,heart_rate_avg,97.84131875204392,-1
2025-03-02,heart_rate_avg,108.7045685087772,-1
2025-03-03,heart_rate_avg,89.54073554758948,-1
2025-03-09,heart_rate_avg,87.72544763520082,-1
2025-03-10,heart_rate_avg,89.74232266289326,-1
2025-03-11,heart_rate_avg,106.92210664965587,-1
2025-03-14,heart_rate_avg,89.44800597950388,-1
2025-03-17,heart_rate_avg,99.46003617396792,-1
2025-03-23,heart_rate_avg,90.62775845882727,-1
2025-03-30,heart_rate_avg,88.80329067543249,-1
2025-04-03,heart_rate_avg,95.78466873651055,-1
2025-04-07,heart_rate_avg,89.28606431199307,-1
2025-04-08,heart_rate_avg,90.9196821473054,-1
2025-04-15,heart_rate_avg,98.3128471374624,-1
2025-04-17,heart_rate_avg,92.52440853430608,-1
2025-04-24,heart_rate_avg,91.81385615925872,-1
2025-04-27,heart_rate_avg,94.29128085075828,-1
2025-05-07,heart_rate_avg,92.891739352508,-1
2025-05-22,heart_rate_avg,94.93069388513176,-1
2025-05-23,heart_rate_avg,92.11037505492436,-1
2025-05-27,heart_rate_avg,92.19236566716089,-1
2025-05-31,heart_rate_avg,108.13056496134789,-1
2025-06-01,heart_rate_avg,93.2257712267283,-1
2025-06-02,heart_rate_avg,88.93226006109296,-1
2025-06-03,heart_rate_avg,88.41391434607552,-1
2025-06-05,heart_rate_avg,89.93163333007749,-1
2025-06-07,heart_rate_avg,89.07786472241582,-1
2025-06-10,heart_rate_avg,91.1895457379576,-1
2025-06-14,heart_rate_avg,93.4399285719353,-1
2025-06-26,heart_rate_avg,89.5158813614897,-1
2025-07-01,heart_rate_avg,101.34144827938051,-1
2025-07-06,heart_rate_avg,90.11848131746254,-1
2025-07-07,heart_rate_avg,94.40235431352068,-1
2025-07-12,heart_rate_avg,88.5887150786269,-1
2025-07-29,heart_rate_avg,89.26794401896713,-1
2025-07-30,heart_rate_avg,87.85840013649613,-1
2025-08-04,heart_rate_avg,92.8079181669151,-1
2025-08-08,heart_rate_avg,90.33420716180558,-1
2025-08-21,heart_rate_avg,89.47687120089597,-1
2025-08-23,heart_rate_avg,88.30106399483348,-1
2025-08-24,heart_rate_avg,93.51054977361024,-1
2025-08-26,heart_rate_avg,92.46378258568332,-1
2025-09-02,heart_rate_avg,89.14916353188119,-1
2024-09-30,heart_rate_avg,90.24181281324866,-1
2024-11-20,heart_rate_avg,37.523804856549134,-1
2024-11-26,heart_rate_avg,100.4165185133248,-1
2024-12-14,heart_rate_avg,93.35382178639868,-1
2024-12-20,heart_rate_avg,95.66020211534064,-1
2025-02-16,heart_rate_avg,91.0504420575803,-1
2025-03-16,heart_rate_avg,42.80323848118941,-1
2025-06-27,heart_rate_avg,87.71722790010526,-1
2025-07-10,heart_rate_avg,91.54013196995068,-1
2025-07-27,heart_rate_avg,91.17960736427165,-1
2025-07-30,heart_rate_avg,89.75983616113109,-1
2024-09-29,heart_rate_avg,90.04775874074721,-1
2024-10-24,heart_rate_avg,89.09483385873412,-1
2024-11-01,heart_rate_avg,98.31355831217972,-1
2024-11-08,heart_rate_avg,89.94199942995832,-1
2024-12-03,heart_rate_avg,88.35287881765072,-1
2024-12-12,heart_rate_avg,88.75806506650315,-1
2024-12-16,heart_rate_avg,91.8457972064527,-1
2025-04-06,heart_rate_avg,94.193788257702,-1
2025-05-05,heart_rate_avg,88.29833433393519,-1
2025-06-11,heart_rate_avg,92.27847618551628,-1
2025-06-22,heart_rate_avg,88.37406557693004,-1
2025-07-01,heart_rate_avg,90.43621896945628,-1
2025-07-08,heart_rate_avg,87.6633105686753,-1
2025-07-21,heart_rate_avg,98.36779801205316,-1
2025-08-25,heart_rate_avg,42.28256046553473,-1
2025-09-03,heart_rate_avg,36.43132199259064,-1
2025-09-05,heart_rate_avg,92.90703464035516,-1
2024-10-10,heart_rate_avg,42.35980291405893,-1
2025-01-01,heart_rate_avg,42.71295066181016,-1
2025-01-03,heart_rate_avg,41.491018136373285,-1
2025-01-08,heart_rate_avg,93.14621623329204,-1
2025-01-10,heart_rate_avg,31.206091382333835,-1
2025-01-19,heart_rate_avg,39.85402661588199,-1
2025-02-26,heart_rate_avg,41.56530936527376,-1
2025-03-05,heart_rate_avg,42.92913839877185,-1
2025-04-09,heart_rate_avg,42.4736474481518,-1
2025-05-09,heart_rate_avg,41.99471275714055,-1
2025-05-12,heart_rate_avg,88.40430817861971,-1
2025-05-13,heart_rate_avg,28.831379889933658,-1
2025-06-09,heart_rate_avg,39.27562353979812,-1
2025-07-07,heart_rate_avg,42.9489512943788,-1
2025-07-31,heart_rate_avg,43.18267226739347,-1
2025-08-07,heart_rate_avg,38.12409463429237,-1
2025-08-30,heart_rate_avg,90.34944372640126,-1
2024-09-16,heart_rate_avg,94.38354107374558,-1
2024-10-19,heart_rate_avg,90.95783526571876,-1
2024-10-26,heart_rate_avg,101.75435792222676,-1
2024-11-18,heart_rate_avg,91.26479176888216,-1
2024-11-19,heart_rate_avg,92.25729977879324,-1
2024-11-30,heart_rate_avg,88.63748472069364,-1
2024-12-21,heart_rate_avg,93.70323707049896,-1
2025-01-04,heart_rate_avg,92.9699712266478,-1
2025-02-06,heart_rate_avg,90.93168031438924,-1
2025-02-09,heart_rate_avg,101.54835456483514,-1
2025-04-09,heart_rate_avg,88.39861374168026,-1
2025-04-21,heart_rate_avg,98.44245570842976,-1
2025-04-30,heart_rate_avg,87.40137102179287,-1
2025-05-10,heart_rate_avg,88.85802868957637,-1
2025-05-16,heart_rate_avg,91.83919000809288,-1
2025-06-18,heart_rate_avg,89.55857374708866,-1
2025-08-27,heart_rate_avg,89.39130509606392,-1
2024-09-24,heart_rate_avg,41.891820809291225,-1
2024-10-09,heart_rate_avg,98.3495504812683,-1
2024-10-12,heart_rate_avg,40.36668876548265,-1
2024-11-12,heart_rate_avg,36.4679601058738,-1
2024-12-03,heart_rate_avg,96.82901626208132,-1
2025-01-07,heart_rate_avg,38.2651806561889,-1
2025-01-18,heart_rate_avg,40.15413541976777,-1
2025-02-11,heart_rate_avg,89.08055532890265,-1
2025-02-13,heart_rate_avg,37.00666511418847,-1
2025-04-05,heart_rate_avg,88.57681072355393,-1
2025-04-08,heart_rate_avg,90.02171427091255,-1
2025-05-29,heart_rate_avg,92.28931360249038,-1
2025-07-24,heart_rate_avg,36.5439135256273,-1
2025-08-13,heart_rate_avg,42.585501915851786,-1
2025-08-25,heart_rate_avg,35.66189859818459,-1
2025-08-28,heart_rate_avg,94.22130831247864,-1
2024-10-02,heart_rate_avg,97.95329469411118,-1
2024-10-06,heart_rate_avg,91.99291511193525,-1
2024-11-22,heart_rate_avg,96.36376070938968,-1
2024-11-26,heart_rate_avg,88.51505873313869,-1
2024-12-05,heart_rate_avg,89.1754399030556,-1
2024-12-24,heart_rate_avg,88.38092645937687,-1
2025-02-03,heart_rate_avg,88.76996379211906,-1
2025-02-28,heart_rate_avg,43.08826886409432,-1
2025-03-22,heart_rate_avg,91.37250656294898,-1
2025-04-04,heart_rate_avg,35.20532220528072,-1
2025-07-05,heart_rate_avg,91.13382715110032,-1
2025-07-26,heart_rate_avg,88.78329783505032,-1
2025-08-04,heart_rate_avg,93.17319433388516,-1
2025-08-05,heart_rate_avg,92.39148568108163,-1
2024-11-01,heart_rate_avg,41.53660039746461,-1
2024-11-05,heart_rate_avg,41.55121648810065,-1
2024-11-21,heart_rate_avg,36.0174737598647,-1
2024-11-30,heart_rate_avg,43.00925818260785,-1
2024-12-09,heart_rate_avg,30.74567853544087,-1
2024-12-12,heart_rate_avg,36.912122137808666,-1
2024-12-20,heart_rate_avg,41.36996172645953,-1
2024-12-22,heart_rate_avg,40.7855327045437,-1
2025-01-26,heart_rate_avg,39.09997092883549,-1
2025-02-23,heart_rate_avg,32.88181453999424,-1
2025-02-25,heart_rate_avg,40.1316454782572,-1
2025-03-04,heart_rate_avg,39.330281412602574,-1
2025-03-20,heart_rate_avg,41.69070072774176,-1
2025-04-08,heart_rate_avg,32.30650475947643,-1
2025-05-03,heart_rate_avg,39.401292409389086,-1
2025-05-05,heart_rate_avg,29.50501841769657,-1
2025-05-09,heart_rate_avg,38.56815073360479,-1
2025-05-13,heart_rate_avg,32.38350689757064,-1
2025-05-15,heart_rate_avg,40.35574033803461,-1
2025-07-20,heart_rate_avg,37.84247263615541,-1
2025-07-22,heart_rate_avg,36.39421183283558,-1
2025-08-18,heart_rate_avg,39.87248317610504,-1
2025-08-23,heart_rate_avg,39.84980027544276,-1
2025-08-26,heart_rate_avg,39.16342263972535,-1
2025-09-04,heart_rate_avg,34.13415577011866,-1
2024-09-07,heart_rate_avg,90.3214664673595,-1
2024-09-13,heart_rate_avg,91.737764645247,-1
2024-09-15,heart_rate_avg,89.44319878823964,-1
2024-09-18,heart_rate_avg,95.1176472827998,-1
2024-10-02,heart_rate_avg,90.3759790664758,-1
2024-10-08,heart_rate_avg,87.75900111985379,-1
2024-10-09,heart_rate_avg,94.01084760534964,-1
2024-10-24,heart_rate_avg,93.48641975359322,-1
2024-11-18,heart_rate_avg,92.59208751625594,-1
2024-11-22,heart_rate_avg,102.87807266244477,-1
2024-11-30,heart_rate_avg,100.77649648982924,-1
2024-12-07,heart_rate_avg,91.03337896758396,-1
2024-12-11,heart_rate_avg,91.41984789554498,-1
2024-12-24,heart_rate_avg,108.92420673084426,-1
2024-12-25,heart_rate_avg,90.78743059320846,-1
2025-01-14,heart_rate_avg,96.82839818533668,-1
2025-02-09,heart_rate_avg,92.55523112542436,-1
2025-02-12,heart_rate_avg,89.532940188087,-1
2025-04-08,heart_rate_avg,90.8936001753024,-1
2025-04-21,heart_rate_avg,99.68074397743,-1
2025-04-23,heart_rate_avg,87.3942930870714,-1
2025-05-05,heart_rate_avg,87.66058535156941,-1
2025-05-09,heart_rate_avg,88.39326545173957,-1
2025-05-10,heart_rate_avg,88.12188967563489,-1
2025-05-21,heart_rate_avg,88.36473821525765,-1
2025-05-29,heart_rate_avg,97.83743008990947,-1
2025-07-10,heart_rate_avg,90.45212568880402,-1
2025-07-16,heart_rate_avg,90.16968012830898,-1
2025-07-19,heart_rate_avg,106.54466901083016,-1
2025-08-05,heart_rate_avg,89.0565331112461,-1
2025-08-25,heart_rate_avg,90.24065723416372,-1
2025-08-26,heart_rate_avg,87.47703727243703,-1
2025-09-01,heart_rate_avg,88.87415996705602,-1
2025-09-05,heart_rate_avg,87.914529831559,-1
2024-09-22,heart_rate_avg,90.3151646364271,-1
2024-10-13,heart_rate_avg,88.63768622441191,-1
2024-12-10,heart_rate_avg,87.50433402636273,-1
2025-02-13,heart_rate_avg,92.00305227039618,-1
2025-03-05,heart_rate_avg,42.789044574375744,-1
2025-03-10,heart_rate_avg,87.73001212372031,-1
2025-03-18,heart_rate_avg,43.072780557500735,-1
2025-03-19,heart_rate_avg,91.62482681486716,-1
2025-05-18,heart_rate_avg,89.805450026613,-1
2025-08-15,heart_rate_avg,88.18024941050348,-1
2025-08-16,heart_rate_avg,87.90711654583822,-1
2025-09-03,heart_rate_avg,94.40360968187603,-1
2025-02-03,heart_rate_avg,91.61195472558292,-1
2025-05-20,heart_rate_avg,92.69129311434575,-1
2025-07-19,heart_rate_avg,89.92389524414858,-1
2025-07-21,heart_rate_avg,90.14460592679974,-1
2025-08-10,heart_rate_avg,87.82303786963385,-1
2024-10-06,heart_rate_avg,88.30517196878483,-1
2024-11-06,heart_rate_avg,39.931260623242906,-1
2024-11-13,heart_rate_avg,95.11070854170886,-1
2024-12-15,heart_rate_avg,40.29792239714823,-1
2024-12-17,heart_rate_avg,87.8676949423549,-1
2025-01-07,heart_rate_avg,89.28705080219775,-1
2025-04-12,heart_rate_avg,32.918914826027034,-1
2025-05-05,heart_rate_avg,88.53408275522321,-1
2025-06-27,heart_rate_avg,88.29241068997811,-1
2025-07-01,heart_rate_avg,88.58619796985178,-1
2024-09-09,heart_rate_avg,88.24117341657926,-1
2024-09-23,heart_rate_avg,90.31015231458844,-1
2024-09-25,heart_rate_avg,93.86542075574592,-1
2024-10-23,heart_rate_avg,38.8537667490544,-1
2024-11-15,heart_rate_avg,89.31839109618898,-1
2024-11-23,heart_rate_avg,96.52003358942456,-1
2024-11-26,heart_rate_avg,93.7943133755318,-1
2024-12-16,heart_rate_avg,89.75014397725973,-1
2025-01-05,heart_rate_avg,87.50528212910748,-1
2025-01-31,heart_rate_avg,87.78245045826282,-1
2025-03-05,heart_rate_avg,88.25416205688761,-1
2025-03-13,heart_rate_avg,88.48686724032545,-1
2025-04-14,heart_rate_avg,91.2330873126823,-1
2025-05-03,heart_rate_avg,98.12071383292556,-1
2025-07-04,heart_rate_avg,87.78252053298291,-1
2025-07-08,heart_rate_avg,87.85777643418422,-1
2025-08-30,heart_rate_avg,91.32113490582688,-1
2024-10-31,heart_rate_avg,91.00265652941331,-1
2024-12-15,heart_rate_avg,40.57794190125704,-1
2025-01-01,heart_rate_avg,36.95247374057503,-1
2025-02-06,heart_rate_avg,97.25096134711735,-1
2025-03-07,heart_rate_avg,40.757773601049095,-1
2025-04-20,heart_rate_avg,37.618925472619246,-1
2025-04-22,heart_rate_avg,92.4254492139052,-1
2025-04-28,heart_rate_avg,37.20604588918047,-1
2025-08-13,heart_rate_avg,90.04861809240055,-1
2024-09-17,heart_rate_avg,43.05607574281396,-1
2024-10-15,heart_rate_avg,42.21735075767605,-1
2025-01-02,heart_rate_avg,28.72443616758849,-1
2025-01-12,heart_rate_avg,38.80661461288383,-1
2025-01-22,heart_rate_avg,39.157594294600266,-1
2025-01-30,heart_rate_avg,32.56882391645571,-1
2025-02-20,heart_rate_avg,42.81116996919919,-1
2025-02-26,heart_rate_avg,40.81480571304637,-1
2025-03-17,heart_rate_avg,36.57715772254398,-1
2025-03-23,heart_rate_avg,42.61603950766637,-1
2025-03-24,heart_rate_avg,38.50252089623783,-1
2025-03-27,heart_rate_avg,42.575036377476266,-1
2025-04-04,heart_rate_avg,37.81043565894676,-1
2025-04-08,heart_rate_avg,40.32162520551334,-1
2025-05-14,heart_rate_avg,35.73668985587942,-1
2025-05-18,heart_rate_avg,39.770825148038,-1
2025-05-21,heart_rate_avg,40.77651554703502,-1
2025-06-05,heart_rate_avg,38.84875922321352,-1
2025-06-21,heart_rate_avg,39.946686498328845,-1
2025-07-01,heart_rate_avg,39.881027364787386,-1
2025-08-28,heart_rate_avg,42.35454127067088,-1
2025-09-01,heart_rate_avg,38.162168481124354,-1
2024-09-07,heart_rate_avg,93.13866163364864,-1
2024-09-11,heart_rate_avg,87.55057701188193,-1
2024-09-23,heart_rate_avg,93.48444902322676,-1
2024-09-30,heart_rate_avg,87.77933645846757,-1
2024-10-21,heart_rate_avg,96.369594783723,-1
2025-01-10,heart_rate_avg,87.44489662888775,-1
2025-01-21,heart_rate_avg,90.62165343796342,-1
2025-03-05,heart_rate_avg,87.47388098887662,-1
2025-03-14,heart_rate_avg,88.54675821774424,-1
2025-04-09,heart_rate_avg,89.31516084564356,-1
2025-04-28,heart_rate_avg,89.15658248448197,-1
2025-06-07,heart_rate_avg,87.80638183153981,-1
2025-07-17,heart_rate_avg,92.30979541753608,-1
2025-08-25,heart_rate_avg,90.85394631868932,-1
2025-09-01,heart_rate_avg,90.44899046035049,-1
2024-09-12,heart_rate_avg,40.64351344595289,-1
2024-12-21,heart_rate_avg,41.31468974265007,-1
2024-12-29,heart_rate_avg,88.57662358021382,-1
2025-01-17,heart_rate_avg,93.59098594208432,-1
2025-01-23,heart_rate_avg,91.36616676840002,-1
2025-01-28,heart_rate_avg,88.94724868159035,-1
2025-03-06,heart_rate_avg,94.92239227408878,-1
2025-03-31,heart_rate_avg,89.16438313422724,-1
2025-05-01,heart_rate_avg,88.97625018936668,-1
2025-05-17,heart_rate_avg,94.06547511987006,-1
2025-06-04,heart_rate_avg,87.60118559588622,-1
2025-06-20,heart_rate_avg,89.30544280988072,-1
2025-07-01,heart_rate_avg,92.89137383493431,-1
2025-07-15,heart_rate_avg,90.62045054920466,-1
2025-08-21,heart_rate_avg,88.54051155599537,-1
2024-09-11,heart_rate_avg,35.81047899089305,-1
2024-09-16,heart_rate_avg,41.68688453210108,-1
2025-03-03,heart_rate_avg,42.26887637446225,-1
2025-03-30,heart_rate_avg,36.69097848628923,-1
2025-04-02,heart_rate_avg,41.37187960885218,-1
2025-04-18,heart_rate_avg,39.998169297789154,-1
2025-05-12,heart_rate_avg,41.98942363372157,-1
2025-05-18,heart_rate_avg,41.120719231196766,-1
2025-06-08,heart_rate_avg,35.36140168012106,-1
2025-07-14,heart_rate_avg,34.20405740140714,-1
2025-08-14,heart_rate_avg,90.41112962106698,-1
2025-08-23,heart_rate_avg,34.70281608581464,-1
2024-11-04,heart_rate_avg,34.493905769291395,-1
2024-12-22,heart_rate_avg,39.73926066577916,-1
2024-12-29,heart_rate_avg,88.94776896765737,-1
2025-02-19,heart_rate_avg,40.71699676936328,-1
2025-04-17,heart_rate_avg,91.02359939115247,-1
2025-05-19,heart_rate_avg,90.5177656745088,-1
2025-06-26,heart_rate_avg,88.76448439801621,-1
2025-07-02,heart_rate_avg,97.64493790739871,-1
2025-07-11,heart_rate_avg,40.90210546943008,-1
2024-09-22,heart_rate_avg,40.91880374928055,-1
2024-10-05,heart_rate_avg,89.53670375340783,-1
2024-10-07,heart_rate_avg,42.12492735456039,-1
2024-10-22,heart_rate_avg,87.69665696293997,-1
2024-11-02,heart_rate_avg,89.48174078214223,-1
2024-12-26,heart_rate_avg,98.74536390284806,-1
2025-01-08,heart_rate_avg,39.28478747175527,-1
2025-01-14,heart_rate_avg,89.61687084376715,-1
2025-03-15,heart_rate_avg,88.59249991472473,-1
2025-05-12,heart_rate_avg,91.9451293229021,-1
2025-05-17,heart_rate_avg,88.58751598889734,-1
2025-05-30,heart_rate_avg,43.190792351295855,-1
2025-06-09,heart_rate_avg,88.13970810095995,-1
2025-06-19,heart_rate_avg,88.48188026403515,-1
2025-06-30,heart_rate_avg,90.83878002389758,-1
2025-07-11,heart_rate_avg,91.03526749191263,-1
2024-10-03,heart_rate_avg,96.21075478912218,-1
2024-10-16,heart_rate_avg,101.45657796839316,-1
2024-10-28,heart_rate_avg,88.95075702875482,-1
2024-10-31,heart_rate_avg,98.11901492795056,-1
2024-11-15,heart_rate_avg,89.2490351020389,-1
2024-11-22,heart_rate_avg,90.24813300531513,-1
2024-12-07,heart_rate_avg,100.68866024831472,-1
2025-01-03,heart_rate_avg,87.45810760271233,-1
2025-01-11,heart_rate_avg,91.0666665924449,-1
2025-01-12,heart_rate_avg,92.11786725782687,-1
2025-02-17,heart_rate_avg,91.13760217200686,-1
2025-03-20,heart_rate_avg,90.94153713614644,-1
2025-04-15,heart_rate_avg,92.44643503771076,-1
2025-04-20,heart_rate_avg,89.2871477692334,-1
2025-04-25,heart_rate_avg,89.43377416625299,-1
2025-05-31,heart_rate_avg,96.63078270740168,-1
2025-06-24,heart_rate_avg,89.4186879526115,-1
2025-07-12,heart_rate_avg,89.77217786836157,-1
2025-07-29,heart_rate_avg,95.88203955617615,-1
2025-07-30,heart_rate_avg,99.66088239279044,-1
2025-08-01,heart_rate_avg,90.89180794976625,-1
2024-10-02,heart_rate_avg,41.33170883399788,-1
2024-10-17,heart_rate_avg,87.6091131909183,-1
2024-10-27,heart_rate_avg,43.06941831904936,-1
2025-02-03,heart_rate_avg,39.579235904618,-1
2025-02-26,heart_rate_avg,42.50435564412875,-1
2025-03-24,heart_rate_avg,37.46904881852217,-1
2025-04-18,heart_rate_avg,43.14801781855024,-1
2025-04-24,heart_rate_avg,40.75176652909862,-1
2025-06-02,heart_rate_avg,36.3219516358099,-1
2025-06-10,heart_rate_avg,40.90574056080149,-1
2025-06-21,heart_rate_avg,35.51520514507929,-1
2025-07-18,heart_rate_avg,35.812692328291305,-1
2024-09-10,heart_rate_avg,36.5191603512346,-1
2024-09-11,heart_rate_avg,37.58474203991727,-1
2024-09-18,heart_rate_avg,38.98553393531211,-1
2024-09-20,heart_rate_avg,42.3910928560327,-1
2024-10-02,heart_rate_avg,42.88023610297744,-1
2024-10-09,heart_rate_avg,36.862543909880536,-1
2024-10-20,heart_rate_avg,42.72958181352117,-1
2024-10-23,heart_rate_avg,42.56246409868261,-1
2024-10-29,heart_rate_avg,41.75693766464049,-1
2024-11-03,heart_rate_avg,36.97561325819736,-1
2024-11-04,heart_rate_avg,43.06309590640248,-1
2024-11-20,heart_rate_avg,35.69753397581464,-1
2024-11-22,heart_rate_avg,43.09061385149506,-1
2024-11-28,heart_rate_avg,39.05684180926873,-1
2024-11-30,heart_rate_avg,37.386027062289145,-1
2024-12-03,heart_rate_avg,30.019856747930763,-1
2024-12-07,heart_rate_avg,41.33758977683904,-1
2024-12-11,heart_rate_avg,39.499454021585024,-1
2024-12-29,heart_rate_avg,41.432717473053,-1
2024-12-30,heart_rate_avg,38.82806681094279,-1
2025-01-03,heart_rate_avg,36.3735719970028,-1
2025-01-17,heart_rate_avg,33.90510061297471,-1
2025-01-24,heart_rate_avg,40.27368223694236,-1
2025-02-04,heart_rate_avg,41.94671849766917,-1
2025-02-09,heart_rate_avg,42.77992964546978,-1
2025-02-10,heart_rate_avg,39.29108571068242,-1
2025-02-17,heart_rate_avg,41.089262741366944,-1
2025-02-22,heart_rate_avg,42.34421161548919,-1
2025-03-16,heart_rate_avg,42.71268371493209,-1
2025-03-19,heart_rate_avg,39.8221873577108,-1
2025-03-26,heart_rate_avg,40.06417483390697,-1
2025-03-27,heart_rate_avg,42.25218539497422,-1
2025-03-29,heart_rate_avg,18.88503254749979,-1
2025-04-04,heart_rate_avg,33.431584809119805,-1
2025-04-05,heart_rate_avg,42.32244947733832,-1
2025-04-09,heart_rate_avg,40.94181534655564,-1
2025-04-20,heart_rate_avg,41.80864534408904,-1
2025-04-22,heart_rate_avg,37.27906276073988,-1
2025-04-24,heart_rate_avg,37.17263583184754,-1
2025-05-02,heart_rate_avg,36.86209192909551,-1
2025-05-04,heart_rate_avg,29.80935878770269,-1
2025-05-07,heart_rate_avg,38.10817773859307,-1
2025-05-28,heart_rate_avg,36.41170191895536,-1
2025-05-29,heart_rate_avg,31.942201472255466,-1
2025-06-06,heart_rate_avg,42.87569600800381,-1
2025-06-10,heart_rate_avg,34.45006807686621,-1
2025-06-15,heart_rate_avg,34.930625989362376,-1
2025-06-18,heart_rate_avg,37.80790701586916,-1
2025-06-19,heart_rate_avg,40.872605502276365,-1
2025-06-24,heart_rate_avg,40.91435450919312,-1
2025-06-28,heart_rate_avg,42.10651800444442,-1
2025-07-09,heart_rate_avg,42.70762092038791,-1
2025-07-20,heart_rate_avg,35.07588223527782,-1
2025-07-29,heart_rate_avg,40.75261198363548,-1
2025-07-30,heart_rate_avg,30.024472298234556,-1
2025-08-02,heart_rate_avg,42.20098892144259,-1
2025-08-09,heart_rate_avg,42.48956272658391,-1
2025-09-01,heart_rate_avg,37.9193433907578,-1
2025-09-02,heart_rate_avg,26.244736863896588,-1
2025-09-04,heart_rate_avg,30.549718577703487,-1
2024-09-15,heart_rate_avg,37.20225791177938,-1
2024-10-11,heart_rate_avg,90.26456775785336,-1
2025-02-01,heart_rate_avg,35.51010802791177,-1
2025-04-10,heart_rate_avg,41.90601678077102,-1
2025-04-25,heart_rate_avg,34.41811558050287,-1
2025-05-08,heart_rate_avg,40.97387237901671,-1
2024-10-22,heart_rate_avg,90.19652615279482,-1
2024-11-02,heart_rate_avg,97.1568123837442,-1
2024-11-13,heart_rate_avg,90.72193181302173,-1
2024-12-22,heart_rate_avg,92.82371597521174,-1
2024-12-29,heart_rate_avg,97.8979355806348,-1
2024-12-30,heart_rate_avg,99.44920327832232,-1
2025-02-09,heart_rate_avg,89.8393692795365,-1
2025-02-22,heart_rate_avg,91.07053819250262,-1
2025-03-09,heart_rate_avg,92.01240837794624,-1
2025-03-29,heart_rate_avg,89.47572752676135,-1
2025-04-02,heart_rate_avg,90.76231418226902,-1
2025-04-18,heart_rate_avg,93.036936549583,-1
2025-05-30,heart_rate_avg,90.1348031731084,-1
2025-06-05,heart_rate_avg,95.989374851584,-1
2025-06-22,heart_rate_avg,94.6871966091317,-1
2025-06-24,heart_rate_avg,39.31935146213575,-1
2025-06-29,heart_rate_avg,95.95103504297714,-1
2025-07-23,heart_rate_avg,90.78096607791508,-1
2025-08-13,heart_rate_avg,92.62748214968916,-1
2025-08-17,heart_rate_avg,89.04499899099332,-1
2025-08-23,heart_rate_avg,87.76088204180658,-1
2024-10-17,heart_rate_avg,43.18239205592124,-1
2024-11-21,heart_rate_avg,41.18675742613543,-1
2025-04-05,heart_rate_avg,36.147919064523705,-1
2025-06-08,heart_rate_avg,88.35760301403958,-1
2025-07-05,heart_rate_avg,94.38964794570484,-1
2025-08-08,heart_rate_avg,39.73116556591814,-1
2024-09-13,heart_rate_avg,41.3364162434791,-1
2024-09-17,heart_rate_avg,39.30299596642976,-1
2024-10-08,heart_rate_avg,37.129052069000366,-1
2024-11-05,heart_rate_avg,39.033706601312495,-1
2024-11-09,heart_rate_avg,38.83566315435949,-1
2025-01-30,heart_rate_avg,36.17593198291078,-1
2025-02-01,heart_rate_avg,88.68392585255214,-1
2025-02-08,heart_rate_avg,27.15895275099549,-1
2025-02-15,heart_rate_avg,40.08480210200085,-1
2025-05-02,heart_rate_avg,40.31086239606333,-1
2025-05-06,heart_rate_avg,39.21612730579688,-1
2025-05-19,heart_rate_avg,91.13644575830668,-1
2025-06-30,heart_rate_avg,39.49875028366827,-1
2025-07-27,heart_rate_avg,38.45286058306719,-1
2025-08-17,heart_rate_avg,41.01099567367336,-1
2025-08-27,heart_rate_avg,25.68800328279108,-1
2024-10-10,heart_rate_avg,29.82341444156017,-1
2024-10-22,heart_rate_avg,41.59543702279267,-1
2024-11-09,heart_rate_avg,43.00143191958591,-1
2024-11-22,heart_rate_avg,42.944249771504246,-1
2024-11-27,heart_rate_avg,36.15906276435361,-1
2024-12-11,heart_rate_avg,40.46709627281059,-1
2025-03-07,heart_rate_avg,41.02624242636773,-1
2025-03-12,heart_rate_avg,36.64739076284266,-1
2025-04-02,heart_rate_avg,42.44193010972107,-1
2025-04-27,heart_rate_avg,35.495327288061965,-1
2025-05-25,heart_rate_avg,39.34630414759768,-1
2025-05-30,heart_rate_avg,42.884926956405245,-1
2025-07-21,heart_rate_avg,34.63830017896555,-1
2025-08-18,heart_rate_avg,39.441568618964,-1
2024-09-07,heart_rate_avg,90.36923803395084,-1
2024-10-04,heart_rate_avg,98.78038763934224,-1
2024-10-21,heart_rate_avg,91.12635639273128,-1
2024-10-22,heart_rate_avg,87.65426523297734,-1
2024-11-03,heart_rate_avg,88.19386988973233,-1
2024-11-26,heart_rate_avg,93.45821838529385,-1
2025-01-04,heart_rate_avg,91.02651177468243,-1
2025-01-17,heart_rate_avg,97.87402451806878,-1
2025-01-23,heart_rate_avg,88.45325372960019,-1
2025-02-05,heart_rate_avg,87.89925854465126,-1
2025-02-11,heart_rate_avg,90.77544156368032,-1
2025-03-20,heart_rate_avg,89.82895806193679,-1
2025-03-27,heart_rate_avg,90.59326481729656,-1
2025-04-12,heart_rate_avg,94.85178122099892,-1
2025-04-24,heart_rate_avg,91.20001093611346,-1
2025-06-11,heart_rate_avg,88.31372688340271,-1
2025-06-14,heart_rate_avg,88.64343491474804,-1
2025-06-25,heart_rate_avg,96.37949960440906,-1
2025-07-05,heart_rate_avg,89.55655007558883,-1
2025-07-06,heart_rate_avg,42.55170422988516,-1
2025-07-17,heart_rate_avg,91.03794906478358,-1
2025-07-22,heart_rate_avg,92.78292584454944,-1
2025-07-23,heart_rate_avg,90.85056815045682,-1
2025-08-13,heart_rate_avg,89.68993947652243,-1
2025-08-20,heart_rate_avg,91.05283033097322,-1
2025-09-04,heart_rate_avg,89.89325511947672,-1
2024-09-07,heart_rate_avg,42.01501754871303,-1
2024-09-11,heart_rate_avg,30.67220189696556,-1
2024-09-13,heart_rate_avg,37.01106442389474,-1
2024-09-17,heart_rate_avg,36.78471433143597,-1
2024-09-27,heart_rate_avg,36.44710909029238,-1
2024-10-09,heart_rate_avg,33.40561773412294,-1
2024-10-15,heart_rate_avg,31.65875722701288,-1
2024-10-28,heart_rate_avg,25.45537805041873,-1
2024-10-31,heart_rate_avg,35.22034751455689,-1
2024-11-03,heart_rate_avg,16.98232307701295,-1
2024-11-04,heart_rate_avg,37.476696830714246,-1
2024-11-10,heart_rate_avg,43.18316699740232,-1
2024-11-12,heart_rate_avg,20.34078589960461,-1
2024-11-14,heart_rate_avg,39.84667684778013,-1
2024-11-19,heart_rate_avg,28.70220107686901,-1
2024-11-24,heart_rate_avg,41.628850604295,-1
2024-11-27,heart_rate_avg,42.02648375994895,-1
2024-11-28,heart_rate_avg,37.639480777250384,-1
2024-12-08,heart_rate_avg,39.10797904934006,-1
2024-12-10,heart_rate_avg,37.16739903244171,-1
2024-12-15,heart_rate_avg,36.785903385445295,-1
2024-12-16,heart_rate_avg,41.11272291946937,-1
2024-12-20,heart_rate_avg,42.204529667480855,-1
2024-12-21,heart_rate_avg,42.35452946012278,-1
2025-01-08,heart_rate_avg,36.71074655561378,-1
2025-01-13,heart_rate_avg,32.77370895551728,-1
2025-01-20,heart_rate_avg,43.2137203656107,-1
2025-02-25,heart_rate_avg,30.970450139771337,-1
2025-03-09,heart_rate_avg,38.91354862344193,-1
2025-03-10,heart_rate_avg,38.26970357767624,-1
2025-03-14,heart_rate_avg,38.49589348864619,-1
2025-03-16,heart_rate_avg,40.50019821270429,-1
2025-03-17,heart_rate_avg,40.3757553016692,-1
2025-03-22,heart_rate_avg,42.00891515596583,-1
2025-03-25,heart_rate_avg,38.57875783743698,-1
2025-03-30,heart_rate_avg,42.058208561767806,-1
2025-04-03,heart_rate_avg,42.70173693962272,-1
2025-04-07,heart_rate_avg,36.74946960419824,-1
2025-04-12,heart_rate_avg,43.1439545550864,-1
2025-04-26,heart_rate_avg,34.705181690239215,-1
2025-04-27,heart_rate_avg,40.83653694999425,-1
2025-05-02,heart_rate_avg,40.19042224150933,-1
2025-05-07,heart_rate_avg,41.6424019221994,-1
2025-05-16,heart_rate_avg,36.94382302616469,-1
2025-05-20,heart_rate_avg,40.19627095382094,-1
2025-06-03,heart_rate_avg,38.486536764476,-1
2025-06-04,heart_rate_avg,40.58257687576065,-1
2025-06-09,heart_rate_avg,38.84606655367038,-1
2025-06-13,heart_rate_avg,37.09643464009985,-1
2025-06-15,heart_rate_avg,42.286996584507634,-1
2025-06-20,heart_rate_avg,39.46841909172362,-1
2025-06-25,heart_rate_avg,38.757359159832326,-1
2025-06-26,heart_rate_avg,36.96923626301161,-1
2025-06-27,heart_rate_avg,35.26191094351093,-1
2025-06-29,heart_rate_avg,39.49911112295776,-1
2025-07-06,heart_rate_avg,32.540265093544335,-1
2025-07-09,heart_rate_avg,39.10710144038655,-1
2025-07-18,heart_rate_avg,41.87018774694517,-1
2025-07-29,heart_rate_avg,41.52594148210999,-1
2025-08-07,heart_rate_avg,42.755900882664704,-1
2025-08-17,heart_rate_avg,41.20615766422941,-1
2025-08-20,heart_rate_avg,28.295582652936048,-1
2025-08-26,heart_rate_avg,42.6780431442955,-1
2025-08-28,heart_rate_avg,37.6407989725446,-1
2025-08-29,heart_rate_avg,41.66020483905099,-1
2024-09-16,heart_rate_avg,89.21965006446575,-1
2024-10-15,heart_rate_avg,88.80617309702525,-1
2025-01-17,heart_rate_avg,88.0842015478687,-1
2025-03-20,heart_rate_avg,89.70246907850434,-1
2025-03-31,heart_rate_avg,93.04446887816611,-1
2025-05-04,heart_rate_avg,93.8569279838966,-1
2025-06-19,heart_rate_avg,88.1891153641935,-1
2025-07-18,heart_rate_avg,87.51338924452124,-1
2025-07-20,heart_rate_avg,87.550879478738,-1
2025-08-16,heart_rate_avg,38.054577492341714,-1
2024-12-09,heart_rate_avg,94.66035560225885,-1
2025-02-09,heart_rate_avg,88.07927423810348,-1
2025-03-15,heart_rate_avg,89.93703924636608,-1
2025-03-20,heart_rate_avg,90.07247363315196,-1
2025-03-27,heart_rate_avg,93.44024263837258,-1
2025-04-14,heart_rate_avg,35.77568687062467,-1
2025-05-04,heart_rate_avg,88.7838382389709,-1
2025-05-19,heart_rate_avg,88.16262804447337,-1
2025-07-12,heart_rate_avg,87.77783423010857,-1
2025-07-25,heart_rate_avg,42.083702922452645,-1
2025-08-30,heart_rate_avg,91.2258469718724,-1
2024-10-04,heart_rate_avg,41.18254738480368,-1
2024-11-23,heart_rate_avg,91.55681021341438,-1
2025-02-19,heart_rate_avg,42.61670367362352,-1
2025-03-03,heart_rate_avg,39.241514345746914,-1
2025-05-26,heart_rate_avg,88.17832812258115,-1
2025-06-14,heart_rate_avg,88.88023864821321,-1
2025-06-18,heart_rate_avg,38.854896691487205,-1
2025-06-20,heart_rate_avg,87.78827672249962,-1
2025-07-15,heart_rate_avg,88.2672959387458,-1
2025-08-24,heart_rate_avg,100.042481004879,-1
2024-10-31,heart_rate_avg,96.36479255703657,-1
2024-11-02,heart_rate_avg,43.12183004499998,-1
2025-04-11,heart_rate_avg,87.96441531779426,-1
2025-04-22,heart_rate_avg,41.80469227767179,-1
2025-05-09,heart_rate_avg,87.39887840829428,-1
2025-05-29,heart_rate_avg,87.92531085675385,-1
2025-05-30,heart_rate_avg,92.0928579957518,-1
2025-07-12,heart_rate_avg,32.858351355799186,-1
2025-07-15,heart_rate_avg,41.73135101857501,-1
2025-07-16,heart_rate_avg,88.08069743946719,-1
2025-07-29,heart_rate_avg,41.99523138420293,-1
2024-09-28,heart_rate_avg,41.66976340532938,-1
2024-10-19,heart_rate_avg,42.12793794434022,-1
2024-10-23,heart_rate_avg,88.02025688701471,-1
2024-11-06,heart_rate_avg,34.871446382449626,-1
2024-12-03,heart_rate_avg,36.85294409335738,-1
2024-12-24,heart_rate_avg,41.41041282599426,-1
2024-12-26,heart_rate_avg,43.06102038765685,-1
2025-01-10,heart_rate_avg,87.81622732331638,-1
2025-01-30,heart_rate_avg,41.79143556228023,-1
2025-03-27,heart_rate_avg,41.872769620013415,-1
2025-04-02,heart_rate_avg,42.01495762958453,-1
2025-04-19,heart_rate_avg,39.51344527339975,-1
2025-05-18,heart_rate_avg,37.811625106781264,-1
2025-05-19,heart_rate_avg,41.63732172818428,-1
2025-08-04,heart_rate_avg,42.92587940861975,-1
2025-08-09,heart_rate_avg,88.61604247754045,-1
2024-09-06,heart_rate_avg,96.05380261127944,-1
2024-09-20,heart_rate_avg,89.69592470086073,-1
2024-10-12,heart_rate_avg,92.46934688506995,-1
2024-11-21,heart_rate_avg,91.74328488050142,-1
2025-02-06,heart_rate_avg,91.40906801349249,-1
2025-02-16,heart_rate_avg,90.18247289325322,-1
2025-02-19,heart_rate_avg,91.06096805353268,-1
2025-02-27,heart_rate_avg,92.40748481390072,-1
2025-03-04,heart_rate_avg,89.17813926295759,-1
2025-03-16,heart_rate_avg,95.71342251160964,-1
2025-03-20,heart_rate_avg,89.81387324516061,-1
2025-03-23,heart_rate_avg,89.51180847776394,-1
2025-04-09,heart_rate_avg,87.87532896080636,-1
2025-04-20,heart_rate_avg,94.46032082182457,-1
2025-04-28,heart_rate_avg,95.79748635864377,-1
2025-05-01,heart_rate_avg,93.45520551402204,-1
2025-05-02,heart_rate_avg,87.86627707402329,-1
2025-05-17,heart_rate_avg,92.307089219101,-1
2025-06-02,heart_rate_avg,90.00307098912636,-1
2025-06-30,heart_rate_avg,88.34164757993369,-1
2025-07-21,heart_rate_avg,88.69025297452045,-1
2025-08-23,heart_rate_avg,98.68727544162896,-1
2025-08-29,heart_rate_avg,96.18922771898023,-1
2024-09-16,heart_rate_avg,88.36418507586114,-1
2024-10-02,heart_rate_avg,92.76129687735003,-1
2024-11-06,heart_rate_avg,87.50422482886852,-1
2024-11-09,heart_rate_avg,92.83022375769434,-1
2024-11-27,heart_rate_avg,89.311149949049,-1
2024-12-02,heart_rate_avg,92.88563859459134,-1
2024-12-16,heart_rate_avg,89.80273598586943,-1
2025-02-01,heart_rate_avg,87.46035595219746,-1
2025-02-03,heart_rate_avg,95.21388884470728,-1
2025-02-15,heart_rate_avg,91.576277560984,-1
2025-02-21,heart_rate_avg,90.32076939342684,-1
2025-03-02,heart_rate_avg,89.24720327215569,-1
2025-03-07,heart_rate_avg,92.42983734904853,-1
2025-03-28,heart_rate_avg,92.15613788202964,-1
2025-03-30,heart_rate_avg,91.29215489617508,-1
2025-04-16,heart_rate_avg,88.69570228481076,-1
2025-04-23,heart_rate_avg,90.22286646413352,-1
2025-04-27,heart_rate_avg,90.94868471798284,-1
2025-05-14,heart_rate_avg,97.04131446208748,-1
2025-05-16,heart_rate_avg,90.07528311535526,-1
2025-05-22,heart_rate_avg,93.5664297813889,-1
2025-05-26,heart_rate_avg,87.61639599449299,-1
2025-06-07,heart_rate_avg,87.73761100286507,-1
2025-06-13,heart_rate_avg,90.94273493845654,-1
2025-07-18,heart_rate_avg,90.3795270056606,-1
2025-08-03,heart_rate_avg,92.89527216834244,-1
2024-09-12,heart_rate_avg,42.31253354660071,-1
2024-09-17,heart_rate_avg,89.86785539723729,-1
2024-12-28,heart_rate_avg,93.03177539964788,-1
2025-01-10,heart_rate_avg,91.16410001047988,-1
2025-01-24,heart_rate_avg,89.94548551162436,-1
2025-01-28,heart_rate_avg,92.3472267081914,-1
2025-02-03,heart_rate_avg,90.71983451011717,-1
2025-02-14,heart_rate_avg,42.36178477386177,-1
2025-03-21,heart_rate_avg,89.46435463287072,-1
2025-03-24,heart_rate_avg,87.88820603536692,-1
2025-03-27,heart_rate_avg,95.19792352590945,-1
2025-04-01,heart_rate_avg,90.23670704753448,-1
2025-05-18,heart_rate_avg,42.54561441675982,-1
2025-07-20,heart_rate_avg,87.71233007431164,-1
2024-10-08,heart_rate_avg,43.07525413213403,-1
2024-10-10,heart_rate_avg,37.872710007953216,-1
2024-10-11,heart_rate_avg,39.48960313240681,-1
2024-10-18,heart_rate_avg,37.536209120914464,-1
2024-11-01,heart_rate_avg,39.41013265685725,-1
2024-11-04,heart_rate_avg,36.84500160841562,-1
2024-11-08,heart_rate_avg,30.15364002976063,-1
2024-11-11,heart_rate_avg,37.873446404524486,-1
2024-12-08,heart_rate_avg,36.36327313140256,-1
2024-12-09,heart_rate_avg,35.78211353264412,-1
2024-12-23,heart_rate_avg,42.62707461560922,-1
2024-12-30,heart_rate_avg,40.24509677581791,-1
2025-01-06,heart_rate_avg,36.70125456965525,-1
2025-01-22,heart_rate_avg,39.62423471461679,-1
2025-02-07,heart_rate_avg,38.74757144270012,-1
2025-03-02,heart_rate_avg,42.04763505824326,-1
2025-03-13,heart_rate_avg,36.024061839383386,-1
2025-04-02,heart_rate_avg,42.633661468988514,-1
2025-04-04,heart_rate_avg,27.65041063505525,-1
2025-04-16,heart_rate_avg,40.09579295664267,-1
2025-04-19,heart_rate_avg,41.87280859691072,-1
2025-04-27,heart_rate_avg,40.586755009360985,-1
2025-05-17,heart_rate_avg,28.014159248008188,-1
2025-05-26,heart_rate_avg,39.71690244522979,-1
2025-06-25,heart_rate_avg,43.17474895192721,-1
2025-08-01,heart_rate_avg,42.20159159825401,-1
2025-08-31,heart_rate_avg,40.75743763432741,-1
2024-09-13,heart_rate_avg,40.84412064499441,-1
2024-10-24,heart_rate_avg,39.10185139932786,-1
2024-11-04,heart_rate_avg,43.14985075798292,-1
2024-12-16,heart_rate_avg,41.46476548360364,-1
2024-12-22,heart_rate_avg,41.96927003125754,-1
2025-01-23,heart_rate_avg,42.010349082768464,-1
2025-03-06,heart_rate_avg,34.52669856998239,-1
2025-04-03,heart_rate_avg,43.09001516144687,-1
2025-04-16,heart_rate_avg,89.59099732235968,-1
2025-04-26,heart_rate_avg,42.17730977782185,-1
2025-07-08,heart_rate_avg,93.24212309778902,-1
2024-10-01,heart_rate_avg,92.65971240476772,-1
2024-10-10,heart_rate_avg,89.5117802737467,-1
2024-10-20,heart_rate_avg,89.69046606350462,-1
2024-11-23,heart_rate_avg,93.34610439006546,-1
2024-12-04,heart_rate_avg,90.42800560538129,-1
2024-12-24,heart_rate_avg,93.2228882714698,-1
2025-01-14,heart_rate_avg,92.1581777935752,-1
2025-02-10,heart_rate_avg,90.45004721052707,-1
2025-02-27,heart_rate_avg,92.34682717745216,-1
2025-02-28,heart_rate_avg,88.44568867198586,-1
2025-03-13,heart_rate_avg,91.48535035441654,-1
2025-03-20,heart_rate_avg,88.32918171307207,-1
2025-04-04,heart_rate_avg,88.47499371798939,-1
2025-04-13,heart_rate_avg,99.4982850528482,-1
2025-04-25,heart_rate_avg,96.05522780901808,-1
2025-05-08,heart_rate_avg,95.7426273674635,-1
2025-06-15,heart_rate_avg,92.42754689317924,-1
2025-06-21,heart_rate_avg,96.05224526806892,-1
2025-06-22,heart_rate_avg,90.29052160506114,-1
2025-06-27,heart_rate_avg,87.7318562031784,-1
2025-06-30,heart_rate_avg,89.34296306974872,-1
2025-07-08,heart_rate_avg,90.6670029756098,-1
2025-07-16,heart_rate_avg,90.53963850427928,-1
2025-07-24,heart_rate_avg,103.65342189825172,-1
2025-07-26,heart_rate_avg,87.50878788172332,-1
2025-09-05,heart_rate_avg,93.99831966535726,-1
2024-09-12,heart_rate_avg,42.12790982983835,-1
2024-09-20,heart_rate_avg,102.160807972472,-1
2024-09-28,heart_rate_avg,93.51184040432508,-1
2024-10-21,heart_rate_avg,95.03306451637349,-1
2024-10-26,heart_rate_avg,91.86733490795945,-1
2024-11-09,heart_rate_avg,88.00139738638279,-1
2024-11-22,heart_rate_avg,91.50390924343414,-1
2024-11-24,heart_rate_avg,91.17267556606492,-1
2024-12-02,heart_rate_avg,94.03132869429892,-1
2024-12-20,heart_rate_avg,90.1073183457726,-1
2025-01-02,heart_rate_avg,94.64586016243044,-1
2025-02-20,heart_rate_avg,92.20081775380235,-1
2025-03-07,heart_rate_avg,91.09642298316244,-1
2025-03-10,heart_rate_avg,30.159094426234237,-1
2025-03-19,heart_rate_avg,93.4336373897613,-1
2025-03-27,heart_rate_avg,95.06932537679624,-1
2025-04-19,heart_rate_avg,89.80779599386999,-1
2025-04-29,heart_rate_avg,92.68241762262905,-1
2025-05-03,heart_rate_avg,91.87119653456968,-1
2025-06-10,heart_rate_avg,92.53581623330084,-1
2025-06-19,heart_rate_avg,91.8052403905436,-1
2025-08-12,heart_rate_avg,87.82643874486192,-1
2025-08-23,heart_rate_avg,88.48302315975062,-1
2025-08-24,heart_rate_avg,88.58874734459938,-1
2025-08-26,heart_rate_avg,91.06885093085302,-1
2024-10-29,heart_rate_avg,95.17398676204648,-1
2024-12-12,heart_rate_avg,91.04576312008156,-1
2025-02-13,heart_rate_avg,93.9750911456258,-1
2025-02-24,heart_rate_avg,95.9753197033759,-1
2025-02-27,heart_rate_avg,87.97750207947068,-1
2025-04-01,heart_rate_avg,92.40624278570716,-1
2025-04-11,heart_rate_avg,94.9836211314959,-1
2025-05-01,heart_rate_avg,104.06971285589512,-1
2025-06-19,heart_rate_avg,39.69614147985627,-1
2025-07-16,heart_rate_avg,95.01254329802508,-1
2025-07-24,heart_rate_avg,97.20901004580848,-1
2025-08-10,heart_rate_avg,89.53368136887025,-1
2024-10-10,heart_rate_avg,89.45676535567554,-1
2024-11-06,heart_rate_avg,36.37567370996679,-1
2024-11-28,heart_rate_avg,92.2541506503447,-1
2024-12-24,heart_rate_avg,38.20891636425877,-1
2025-01-05,heart_rate_avg,92.43070970646406,-1
2025-02-10,heart_rate_avg,93.15774556157066,-1
2025-04-18,heart_rate_avg,41.79590981860187,-1
2025-04-22,heart_rate_avg,37.01300818692209,-1
2025-06-07,heart_rate_avg,97.69711124232911,-1
2025-06-16,heart_rate_avg,90.35651331422896,-1
2025-07-08,heart_rate_avg,32.40967642174188,-1
2024-09-12,heart_rate_avg,37.91541195605512,-1
2024-10-17,heart_rate_avg,40.32598586233575,-1
2024-11-17,heart_rate_avg,30.64391056701,-1
2024-11-28,heart_rate_avg,41.80090675040616,-1
2024-12-04,heart_rate_avg,34.91789347024864,-1
2024-12-10,heart_rate_avg,36.42418551931642,-1
2024-12-11,heart_rate_avg,40.3421679648222,-1
2024-12-25,heart_rate_avg,36.95014352926896,-1
2025-01-14,heart_rate_avg,40.02977012219915,-1
2025-02-13,heart_rate_avg,42.63040730821819,-1
2025-02-17,heart_rate_avg,41.2344701417848,-1
2025-03-15,heart_rate_avg,37.19885725435663,-1
2025-03-16,heart_rate_avg,42.0038180242634,-1
2025-03-27,heart_rate_avg,38.91919669896876,-1
2025-04-10,heart_rate_avg,37.19294901525084,-1
2025-04-18,heart_rate_avg,41.32759816763773,-1
2025-05-20,heart_rate_avg,32.16247563732788,-1
2025-06-16,heart_rate_avg,41.06902983391019,-1
2025-06-22,heart_rate_avg,39.06247823043776,-1
2025-06-29,heart_rate_avg,41.836109967611634,-1
2025-07-10,heart_rate_avg,40.51149167664471,-1
2025-09-01,heart_rate_avg,38.747280481277386,-1
2025-09-05,heart_rate_avg,38.46241818512918,-1
2024-09-18,heart_rate_avg,89.80801752990303,-1
2024-10-09,heart_rate_avg,90.75779207984476,-1
2024-10-11,heart_rate_avg,91.19992133748607,-1
2024-10-19,heart_rate_avg,93.19089411183694,-1
2024-10-20,heart_rate_avg,87.83909367798569,-1
2024-10-26,heart_rate_avg,91.26262318442376,-1
2024-11-08,heart_rate_avg,88.77246042295066,-1
2024-11-15,heart_rate_avg,90.04007166074099,-1
2024-12-16,heart_rate_avg,88.73378840952458,-1
2024-12-19,heart_rate_avg,94.26978781179584,-1
2024-12-25,heart_rate_avg,99.67472438350164,-1
2025-01-27,heart_rate_avg,97.7680479670988,-1
2025-02-07,heart_rate_avg,88.94073045130425,-1
2025-02-16,heart_rate_avg,91.89090022131184,-1
2025-03-15,heart_rate_avg,90.79274089671308,-1
2025-03-28,heart_rate_avg,88.88235078169951,-1
2025-03-30,heart_rate_avg,94.2004493911224,-1
2025-04-02,heart_rate_avg,89.44672114882383,-1
2025-04-04,heart_rate_avg,96.99510509281252,-1
2025-05-15,heart_rate_avg,91.6520195324251,-1
2025-05-18,heart_rate_avg,99.86243867861856,-1
2025-05-23,heart_rate_avg,89.95050620625008,-1
2025-05-26,heart_rate_avg,91.11407018295064,-1
2025-06-04,heart_rate_avg,87.63561020056152,-1
2025-06-05,heart_rate_avg,87.62419183914474,-1
2025-06-06,heart_rate_avg,88.88721841705652,-1
2025-06-16,heart_rate_avg,91.15455091335554,-1
2025-06-18,heart_rate_avg,90.8529178234168,-1
2025-06-21,heart_rate_avg,100.04120433275511,-1
2025-07-12,heart_rate_avg,98.71600152485374,-1
2025-07-26,heart_rate_avg,93.2829068900505,-1
2025-07-27,heart_rate_avg,89.17232023368793,-1
2025-08-03,heart_rate_avg,89.98641749495621,-1
2024-09-06,heart_rate_avg,37.07045119087061,-1
2024-09-11,heart_rate_avg,35.442622797365615,-1
2024-09-14,heart_rate_avg,35.196182535878314,-1
2024-09-23,heart_rate_avg,28.45642211744848,-1
2024-10-04,heart_rate_avg,42.60169827185412,-1
2024-10-07,heart_rate_avg,43.218042772026514,-1
2024-10-13,heart_rate_avg,36.06331083601327,-1
2024-10-16,heart_rate_avg,33.32550911816328,-1
2024-10-27,heart_rate_avg,25.60360453598202,-1
2024-10-28,heart_rate_avg,36.70246937586288,-1
2024-10-30,heart_rate_avg,38.368818035578485,-1
2024-11-12,heart_rate_avg,43.03071565000956,-1
2024-11-19,heart_rate_avg,42.55654061535323,-1
2024-11-26,heart_rate_avg,41.75241295016575,-1
2024-11-29,heart_rate_avg,43.20841257657919,-1
2024-11-30,heart_rate_avg,43.11343870371218,-1
2024-12-11,heart_rate_avg,30.53434844800624,-1
2025-01-04,heart_rate_avg,39.05536871618743,-1
2025-01-10,heart_rate_avg,34.16485561625509,-1
2025-01-21,heart_rate_avg,38.53399866905053,-1
2025-01-31,heart_rate_avg,39.67903958448747,-1
2025-02-18,heart_rate_avg,38.97382697700006,-1
2025-02-22,heart_rate_avg,38.37694568202717,-1
2025-03-02,heart_rate_avg,40.36503537142922,-1
2025-03-03,heart_rate_avg,40.94662646376924,-1
2025-03-10,heart_rate_avg,42.00585448517767,-1
2025-03-15,heart_rate_avg,40.86227140810936,-1
2025-03-23,heart_rate_avg,32.64913030592041,-1
2025-03-30,heart_rate_avg,42.342897487642944,-1
2025-04-02,heart_rate_avg,37.6714371318329,-1
2025-04-06,heart_rate_avg,37.90402522948239,-1
2025-04-11,heart_rate_avg,42.635243488929525,-1
2025-04-13,heart_rate_avg,40.17103402571423,-1
2025-04-21,heart_rate_avg,33.492448387259884,-1
2025-05-02,heart_rate_avg,39.07638765835473,-1
2025-05-06,heart_rate_avg,39.457877065449736,-1
2025-05-15,heart_rate_avg,38.69546348116657,-1
2025-05-24,heart_rate_avg,40.86092966914469,-1
2025-06-12,heart_rate_avg,36.81602507453252,-1
2025-07-15,heart_rate_avg,42.97184719186592,-1
2025-07-20,heart_rate_avg,41.841673356014894,-1
2025-08-04,heart_rate_avg,32.73986309190539,-1
2024-10-02,heart_rate_avg,42.368139932708445,-1
2025-02-04,heart_rate_avg,87.50935098343595,-1
2025-02-10,heart_rate_avg,89.83105156157853,-1
2025-02-20,heart_rate_avg,99.38640488726736,-1
2025-04-08,heart_rate_avg,88.28933339410051,-1
2025-04-18,heart_rate_avg,40.93322751426833,-1
2025-05-16,heart_rate_avg,35.66860221407222,-1
2025-06-05,heart_rate_avg,38.49554267843237,-1
2025-06-15,heart_rate_avg,41.246989239789016,-1
2025-06-16,heart_rate_avg,89.4769934344835,-1
2025-06-26,heart_rate_avg,93.43728698293064,-1
2025-06-30,heart_rate_avg,42.70865050151824,-1
2025-07-02,heart_rate_avg,89.5973360809716,-1
2024-09-20,heart_rate_avg,91.98141639172998,-1
2024-10-04,heart_rate_avg,91.8776651747645,-1
2024-11-06,heart_rate_avg,95.56401398885556,-1
2024-11-27,heart_rate_avg,90.77663271317338,-1
2024-12-01,heart_rate_avg,90.02870984322973,-1
2024-12-21,heart_rate_avg,93.8899031652133,-1
2025-01-24,heart_rate_avg,39.983417454063385,-1
2025-02-13,heart_rate_avg,90.8322628831348,-1
2025-02-16,heart_rate_avg,88.338090857382,-1
2025-03-04,heart_rate_avg,97.80262386179466,-1
2025-05-30,heart_rate_avg,92.04023000201386,-1
2025-06-03,heart_rate_avg,88.75024914326863,-1
2025-06-13,heart_rate_avg,89.76905784064728,-1
2025-06-22,heart_rate_avg,90.61262215468734,-1
2025-08-29,heart_rate_avg,92.89068426617328,-1
2024-12-30,heart_rate_avg,93.43093662240736,-1
2025-01-01,heart_rate_avg,38.62588922861909,-1
2025-01-16,heart_rate_avg,90.22312942669969,-1
2025-02-08,heart_rate_avg,87.67077602323836,-1
2025-02-12,heart_rate_avg,42.82712132913481,-1
2025-02-20,heart_rate_avg,92.0252830276072,-1
2025-04-13,heart_rate_avg,88.43582599055564,-1
2025-04-16,heart_rate_avg,91.32297683271211,-1
2025-04-21,heart_rate_avg,98.6851709374929,-1
2025-05-24,heart_rate_avg,41.6082143494391,-1
2025-07-27,heart_rate_avg,90.29003653609225,-1
2025-08-20,heart_rate_avg,91.30972695203565,-1
2025-08-26,heart_rate_avg,94.79176500911085,-1
2025-08-27,heart_rate_avg,93.09187831189672,-1
2024-09-17,heart_rate_avg,41.698495388308494,-1
2024-10-04,heart_rate_avg,41.004973011405525,-1
2024-10-11,heart_rate_avg,36.92684020354109,-1
2024-10-26,heart_rate_avg,40.75293183341455,-1
2024-12-07,heart_rate_avg,33.22264834137668,-1
2024-12-08,heart_rate_avg,36.77204550380927,-1
2025-01-18,heart_rate_avg,39.194238682206354,-1
2025-03-06,heart_rate_avg,42.96353971716523,-1
2025-03-13,heart_rate_avg,39.47415132259619,-1
2025-04-10,heart_rate_avg,37.57314625167166,-1
2025-04-21,heart_rate_avg,40.0963940593462,-1
2025-04-24,heart_rate_avg,41.670013398587855,-1
2025-07-03,heart_rate_avg,41.32553628684036,-1
2025-07-13,heart_rate_avg,41.38136777762861,-1
2025-08-02,heart_rate_avg,33.867873696018684,-1
2025-08-11,heart_rate_avg,37.66232352767737,-1
2025-08-23,heart_rate_avg,38.61651184927668,-1
2024-10-29,heart_rate_avg,91.85302476860927,-1
2024-11-16,heart_rate_avg,99.01576452633182,-1
2025-01-25,heart_rate_avg,89.48230055151211,-1
2025-01-26,heart_rate_avg,90.36519966298742,-1
2025-02-18,heart_rate_avg,89.75034734322536,-1
2025-02-19,heart_rate_avg,90.226490696487,-1
2025-03-04,heart_rate_avg,87.69897697940719,-1
2025-03-19,heart_rate_avg,88.75534829103276,-1
2025-03-27,heart_rate_avg,88.07499437486021,-1
2025-08-13,heart_rate_avg,42.825051702326505,-1
2024-10-01,heart_rate_avg,40.12608188728022,-1
2024-10-10,heart_rate_avg,88.48939340283599,-1
2024-11-22,heart_rate_avg,40.92424384408408,-1
2024-12-11,heart_rate_avg,42.98967596278858,-1
2025-01-29,heart_rate_avg,42.183967055146425,-1
2025-02-14,heart_rate_avg,42.19192065298432,-1
2025-03-12,heart_rate_avg,37.0233217696578,-1
2025-04-04,heart_rate_avg,88.05270668066805,-1
2025-04-10,heart_rate_avg,38.53899716125501,-1
2025-07-09,heart_rate_avg,42.60090912003331,-1
2025-07-23,heart_rate_avg,38.52058010633162,-1
2025-08-04,heart_rate_avg,43.1141368365989,-1
2025-08-11,heart_rate_avg,39.94053549646835,-1
2024-12-09,heart_rate_avg,87.93573143668266,-1
2024-12-27,heart_rate_avg,87.45480959800672,-1
2025-03-02,heart_rate_avg,41.87530717772671,-1
2025-03-17,heart_rate_avg,89.48154400462386,-1
2025-04-19,heart_rate_avg,87.62788300758915,-1
2024-09-20,heart_rate_avg,89.52423919906275,-1
2024-10-11,heart_rate_avg,91.9229288905706,-1
2024-12-11,heart_rate_avg,36.96703573927752,-1
2025-01-13,heart_rate_avg,93.7183733382482,-1
2025-03-18,heart_rate_avg,98.48998100090576,-1
2025-03-29,heart_rate_avg,89.6396431992641,-1
2025-04-17,heart_rate_avg,41.82928063215439,-1
2025-04-30,heart_rate_avg,96.91632992213236,-1
2025-05-14,heart_rate_avg,97.64621045052526,-1
2025-07-06,heart_rate_avg,97.0946544850162,-1
2024-09-22,heart_rate_avg,90.10182538698837,-1
2024-10-07,heart_rate_avg,104.4973624689679,-1
2024-10-11,heart_rate_avg,43.04590579429092,-1
2024-10-15,heart_rate_avg,93.80365820187976,-1
2024-10-19,heart_rate_avg,89.3959655042074,-1
2024-11-09,heart_rate_avg,96.30784617963788,-1
2024-11-20,heart_rate_avg,92.48547631363634,-1
2024-12-27,heart_rate_avg,94.71071823462005,-1
2025-01-16,heart_rate_avg,89.39055801516022,-1
2025-02-03,heart_rate_avg,92.94611233349345,-1
2025-02-08,heart_rate_avg,99.891088115625,-1
2025-02-26,heart_rate_avg,91.1227128241518,-1
2025-03-10,heart_rate_avg,107.10646628877883,-1
2025-03-27,heart_rate_avg,91.12212702836806,-1
2025-03-28,heart_rate_avg,91.40451828187707,-1
2025-04-20,heart_rate_avg,38.52782753697395,-1
2025-04-27,heart_rate_avg,87.56429255228456,-1
2025-04-29,heart_rate_avg,94.06309695850943,-1
2025-05-29,heart_rate_avg,88.28651340772042,-1
2025-06-12,heart_rate_avg,89.32660789664894,-1
2025-07-03,heart_rate_avg,89.52018715293461,-1
2025-07-09,heart_rate_avg,94.7442882291357,-1
2025-08-03,heart_rate_avg,89.94318728472848,-1
2025-08-04,heart_rate_avg,89.38948788780286,-1
2025-08-07,heart_rate_avg,91.3596556973711,-1
2025-08-15,heart_rate_avg,88.10985844182674,-1
2025-08-23,heart_rate_avg,92.83725711255504,-1
2025-08-29,heart_rate_avg,89.11231552267147,-1
2024-09-06,heart_rate_avg,92.61230374285442,-1
2024-10-03,heart_rate_avg,92.28983427794996,-1
2024-11-18,heart_rate_avg,89.13101520887655,-1
2024-12-15,heart_rate_avg,90.17633270313102,-1
2024-12-19,heart_rate_avg,94.05760261437308,-1
2024-12-26,heart_rate_avg,87.99934898288299,-1
2025-01-01,heart_rate_avg,95.45126576081644,-1
2025-01-03,heart_rate_avg,89.37102385304551,-1
2025-01-12,heart_rate_avg,92.57338052578535,-1
2025-01-13,heart_rate_avg,89.04125661617935,-1
2025-02-14,heart_rate_avg,92.03451044493951,-1
2025-02-16,heart_rate_avg,99.58620255188234,-1
2025-02-17,heart_rate_avg,91.27387941811912,-1
2025-02-22,heart_rate_avg,88.74944244383332,-1
2025-02-24,heart_rate_avg,88.65563982261037,-1
2025-03-16,heart_rate_avg,88.31083618964014,-1
2025-03-18,heart_rate_avg,92.71040500281302,-1
2025-04-15,heart_rate_avg,87.95365361653378,-1
2025-04-29,heart_rate_avg,95.52591326928987,-1
2025-05-12,heart_rate_avg,88.10638094579494,-1
2025-05-13,heart_rate_avg,88.21417632334737,-1
2025-05-15,heart_rate_avg,95.56200527984748,-1
2025-07-23,heart_rate_avg,95.31418916000968,-1
2025-09-03,heart_rate_avg,87.42366299794126,-1
2024-09-08,heart_rate_avg,98.67204805778618,-1
2025-01-10,heart_rate_avg,94.91040312433526,-1
2025-01-23,heart_rate_avg,92.82133732469556,-1
2025-01-30,heart_rate_avg,92.37615124904524,-1
2025-02-17,heart_rate_avg,96.49643523858688,-1
2025-03-06,heart_rate_avg,88.83887990115653,-1
2025-04-23,heart_rate_avg,90.70792079389813,-1
2025-05-22,heart_rate_avg,94.3865769647322,-1
2025-05-23,heart_rate_avg,91.9058722848607,-1
2025-05-27,heart_rate_avg,93.44148768458912,-1
2025-08-16,heart_rate_avg,96.4045277989085,-1
2025-08-17,heart_rate_avg,96.37802504596968,-1
2025-08-24,heart_rate_avg,88.52840135489328,-1
2024-09-08,heart_rate_avg,92.59790869576092,-1
2024-09-09,heart_rate_avg,39.18215416159449,-1
2024-09-14,heart_rate_avg,87.47478959545326,-1
2024-09-21,heart_rate_avg,91.34300759162944,-1
2024-09-27,heart_rate_avg,87.95067967390732,-1
2024-10-06,heart_rate_avg,91.49668188733048,-1
2024-10-07,heart_rate_avg,87.9005220550666,-1
2024-11-02,heart_rate_avg,89.41323183058809,-1
2024-11-04,heart_rate_avg,97.26908656595543,-1
2024-11-07,heart_rate_avg,89.3716113158072,-1
2024-12-14,heart_rate_avg,40.98903411784201,-1
2024-12-28,heart_rate_avg,88.5917927618189,-1
2025-01-01,heart_rate_avg,90.98831702918729,-1
2025-01-12,heart_rate_avg,96.7196213467246,-1
2025-01-17,heart_rate_avg,87.73840201580843,-1
2025-02-03,heart_rate_avg,94.58187026031688,-1
2025-02-10,heart_rate_avg,105.12967857158716,-1
2025-02-11,heart_rate_avg,95.5038468302034,-1
2025-02-16,heart_rate_avg,93.30619295406984,-1
2025-03-01,heart_rate_avg,90.3184026349456,-1
2025-03-12,heart_rate_avg,92.46260116452424,-1
2025-03-19,heart_rate_avg,87.6051029981145,-1
2025-03-24,heart_rate_avg,87.48968841265668,-1
2025-03-26,heart_rate_avg,88.6534828570592,-1
2025-04-04,heart_rate_avg,98.816369673585,-1
2025-04-13,heart_rate_avg,104.51036311735432,-1
2025-04-25,heart_rate_avg,91.0232092131354,-1
2025-05-07,heart_rate_avg,33.8436238667356,-1
2025-06-08,heart_rate_avg,94.65942645483943,-1
2025-06-18,heart_rate_avg,94.283564877478,-1
2025-07-03,heart_rate_avg,97.85305734579588,-1
2025-07-06,heart_rate_avg,89.35320355987022,-1
2025-07-11,heart_rate_avg,92.67583230065227,-1
2025-07-29,heart_rate_avg,89.97693696226308,-1
2025-08-02,heart_rate_avg,88.44745372067095,-1
2025-08-03,heart_rate_avg,92.21519629829606,-1
2024-09-11,heart_rate_avg,41.49312969918007,-1
2024-10-11,heart_rate_avg,22.207718189675823,-1
2024-10-20,heart_rate_avg,38.94261267542807,-1
2024-11-07,heart_rate_avg,38.17672313128559,-1
2024-12-24,heart_rate_avg,89.23889629547513,-1
2024-12-27,heart_rate_avg,40.64794997781836,-1
2025-01-01,heart_rate_avg,41.94876448360407,-1
2025-01-13,heart_rate_avg,37.39853991985795,-1
2025-01-26,heart_rate_avg,39.57940787659379,-1
2025-02-11,heart_rate_avg,37.23360052515419,-1
2025-03-09,heart_rate_avg,29.43218876729949,-1
2025-03-11,heart_rate_avg,42.77010030065854,-1
2025-03-29,heart_rate_avg,33.39622855769487,-1
2025-05-14,heart_rate_avg,88.62416563743159,-1
2025-05-18,heart_rate_avg,40.39463100931961,-1
2025-07-12,heart_rate_avg,40.00862833659936,-1
2025-08-19,heart_rate_avg,31.537498935450856,-1
2024-10-21,heart_rate_avg,91.10503406416528,-1
2024-10-22,heart_rate_avg,38.273589779218725,-1
2024-10-28,heart_rate_avg,33.96096938620504,-1
2024-12-11,heart_rate_avg,39.30732461200677,-1
2025-03-13,heart_rate_avg,42.94395765853608,-1
2025-04-30,heart_rate_avg,97.09988949137474,-1
2025-06-25,heart_rate_avg,39.12663612867006,-1
2025-07-07,heart_rate_avg,40.19421861513096,-1
2025-08-24,heart_rate_avg,41.0069897617124,-1
2025-08-28,heart_rate_avg,37.44492915622176,-1
2024-09-11,heart_rate_avg,88.20493520994856,-1
2024-09-23,heart_rate_avg,41.48346906690821,-1
2024-11-02,heart_rate_avg,40.52770899261065,-1
2024-11-28,heart_rate_avg,42.9344583984936,-1
2024-12-17,heart_rate_avg,36.624541723811234,-1
2024-12-22,heart_rate_avg,93.3081918364446,-1
2024-12-24,heart_rate_avg,43.01275770903055,-1
2025-01-08,heart_rate_avg,42.96050459044396,-1
2025-02-04,heart_rate_avg,40.777695543509466,-1
2025-03-24,heart_rate_avg,43.21318950491536,-1
2025-04-23,heart_rate_avg,39.77944931833496,-1
2025-05-12,heart_rate_avg,91.78805603156816,-1
2025-06-19,heart_rate_avg,39.44054896375367,-1
2025-08-08,heart_rate_avg,42.4846876547546,-1
2024-09-06,heart_rate_avg,42.53317473083518,-1
2024-09-29,heart_rate_avg,88.43440403578938,-1
2024-11-16,heart_rate_avg,93.00180292436568,-1
2024-12-15,heart_rate_avg,88.99982298947015,-1
2025-01-13,heart_rate_avg,38.8602738490401,-1
2025-03-25,heart_rate_avg,34.54828425284478,-1
2025-03-27,heart_rate_avg,43.22190597887074,-1
2025-04-12,heart_rate_avg,41.8590378650335,-1
2025-06-08,heart_rate_avg,87.9013349462611,-1
2025-06-19,heart_rate_avg,30.732956407337028,-1
2025-06-25,heart_rate_avg,41.690977363797245,-1
2025-06-26,heart_rate_avg,97.03690978420492,-1
2024-11-07,heart_rate_avg,90.12068121146034,-1
2024-11-21,heart_rate_avg,87.42659468982424,-1
2024-12-04,heart_rate_avg,91.73353897846376,-1
2024-12-17,heart_rate_avg,39.82613137160962,-1
2025-02-18,heart_rate_avg,42.39021388684059,-1
2025-04-09,heart_rate_avg,95.10599119116053,-1
2025-04-16,heart_rate_avg,90.86163783162712,-1
2025-04-25,heart_rate_avg,42.892343058664224,-1
2025-04-27,heart_rate_avg,87.94048970760304,-1
2025-05-26,heart_rate_avg,88.5243704549697,-1
2025-06-14,heart_rate_avg,38.573294950701865,-1
2025-06-20,heart_rate_avg,94.61207296086684,-1
2025-07-28,heart_rate_avg,87.86723595018594,-1
2025-08-24,heart_rate_avg,89.76574839741694,-1
2024-09-16,heart_rate_avg,37.8440389946297,-1
2024-09-21,heart_rate_avg,42.58692552997068,-1
2024-10-19,heart_rate_avg,33.36925436935647,-1
2024-10-20,heart_rate_avg,43.05513620857592,-1
2024-11-02,heart_rate_avg,39.38768721196497,-1
2024-11-05,heart_rate_avg,42.827015492378806,-1
2024-11-12,heart_rate_avg,40.43062177718906,-1
2024-11-23,heart_rate_avg,42.21179919606203,-1
2024-11-28,heart_rate_avg,38.474157468098895,-1
2024-12-25,heart_rate_avg,42.379651387174334,-1
2024-12-30,heart_rate_avg,41.175433356887424,-1
2025-01-03,heart_rate_avg,35.686865651708835,-1
2025-01-06,heart_rate_avg,89.7015415564994,-1
2025-02-12,heart_rate_avg,36.14966405137391,-1
2025-03-05,heart_rate_avg,39.64154195458215,-1
2025-03-10,heart_rate_avg,38.194415943472656,-1
2025-03-20,heart_rate_avg,38.49191169683553,-1
2025-03-24,heart_rate_avg,42.60798872950373,-1
2025-05-01,heart_rate_avg,37.72829854163475,-1
2025-05-07,heart_rate_avg,36.3391649343753,-1
2025-05-16,heart_rate_avg,42.80979691529828,-1
2025-06-01,heart_rate_avg,35.13051289284805,-1
2025-06-17,heart_rate_avg,40.3463844964549,-1
2025-07-05,heart_rate_avg,29.390801720060622,-1
2025-08-01,heart_rate_avg,39.65208458113739,-1
2025-08-10,heart_rate_avg,24.18502460428615,-1
2025-08-14,heart_rate_avg,36.50345589377079,-1
2025-08-18,heart_rate_avg,30.31238495374442,-1
2025-08-24,heart_rate_avg,25.532135588520823,-1
2024-10-08,heart_rate_avg,33.10007160757566,-1
2024-12-15,heart_rate_avg,42.030641974601735,-1
2025-01-02,heart_rate_avg,88.62309695179707,-1
2025-02-15,heart_rate_avg,94.18542622754782,-1
2025-02-17,heart_rate_avg,92.14323828721696,-1
2025-02-28,heart_rate_avg,88.9107586416811,-1
2025-03-06,heart_rate_avg,40.31125151992944,-1
2025-04-22,heart_rate_avg,42.37767548032389,-1
2025-05-19,heart_rate_avg,101.495344989307,-1
2024-10-10,heart_rate_avg,43.0048628439867,-1
2024-11-02,heart_rate_avg,41.013758695453966,-1
2024-12-08,heart_rate_avg,41.357492477190895,-1
2024-12-20,heart_rate_avg,42.97561654194479,-1
2024-12-22,heart_rate_avg,88.20618995352737,-1
2024-12-25,heart_rate_avg,36.89970776425356,-1
2025-01-01,heart_rate_avg,33.515529593679325,-1
2025-01-05,heart_rate_avg,42.28030937682486,-1
2025-01-28,heart_rate_avg,37.283724461741855,-1
2025-02-02,heart_rate_avg,42.82804455196123,-1
2025-02-04,heart_rate_avg,39.95707728559803,-1
2025-02-09,heart_rate_avg,39.747523877733,-1
2025-02-22,heart_rate_avg,34.09428654617702,-1
2025-03-05,heart_rate_avg,41.30420036953317,-1
2025-03-31,heart_rate_avg,41.7455373095852,-1
2025-04-26,heart_rate_avg,40.2045001679988,-1
2025-05-02,heart_rate_avg,42.47974996255231,-1
2025-05-19,heart_rate_avg,88.38634186622454,-1
2025-07-05,heart_rate_avg,41.47384003395794,-1
2025-08-17,heart_rate_avg,41.6427524418247,-1
2024-10-06,heart_rate_avg,89.00080899906692,-1
2024-10-24,heart_rate_avg,93.60359809523143,-1
2024-12-19,heart_rate_avg,102.5217837242659,-1
2025-01-28,heart_rate_avg,88.9729235378389,-1
2025-02-02,heart_rate_avg,38.36088752579619,-1
2025-02-17,heart_rate_avg,96.48030022674882,-1
2025-02-26,heart_rate_avg,88.14453018379871,-1
2025-03-22,heart_rate_avg,42.16043306165677,-1
2025-05-05,heart_rate_avg,88.82117096373977,-1
2025-05-17,heart_rate_avg,88.22366337764036,-1
2025-05-19,heart_rate_avg,41.215701633990726,-1
2025-09-02,heart_rate_avg,89.90667144219034,-1
2024-09-11,heart_rate_avg,25.805131528062255,-1
2024-09-21,heart_rate_avg,15.712877252941844,-1
2024-09-23,heart_rate_avg,40.04552132080661,-1
2024-10-02,heart_rate_avg,36.3980993241197,-1
2024-10-08,heart_rate_avg,36.692511695526015,-1
2024-10-26,heart_rate_avg,31.671898469795245,-1
2024-10-30,heart_rate_avg,35.42512081991924,-1
2024-11-12,heart_rate_avg,38.68990777312187,-1
2024-11-15,heart_rate_avg,38.19505311903944,-1
2024-12-05,heart_rate_avg,39.6012469438178,-1
2024-12-13,heart_rate_avg,41.85857118956895,-1
2024-12-14,heart_rate_avg,37.8477509003224,-1
2024-12-21,heart_rate_avg,41.82492894834599,-1
2024-12-31,heart_rate_avg,38.042262418038376,-1
2025-01-21,heart_rate_avg,40.20512788666208,-1
2025-01-22,heart_rate_avg,43.03245816815929,-1
2025-01-26,heart_rate_avg,42.98142289691239,-1
2025-01-27,heart_rate_avg,37.02393801575015,-1
2025-02-10,heart_rate_avg,41.12496808447622,-1
2025-02-24,heart_rate_avg,42.05699156166124,-1
2025-02-26,heart_rate_avg,31.985122696046812,-1
2025-03-11,heart_rate_avg,40.8897920947352,-1
2025-03-18,heart_rate_avg,30.899347662504645,-1
2025-03-31,heart_rate_avg,34.267537066879555,-1
2025-04-06,heart_rate_avg,24.687461603400852,-1
2025-04-15,heart_rate_avg,43.10358006273164,-1
2025-04-23,heart_rate_avg,24.75540351004751,-1
2025-05-07,heart_rate_avg,37.97492607146744,-1
2025-05-11,heart_rate_avg,37.115810102392985,-1
2025-05-16,heart_rate_avg,41.48545936991541,-1
2025-05-23,heart_rate_avg,34.82101635554348,-1
2025-05-24,heart_rate_avg,41.79177785374803,-1
2025-05-29,heart_rate_avg,35.98655570777785,-1
2025-06-05,heart_rate_avg,29.910309620514333,-1
2025-06-27,heart_rate_avg,41.59900687938151,-1
2025-07-02,heart_rate_avg,29.741661925357786,-1
2025-07-07,heart_rate_avg,38.68205156126827,-1
2025-07-12,heart_rate_avg,38.0625136104804,-1
2025-07-17,heart_rate_avg,41.89612213760986,-1
2025-07-25,heart_rate_avg,35.09775448999706,-1
2025-08-03,heart_rate_avg,42.643788843664495,-1
2025-08-15,heart_rate_avg,42.838728483232586,-1
2024-10-13,heart_rate_avg,89.0021080390649,-1
2024-10-22,heart_rate_avg,30.64024980292762,-1
2025-02-01,heart_rate_avg,36.10186303474703,-1
2025-04-29,heart_rate_avg,42.11853953397451,-1
2025-05-09,heart_rate_avg,42.912943601008365,-1
2025-05-13,heart_rate_avg,94.1536012041793,-1
2025-06-10,heart_rate_avg,87.9470727886998,-1
2025-08-02,heart_rate_avg,88.29278704927694,-1
2024-09-20,heart_rate_avg,37.99587549135069,-1
2024-09-21,heart_rate_avg,42.94689243157201,-1
2024-09-25,heart_rate_avg,41.72873027795288,-1
2024-10-03,heart_rate_avg,42.33235764296192,-1
2024-10-16,heart_rate_avg,36.4784285141384,-1
2024-11-08,heart_rate_avg,38.209624498238,-1
2024-11-10,heart_rate_avg,41.863759125707205,-1
2024-11-19,heart_rate_avg,38.1690766882149,-1
2024-11-27,heart_rate_avg,36.53130078731601,-1
2024-12-11,heart_rate_avg,43.00025422774172,-1
2024-12-25,heart_rate_avg,42.60742014017757,-1
2025-01-04,heart_rate_avg,40.32806796307514,-1
2025-01-08,heart_rate_avg,40.36480993812959,-1
2025-01-20,heart_rate_avg,41.32829772524299,-1
2025-01-30,heart_rate_avg,40.44671068643287,-1
2025-02-26,heart_rate_avg,35.89315733347858,-1
2025-03-02,heart_rate_avg,32.830891888130424,-1
2025-03-08,heart_rate_avg,29.30873579496401,-1
2025-03-09,heart_rate_avg,42.27201293499573,-1
2025-03-25,heart_rate_avg,40.499826915953335,-1
2025-04-01,heart_rate_avg,36.56714836275604,-1
2025-05-22,heart_rate_avg,42.79935329080663,-1
2025-06-12,heart_rate_avg,39.57240179583279,-1
2025-07-04,heart_rate_avg,35.42181934659615,-1
2025-07-05,heart_rate_avg,33.35974876292323,-1
2025-07-06,heart_rate_avg,43.20624474323785,-1
2025-07-26,heart_rate_avg,41.86154382542988,-1
2025-08-09,heart_rate_avg,42.76559051875459,-1
2025-08-20,heart_rate_avg,28.432949266346736,-1
2024-10-23,heart_rate_avg,35.52730193297006,-1
2024-10-25,heart_rate_avg,36.82885616884786,-1
2024-11-04,heart_rate_avg,39.26293468129802,-1
2024-11-17,heart_rate_avg,90.55414250270832,-1
2024-12-16,heart_rate_avg,40.76165882208632,-1
2025-01-16,heart_rate_avg,88.22200384623834,-1
2025-03-03,heart_rate_avg,37.67639917858602,-1
2025-03-05,heart_rate_avg,93.94499436228774,-1
2025-04-29,heart_rate_avg,33.74926389804902,-1
2025-05-18,heart_rate_avg,33.54116441983274,-1
2025-05-19,heart_rate_avg,36.83786307466039,-1
2025-06-12,heart_rate_avg,42.1808374890062,-1
2025-07-26,heart_rate_avg,40.34990230862645,-1
2025-08-10,heart_rate_avg,38.00346283516256,-1
2024-11-07,heart_rate_avg,40.59920117395971,-1
2024-11-09,heart_rate_avg,40.67747078517032,-1
2024-11-18,heart_rate_avg,35.97550523193932,-1
2024-12-06,heart_rate_avg,41.31691935614914,-1
2025-01-12,heart_rate_avg,37.54844179661256,-1
2025-01-29,heart_rate_avg,39.51385976078787,-1
2025-01-30,heart_rate_avg,87.47166194669441,-1
2025-02-02,heart_rate_avg,92.53049867253968,-1
2025-02-13,heart_rate_avg,41.827266454875215,-1
2025-02-19,heart_rate_avg,88.06398773350102,-1
2025-03-14,heart_rate_avg,39.17809707184416,-1
2025-05-22,heart_rate_avg,30.71131891868779,-1
2025-05-27,heart_rate_avg,36.204820842699576,-1
2025-06-27,heart_rate_avg,40.36341299708353,-1
2025-07-05,heart_rate_avg,42.69775170672555,-1
2025-07-26,heart_rate_avg,40.20243106763783,-1
2024-09-28,heart_rate_avg,88.67041334363101,-1
2024-12-22,heart_rate_avg,40.54405559605944,-1
2024-12-24,heart_rate_avg,41.85541955617337,-1
2025-03-11,heart_rate_avg,96.36822966340594,-1
2025-04-18,heart_rate_avg,89.2612893362261,-1
2025-05-13,heart_rate_avg,42.41057633309211,-1
2025-06-18,heart_rate_avg,93.79921701604164,-1
2025-08-11,heart_rate_avg,41.03971172011551,-1
2025-08-28,heart_rate_avg,90.7414014813042,-1
2025-09-02,heart_rate_avg,88.23811688625258,-1
2024-09-27,heart_rate_avg,41.77362642236469,-1
2024-11-16,heart_rate_avg,41.49381356195333,-1
2024-11-23,heart_rate_avg,37.66181530735639,-1
2024-12-16,heart_rate_avg,42.84496768280225,-1
2024-12-25,heart_rate_avg,39.84654397737864,-1
2025-01-05,heart_rate_avg,38.59525764242477,-1
2025-01-09,heart_rate_avg,91.48475826735348,-1
2025-02-23,heart_rate_avg,40.28749951448194,-1
2025-03-02,heart_rate_avg,42.19340313761356,-1
2025-04-01,heart_rate_avg,36.29667199686126,-1
2025-04-12,heart_rate_avg,32.610250551700645,-1
2025-04-16,heart_rate_avg,41.752872715980025,-1
2025-05-03,heart_rate_avg,42.75629399641127,-1
2025-05-04,heart_rate_avg,34.870122391910414,-1
2025-05-22,heart_rate_avg,42.3710383406989,-1
2025-05-27,heart_rate_avg,40.41333872942449,-1
2025-07-09,heart_rate_avg,40.93084759375613,-1
2025-07-10,heart_rate_avg,39.44314463210485,-1
2025-08-03,heart_rate_avg,34.99252411210881,-1
2025-08-07,heart_rate_avg,41.98936849608795,-1
2025-08-17,heart_rate_avg,40.30513703717348,-1
2025-08-25,heart_rate_avg,30.96136364406488,-1
2024-11-03,heart_rate_avg,40.98847506942452,-1
2024-12-07,heart_rate_avg,92.11683957442568,-1
2024-12-08,heart_rate_avg,88.64551492528965,-1
2025-01-07,heart_rate_avg,87.59518119453891,-1
2025-01-10,heart_rate_avg,37.47174013305167,-1
2025-01-14,heart_rate_avg,90.51402700986462,-1
2025-02-18,heart_rate_avg,95.31805076659252,-1
2025-03-01,heart_rate_avg,88.1979133928525,-1
2025-04-15,heart_rate_avg,94.4495531666594,-1
2025-05-31,heart_rate_avg,90.7777378134478,-1
2025-06-14,heart_rate_avg,90.3706079488468,-1
2025-08-29,heart_rate_avg,90.67201381535918,-1
2024-09-06,heart_rate_avg,40.95541403904013,-1
2024-09-20,heart_rate_avg,40.15019881675357,-1
2024-10-12,heart_rate_avg,39.31530204723172,-1
2024-10-19,heart_rate_avg,39.237144643598825,-1
2024-10-27,heart_rate_avg,31.69050986539088,-1
2024-11-06,heart_rate_avg,39.20773459149984,-1
2024-11-08,heart_rate_avg,42.73447644100975,-1
2024-12-08,heart_rate_avg,42.85350167108764,-1
2025-01-18,heart_rate_avg,28.59739551646524,-1
2025-02-22,heart_rate_avg,42.96849994958596,-1
2025-03-08,heart_rate_avg,37.34811280413015,-1
2025-03-19,heart_rate_avg,42.93097890263866,-1
2025-03-20,heart_rate_avg,40.85844232864538,-1
2025-05-13,heart_rate_avg,39.85118163490365,-1
2025-05-29,heart_rate_avg,42.210008082796776,-1
2025-06-28,heart_rate_avg,40.94219066514136,-1
2025-07-14,heart_rate_avg,39.70471859596203,-1
2025-07-26,heart_rate_avg,40.69557816802895,-1
2025-07-28,heart_rate_avg,34.99693131642827,-1
2025-07-30,heart_rate_avg,41.53247691136673,-1
2025-08-09,heart_rate_avg,90.57761249505278,-1
2025-08-10,heart_rate_avg,34.33036122371493,-1
2024-09-12,heart_rate_avg,87.92063979544928,-1
2024-09-16,heart_rate_avg,88.36207417457636,-1
2024-09-17,heart_rate_avg,88.02658506303514,-1
2024-10-01,heart_rate_avg,87.55594427345547,-1
2024-10-10,heart_rate_avg,90.68715642622064,-1
2024-10-11,heart_rate_avg,87.57730415868133,-1
2024-10-12,heart_rate_avg,87.95828548955885,-1
2024-10-14,heart_rate_avg,90.64792252174296,-1
2024-10-23,heart_rate_avg,88.52746971261492,-1
2024-10-29,heart_rate_avg,90.06726598020906,-1
2024-11-02,heart_rate_avg,88.88181133266917,-1
2024-12-11,heart_rate_avg,107.29315758628276,-1
2024-12-12,heart_rate_avg,88.12124595196974,-1
2024-12-14,heart_rate_avg,100.59671264348056,-1
2024-12-16,heart_rate_avg,89.82295529510917,-1
2024-12-17,heart_rate_avg,93.71588940252246,-1
2024-12-31,heart_rate_avg,89.89650081937916,-1
2025-01-07,heart_rate_avg,89.08179052450505,-1
2025-01-09,heart_rate_avg,87.79495350904487,-1
2025-01-23,heart_rate_avg,97.19358377951058,-1
2025-02-01,heart_rate_avg,87.61921581050012,-1
2025-02-16,heart_rate_avg,113.3256187704862,-1
2025-02-19,heart_rate_avg,89.22595731623325,-1
2025-03-07,heart_rate_avg,94.19999298236398,-1
2025-03-11,heart_rate_avg,90.49664767694284,-1
2025-03-26,heart_rate_avg,88.32760878305231,-1
2025-05-19,heart_rate_avg,92.97864689252908,-1
2025-05-31,heart_rate_avg,87.45786037135179,-1
2025-06-01,heart_rate_avg,89.86246293368785,-1
2025-06-18,heart_rate_avg,89.38714480479175,-1
2025-06-20,heart_rate_avg,91.12687124182376,-1
2025-06-23,heart_rate_avg,92.05468395792995,-1
2025-06-24,heart_rate_avg,87.58196604476842,-1
2025-07-17,heart_rate_avg,108.16524367925946,-1
2025-07-24,heart_rate_avg,39.5435629896057,-1
2025-07-29,heart_rate_avg,88.5824110704628,-1
2025-08-05,heart_rate_avg,99.10210190181058,-1
2025-08-06,heart_rate_avg,92.0855726933634,-1
2025-08-26,heart_rate_avg,93.74381998141295,-1
2025-09-02,heart_rate_avg,97.00568753986096,-1
2024-09-15,heart_rate_avg,41.52144732464005,-1
2024-09-28,heart_rate_avg,88.29674062479631,-1
2024-11-15,heart_rate_avg,42.16631194786433,-1
2024-11-16,heart_rate_avg,33.78201841060691,-1
2024-12-14,heart_rate_avg,87.7128851739173,-1
2025-03-14,heart_rate_avg,36.65439490299173,-1
2025-04-04,heart_rate_avg,94.92510383702862,-1
2025-06-18,heart_rate_avg,42.30908537528266,-1
2025-07-01,heart_rate_avg,39.48899218936384,-1
2025-07-05,heart_rate_avg,39.26869695933212,-1
2025-07-12,heart_rate_avg,101.80528220556084,-1
2025-09-02,heart_rate_avg,38.74308149244524,-1
2025-09-05,heart_rate_avg,41.88718966239453,-1
2024-10-08,heart_rate_avg,87.7860729343922,-1
2024-10-23,heart_rate_avg,42.20461194627162,-1
2024-11-03,heart_rate_avg,89.5733199878911,-1
2024-11-18,heart_rate_avg,90.85491986587016,-1
2024-12-12,heart_rate_avg,32.90596728008533,-1
2024-12-22,heart_rate_avg,87.83289600035447,-1
2025-01-12,heart_rate_avg,91.581246646607,-1
2025-01-17,heart_rate_avg,34.362698645498114,-1
2025-01-26,heart_rate_avg,90.44928352842236,-1
2025-03-09,heart_rate_avg,33.99990581389171,-1
2025-03-14,heart_rate_avg,88.09888112244096,-1
2025-03-23,heart_rate_avg,38.03832321207482,-1
2025-03-27,heart_rate_avg,91.21065897242453,-1
2025-04-22,heart_rate_avg,90.76133475702365,-1
2025-06-10,heart_rate_avg,88.54577161580009,-1
2025-08-28,heart_rate_avg,42.75849287936884,-1
2024-09-25,heart_rate_avg,38.73418838299326,-1
2024-10-13,heart_rate_avg,37.44449487472987,-1
2024-10-31,heart_rate_avg,42.813925864519305,-1
2025-03-14,heart_rate_avg,42.34408198227965,-1
2025-05-25,heart_rate_avg,42.83508499373987,-1
2025-06-28,heart_rate_avg,40.90729433571264,-1
2025-08-20,heart_rate_avg,92.47584866590071,-1
2025-08-21,heart_rate_avg,39.46971577858295,-1
2024-10-17,heart_rate_avg,39.29660457951066,-1
2024-11-07,heart_rate_avg,37.97300445396726,-1
2024-11-20,heart_rate_avg,41.2806301584677,-1
2025-02-03,heart_rate_avg,89.34453363612879,-1
2025-04-30,heart_rate_avg,89.17339267501947,-1
2025-08-02,heart_rate_avg,88.05888681301613,-1
2024-10-17,heart_rate_avg,33.852365048113,-1
2024-11-18,heart_rate_avg,91.94132682889868,-1
2024-12-14,heart_rate_avg,38.03518898535052,-1
2025-01-19,heart_rate_avg,37.796405537255424,-1
2025-01-24,heart_rate_avg,87.83376774387523,-1
2025-04-04,heart_rate_avg,88.92453045575226,-1
2025-04-22,heart_rate_avg,35.00633514347504,-1
2025-05-18,heart_rate_avg,39.44201930064348,-1
2025-07-31,heart_rate_avg,39.26003186314386,-1
2025-08-19,heart_rate_avg,87.4973827745954,-1
2024-09-20,heart_rate_avg,42.17081624486678,-1
2024-10-20,heart_rate_avg,96.5723232686419,-1
2024-11-02,heart_rate_avg,89.65704797189404,-1
2025-01-20,heart_rate_avg,94.50868303534212,-1
2025-02-01,heart_rate_avg,90.54435913933244,-1
2025-03-05,heart_rate_avg,92.75685360202488,-1
2025-04-19,heart_rate_avg,88.7423336418793,-1
2025-05-29,heart_rate_avg,40.95020532977016,-1
2025-07-23,heart_rate_avg,89.31571260321128,-1
2025-08-22,heart_rate_avg,87.47065398096251,-1
2025-08-29,heart_rate_avg,93.48730745120842,-1
2024-09-11,heart_rate_avg,40.28395600137634,-1
2024-09-21,heart_rate_avg,42.59258814456596,-1
2024-10-01,heart_rate_avg,41.33231739847683,-1
2024-10-02,heart_rate_avg,42.28060497362528,-1
2024-10-13,heart_rate_avg,41.491726194877856,-1
2024-10-25,heart_rate_avg,41.26199681707982,-1
2024-10-29,heart_rate_avg,34.957526205479866,-1
2024-11-14,heart_rate_avg,38.54883667049051,-1
2024-11-27,heart_rate_avg,39.81540567912212,-1
2024-12-18,heart_rate_avg,35.07387416842613,-1
2025-01-16,heart_rate_avg,32.63191783310265,-1
2025-01-21,heart_rate_avg,41.23056804478384,-1
2025-02-21,heart_rate_avg,38.94959613732603,-1
2025-03-19,heart_rate_avg,39.98341510916904,-1
2025-04-08,heart_rate_avg,41.70031161879747,-1
2025-04-17,heart_rate_avg,42.39007209346034,-1
2025-04-20,heart_rate_avg,34.54942148105988,-1
2025-05-04,heart_rate_avg,42.99226124183978,-1
2025-05-14,heart_rate_avg,41.94825152887533,-1
2025-05-18,heart_rate_avg,36.63391527682069,-1
2025-05-31,heart_rate_avg,42.183272849941005,-1
2025-06-09,heart_rate_avg,34.16311997474123,-1
2025-06-18,heart_rate_avg,41.50487306536238,-1
2025-06-19,heart_rate_avg,38.40258756149426,-1
2025-07-05,heart_rate_avg,42.91144300602221,-1
2025-07-18,heart_rate_avg,41.62112832964191,-1
2025-07-22,heart_rate_avg,43.0721507585445,-1
2025-08-06,heart_rate_avg,42.73689622837266,-1
2025-08-11,heart_rate_avg,39.7717510471728,-1
2025-08-14,heart_rate_avg,31.12432656008185,-1
2025-08-19,heart_rate_avg,41.00484486825001,-1
2025-08-28,heart_rate_avg,38.22794885734868,-1
2025-08-30,heart_rate_avg,35.320906515492865,-1
2024-09-11,heart_rate_avg,38.47690810899154,-1
2024-09-14,heart_rate_avg,33.71167901949323,-1
2024-09-19,heart_rate_avg,93.88497060383044,-1
2024-11-07,heart_rate_avg,94.00382241364602,-1
2024-11-24,heart_rate_avg,42.366851225170834,-1
2024-12-26,heart_rate_avg,88.55054591110645,-1
2025-01-03,heart_rate_avg,42.12389522753873,-1
2025-01-05,heart_rate_avg,41.06754377881127,-1
2025-02-13,heart_rate_avg,41.86865814213503,-1
2025-04-28,heart_rate_avg,37.54144560831013,-1
2025-07-22,heart_rate_avg,43.09904606254992,-1
2025-08-12,heart_rate_avg,87.44075966485421,-1
2024-10-17,heart_rate_avg,33.876031102986474,-1
2024-11-06,heart_rate_avg,42.531439458766826,-1
2024-12-13,heart_rate_avg,43.21310645287159,-1
2024-12-17,heart_rate_avg,90.96943213376026,-1
2024-12-31,heart_rate_avg,33.89743190790232,-1
2025-02-05,heart_rate_avg,43.16415913639316,-1
2025-02-24,heart_rate_avg,41.66111260876741,-1
2025-03-03,heart_rate_avg,97.5450444356422,-1
2025-04-11,heart_rate_avg,39.279305011770745,-1
2025-04-18,heart_rate_avg,41.07140013432096,-1
2025-04-19,heart_rate_avg,36.481864988785695,-1
2025-04-27,heart_rate_avg,39.18684799382765,-1
2025-06-17,heart_rate_avg,40.837049259437,-1
2025-07-01,heart_rate_avg,41.21081851010192,-1
2025-07-03,heart_rate_avg,40.38191948974519,-1
2024-09-15,heart_rate_avg,39.03531420750133,-1
2024-10-07,heart_rate_avg,42.15535006120925,-1
2024-10-08,heart_rate_avg,38.73635503951266,-1
2024-10-28,heart_rate_avg,38.76810057865592,-1
2024-10-30,heart_rate_avg,38.49803898958768,-1
2025-01-07,heart_rate_avg,41.95556314760454,-1
2025-01-20,heart_rate_avg,40.37665396263627,-1
2025-01-23,heart_rate_avg,42.47977957799132,-1
2025-02-10,heart_rate_avg,37.4137205220849,-1
2025-03-15,heart_rate_avg,38.105178891647725,-1
2025-03-27,heart_rate_avg,42.97013183175824,-1
2025-04-16,heart_rate_avg,40.37655235523247,-1
2025-04-23,heart_rate_avg,35.919895066279764,-1
2025-05-07,heart_rate_avg,39.06748764486608,-1
2025-05-27,heart_rate_avg,38.35053883305192,-1
2025-06-16,heart_rate_avg,38.48470948810596,-1
2025-06-20,heart_rate_avg,91.1750780815794,-1
2025-07-02,heart_rate_avg,36.40906084382588,-1
2025-08-21,heart_rate_avg,42.91258969991068,-1
2025-08-24,heart_rate_avg,37.07546077918296,-1
2025-08-25,heart_rate_avg,40.76661803554386,-1
2025-08-29,heart_rate_avg,39.9928342715628,-1
2024-09-26,heart_rate_avg,88.96214297464223,-1
2024-10-02,heart_rate_avg,40.4455480740994,-1
2024-10-22,heart_rate_avg,42.13660481162607,-1
2024-10-26,heart_rate_avg,42.05072974864105,-1
2024-11-27,heart_rate_avg,41.1077969379546,-1
2024-12-10,heart_rate_avg,37.07081261199375,-1
2024-12-19,heart_rate_avg,38.50104162056101,-1
2024-12-28,heart_rate_avg,89.80266650266296,-1
2025-01-11,heart_rate_avg,41.18280084715843,-1
2025-01-12,heart_rate_avg,88.14292630163676,-1
2025-01-21,heart_rate_avg,41.81608343372259,-1
2025-03-16,heart_rate_avg,39.81715808656919,-1
2025-03-18,heart_rate_avg,39.37907029552507,-1
2025-04-02,heart_rate_avg,28.46129300727055,-1
2025-04-26,heart_rate_avg,36.876258438189815,-1
2025-05-11,heart_rate_avg,36.631267883908535,-1
2025-05-29,heart_rate_avg,42.8430971668188,-1
2025-07-17,heart_rate_avg,41.00902792346616,-1
2025-07-24,heart_rate_avg,41.18593112336523,-1
2025-08-08,heart_rate_avg,42.71129194002755,-1
2025-08-19,heart_rate_avg,42.26149329928528,-1
2024-09-17,heart_rate_avg,92.14483513903797,-1
2024-09-22,heart_rate_avg,95.80156467493822,-1
2024-10-07,heart_rate_avg,94.58393761969148,-1
2024-10-26,heart_rate_avg,90.23055054351072,-1
2024-11-05,heart_rate_avg,92.92608738827713,-1
2024-11-10,heart_rate_avg,87.40289318371505,-1
2024-11-26,heart_rate_avg,92.45490424281864,-1
2024-11-29,heart_rate_avg,110.2178522020606,-1
2025-01-15,heart_rate_avg,95.97171851243502,-1
2025-02-02,heart_rate_avg,88.85157772207499,-1
2025-03-03,heart_rate_avg,89.16015106890717,-1
2025-03-14,heart_rate_avg,98.2397254266501,-1
2025-03-29,heart_rate_avg,88.5441815671646,-1
2025-04-27,heart_rate_avg,93.44465432777356,-1
2025-06-09,heart_rate_avg,88.41531154630859,-1
2025-06-11,heart_rate_avg,87.8735784402141,-1
2025-07-02,heart_rate_avg,91.8879735791456,-1
2025-07-08,heart_rate_avg,88.23137522835447,-1
2025-07-15,heart_rate_avg,94.38858244810798,-1
2025-07-17,heart_rate_avg,90.29596988509384,-1
2025-07-30,heart_rate_avg,87.50256061388679,-1
2025-08-21,heart_rate_avg,89.06423749073338,-1
2025-08-27,heart_rate_avg,96.37734162625476,-1
2024-09-11,heart_rate_avg,42.81658910591243,-1
2024-09-12,heart_rate_avg,33.37761198198699,-1
2024-10-03,heart_rate_avg,42.89448726815669,-1
2024-10-11,heart_rate_avg,95.31827468553138,-1
2024-10-27,heart_rate_avg,38.83203047040135,-1
2025-02-11,heart_rate_avg,90.16700156730826,-1
2025-04-12,heart_rate_avg,89.198619595514,-1
2025-05-13,heart_rate_avg,95.91412747599836,-1
2025-06-20,heart_rate_avg,89.22856208353522,-1
2025-06-28,heart_rate_avg,95.99800358626132,-1
2024-09-12,heart_rate_avg,42.60990303410904,-1
2024-09-24,heart_rate_avg,36.55993395374482,-1
2024-11-08,heart_rate_avg,35.313854835247085,-1
2024-11-23,heart_rate_avg,32.272404937805035,-1
2024-12-08,heart_rate_avg,41.98902051289542,-1
2024-12-22,heart_rate_avg,43.11643326309638,-1
2024-12-24,heart_rate_avg,25.7716088915005,-1
2025-02-08,heart_rate_avg,96.26820688082547,-1
2025-02-15,heart_rate_avg,42.09922946515027,-1
2025-04-14,heart_rate_avg,92.05431166638716,-1
2025-05-24,heart_rate_avg,39.078710866084656,-1
2025-06-26,heart_rate_avg,42.58127486765388,-1
2025-07-19,heart_rate_avg,42.651922309962856,-1
2025-08-15,heart_rate_avg,42.05921620803777,-1
2025-09-03,heart_rate_avg,40.50412919751224,-1
2024-09-18,heart_rate_avg,89.89542494707494,-1
2024-09-20,heart_rate_avg,88.79404577893385,-1
2024-11-25,heart_rate_avg,92.1828122751456,-1
2025-01-04,heart_rate_avg,92.71349435289056,-1
2025-01-12,heart_rate_avg,42.34161590359275,-1
2025-02-05,heart_rate_avg,88.36059426204206,-1
2025-02-25,heart_rate_avg,91.71273001653896,-1
2025-04-27,heart_rate_avg,87.47254212599901,-1
2025-05-04,heart_rate_avg,41.65660282037493,-1
2025-06-07,heart_rate_avg,89.41793712073384,-1
2024-11-26,heart_rate_avg,43.14810095334758,-1
2024-12-31,heart_rate_avg,38.99763776589009,-1
2025-01-12,heart_rate_avg,34.108195973895846,-1
2025-01-13,heart_rate_avg,91.28683445878129,-1
2025-01-14,heart_rate_avg,39.666359502702896,-1
2025-01-19,heart_rate_avg,41.848751026873714,-1
2025-02-02,heart_rate_avg,38.47995675722768,-1
2025-04-10,heart_rate_avg,42.51364048049583,-1
2025-05-20,heart_rate_avg,89.94372942471034,-1
2025-07-02,heart_rate_avg,95.71247955171616,-1
2025-08-27,heart_rate_avg,40.37327983710641,-1
2024-09-13,heart_rate_avg,41.18838737807246,-1
2024-09-14,heart_rate_avg,88.40152501350822,-1
2024-09-16,heart_rate_avg,95.138087510669,-1
2024-09-27,heart_rate_avg,93.15490675637956,-1
2024-10-05,heart_rate_avg,88.20903621669328,-1
2024-11-21,heart_rate_avg,88.99895789592193,-1
2025-03-14,heart_rate_avg,87.57991425255597,-1
2025-03-29,heart_rate_avg,35.852940714182346,-1
2025-04-19,heart_rate_avg,91.07739241954548,-1
2025-04-28,heart_rate_avg,88.24377746581938,-1
2025-05-31,heart_rate_avg,94.14022589816932,-1
2025-06-07,heart_rate_avg,92.00471143052673,-1
2025-06-26,heart_rate_avg,90.10871344050354,-1
2025-07-11,heart_rate_avg,90.25718054459398,-1
2025-09-01,heart_rate_avg,88.34140999827957,-1
2024-09-24,heart_rate_avg,41.6947368677411,-1
2024-10-09,heart_rate_avg,39.3158448823811,-1
2024-10-29,heart_rate_avg,43.11729268646884,-1
2024-12-04,heart_rate_avg,40.748034646139146,-1
2024-12-19,heart_rate_avg,40.09375586616568,-1
2024-12-28,heart_rate_avg,88.0798442420096,-1
2024-12-30,heart_rate_avg,97.47532237740955,-1
2025-01-01,heart_rate_avg,41.81859849094191,-1
2025-01-09,heart_rate_avg,37.7793200199622,-1
2025-01-13,heart_rate_avg,88.26918673526694,-1
2025-01-22,heart_rate_avg,39.31650916626998,-1
2025-02-21,heart_rate_avg,90.03222474475953,-1
2025-03-02,heart_rate_avg,89.20876457911932,-1
2025-03-08,heart_rate_avg,40.755720757761424,-1
2025-03-16,heart_rate_avg,40.66548031199679,-1
2025-04-23,heart_rate_avg,89.61358697345182,-1
2025-04-24,heart_rate_avg,39.97228007410004,-1
2025-05-04,heart_rate_avg,38.56111980412638,-1
2024-09-13,heart_rate_avg,97.54106793925446,-1
2024-09-18,heart_rate_avg,88.33079480356068,-1
2024-09-24,heart_rate_avg,90.01846324374321,-1
2024-09-26,heart_rate_avg,93.03607126708992,-1
2024-09-27,heart_rate_avg,90.97157543474076,-1
2024-10-16,heart_rate_avg,91.32582425048442,-1
2024-11-06,heart_rate_avg,99.11511383189573,-1
2024-11-25,heart_rate_avg,87.96657000159473,-1
2024-12-29,heart_rate_avg,89.45688137939806,-1
2025-01-13,heart_rate_avg,87.89513910459408,-1
2025-01-18,heart_rate_avg,88.69385707862716,-1
2025-02-02,heart_rate_avg,88.08322526192457,-1
2025-02-14,heart_rate_avg,96.0431433603998,-1
2025-03-15,heart_rate_avg,92.09975233182358,-1
2025-03-24,heart_rate_avg,89.51599814197768,-1
2025-03-25,heart_rate_avg,100.73561681661766,-1
2025-04-11,heart_rate_avg,95.5303604616534,-1
2025-04-20,heart_rate_avg,101.91566055860976,-1
2025-05-06,heart_rate_avg,88.14016410894715,-1
2025-06-06,heart_rate_avg,88.29826669426475,-1
2025-06-14,heart_rate_avg,91.42909343300812,-1
2025-07-04,heart_rate_avg,87.76088818370236,-1
2025-07-14,heart_rate_avg,90.42435654285184,-1
2025-08-15,heart_rate_avg,94.52634014243998,-1
2025-08-16,heart_rate_avg,89.80964093035948,-1
2024-09-26,heart_rate_avg,42.209405750906406,-1
2024-10-16,heart_rate_avg,41.64072975209177,-1
2024-10-20,heart_rate_avg,40.35347411936237,-1
2024-10-26,heart_rate_avg,38.938107450250776,-1
2024-11-07,heart_rate_avg,32.1993757364378,-1
2024-11-15,heart_rate_avg,37.02927844179609,-1
2024-11-19,heart_rate_avg,37.11875811564119,-1
2024-12-16,heart_rate_avg,42.187746968284216,-1
2024-12-23,heart_rate_avg,41.56980777123134,-1
2025-01-02,heart_rate_avg,42.120005676318286,-1
2025-01-05,heart_rate_avg,32.13181713332638,-1
2025-01-13,heart_rate_avg,42.2043699871758,-1
2025-01-16,heart_rate_avg,34.369005008365576,-1
2025-01-22,heart_rate_avg,41.15458663355902,-1
2025-02-15,heart_rate_avg,40.75184470368632,-1
2025-02-27,heart_rate_avg,38.9828824259443,-1
2025-04-02,heart_rate_avg,37.36686901546717,-1
2025-04-24,heart_rate_avg,40.64287288105903,-1
2025-05-26,heart_rate_avg,43.08799270039842,-1
2025-06-29,heart_rate_avg,42.107010761794015,-1
2025-07-18,heart_rate_avg,43.11829898374373,-1
2025-07-24,heart_rate_avg,41.958683058428,-1
2025-07-28,heart_rate_avg,29.74940999213364,-1
2025-08-23,heart_rate_avg,42.66652769571914,-1
2025-08-28,heart_rate_avg,40.06077299727662,-1
2025-09-04,heart_rate_avg,37.71411177876074,-1
2024-09-26,heart_rate_avg,87.9316254994199,-1
2024-10-07,heart_rate_avg,32.766953522545435,-1
2025-01-01,heart_rate_avg,40.65807407582153,-1
2025-03-29,heart_rate_avg,92.5816751343344,-1
2025-06-07,heart_rate_avg,37.68547120610269,-1
2025-06-22,heart_rate_avg,91.53323659894342,-1
2025-08-17,heart_rate_avg,37.35997956523471,-1
2024-09-07,heart_rate_avg,42.05022718352304,-1
2024-09-22,heart_rate_avg,38.707284496869775,-1
2024-10-02,heart_rate_avg,41.718135233643366,-1
2024-10-04,heart_rate_avg,39.86338765303197,-1
2024-10-10,heart_rate_avg,43.06545260271552,-1
2024-11-16,heart_rate_avg,35.84314190543924,-1
2024-12-21,heart_rate_avg,28.2255442304234,-1
2024-12-23,heart_rate_avg,39.55621076774807,-1
2025-02-03,heart_rate_avg,41.47960093743232,-1
2025-02-10,heart_rate_avg,41.19323249249943,-1
2025-03-18,heart_rate_avg,41.41740872474354,-1
2025-03-22,heart_rate_avg,43.19068758391783,-1
2025-04-02,heart_rate_avg,37.34785855135755,-1
2025-04-04,heart_rate_avg,40.637790331000346,-1
2025-04-20,heart_rate_avg,42.86985882884729,-1
2025-06-05,heart_rate_avg,35.22027909387829,-1
2025-06-15,heart_rate_avg,88.80097747719094,-1
2025-06-21,heart_rate_avg,40.50930720721286,-1
2025-08-01,heart_rate_avg,36.8389539120233,-1
2025-08-02,heart_rate_avg,41.69367033374751,-1
2025-09-01,heart_rate_avg,41.1680938168096,-1
2024-10-11,heart_rate_avg,34.923364762536494,-1
2024-10-16,heart_rate_avg,92.44340454799702,-1
2024-11-12,heart_rate_avg,39.98393499002823,-1
2024-12-22,heart_rate_avg,40.485371761546816,-1
2025-03-15,heart_rate_avg,91.63255263088,-1
2025-05-02,heart_rate_avg,41.9832225633166,-1
2025-06-06,heart_rate_avg,35.65870404242073,-1
2024-11-07,heart_rate_avg,91.89932418582002,-1
2024-12-13,heart_rate_avg,89.24327038453288,-1
2024-12-28,heart_rate_avg,88.18347770092991,-1
2024-12-31,heart_rate_avg,90.62352817777108,-1
2025-02-16,heart_rate_avg,95.2523554024776,-1
2025-02-18,heart_rate_avg,87.4971617957002,-1
2025-02-27,heart_rate_avg,91.987889738835,-1
2025-03-27,heart_rate_avg,97.19840401698798,-1
2025-04-03,heart_rate_avg,104.83768036039493,-1
2025-04-17,heart_rate_avg,90.57605851681087,-1
2025-04-23,heart_rate_avg,94.55930375613642,-1
2025-06-13,heart_rate_avg,100.27596800149657,-1
2025-06-27,heart_rate_avg,88.64498129432872,-1
2025-07-23,heart_rate_avg,105.33066261462317,-1
2025-08-01,heart_rate_avg,90.10015792540614,-1
2025-08-28,heart_rate_avg,95.2267861116363,-1
2024-09-23,heart_rate_avg,42.48054637621138,-1
2024-09-27,heart_rate_avg,42.03154369263491,-1
2024-10-08,heart_rate_avg,96.24120089466663,-1
2024-10-12,heart_rate_avg,38.27920790028901,-1
2024-12-07,heart_rate_avg,35.81690294220935,-1
2025-01-09,heart_rate_avg,41.52678537652255,-1
2025-01-14,heart_rate_avg,89.9972481006694,-1
2025-01-24,heart_rate_avg,38.752441631907786,-1
2025-02-03,heart_rate_avg,42.58378299623837,-1
2025-03-10,heart_rate_avg,43.17435892356416,-1
2025-04-21,heart_rate_avg,33.76924813568245,-1
2025-05-07,heart_rate_avg,36.30927330993506,-1
2025-05-12,heart_rate_avg,40.63771657663489,-1
2025-05-13,heart_rate_avg,37.66308408315975,-1
2025-05-14,heart_rate_avg,39.8883520301661,-1
2025-06-05,heart_rate_avg,35.61429900266104,-1
2025-06-13,heart_rate_avg,42.73875205093411,-1
2025-06-21,heart_rate_avg,39.10285953789288,-1
2025-07-07,heart_rate_avg,40.36813821821007,-1
2025-07-10,heart_rate_avg,41.242802171272615,-1
2025-07-24,heart_rate_avg,40.88347157920606,-1
2025-08-02,heart_rate_avg,33.9197651514374,-1
2025-08-10,heart_rate_avg,42.83175584464712,-1
2025-09-05,heart_rate_avg,39.117057944268375,-1
2024-09-13,heart_rate_avg,41.61761054908301,-1
2024-11-02,heart_rate_avg,39.46930747013542,-1
2024-11-05,heart_rate_avg,42.76555246089456,-1
2024-12-14,heart_rate_avg,89.05630258461093,-1
2025-02-16,heart_rate_avg,93.6745354358958,-1
2025-03-13,heart_rate_avg,43.07835388927515,-1
2025-03-18,heart_rate_avg,41.241292535539735,-1
2025-04-15,heart_rate_avg,39.143546153677065,-1
2025-04-27,heart_rate_avg,37.4524633497226,-1
2025-05-19,heart_rate_avg,39.10638021176929,-1
2025-05-28,heart_rate_avg,39.48543310950264,-1
2025-07-19,heart_rate_avg,90.36536904269173,-1
2025-08-23,heart_rate_avg,35.57305261115174,-1
2024-09-09,heart_rate_avg,88.56416084652284,-1
2024-09-12,heart_rate_avg,87.88444894349169,-1
2024-09-24,heart_rate_avg,40.74562885800992,-1
2025-03-29,heart_rate_avg,91.97654388146624,-1
2024-09-08,heart_rate_avg,18.3814284947658,-1
2024-10-09,heart_rate_avg,40.07051865506536,-1
2024-10-10,heart_rate_avg,43.081982871911904,-1
2024-11-29,heart_rate_avg,43.12523285611931,-1
2024-12-04,heart_rate_avg,40.49033267839387,-1
2024-12-16,heart_rate_avg,42.396285558991806,-1
2025-01-14,heart_rate_avg,32.65510695700341,-1
2025-01-15,heart_rate_avg,33.74545398714632,-1
2025-01-24,heart_rate_avg,41.12713223119454,-1
2025-02-07,heart_rate_avg,39.37158962208496,-1
2025-02-16,heart_rate_avg,40.83598416744151,-1
2025-03-18,heart_rate_avg,39.92859936080709,-1
2025-03-20,heart_rate_avg,39.21356035114928,-1
2025-03-26,heart_rate_avg,42.67355676903864,-1
2025-03-28,heart_rate_avg,42.681657265940544,-1
2025-03-31,heart_rate_avg,37.374498311919965,-1
2025-04-09,heart_rate_avg,42.24333828512057,-1
2025-04-29,heart_rate_avg,36.65838348704932,-1
2025-05-10,heart_rate_avg,39.93964061672401,-1
2025-05-23,heart_rate_avg,33.58926051103685,-1
2025-06-06,heart_rate_avg,34.29414651477563,-1
2025-06-18,heart_rate_avg,42.35070003697809,-1
2025-06-22,heart_rate_avg,42.01477736570886,-1
2025-06-30,heart_rate_avg,37.079537020118295,-1
2025-07-12,heart_rate_avg,40.92198391366327,-1
2025-07-21,heart_rate_avg,41.334645876567095,-1
2025-08-01,heart_rate_avg,41.12982761806907,-1
2025-08-12,heart_rate_avg,43.02572212511785,-1
2025-08-13,heart_rate_avg,37.45322945822876,-1
2025-08-18,heart_rate_avg,40.500623378462336,-1
2025-08-19,heart_rate_avg,43.21523876059579,-1
2025-08-20,heart_rate_avg,42.653742526667614,-1
2024-10-01,heart_rate_avg,42.67008086775583,-1
2024-10-26,heart_rate_avg,92.10398587392052,-1
2024-11-04,heart_rate_avg,98.14073084401936,-1
2025-02-08,heart_rate_avg,91.00779179803844,-1
2025-02-12,heart_rate_avg,88.55774593009802,-1
2025-03-05,heart_rate_avg,90.83641171880784,-1
2025-05-15,heart_rate_avg,42.5663772131566,-1
2025-07-09,heart_rate_avg,88.36480650387733,-1
2024-09-19,heart_rate_avg,34.70068297929937,-1
2024-09-22,heart_rate_avg,90.2976745366432,-1
2024-09-30,heart_rate_avg,38.850228362139646,-1
2024-10-13,heart_rate_avg,41.37339722247777,-1
2024-11-14,heart_rate_avg,39.31334529012411,-1
2024-12-08,heart_rate_avg,87.88608989326579,-1
2024-12-22,heart_rate_avg,42.14503367941404,-1
2025-01-02,heart_rate_avg,42.57208028527569,-1
2025-01-17,heart_rate_avg,40.58559374463405,-1
2025-01-28,heart_rate_avg,40.73171176955794,-1
2025-02-09,heart_rate_avg,40.85931490404772,-1
2025-02-12,heart_rate_avg,22.997071054496672,-1
2025-02-19,heart_rate_avg,38.31473719953031,-1
2025-02-21,heart_rate_avg,32.6205640476274,-1
2025-02-26,heart_rate_avg,37.461045295397085,-1
2025-03-02,heart_rate_avg,36.929892778090576,-1
2025-03-06,heart_rate_avg,26.790211287020234,-1
2025-03-16,heart_rate_avg,88.11332010708142,-1
2025-03-25,heart_rate_avg,42.41249257977672,-1
2025-03-30,heart_rate_avg,42.06407681877147,-1
2025-04-18,heart_rate_avg,35.79127232186892,-1
2025-05-30,heart_rate_avg,40.26157150342161,-1
2025-06-02,heart_rate_avg,39.67421865470291,-1
2025-06-20,heart_rate_avg,34.13741843153361,-1
2025-06-24,heart_rate_avg,42.33200870109836,-1
2025-06-27,heart_rate_avg,41.66735080441055,-1
2025-07-15,heart_rate_avg,39.797510285190064,-1
2025-07-22,heart_rate_avg,40.28125217989727,-1
2025-07-27,heart_rate_avg,43.2001006424848,-1
2025-07-30,heart_rate_avg,43.151358232685446,-1
2025-08-31,heart_rate_avg,38.56829343352139,-1
2024-10-05,heart_rate_avg,40.03595318757701,-1
2024-11-13,heart_rate_avg,42.21720988020648,-1
2024-11-14,heart_rate_avg,42.401183396528864,-1
2024-11-21,heart_rate_avg,39.621804210380326,-1
2024-11-29,heart_rate_avg,37.06622879001495,-1
2024-12-04,heart_rate_avg,36.36043422413391,-1
2024-12-11,heart_rate_avg,39.51255542780609,-1
2024-12-24,heart_rate_avg,34.17804044020585,-1
2024-12-25,heart_rate_avg,43.189270134545694,-1
2024-12-29,heart_rate_avg,42.67849905249098,-1
2025-01-01,heart_rate_avg,41.16295600228455,-1
2025-01-03,heart_rate_avg,29.903780683037475,-1
2025-01-05,heart_rate_avg,39.01972308923904,-1
2025-01-11,heart_rate_avg,30.08493926303132,-1
2025-01-17,heart_rate_avg,37.98895701228087,-1
2025-01-20,heart_rate_avg,39.14003332623752,-1
2025-01-24,heart_rate_avg,41.2370838717021,-1
2025-01-25,heart_rate_avg,29.72336961941665,-1
2025-02-02,heart_rate_avg,40.37060297303802,-1
2025-02-08,heart_rate_avg,33.464980317775115,-1
2025-02-10,heart_rate_avg,41.645858760492686,-1
2025-02-11,heart_rate_avg,24.717771405039365,-1
2025-02-14,heart_rate_avg,89.02579859611961,-1
2025-03-08,heart_rate_avg,43.12821436966635,-1
2025-03-14,heart_rate_avg,42.33279910396358,-1
2025-03-15,heart_rate_avg,40.93980185841497,-1
2025-03-23,heart_rate_avg,40.27712800641119,-1
2025-03-26,heart_rate_avg,41.54652493336624,-1
2025-04-11,heart_rate_avg,36.73661222995331,-1
2025-04-12,heart_rate_avg,36.67202565078122,-1
2025-04-22,heart_rate_avg,37.740405184449145,-1
2025-04-26,heart_rate_avg,41.165721883804615,-1
2025-04-29,heart_rate_avg,29.22457550344993,-1
2025-06-05,heart_rate_avg,34.554722856543485,-1
2025-06-11,heart_rate_avg,39.57442045702986,-1
2025-06-18,heart_rate_avg,42.57550459436683,-1
2025-07-10,heart_rate_avg,36.52631937498515,-1
2025-07-12,heart_rate_avg,41.64278186962558,-1
2025-07-13,heart_rate_avg,37.00236900907244,-1
2025-07-17,heart_rate_avg,35.19465343851297,-1
2025-07-19,heart_rate_avg,39.13211778986674,-1
2025-07-31,heart_rate_avg,38.8038974185778,-1
2025-08-04,heart_rate_avg,42.52040199162931,-1
2025-08-09,heart_rate_avg,38.24575237950265,-1
2025-08-17,heart_rate_avg,40.423475031115466,-1
2025-08-27,heart_rate_avg,43.04219287860174,-1
2025-08-30,heart_rate_avg,36.186048679953146,-1
2024-09-14,heart_rate_avg,92.11269724332216,-1
2024-09-22,heart_rate_avg,94.34675078441607,-1
2024-10-06,heart_rate_avg,93.7992812154478,-1
2024-10-24,heart_rate_avg,96.35478351683793,-1
2024-12-07,heart_rate_avg,42.04652436744556,-1
2024-12-08,heart_rate_avg,40.05634674536387,-1
2024-12-20,heart_rate_avg,89.86677616221881,-1
2025-02-12,heart_rate_avg,42.51316735463455,-1
2025-03-30,heart_rate_avg,89.8773009688807,-1
2025-04-03,heart_rate_avg,30.6744422656179,-1
2025-04-27,heart_rate_avg,88.35974895400382,-1
2024-10-14,heart_rate_avg,38.39881381728071,-1
2024-11-03,heart_rate_avg,42.4386799429676,-1
2024-11-16,heart_rate_avg,38.06603975626069,-1
2024-12-15,heart_rate_avg,33.77777152521807,-1
2025-01-15,heart_rate_avg,42.96412438173533,-1
2025-03-27,heart_rate_avg,41.6189258923835,-1
2025-04-02,heart_rate_avg,41.72183025168192,-1
2025-04-19,heart_rate_avg,38.25005873916113,-1
2025-04-22,heart_rate_avg,43.00308505025008,-1
2025-06-06,heart_rate_avg,42.9417150989395,-1
2025-06-11,heart_rate_avg,40.04583617208567,-1
2025-06-17,heart_rate_avg,40.19894581518475,-1
2025-06-24,heart_rate_avg,37.04767607441994,-1
2025-07-03,heart_rate_avg,42.556854362561474,-1
2025-08-12,heart_rate_avg,40.1582440356402,-1
2025-08-22,heart_rate_avg,42.742418180373846,-1
2024-09-15,heart_rate_avg,40.62989462586226,-1
2024-10-17,heart_rate_avg,39.46838092928453,-1
2024-11-05,heart_rate_avg,40.47821834846249,-1
2024-11-08,heart_rate_avg,26.47354087548872,-1
2024-11-15,heart_rate_avg,89.06750753661215,-1
2024-11-21,heart_rate_avg,88.8473109154643,-1
2024-12-22,heart_rate_avg,38.10838758635306,-1
2025-01-10,heart_rate_avg,41.525061353281046,-1
2025-03-20,heart_rate_avg,94.76809477794384,-1
2025-04-14,heart_rate_avg,42.662315200531154,-1
2025-04-30,heart_rate_avg,41.85941472533473,-1
2025-06-24,heart_rate_avg,39.739666547135,-1
2025-08-08,heart_rate_avg,38.03777600680435,-1
2024-09-23,heart_rate_avg,91.78492688715484,-1
2024-10-05,heart_rate_avg,88.14446617364896,-1
2024-11-16,heart_rate_avg,42.69795660607949,-1
2024-11-18,heart_rate_avg,87.80885757072394,-1
2024-12-03,heart_rate_avg,41.3983646003462,-1
2024-12-15,heart_rate_avg,91.99107423426749,-1
2025-02-14,heart_rate_avg,40.271482254867074,-1
2025-02-22,heart_rate_avg,41.56827446686799,-1
2025-04-06,heart_rate_avg,88.37108113687535,-1
2025-05-15,heart_rate_avg,90.09769438524128,-1
2025-06-14,heart_rate_avg,87.7432268538139,-1
2024-09-27,heart_rate_avg,39.206229960727455,-1
2024-11-27,heart_rate_avg,35.55335463610584,-1
2024-12-05,heart_rate_avg,42.25467671560587,-1
2024-12-10,heart_rate_avg,41.90470577136256,-1
2024-12-13,heart_rate_avg,39.661988773099154,-1
2025-01-30,heart_rate_avg,88.32976258790896,-1
2025-02-18,heart_rate_avg,27.56824793882729,-1
2025-03-12,heart_rate_avg,25.94642020864676,-1
2025-03-23,heart_rate_avg,41.15007849804482,-1
2025-04-06,heart_rate_avg,88.78702559317995,-1
2025-06-15,heart_rate_avg,35.07765269570675,-1
2025-08-03,heart_rate_avg,43.10631143471284,-1
2025-08-18,heart_rate_avg,42.38714241778772,-1
2024-09-18,heart_rate_avg,40.68232150021474,-1
2024-10-29,heart_rate_avg,39.89309915451031,-1
2024-11-13,heart_rate_avg,40.89486344357138,-1
2024-11-18,heart_rate_avg,40.592882713145855,-1
2024-12-02,heart_rate_avg,40.57789737226465,-1
2024-12-27,heart_rate_avg,40.352447039487984,-1
2024-12-28,heart_rate_avg,40.30687080120198,-1
2025-01-14,heart_rate_avg,40.87162640384612,-1
2025-01-18,heart_rate_avg,37.78337741065701,-1
2025-02-11,heart_rate_avg,39.54519214544023,-1
2025-02-12,heart_rate_avg,40.74098672547567,-1
2025-02-14,heart_rate_avg,37.8068896236869,-1
2025-02-17,heart_rate_avg,41.5647935282766,-1
2025-03-09,heart_rate_avg,32.990935460409446,-1
2025-03-21,heart_rate_avg,38.76904320636256,-1
2025-03-23,heart_rate_avg,37.58948503659224,-1
2025-03-28,heart_rate_avg,38.05315537352509,-1
2025-03-30,heart_rate_avg,90.78933798269291,-1
2025-03-31,heart_rate_avg,41.15043279748962,-1
2025-04-15,heart_rate_avg,88.52192125254011,-1
2025-04-20,heart_rate_avg,42.374391575708415,-1
2025-05-21,heart_rate_avg,34.540234563711806,-1
2025-05-26,heart_rate_avg,42.5097609256382,-1
2025-06-02,heart_rate_avg,97.66587891923577,-1
2025-06-18,heart_rate_avg,25.82011412787434,-1
2025-07-01,heart_rate_avg,42.54619287451736,-1
2025-07-26,heart_rate_avg,41.51777561126199,-1
2025-07-30,heart_rate_avg,35.62218896763567,-1
2025-08-19,heart_rate_avg,40.49628430220761,-1
2025-09-05,heart_rate_avg,40.90036462267261,-1
2024-09-07,heart_rate_avg,89.43740434646381,-1
2024-09-12,heart_rate_avg,94.1585116578447,-1
2024-09-27,heart_rate_avg,87.5653142544677,-1
2024-09-30,heart_rate_avg,91.7634596202661,-1
2024-10-02,heart_rate_avg,87.56860362109049,-1
2024-10-10,heart_rate_avg,109.61141049296292,-1
2024-12-20,heart_rate_avg,91.92474038599902,-1
2025-02-06,heart_rate_avg,98.37914484242782,-1
2025-02-09,heart_rate_avg,90.2046686165528,-1
2025-02-20,heart_rate_avg,91.6944595023792,-1
2025-03-12,heart_rate_avg,90.23962105822925,-1
2025-04-04,heart_rate_avg,91.98144664993428,-1
2025-04-21,heart_rate_avg,89.23478552665782,-1
2025-05-09,heart_rate_avg,87.73249515456895,-1
2025-06-16,heart_rate_avg,96.21580512869764,-1
2025-07-02,heart_rate_avg,90.38586762118906,-1
2025-07-21,heart_rate_avg,98.49655172108412,-1
2025-08-14,heart_rate_avg,88.99741177974859,-1
2025-08-26,heart_rate_avg,91.7824456281652,-1
2025-08-27,heart_rate_avg,105.6199635122614,-1
2024-10-01,heart_rate_avg,41.65371549322062,-1
2024-10-14,heart_rate_avg,30.62199071052393,-1
2024-10-26,heart_rate_avg,38.30599546403381,-1
2025-01-01,heart_rate_avg,40.0928224052978,-1
2025-01-12,heart_rate_avg,30.43193480272887,-1
2025-02-01,heart_rate_avg,39.38349650520037,-1
2025-02-09,heart_rate_avg,41.80796388045162,-1
2025-02-14,heart_rate_avg,41.827290966579184,-1
2025-04-20,heart_rate_avg,38.05028750911484,-1
2025-05-19,heart_rate_avg,42.06955614650652,-1
2025-06-08,heart_rate_avg,35.70461607239285,-1
2025-07-18,heart_rate_avg,35.42821423710747,-1
2025-07-20,heart_rate_avg,90.1001228631421,-1
2025-07-26,heart_rate_avg,22.301733611499728,-1
2025-07-29,heart_rate_avg,35.708801161797524,-1
2025-08-18,heart_rate_avg,42.208870924357946,-1
2025-08-30,heart_rate_avg,33.07660591810108,-1
2024-09-14,heart_rate_avg,92.65275862899269,-1
2024-10-14,heart_rate_avg,89.33891938577773,-1
2024-10-19,heart_rate_avg,88.73549871323635,-1
2024-11-02,heart_rate_avg,96.38018610919023,-1
2024-11-06,heart_rate_avg,90.63263782594052,-1
2024-11-27,heart_rate_avg,87.8183880881829,-1
2024-12-01,heart_rate_avg,98.19192581706557,-1
2024-12-05,heart_rate_avg,88.15899059319204,-1
2024-12-15,heart_rate_avg,28.63552788010289,-1
2025-01-09,heart_rate_avg,100.15246891402182,-1
2025-02-17,heart_rate_avg,88.11259532622708,-1
2025-03-14,heart_rate_avg,90.11661038784491,-1
2025-03-18,heart_rate_avg,91.53465060284566,-1
2025-03-29,heart_rate_avg,91.97629249098613,-1
2025-04-19,heart_rate_avg,87.79012053990162,-1
2025-05-01,heart_rate_avg,88.53533415039908,-1
2025-05-25,heart_rate_avg,96.9122700799284,-1
2025-05-28,heart_rate_avg,90.879997829357,-1
2025-06-01,heart_rate_avg,94.16064073727294,-1
2025-06-11,heart_rate_avg,96.60960007257718,-1
2025-06-17,heart_rate_avg,97.73043840835987,-1
2025-06-28,heart_rate_avg,91.04188968112678,-1
2025-07-02,heart_rate_avg,92.4587395954041,-1
2025-07-07,heart_rate_avg,87.68640334722313,-1
2025-07-26,heart_rate_avg,90.61397743308952,-1
2025-08-01,heart_rate_avg,92.8378363741131,-1
2025-08-02,heart_rate_avg,87.8605318761561,-1
2025-08-04,heart_rate_avg,96.04687024083762,-1
2025-08-25,heart_rate_avg,87.79415598431687,-1
2024-09-08,heart_rate_avg,87.43629893390381,-1
2024-09-21,heart_rate_avg,110.6648927426982,-1
2024-09-30,heart_rate_avg,88.14705723425821,-1
2024-10-13,heart_rate_avg,89.35581826092903,-1
2024-10-17,heart_rate_avg,96.92262104700436,-1
2024-12-13,heart_rate_avg,88.36957671442403,-1
2025-02-01,heart_rate_avg,91.52229740291824,-1
2025-03-02,heart_rate_avg,97.13215651035588,-1
2025-03-18,heart_rate_avg,87.7344855416374,-1
2025-04-05,heart_rate_avg,88.2275523326879,-1
2025-04-14,heart_rate_avg,90.87193884708748,-1
2025-05-12,heart_rate_avg,87.76557782637991,-1
2025-05-25,heart_rate_avg,92.57966401761686,-1
2025-05-30,heart_rate_avg,89.04168246315999,-1
2025-06-13,heart_rate_avg,94.73026226807816,-1
2025-07-01,heart_rate_avg,87.55706469683818,-1
2025-07-29,heart_rate_avg,87.90168163420111,-1
2025-08-07,heart_rate_avg,90.73177133367686,-1
2025-08-09,heart_rate_avg,91.97721357169776,-1
2024-09-10,heart_rate_avg,35.364675018456154,-1
2024-12-08,heart_rate_avg,39.30538220020923,-1
2025-03-28,heart_rate_avg,40.43199128563427,-1
2025-04-24,heart_rate_avg,42.460812962357736,-1
2025-05-11,heart_rate_avg,37.627979444179815,-1
2025-05-17,heart_rate_avg,93.34069097431608,-1
2025-05-20,heart_rate_avg,37.06057357610832,-1
2025-05-28,heart_rate_avg,41.06836064751919,-1
2025-07-29,heart_rate_avg,35.72043768014258,-1
2025-08-03,heart_rate_avg,36.700152857556574,-1
2025-08-06,heart_rate_avg,90.54741688897478,-1
2025-08-08,heart_rate_avg,37.6557322242609,-1
2025-08-16,heart_rate_avg,40.11320384072063,-1
2025-09-01,heart_rate_avg,38.448485405153605,-1
2025-09-03,heart_rate_avg,41.179168416648736,-1
2024-10-22,heart_rate_avg,91.10957529966078,-1
2024-11-29,heart_rate_avg,90.10971385166256,-1
2024-12-07,heart_rate_avg,87.86256518626925,-1
2024-12-11,heart_rate_avg,88.72713129425698,-1
2025-01-06,heart_rate_avg,88.01883993633332,-1
2025-01-10,heart_rate_avg,40.83130158310056,-1
2025-02-28,heart_rate_avg,93.52333830323067,-1
2025-03-05,heart_rate_avg,90.06241694863563,-1
2025-03-13,heart_rate_avg,87.67515662434403,-1
2025-05-12,heart_rate_avg,39.58090541536624,-1
2025-05-18,heart_rate_avg,88.380742943082,-1
2025-06-14,heart_rate_avg,93.05844025024038,-1
2025-07-12,heart_rate_avg,87.50553955471517,-1
2024-12-04,heart_rate_avg,88.57201075124657,-1
2025-03-07,heart_rate_avg,87.88132959000481,-1
2025-06-03,heart_rate_avg,42.20170134629525,-1
2025-06-10,heart_rate_avg,42.83888397605992,-1
2025-07-02,heart_rate_avg,91.88244795025908,-1
2025-08-09,heart_rate_avg,36.89070375549926,-1
2025-08-10,heart_rate_avg,89.86263422080606,-1
2024-10-07,heart_rate_avg,36.35252315172406,-1
2024-10-21,heart_rate_avg,38.17150714688052,-1
2024-11-21,heart_rate_avg,42.18664220379083,-1
2025-01-05,heart_rate_avg,87.96684334258839,-1
2025-01-24,heart_rate_avg,95.64987665732052,-1
2025-02-01,heart_rate_avg,88.03784586010904,-1
2025-02-24,heart_rate_avg,88.14745577965749,-1
2025-03-08,heart_rate_avg,42.91677889126538,-1
2025-03-21,heart_rate_avg,90.68872307212798,-1
2025-03-28,heart_rate_avg,88.43697171816046,-1
2025-07-11,heart_rate_avg,92.5933114718793,-1
2025-07-17,heart_rate_avg,34.763510150980416,-1
2025-09-04,heart_rate_avg,88.66833814198495,-1
2024-09-28,heart_rate_avg,29.201905708038733,-1
2024-10-12,heart_rate_avg,38.39468421894684,-1
2024-10-14,heart_rate_avg,36.17468177409384,-1
2024-10-23,heart_rate_avg,37.08382088663917,-1
2024-11-08,heart_rate_avg,38.58120609105238,-1
2024-11-26,heart_rate_avg,37.901670668310246,-1
2024-12-01,heart_rate_avg,26.552999338743945,-1
2024-12-02,heart_rate_avg,41.31449100705982,-1
2024-12-03,heart_rate_avg,43.17434508156577,-1
2024-12-04,heart_rate_avg,39.08351090552263,-1
2024-12-11,heart_rate_avg,41.20333521103903,-1
2024-12-14,heart_rate_avg,43.19091233052535,-1
2024-12-17,heart_rate_avg,31.638867367170757,-1
2024-12-19,heart_rate_avg,38.38289283130872,-1
2024-12-20,heart_rate_avg,36.96253069477744,-1
2024-12-27,heart_rate_avg,37.61118059801132,-1
2025-01-12,heart_rate_avg,39.79188727896148,-1
2025-01-18,heart_rate_avg,39.72573270802945,-1
2025-01-20,heart_rate_avg,38.62678298820859,-1
2025-01-25,heart_rate_avg,43.2036483937201,-1
2025-01-27,heart_rate_avg,39.813832183424736,-1
2025-02-08,heart_rate_avg,41.50894172284169,-1
2025-02-23,heart_rate_avg,31.619861066375048,-1
2025-02-27,heart_rate_avg,39.67239343452066,-1
2025-03-19,heart_rate_avg,36.009612814747285,-1
2025-03-28,heart_rate_avg,38.51233994034585,-1
2025-04-04,heart_rate_avg,41.961770402007765,-1
2025-04-23,heart_rate_avg,38.94600961304628,-1
2025-04-26,heart_rate_avg,39.2174953879529,-1
2025-04-27,heart_rate_avg,42.89266801760824,-1
2025-05-16,heart_rate_avg,42.04912720700968,-1
2025-05-17,heart_rate_avg,35.10370703105372,-1
2025-06-04,heart_rate_avg,28.83519249069699,-1
2025-06-16,heart_rate_avg,42.00412066289488,-1
2025-06-20,heart_rate_avg,41.84444851173052,-1
2025-07-07,heart_rate_avg,42.63569767199199,-1
2025-07-10,heart_rate_avg,34.490517288928025,-1
2025-07-19,heart_rate_avg,42.46074852260547,-1
2025-07-24,heart_rate_avg,36.03417457652367,-1
2025-08-22,heart_rate_avg,38.58574144774328,-1
2025-08-31,heart_rate_avg,42.57153481841714,-1
2024-10-12,heart_rate_avg,107.475555112062,-1
2024-10-27,heart_rate_avg,87.5690015753544,-1
2024-10-31,heart_rate_avg,38.308779104224605,-1
2024-11-19,heart_rate_avg,88.54322194764669,-1
2024-12-14,heart_rate_avg,90.51880382903656,-1
2024-12-19,heart_rate_avg,93.0115565150951,-1
2025-02-05,heart_rate_avg,88.49523556192585,-1
2025-05-17,heart_rate_avg,89.22398256377073,-1
2025-05-18,heart_rate_avg,96.91094587179042,-1
2025-06-01,heart_rate_avg,91.81361695921235,-1
2025-06-12,heart_rate_avg,90.63930430676054,-1
2025-06-15,heart_rate_avg,92.32840132228522,-1
2025-06-28,heart_rate_avg,102.93211183042332,-1
2025-07-10,heart_rate_avg,90.05966727554087,-1
2025-07-30,heart_rate_avg,90.28342527887467,-1
2025-08-08,heart_rate_avg,42.18496944572172,-1
2025-09-02,heart_rate_avg,92.76533537519016,-1
2024-10-09,heart_rate_avg,42.80550934741464,-1
2024-12-14,heart_rate_avg,37.69742439848493,-1
2024-12-27,heart_rate_avg,40.6797635663149,-1
2024-12-30,heart_rate_avg,42.47146273624252,-1
2025-03-12,heart_rate_avg,42.62070630149918,-1
2025-03-15,heart_rate_avg,42.56226533429333,-1
2025-03-20,heart_rate_avg,39.850903410101104,-1
2025-04-28,heart_rate_avg,93.47856770014108,-1
2025-05-25,heart_rate_avg,88.57785758228431,-1
2025-06-19,heart_rate_avg,36.165491901083726,-1
2025-08-06,heart_rate_avg,42.37335567402076,-1
2025-08-09,heart_rate_avg,40.27507849298276,-1
2024-09-17,heart_rate_avg,39.2709142609235,-1
2024-10-10,heart_rate_avg,31.26230968601118,-1
2024-10-16,heart_rate_avg,39.99615060075204,-1
2024-12-07,heart_rate_avg,40.20596555956588,-1
2024-12-13,heart_rate_avg,39.570595515534734,-1
2024-12-25,heart_rate_avg,40.88760698561825,-1
2024-12-30,heart_rate_avg,40.76078213601147,-1
2025-01-19,heart_rate_avg,40.86834228822195,-1
2025-01-31,heart_rate_avg,42.72468144145729,-1
2025-02-12,heart_rate_avg,42.390017512953946,-1
2025-02-16,heart_rate_avg,42.99323334504184,-1
2025-02-25,heart_rate_avg,33.107961616507254,-1
2025-03-16,heart_rate_avg,40.78483917685544,-1
2025-03-18,heart_rate_avg,41.74559068013593,-1
2025-04-11,heart_rate_avg,40.56056825420211,-1
2025-04-15,heart_rate_avg,43.04289354686786,-1
2025-05-04,heart_rate_avg,35.52663285733843,-1
2025-05-07,heart_rate_avg,41.30647969186085,-1
2025-05-23,heart_rate_avg,42.70227426570205,-1
2025-06-10,heart_rate_avg,32.529454846110845,-1
2025-07-10,heart_rate_avg,35.91626516769725,-1
2025-08-08,heart_rate_avg,36.779634333978535,-1
2025-08-22,heart_rate_avg,41.3378436446416,-1
2025-09-04,heart_rate_avg,33.60789012536667,-1
2024-09-16,heart_rate_avg,88.14993148034303,-1
2024-09-17,heart_rate_avg,87.45786865342038,-1
2024-09-23,heart_rate_avg,90.97146010736267,-1
2024-09-24,heart_rate_avg,93.40162894777995,-1
2024-10-15,heart_rate_avg,95.91790436036916,-1
2024-10-27,heart_rate_avg,89.18470571493805,-1
2024-10-29,heart_rate_avg,89.02062977026485,-1
2024-11-16,heart_rate_avg,108.61935552282604,-1
2025-01-17,heart_rate_avg,87.66938335805821,-1
2025-01-22,heart_rate_avg,90.6102612395676,-1
2025-02-09,heart_rate_avg,90.62171141424294,-1
2025-02-27,heart_rate_avg,95.44192392573116,-1
2025-03-13,heart_rate_avg,91.21423403272682,-1
2025-04-15,heart_rate_avg,91.86429423544628,-1
2025-04-16,heart_rate_avg,87.80168418877072,-1
2025-05-05,heart_rate_avg,87.72041834373817,-1
2025-05-07,heart_rate_avg,87.88192519425672,-1
2025-05-17,heart_rate_avg,88.27957661269895,-1
2025-05-22,heart_rate_avg,99.29208555280536,-1
2025-06-21,heart_rate_avg,92.39482595336148,-1
2025-07-19,heart_rate_avg,90.53793348722922,-1
2025-08-13,heart_rate_avg,92.36805025262112,-1
2024-09-08,heart_rate_avg,87.73755004860237,-1
2024-09-25,heart_rate_avg,94.28659336435646,-1
2024-09-28,heart_rate_avg,89.40276821527189,-1
2024-10-09,heart_rate_avg,88.92584109087227,-1
2024-10-26,heart_rate_avg,89.97024722227712,-1
2024-10-31,heart_rate_avg,39.95602639348056,-1
2024-11-12,heart_rate_avg,40.704038160710645,-1
2024-12-29,heart_rate_avg,89.70926890515501,-1
2025-01-09,heart_rate_avg,90.1521965181558,-1
2025-03-13,heart_rate_avg,88.20171936617531,-1
2025-08-21,heart_rate_avg,93.9119966303082,-1
2025-09-02,heart_rate_avg,102.19284449730505,-1
2024-10-04,heart_rate_avg,88.7341716089483,-1
2024-10-09,heart_rate_avg,89.32813658471096,-1
2024-11-25,heart_rate_avg,89.6439866082749,-1
2024-11-28,heart_rate_avg,88.38760727518056,-1
2025-01-13,heart_rate_avg,96.09090482181644,-1
2025-01-26,heart_rate_avg,97.10003128995535,-1
2025-01-29,heart_rate_avg,98.85017698074432,-1
2025-02-12,heart_rate_avg,91.85831683310722,-1
2025-02-25,heart_rate_avg,89.95813802647032,-1
2025-02-28,heart_rate_avg,90.02304743943786,-1
2025-03-31,heart_rate_avg,89.79506473707791,-1
2025-05-21,heart_rate_avg,94.83069047099674,-1
2025-06-15,heart_rate_avg,93.1002371059425,-1
2025-06-16,heart_rate_avg,87.51113410456455,-1
2025-06-24,heart_rate_avg,88.18238673217813,-1
2025-07-05,heart_rate_avg,88.78074057469878,-1
2025-07-13,heart_rate_avg,89.37944621892248,-1
2025-07-28,heart_rate_avg,87.83646309847907,-1
2025-08-05,heart_rate_avg,88.09981962858588,-1
2024-09-21,heart_rate_avg,88.75601713969432,-1
2024-09-24,heart_rate_avg,93.54942256053116,-1
2024-12-20,heart_rate_avg,89.3288960744772,-1
2025-01-03,heart_rate_avg,36.11114136925016,-1
2025-01-19,heart_rate_avg,28.5140064352314,-1
2025-01-22,heart_rate_avg,88.49455978568145,-1
2025-01-29,heart_rate_avg,35.96320088924719,-1
2025-03-29,heart_rate_avg,42.24347453139788,-1
2025-04-24,heart_rate_avg,96.62717004252195,-1
2024-09-08,heart_rate_avg,101.6866216316797,-1
2024-09-10,heart_rate_avg,87.86824033450273,-1
2024-10-15,heart_rate_avg,88.96325795447483,-1
2024-10-18,heart_rate_avg,38.28819142170202,-1
2024-11-15,heart_rate_avg,92.31722653313408,-1
2024-11-23,heart_rate_avg,97.94594598390168,-1
2024-11-30,heart_rate_avg,93.92028001176716,-1
2024-12-30,heart_rate_avg,90.56342182625605,-1
2025-01-12,heart_rate_avg,88.29855389152426,-1
2025-02-08,heart_rate_avg,90.65774942968088,-1
2025-02-14,heart_rate_avg,91.47183468143152,-1
2025-02-17,heart_rate_avg,90.44880605331316,-1
2025-02-22,heart_rate_avg,89.01714190018788,-1
2025-03-05,heart_rate_avg,90.66967458860942,-1
2025-04-13,heart_rate_avg,91.203506225582,-1
2025-04-26,heart_rate_avg,32.9152447735871,-1
2025-07-08,heart_rate_avg,88.42623788447207,-1
2025-07-18,heart_rate_avg,88.64739702687167,-1
2025-07-23,heart_rate_avg,98.24735673018972,-1
2024-09-15,heart_rate_avg,87.92505944853403,-1
2024-10-27,heart_rate_avg,42.08100844789045,-1
2024-12-22,heart_rate_avg,43.18307208129676,-1
2025-02-04,heart_rate_avg,34.10917743893439,-1
2025-04-12,heart_rate_avg,39.87025428819612,-1
2025-05-13,heart_rate_avg,33.8502911866312,-1
2025-05-17,heart_rate_avg,41.25134922006188,-1
2025-06-12,heart_rate_avg,42.03203058720851,-1
2025-07-15,heart_rate_avg,39.840254208287575,-1
2025-07-29,heart_rate_avg,36.88156994818881,-1
2025-08-05,heart_rate_avg,90.01508468321263,-1
2025-08-07,heart_rate_avg,91.11055256245449,-1
2025-09-05,heart_rate_avg,87.54584208446748,-1
2024-09-20,heart_rate_avg,90.20906970029496,-1
2025-01-15,heart_rate_avg,42.24963500836712,-1
2025-01-24,heart_rate_avg,42.14138943716582,-1
2025-02-10,heart_rate_avg,88.50190807873165,-1
2025-02-26,heart_rate_avg,91.74929375831154,-1
2025-03-15,heart_rate_avg,89.92695235584863,-1
2025-03-30,heart_rate_avg,87.44863922362373,-1
2025-05-07,heart_rate_avg,43.02600766323541,-1
2025-06-08,heart_rate_avg,39.02268140581697,-1
2025-06-14,heart_rate_avg,89.4147905436435,-1
2025-07-02,heart_rate_avg,31.50484099772509,-1
2025-08-19,heart_rate_avg,87.9139497602325,-1
2024-09-27,heart_rate_avg,97.68072907007723,-1
2024-10-14,heart_rate_avg,91.44792654143248,-1
2024-12-01,heart_rate_avg,90.16299205159947,-1
2024-12-30,heart_rate_avg,90.89121428238296,-1
2025-03-17,heart_rate_avg,87.6596903796289,-1
2025-06-03,heart_rate_avg,89.9464569782776,-1
2025-06-25,heart_rate_avg,93.92088857784312,-1
2025-07-08,heart_rate_avg,90.03308563831823,-1
2025-09-01,heart_rate_avg,38.73440246820225,-1
2024-09-15,heart_rate_avg,91.03029006734045,-1
2024-09-16,heart_rate_avg,42.82522013503921,-1
2024-11-06,heart_rate_avg,92.88140123275042,-1
2024-11-25,heart_rate_avg,90.41759254891264,-1
2024-12-23,heart_rate_avg,42.66806710769826,-1
2024-12-27,heart_rate_avg,42.9370097602406,-1
2025-01-14,heart_rate_avg,36.09866144102436,-1
2025-01-16,heart_rate_avg,43.14248225048874,-1
2025-01-24,heart_rate_avg,36.72906714104667,-1
2025-03-03,heart_rate_avg,87.8473284459584,-1
2025-03-07,heart_rate_avg,88.17251518281329,-1
2025-04-06,heart_rate_avg,88.96860075168517,-1
2025-04-08,heart_rate_avg,41.808545098406704,-1
2025-04-18,heart_rate_avg,40.61499972971484,-1
2025-05-03,heart_rate_avg,42.73580391568623,-1
2025-06-25,heart_rate_avg,88.54917079750497,-1
2025-06-30,heart_rate_avg,41.33736153288591,-1
2025-07-04,heart_rate_avg,38.18776052093568,-1
2025-07-13,heart_rate_avg,38.58058049775202,-1
2025-07-25,heart_rate_avg,35.12401455788949,-1
2025-08-21,heart_rate_avg,42.24827049480623,-1
2025-08-29,heart_rate_avg,42.802599817611394,-1
2024-09-16,heart_rate_avg,89.94654469780878,-1
2024-09-18,heart_rate_avg,94.68970350282152,-1
2024-10-12,heart_rate_avg,32.47429154149933,-1
2024-10-22,heart_rate_avg,104.99830676763592,-1
2024-10-25,heart_rate_avg,90.23326982816424,-1
2024-11-17,heart_rate_avg,89.07870548497647,-1
2025-04-03,heart_rate_avg,87.63045114959192,-1
2025-06-06,heart_rate_avg,92.56053924612306,-1
2025-07-01,heart_rate_avg,90.18268630408068,-1
2024-10-09,heart_rate_avg,89.70036407939088,-1
2024-11-08,heart_rate_avg,88.18907645892222,-1
2024-11-11,heart_rate_avg,94.2916981058198,-1
2024-11-30,heart_rate_avg,42.86468197502016,-1
2025-01-11,heart_rate_avg,39.26944706065897,-1
2025-02-17,heart_rate_avg,99.82142903764728,-1
2025-02-24,heart_rate_avg,40.37907115745496,-1
2025-02-26,heart_rate_avg,94.72294543441264,-1
2025-03-26,heart_rate_avg,89.00043489446657,-1
2025-04-02,heart_rate_avg,89.72813600910162,-1
2025-04-07,heart_rate_avg,90.93098348557616,-1
2025-04-26,heart_rate_avg,93.15638470113817,-1
2025-04-30,heart_rate_avg,91.6981575223203,-1
2025-05-01,heart_rate_avg,89.89979430924936,-1
2025-05-11,heart_rate_avg,40.37049884383944,-1
2025-07-01,heart_rate_avg,89.31499697755955,-1
2025-07-03,heart_rate_avg,95.55015701164317,-1
2025-08-23,heart_rate_avg,87.42211695346614,-1
2024-10-01,heart_rate_avg,42.71267762736577,-1
2024-10-06,heart_rate_avg,31.67945113053843,-1
2024-10-21,heart_rate_avg,39.76854996961834,-1
2024-10-26,heart_rate_avg,39.67027570041466,-1
2025-01-14,heart_rate_avg,37.49714333887642,-1
2025-02-06,heart_rate_avg,40.87456975350205,-1
2025-02-15,heart_rate_avg,42.58150775545311,-1
2025-03-15,heart_rate_avg,42.37972715386162,-1
2025-04-21,heart_rate_avg,43.01861245425424,-1
2025-04-25,heart_rate_avg,37.104246506319214,-1
2025-05-15,heart_rate_avg,42.12857325643678,-1
2025-05-22,heart_rate_avg,36.776790839828365,-1
2025-07-20,heart_rate_avg,39.08415944388318,-1
2025-07-27,heart_rate_avg,41.94687100255803,-1
2025-08-02,heart_rate_avg,34.42586551880473,-1
2025-08-21,heart_rate_avg,87.83725186838144,-1
2025-08-24,heart_rate_avg,40.45950987102711,-1
2024-09-19,heart_rate_avg,42.745903920385416,-1
2024-09-24,heart_rate_avg,87.43506396358089,-1
2024-10-16,heart_rate_avg,87.71747412623243,-1
2024-10-22,heart_rate_avg,93.09427525780671,-1
2024-11-11,heart_rate_avg,89.36512096509225,-1
2025-02-07,heart_rate_avg,41.863695466130295,-1
2025-03-04,heart_rate_avg,94.41425238393175,-1
2025-03-16,heart_rate_avg,92.9416068941122,-1
2025-03-22,heart_rate_avg,88.59531126552426,-1
2025-05-28,heart_rate_avg,40.84996157289719,-1
2025-08-03,heart_rate_avg,36.227944448101695,-1
2025-08-12,heart_rate_avg,87.68980492687356,-1
2025-08-26,heart_rate_avg,88.57787786106184,-1
2024-11-04,heart_rate_avg,92.78079269022506,-1
2024-12-22,heart_rate_avg,41.67953964186663,-1
2025-01-06,heart_rate_avg,99.23729194039356,-1
2025-02-23,heart_rate_avg,87.96124401107298,-1
2025-02-24,heart_rate_avg,88.19005846526709,-1
2025-04-30,heart_rate_avg,89.78714915928742,-1
2025-05-04,heart_rate_avg,93.48222550948051,-1
2025-05-14,heart_rate_avg,88.89718078074581,-1
2025-05-15,heart_rate_avg,96.6084607806405,-1
2025-05-17,heart_rate_avg,89.02593336651714,-1
2025-05-31,heart_rate_avg,96.27789254895303,-1
2025-06-27,heart_rate_avg,87.61662407837974,-1
2025-07-04,heart_rate_avg,90.79942268567684,-1
2025-08-02,heart_rate_avg,91.31839587139642,-1
2024-09-13,heart_rate_avg,89.48967702983343,-1
2024-09-16,heart_rate_avg,92.91430740582727,-1
2024-09-21,heart_rate_avg,90.47435072585796,-1
2024-09-25,heart_rate_avg,95.14320953925684,-1
2024-10-02,heart_rate_avg,88.08185963389846,-1
2024-10-07,heart_rate_avg,93.74470356382528,-1
2024-10-20,heart_rate_avg,96.38195478222082,-1
2024-10-27,heart_rate_avg,88.74605956821273,-1
2024-10-31,heart_rate_avg,96.75987264278612,-1
2024-11-17,heart_rate_avg,88.07081556553891,-1
2024-11-18,heart_rate_avg,92.23568607884071,-1
2024-11-21,heart_rate_avg,92.01298021630056,-1
2024-12-09,heart_rate_avg,93.83676672456237,-1
2024-12-17,heart_rate_avg,95.9017214427056,-1
2024-12-22,heart_rate_avg,91.89833634195251,-1
2024-12-25,heart_rate_avg,88.83721664123058,-1
2024-12-29,heart_rate_avg,88.59744510641818,-1
2025-01-03,heart_rate_avg,87.73443277726375,-1
2025-01-13,heart_rate_avg,94.31175798901134,-1
2025-02-23,heart_rate_avg,90.8071207235384,-1
2025-03-08,heart_rate_avg,92.96850649363232,-1
2025-03-13,heart_rate_avg,96.28152703507038,-1
2025-03-30,heart_rate_avg,93.39933177958818,-1
2025-04-01,heart_rate_avg,89.16273868992155,-1
2025-04-03,heart_rate_avg,101.14922521505382,-1
2025-04-04,heart_rate_avg,89.02610203258533,-1
2025-04-19,heart_rate_avg,89.67302664205204,-1
2025-05-07,heart_rate_avg,89.36767298334105,-1
2025-05-14,heart_rate_avg,91.02359270353388,-1
2025-05-23,heart_rate_avg,94.81184402764023,-1
2025-06-03,heart_rate_avg,95.87222552589664,-1
2025-06-21,heart_rate_avg,88.62604025548555,-1
2025-06-27,heart_rate_avg,95.18021532240869,-1
2025-08-15,heart_rate_avg,88.83218630136027,-1
2025-08-27,heart_rate_avg,90.5465859856014,-1
2024-09-17,heart_rate_avg,32.54892810837555,-1
2024-09-26,heart_rate_avg,30.503628119214014,-1
2024-11-19,heart_rate_avg,39.86263294782491,-1
2024-12-05,heart_rate_avg,40.04221185600628,-1
2024-12-14,heart_rate_avg,88.71435701415169,-1
2024-12-19,heart_rate_avg,87.74971646425863,-1
2025-02-08,heart_rate_avg,89.03816869658812,-1
2025-02-27,heart_rate_avg,37.53153731392377,-1
2025-03-19,heart_rate_avg,40.87826092938549,-1
2025-03-25,heart_rate_avg,40.21280671696595,-1
2025-04-01,heart_rate_avg,89.69815765723179,-1
2025-07-02,heart_rate_avg,93.17237663802078,-1
2025-01-14,heart_rate_avg,88.29064981751594,-1
2025-01-19,heart_rate_avg,105.00182476836738,-1
2025-02-15,heart_rate_avg,88.56599820332107,-1
2025-03-01,heart_rate_avg,99.1490685268165,-1
2025-03-20,heart_rate_avg,102.53474504975496,-1
2025-03-29,heart_rate_avg,88.38646857049666,-1
2025-04-03,heart_rate_avg,89.19438228925523,-1
2025-06-12,heart_rate_avg,89.94549724892468,-1
2025-06-26,heart_rate_avg,91.84176374138816,-1
2025-07-13,heart_rate_avg,33.912458035227445,-1
2025-07-31,heart_rate_avg,93.8573851586009,-1
2025-08-08,heart_rate_avg,90.0708582378896,-1
2025-08-23,heart_rate_avg,89.3931300849176,-1
2024-09-11,heart_rate_avg,92.6185109013814,-1
2024-09-17,heart_rate_avg,93.6003272492072,-1
2024-10-17,heart_rate_avg,87.3957111038323,-1
2024-10-25,heart_rate_avg,88.41410309215286,-1
2024-10-30,heart_rate_avg,88.41009862710786,-1
2024-10-31,heart_rate_avg,101.64005100570368,-1
2024-11-04,heart_rate_avg,90.4961484805367,-1
2024-11-17,heart_rate_avg,88.09096827208356,-1
2024-11-18,heart_rate_avg,90.58709090953448,-1
2024-12-08,heart_rate_avg,94.04778344260262,-1
2024-12-20,heart_rate_avg,88.21276602810923,-1
2025-01-23,heart_rate_avg,92.2668917107042,-1
2025-04-05,heart_rate_avg,89.10553990590272,-1
2025-05-13,heart_rate_avg,91.16373342159942,-1
2025-07-28,heart_rate_avg,88.01921034978292,-1
2024-09-14,heart_rate_avg,40.05936894357833,-1
2024-09-15,heart_rate_avg,41.2271996383737,-1
2024-09-24,heart_rate_avg,37.6396032944234,-1
2024-10-24,heart_rate_avg,43.01678453965304,-1
2024-11-13,heart_rate_avg,42.26045003107507,-1
2024-11-19,heart_rate_avg,35.53178311844397,-1
2024-11-25,heart_rate_avg,40.00754783813781,-1
2024-11-28,heart_rate_avg,37.71299622186695,-1
2024-11-29,heart_rate_avg,41.33131463979106,-1
2024-11-30,heart_rate_avg,26.64185130353166,-1
2024-12-10,heart_rate_avg,42.32284909323033,-1
2025-02-08,heart_rate_avg,30.83356847096253,-1
2025-03-19,heart_rate_avg,35.164016810619486,-1
2025-03-31,heart_rate_avg,43.14772044544264,-1
2025-04-08,heart_rate_avg,38.54759973769363,-1
2025-04-13,heart_rate_avg,42.60385070249475,-1
2025-04-17,heart_rate_avg,39.984222300051165,-1
2025-04-24,heart_rate_avg,39.4390008694924,-1
2025-05-12,heart_rate_avg,35.48023997216305,-1
2025-05-28,heart_rate_avg,36.6918944172537,-1
2025-05-30,heart_rate_avg,35.86818018757034,-1
2025-07-11,heart_rate_avg,42.342089941444,-1
2025-07-15,heart_rate_avg,31.49466079673831,-1
2025-07-22,heart_rate_avg,38.553684310342746,-1
2025-08-01,heart_rate_avg,41.14118167169108,-1
2025-08-14,heart_rate_avg,39.63215917049042,-1
2025-08-18,heart_rate_avg,40.79742112326658,-1
2025-08-25,heart_rate_avg,40.60994365457096,-1
2025-09-04,heart_rate_avg,37.2260655048588,-1
2024-09-16,heart_rate_avg,42.66674014901753,-1
2024-09-26,heart_rate_avg,93.70464800699058,-1
2024-10-16,heart_rate_avg,41.76468392997623,-1
2024-11-21,heart_rate_avg,90.35478327935397,-1
2024-12-08,heart_rate_avg,92.95076998366213,-1
2025-01-21,heart_rate_avg,87.75139633412056,-1
2025-07-08,heart_rate_avg,38.04237399829008,-1
2025-07-11,heart_rate_avg,87.41269667189272,-1
2024-09-28,heart_rate_avg,42.22916147150416,-1
2024-10-05,heart_rate_avg,35.82568673379152,-1
2024-10-06,heart_rate_avg,40.26127845629991,-1
2024-10-10,heart_rate_avg,41.71670169136371,-1
2024-10-17,heart_rate_avg,31.052746077829354,-1
2024-11-04,heart_rate_avg,38.207452066619766,-1
2024-11-24,heart_rate_avg,40.47444652749952,-1
2025-03-06,heart_rate_avg,43.1479451195775,-1
2025-03-22,heart_rate_avg,42.80951545075414,-1
2025-04-20,heart_rate_avg,38.13457240263443,-1
2025-04-22,heart_rate_avg,41.28573067547423,-1
2025-04-30,heart_rate_avg,40.774629514598445,-1
2025-08-31,heart_rate_avg,40.68466295538289,-1
2024-09-17,heart_rate_avg,97.04512768140997,-1
2024-09-20,heart_rate_avg,91.27631577437351,-1
2024-10-13,heart_rate_avg,98.880232619505,-1
2024-10-15,heart_rate_avg,91.72619872550548,-1
2024-10-23,heart_rate_avg,97.66072675776992,-1
2024-11-04,heart_rate_avg,89.41006448331527,-1
2024-11-09,heart_rate_avg,93.72310968425704,-1
2024-11-15,heart_rate_avg,88.82561100362153,-1
2024-11-16,heart_rate_avg,92.69648731595474,-1
2024-12-22,heart_rate_avg,90.05329667476903,-1
2024-12-25,heart_rate_avg,89.32988178467816,-1
2024-12-28,heart_rate_avg,93.7987735896853,-1
2025-01-24,heart_rate_avg,95.58696361929832,-1
2025-02-02,heart_rate_avg,90.10588925966698,-1
2025-02-03,heart_rate_avg,94.50799877453032,-1
2025-02-11,heart_rate_avg,90.67780929200904,-1
2025-02-15,heart_rate_avg,89.48357899056843,-1
2025-02-22,heart_rate_avg,94.76264755944467,-1
2025-02-24,heart_rate_avg,92.86330959693264,-1
2025-03-01,heart_rate_avg,92.84580703229136,-1
2025-03-03,heart_rate_avg,87.82964704080784,-1
2025-03-08,heart_rate_avg,89.27071492741302,-1
2025-03-11,heart_rate_avg,94.5396705090114,-1
2025-03-17,heart_rate_avg,90.713878841351,-1
2025-03-28,heart_rate_avg,92.37513399611588,-1
2025-04-23,heart_rate_avg,88.47397361280012,-1
2025-04-27,heart_rate_avg,89.58488045769414,-1
2025-04-30,heart_rate_avg,94.57352847680204,-1
2025-05-20,heart_rate_avg,93.84670441359552,-1
2025-06-02,heart_rate_avg,87.89441670792789,-1
2025-06-15,heart_rate_avg,104.43373399512282,-1
2025-06-19,heart_rate_avg,92.15018759187416,-1
2025-06-29,heart_rate_avg,97.58202233975578,-1
2025-07-01,heart_rate_avg,87.82809313480251,-1
2025-08-03,heart_rate_avg,99.38597214748572,-1
2025-08-20,heart_rate_avg,88.19151089273643,-1
2025-08-28,heart_rate_avg,88.85900459118368,-1
2024-09-07,heart_rate_avg,93.6272424002944,-1
2024-10-11,heart_rate_avg,99.8471673045374,-1
2025-01-04,heart_rate_avg,87.73224690786049,-1
2025-01-22,heart_rate_avg,89.90121164717952,-1
2025-02-17,heart_rate_avg,90.2526457215522,-1
2025-03-04,heart_rate_avg,42.06913062671239,-1
2025-03-17,heart_rate_avg,40.85045865734144,-1
2025-04-22,heart_rate_avg,40.81810781120233,-1
2025-04-25,heart_rate_avg,87.94029429232023,-1
2025-05-29,heart_rate_avg,98.70622745978356,-1
2025-08-04,heart_rate_avg,93.17687549143608,-1
2025-08-25,heart_rate_avg,94.72788115649736,-1
2024-11-26,heart_rate_avg,90.07992104487124,-1
2024-12-06,heart_rate_avg,93.48889856935168,-1
2025-04-15,heart_rate_avg,88.9182948173472,-1
2025-04-21,heart_rate_avg,41.958759439009725,-1
2025-06-23,heart_rate_avg,91.25127787430702,-1
2025-07-03,heart_rate_avg,88.41597161499672,-1
2025-07-08,heart_rate_avg,95.27209400449254,-1
2025-07-26,heart_rate_avg,87.65688160621309,-1
2025-07-28,heart_rate_avg,92.01766320695536,-1
2025-08-17,heart_rate_avg,92.4941595257647,-1
2024-09-08,heart_rate_avg,88.56982094830241,-1
2024-10-08,heart_rate_avg,34.05150561398848,-1
2024-11-23,heart_rate_avg,40.15502824689163,-1
2024-12-01,heart_rate_avg,88.4011608313548,-1
2024-12-22,heart_rate_avg,42.68192327044216,-1
2025-02-24,heart_rate_avg,89.12247411021464,-1
2025-04-05,heart_rate_avg,87.9148855114054,-1
2025-04-12,heart_rate_avg,42.454501701792886,-1
2025-04-19,heart_rate_avg,41.51855678139773,-1
2025-04-26,heart_rate_avg,37.94010395983874,-1
2025-06-11,heart_rate_avg,41.957528730512,-1
2025-06-30,heart_rate_avg,42.16255531757626,-1
2025-08-03,heart_rate_avg,88.72785933138641,-1
2025-08-31,heart_rate_avg,95.49637653340116,-1
2024-10-28,heart_rate_avg,42.77016945330428,-1
2025-02-04,heart_rate_avg,38.02907112350224,-1
2025-02-27,heart_rate_avg,35.975871571592954,-1
2025-05-28,heart_rate_avg,41.6754504384952,-1
2025-06-11,heart_rate_avg,42.65735547944337,-1
2025-07-01,heart_rate_avg,42.36336773085724,-1
2025-07-22,heart_rate_avg,30.16914305941568,-1
2025-08-03,heart_rate_avg,38.69355692824734,-1
2025-08-13,heart_rate_avg,36.863269354760014,-1
2025-08-14,heart_rate_avg,92.59758895350686,-1
2024-10-17,heart_rate_avg,89.14823613723358,-1
2024-11-07,heart_rate_avg,104.35862385582254,-1
2024-12-03,heart_rate_avg,89.59103088973946,-1
2024-12-04,heart_rate_avg,92.50029788625476,-1
2025-01-15,heart_rate_avg,89.69330783357267,-1
2025-01-20,heart_rate_avg,87.76262864369609,-1
2025-03-13,heart_rate_avg,88.47144945064181,-1
2025-04-20,heart_rate_avg,91.21268783018044,-1
2025-05-01,heart_rate_avg,89.42632929830074,-1
2025-05-02,heart_rate_avg,95.0784329261697,-1
2025-05-05,heart_rate_avg,90.3267818514092,-1
2025-05-14,heart_rate_avg,42.31046327082323,-1
2025-05-24,heart_rate_avg,89.33549565100014,-1
2025-06-02,heart_rate_avg,88.33470778792412,-1
2025-06-03,heart_rate_avg,89.79102288171285,-1
2025-06-04,heart_rate_avg,88.78035463763621,-1
2025-06-11,heart_rate_avg,90.831159434423,-1
2025-06-30,heart_rate_avg,40.19757009725589,-1
2025-07-02,heart_rate_avg,95.21847187670367,-1
2024-09-08,heart_rate_avg,40.893580841313536,-1
2024-09-16,heart_rate_avg,89.3862770773994,-1
2024-10-11,heart_rate_avg,39.75453124476594,-1
2024-10-13,heart_rate_avg,92.59967021975427,-1
2024-12-15,heart_rate_avg,89.10811633030836,-1
2025-02-19,heart_rate_avg,96.42964729647716,-1
2025-03-02,heart_rate_avg,40.01841707755226,-1
2025-03-07,heart_rate_avg,42.22746762115271,-1
2025-03-31,heart_rate_avg,31.44102280718924,-1
2025-05-24,heart_rate_avg,91.10733068853033,-1
2025-07-17,heart_rate_avg,40.17887002114481,-1
2025-09-03,heart_rate_avg,33.9904651075927,-1
2024-12-08,heart_rate_avg,41.21095545064297,-1
2024-12-26,heart_rate_avg,37.63077308888167,-1
2025-01-02,heart_rate_avg,95.62851304151854,-1
2025-01-26,heart_rate_avg,87.61091911204002,-1
2025-02-03,heart_rate_avg,92.61668470211646,-1
2025-03-01,heart_rate_avg,87.80716154797626,-1
2025-03-17,heart_rate_avg,93.66841276831975,-1
2025-04-15,heart_rate_avg,87.59289847677846,-1
2025-05-18,heart_rate_avg,39.77608956525143,-1
2024-09-06,heart_rate_avg,89.91057599902786,-1
2024-11-06,heart_rate_avg,38.690407286987394,-1
2024-12-13,heart_rate_avg,35.7896331643383,-1
2024-12-15,heart_rate_avg,87.88121132943797,-1
2024-12-19,heart_rate_avg,90.3671594667454,-1
2024-12-28,heart_rate_avg,37.84300124410065,-1
2025-01-01,heart_rate_avg,91.10716999117184,-1
2025-01-03,heart_rate_avg,41.98024542396664,-1
2025-04-08,heart_rate_avg,89.86733067808753,-1
2025-05-10,heart_rate_avg,41.49416848402988,-1
2024-09-09,heart_rate_avg,38.61358346064704,-1
2024-09-17,heart_rate_avg,92.2204967165686,-1
2024-10-04,heart_rate_avg,94.13996444890248,-1
2024-11-20,heart_rate_avg,89.13793521971475,-1
2025-02-05,heart_rate_avg,39.09053984961043,-1
2025-02-24,heart_rate_avg,87.56544823825719,-1
2025-03-21,heart_rate_avg,38.45582784625008,-1
2025-04-05,heart_rate_avg,92.32201823324216,-1
2025-04-19,heart_rate_avg,41.835113868762775,-1
2025-05-12,heart_rate_avg,89.06585960643386,-1
2025-05-21,heart_rate_avg,92.68745255201289,-1
2025-07-05,heart_rate_avg,87.44672444697926,-1
2025-08-08,heart_rate_avg,101.2008976245372,-1
2025-08-14,heart_rate_avg,87.55082823736953,-1
2024-09-17,heart_rate_avg,42.41702181552214,-1
2024-10-26,heart_rate_avg,95.595100635965,-1
2024-12-06,heart_rate_avg,93.57484708674797,-1
2024-12-08,heart_rate_avg,96.12408753658548,-1
2024-12-09,heart_rate_avg,89.4541264900507,-1
2024-12-24,heart_rate_avg,94.01423424972135,-1
2025-01-11,heart_rate_avg,90.7662912792756,-1
2025-02-09,heart_rate_avg,91.65874646555078,-1
2025-02-27,heart_rate_avg,87.57152253655723,-1
2025-03-18,heart_rate_avg,91.96334911134647,-1
2025-04-16,heart_rate_avg,88.00343677488785,-1
2025-04-19,heart_rate_avg,92.35042485928676,-1
2025-05-25,heart_rate_avg,88.30489156220612,-1
2025-05-28,heart_rate_avg,90.57710082054469,-1
2025-07-22,heart_rate_avg,88.31885660998302,-1
2025-08-12,heart_rate_avg,37.064251535876025,-1
2025-08-16,heart_rate_avg,94.57857116825804,-1
2025-08-29,heart_rate_avg,88.32086982635866,-1
2024-09-11,heart_rate_avg,39.820906109321946,-1
2024-10-05,heart_rate_avg,30.94847294094813,-1
2024-11-07,heart_rate_avg,42.86293163639804,-1
2024-12-04,heart_rate_avg,42.87589891590626,-1
2025-01-04,heart_rate_avg,39.9807962591025,-1
2025-02-02,heart_rate_avg,42.01946315717916,-1
2025-03-06,heart_rate_avg,31.859621029063184,-1
2025-04-09,heart_rate_avg,37.678677655285895,-1
2025-04-10,heart_rate_avg,36.73190917294273,-1
2025-04-16,heart_rate_avg,33.46702284766551,-1
2025-04-18,heart_rate_avg,39.22598665313748,-1
2025-06-12,heart_rate_avg,40.38424212646264,-1
2025-07-15,heart_rate_avg,41.57847950166415,-1
2025-09-03,heart_rate_avg,41.70074495621429,-1
2024-09-24,heart_rate_avg,87.62293744682175,-1
2024-11-06,heart_rate_avg,94.5542305522174,-1
2024-11-18,heart_rate_avg,88.02766538867917,-1
2024-11-21,heart_rate_avg,41.32268427152201,-1
2025-01-10,heart_rate_avg,40.01799903776378,-1
2025-02-01,heart_rate_avg,89.58759461538996,-1
2025-02-10,heart_rate_avg,88.88268172906494,-1
2025-04-28,heart_rate_avg,92.44909917044497,-1
2025-07-09,heart_rate_avg,87.57658265169141,-1
2024-09-06,heart_rate_avg,88.23556933959371,-1
2024-10-27,heart_rate_avg,87.46333930590443,-1
2024-11-16,heart_rate_avg,93.35495574742764,-1
2024-11-26,heart_rate_avg,90.05777799381912,-1
2024-12-01,heart_rate_avg,91.14263743503592,-1
2024-12-25,heart_rate_avg,98.39528766925508,-1
2025-01-04,heart_rate_avg,40.11022207839068,-1
2025-02-18,heart_rate_avg,89.77439309810165,-1
2025-04-10,heart_rate_avg,92.059926772659,-1
2025-06-20,heart_rate_avg,96.5584780639272,-1
2025-07-29,heart_rate_avg,88.9957175920737,-1
2025-08-16,heart_rate_avg,88.69698015582199,-1
2024-09-09,heart_rate_avg,88.68069514217599,-1
2024-09-12,heart_rate_avg,90.54379742554453,-1
2024-09-14,heart_rate_avg,90.8329564018425,-1
2024-09-19,heart_rate_avg,87.58319473165874,-1
2024-10-01,heart_rate_avg,94.09722882107694,-1
2024-10-17,heart_rate_avg,88.85319224800558,-1
2024-10-18,heart_rate_avg,89.20297483442656,-1
2024-10-26,heart_rate_avg,89.43075853979053,-1
2024-10-29,heart_rate_avg,89.88088125176952,-1
2024-11-04,heart_rate_avg,97.62695601568578,-1
2024-11-13,heart_rate_avg,90.66818639714998,-1
2024-11-19,heart_rate_avg,41.85608769481693,-1
2024-12-06,heart_rate_avg,87.55317018024911,-1
2024-12-12,heart_rate_avg,92.10365415618004,-1
2024-12-16,heart_rate_avg,90.0746267726528,-1
2024-12-28,heart_rate_avg,88.10238226372654,-1
2025-01-17,heart_rate_avg,94.89675968828548,-1
2025-02-10,heart_rate_avg,87.52069647033241,-1
2025-02-11,heart_rate_avg,96.01632393589476,-1
2025-02-19,heart_rate_avg,97.92376962095364,-1
2025-02-23,heart_rate_avg,90.7886248056036,-1
2025-03-03,heart_rate_avg,101.96026782614987,-1
2025-03-04,heart_rate_avg,90.4707012151139,-1
2025-03-11,heart_rate_avg,88.72676498674565,-1
2025-03-13,heart_rate_avg,88.00027592279051,-1
2025-04-12,heart_rate_avg,88.75963787391213,-1
2025-05-09,heart_rate_avg,92.69898121418092,-1
2025-05-14,heart_rate_avg,95.20647750577474,-1
2025-05-20,heart_rate_avg,89.96017793797621,-1
2025-05-31,heart_rate_avg,105.32213604358648,-1
2025-06-05,heart_rate_avg,90.43027059683106,-1
2025-06-19,heart_rate_avg,91.45425580890634,-1
2025-06-26,heart_rate_avg,90.43981395334217,-1
2025-07-03,heart_rate_avg,92.33245665376732,-1
2025-07-26,heart_rate_avg,91.37930411318882,-1
2025-08-03,heart_rate_avg,87.67598672624663,-1
2025-09-01,heart_rate_avg,90.95960831384402,-1
2024-10-23,heart_rate_avg,40.8628587760606,-1
2024-10-26,heart_rate_avg,41.89757230947159,-1
2025-01-01,heart_rate_avg,87.56321133536673,-1
2025-01-16,heart_rate_avg,34.80090854562118,-1
2025-01-21,heart_rate_avg,42.02212329416237,-1
2025-02-06,heart_rate_avg,37.97527509290333,-1
2025-02-19,heart_rate_avg,89.82394650193676,-1
2025-02-21,heart_rate_avg,42.69362450023258,-1
2025-03-05,heart_rate_avg,30.13164316593403,-1
2025-03-11,heart_rate_avg,41.38235315013594,-1
2025-03-26,heart_rate_avg,41.46223068296018,-1
2025-05-16,heart_rate_avg,40.83448331959931,-1
2025-06-01,heart_rate_avg,34.54769779788987,-1
2025-06-08,heart_rate_avg,42.83059686055876,-1
2025-06-12,heart_rate_avg,40.76025913262434,-1
2025-06-13,heart_rate_avg,93.10668241287344,-1
2025-08-22,heart_rate_avg,43.20682506910446,-1
2025-08-27,heart_rate_avg,40.43690266653378,-1
2024-09-14,heart_rate_avg,41.41845868800513,-1
2024-09-26,heart_rate_avg,88.97667414643595,-1
2024-09-28,heart_rate_avg,39.97951826741765,-1
2024-10-21,heart_rate_avg,33.811561984560726,-1
2024-11-30,heart_rate_avg,36.43704370266244,-1
2024-12-17,heart_rate_avg,33.531493578894704,-1
2024-12-30,heart_rate_avg,42.70783776801559,-1
2025-01-02,heart_rate_avg,39.42980319755361,-1
2025-02-05,heart_rate_avg,39.00036089050974,-1
2025-02-15,heart_rate_avg,28.99275737828436,-1
2025-03-10,heart_rate_avg,36.44166612588198,-1
2025-06-15,heart_rate_avg,42.83167949765324,-1
2025-06-16,heart_rate_avg,38.65202936052916,-1
2025-07-02,heart_rate_avg,24.32444089415916,-1
2025-07-23,heart_rate_avg,27.369737139336188,-1
2025-08-11,heart_rate_avg,42.643427565687496,-1
2024-09-21,heart_rate_avg,94.88677867141728,-1
2024-11-08,heart_rate_avg,94.85052594890786,-1
2024-11-18,heart_rate_avg,93.69498928411512,-1
2024-12-16,heart_rate_avg,87.43218146477915,-1
2024-12-18,heart_rate_avg,98.8272310117194,-1
2024-12-24,heart_rate_avg,88.3210251320992,-1
2025-01-28,heart_rate_avg,89.2273821807586,-1
2025-02-01,heart_rate_avg,97.26242132793077,-1
2025-02-07,heart_rate_avg,88.97331665386038,-1
2025-02-09,heart_rate_avg,95.49157892231489,-1
2025-02-11,heart_rate_avg,90.71107364392408,-1
2025-02-17,heart_rate_avg,101.39717524414723,-1
2025-03-06,heart_rate_avg,97.57346177835416,-1
2025-03-08,heart_rate_avg,88.32762996835429,-1
2025-04-03,heart_rate_avg,92.82401742397718,-1
2025-04-05,heart_rate_avg,88.79407294821289,-1
2025-05-05,heart_rate_avg,104.05781984107506,-1
2025-05-09,heart_rate_avg,94.77640384326358,-1
2025-05-19,heart_rate_avg,90.72741012784826,-1
2025-05-20,heart_rate_avg,94.88284492992082,-1
2025-06-30,heart_rate_avg,88.09470118998067,-1
2025-07-09,heart_rate_avg,99.76357543007444,-1
2025-07-10,heart_rate_avg,100.0850054300005,-1
2025-08-12,heart_rate_avg,98.23497439871832,-1
2025-08-14,heart_rate_avg,99.32148372816316,-1
2024-10-04,heart_rate_avg,41.43135846228124,-1
2024-10-18,heart_rate_avg,29.906561883272545,-1
2024-11-12,heart_rate_avg,40.30017436307945,-1
2024-12-08,heart_rate_avg,35.51940748812598,-1
2025-01-01,heart_rate_avg,42.16631226646172,-1
2025-01-16,heart_rate_avg,32.0138644346939,-1
2025-03-20,heart_rate_avg,42.67941476776409,-1
2025-04-10,heart_rate_avg,41.05246551545309,-1
2025-04-11,heart_rate_avg,38.63100114670007,-1
2025-05-11,heart_rate_avg,42.77799530361753,-1
2025-05-14,heart_rate_avg,35.810195172230145,-1
2025-06-02,heart_rate_avg,41.95595489282513,-1
2025-07-02,heart_rate_avg,42.769877830220125,-1
2025-07-20,heart_rate_avg,40.18914553109006,-1
2024-09-09,heart_rate_avg,91.93013214124548,-1
2024-09-11,heart_rate_avg,96.25965820449514,-1
2024-10-23,heart_rate_avg,100.4323241607265,-1
2024-10-26,heart_rate_avg,39.20342750245008,-1
2024-11-09,heart_rate_avg,89.73433465908478,-1
2024-11-30,heart_rate_avg,92.07754654204405,-1
2024-12-01,heart_rate_avg,89.1185100262651,-1
2024-12-03,heart_rate_avg,88.73726574032035,-1
2024-12-14,heart_rate_avg,87.45501026283287,-1
2024-12-23,heart_rate_avg,88.35125332135074,-1
2024-12-26,heart_rate_avg,89.22694292065219,-1
2024-12-30,heart_rate_avg,96.53690423387228,-1
2025-01-28,heart_rate_avg,103.5277526450026,-1
2025-01-29,heart_rate_avg,90.06560147842788,-1
2025-02-04,heart_rate_avg,101.9594222772529,-1
2025-02-16,heart_rate_avg,100.57549662428416,-1
2025-02-25,heart_rate_avg,96.6647641427298,-1
2025-03-16,heart_rate_avg,105.07476387554908,-1
2025-04-24,heart_rate_avg,93.38356089769712,-1
2025-05-17,heart_rate_avg,89.91829429981112,-1
2025-06-12,heart_rate_avg,94.22497682644746,-1
2025-06-18,heart_rate_avg,90.76763262235208,-1
2025-06-24,heart_rate_avg,92.0828453492282,-1
2025-07-12,heart_rate_avg,89.23853944367123,-1
2025-07-13,heart_rate_avg,88.26383873946145,-1
2025-08-10,heart_rate_avg,95.83218902110814,-1
2024-09-22,heart_rate_avg,93.06813532712812,-1
2024-10-03,heart_rate_avg,88.18603361101435,-1
2024-11-01,heart_rate_avg,42.672568739249606,-1
2024-11-02,heart_rate_avg,91.97188336435742,-1
2025-01-06,heart_rate_avg,88.37500967345198,-1
2025-01-16,heart_rate_avg,88.17658695145825,-1
2025-03-03,heart_rate_avg,90.20105877168312,-1
2025-03-21,heart_rate_avg,89.3240207704158,-1
2025-06-15,heart_rate_avg,94.3492479682736,-1
2025-06-21,heart_rate_avg,105.26707097496354,-1
2024-10-11,heart_rate_avg,42.8662354392645,-1
2024-11-25,heart_rate_avg,93.05788264308292,-1
2024-12-21,heart_rate_avg,41.39738947964326,-1
2025-01-13,heart_rate_avg,38.841183219821694,-1
2025-01-31,heart_rate_avg,93.64220195085268,-1
2025-03-01,heart_rate_avg,92.54135951453183,-1
2025-03-17,heart_rate_avg,88.60379454821523,-1
2025-03-27,heart_rate_avg,42.09817699295164,-1
2025-05-24,heart_rate_avg,41.98701744106017,-1
2025-06-16,heart_rate_avg,91.45275385644064,-1
2025-08-17,heart_rate_avg,90.36741021354275,-1
2024-11-27,heart_rate_avg,42.3653210820972,-1
2025-01-28,heart_rate_avg,37.14604429174938,-1
2025-01-30,heart_rate_avg,40.77060855751293,-1
2025-02-08,heart_rate_avg,88.79697690704687,-1
2025-02-18,heart_rate_avg,36.14463839200676,-1
2025-04-28,heart_rate_avg,30.687610004372235,-1
2025-05-07,heart_rate_avg,33.89714605863267,-1
2025-05-30,heart_rate_avg,41.26927153800845,-1
2025-06-21,heart_rate_avg,40.84300112721039,-1
2025-07-02,heart_rate_avg,36.70770910348281,-1
2025-07-18,heart_rate_avg,41.22132289031866,-1
2024-11-03,heart_rate_avg,42.40225784677107,-1
2024-12-10,heart_rate_avg,40.01593814680036,-1
2025-01-05,heart_rate_avg,42.774374384487565,-1
2025-02-23,heart_rate_avg,39.63674398318896,-1
2025-02-26,heart_rate_avg,89.85176501288132,-1
2025-04-04,heart_rate_avg,88.24641693096316,-1
2025-04-09,heart_rate_avg,40.25458722074125,-1
2025-04-14,heart_rate_avg,39.36072084537551,-1
2025-04-25,heart_rate_avg,33.2639504428864,-1
2025-05-17,heart_rate_avg,40.053967780502,-1
2025-06-16,heart_rate_avg,41.6995710224716,-1
2024-09-24,heart_rate_avg,91.89076413366251,-1
2024-10-06,heart_rate_avg,38.04884352388095,-1
2024-11-07,heart_rate_avg,87.64403337639833,-1
2024-11-16,heart_rate_avg,31.959444526533023,-1
2025-04-08,heart_rate_avg,42.02913948247995,-1
2025-04-12,heart_rate_avg,92.04201289737156,-1
2025-06-17,heart_rate_avg,91.7309356678616,-1
2025-07-26,heart_rate_avg,93.84044094568996,-1
2025-08-10,heart_rate_avg,89.2572513984704,-1
2025-08-12,heart_rate_avg,91.5241586205237,-1
2024-09-24,heart_rate_avg,41.869106330506696,-1
2024-10-08,heart_rate_avg,33.692950426122025,-1
2025-03-08,heart_rate_avg,87.80242783166588,-1
2025-03-13,heart_rate_avg,40.41735301017931,-1
2025-05-25,heart_rate_avg,43.02274467217652,-1
2025-06-04,heart_rate_avg,42.12335595296225,-1
2025-06-23,heart_rate_avg,93.2126788008066,-1
2025-06-27,heart_rate_avg,91.31076872697862,-1
2025-07-01,heart_rate_avg,92.19573678523156,-1
2025-07-07,heart_rate_avg,40.68093018913967,-1
2025-07-11,heart_rate_avg,29.596815040971315,-1
2025-08-07,heart_rate_avg,40.16704586288616,-1
2024-09-18,heart_rate_avg,33.20999978104473,-1
2024-10-06,heart_rate_avg,41.81129848844213,-1
2024-10-12,heart_rate_avg,42.92707238559143,-1
2024-10-29,heart_rate_avg,40.55788959941098,-1
2024-11-02,heart_rate_avg,40.95362131479217,-1
2024-12-04,heart_rate_avg,88.32256585828837,-1
2024-12-22,heart_rate_avg,43.1978725378134,-1
2024-12-31,heart_rate_avg,88.92156244283986,-1
2025-01-18,heart_rate_avg,39.0980992848363,-1
2025-01-24,heart_rate_avg,42.17328528369006,-1
2025-03-29,heart_rate_avg,42.91496896300485,-1
2025-05-02,heart_rate_avg,41.43578627929376,-1
2025-05-06,heart_rate_avg,39.92805055356439,-1
2025-06-19,heart_rate_avg,35.56793261270202,-1
2025-07-08,heart_rate_avg,41.99064472762834,-1
2025-07-22,heart_rate_avg,43.10603543936281,-1
2025-08-16,heart_rate_avg,39.29878482642307,-1
2025-08-27,heart_rate_avg,39.68160478744901,-1
2024-09-12,heart_rate_avg,38.70859000497765,-1
2024-10-12,heart_rate_avg,40.86269783444371,-1
2024-10-23,heart_rate_avg,43.02515748756402,-1
2024-11-26,heart_rate_avg,37.53442130612332,-1
2025-01-03,heart_rate_avg,38.819711515019705,-1
2025-01-29,heart_rate_avg,42.64640270469816,-1
2025-02-27,heart_rate_avg,36.96085934529769,-1
2025-03-04,heart_rate_avg,38.12506899154171,-1
2025-03-22,heart_rate_avg,34.01746928549494,-1
2025-04-04,heart_rate_avg,32.136420060419155,-1
2025-05-08,heart_rate_avg,42.79814909226639,-1
2025-06-08,heart_rate_avg,40.84811510189638,-1
2025-06-17,heart_rate_avg,92.42702059282296,-1
2025-07-10,heart_rate_avg,42.095278032228265,-1
2025-08-25,heart_rate_avg,41.16026459670445,-1
2024-09-22,heart_rate_avg,39.78572548727489,-1
2024-09-26,heart_rate_avg,41.65668909546491,-1
2024-10-27,heart_rate_avg,40.51510635388342,-1
2024-11-26,heart_rate_avg,90.20196012797436,-1
2025-02-16,heart_rate_avg,88.08082559269974,-1
2025-02-24,heart_rate_avg,40.47480898022755,-1
2025-06-08,heart_rate_avg,37.21590573003024,-1
2025-07-08,heart_rate_avg,40.89898305350418,-1
2025-07-27,heart_rate_avg,42.87215221804255,-1
2025-07-31,heart_rate_avg,35.54866927446358,-1
2024-09-08,heart_rate_avg,92.07395395496248,-1
2024-09-09,heart_rate_avg,104.26933572325017,-1
2024-09-13,heart_rate_avg,98.87728105777828,-1
2024-09-17,heart_rate_avg,92.54415402767964,-1
2024-09-20,heart_rate_avg,92.98839662493718,-1
2024-09-21,heart_rate_avg,87.95312034981983,-1
2024-09-24,heart_rate_avg,92.08530570289574,-1
2024-09-28,heart_rate_avg,89.76646011354757,-1
2024-09-29,heart_rate_avg,91.10925289267708,-1
2024-10-10,heart_rate_avg,93.00569904613847,-1
2024-10-12,heart_rate_avg,96.57581805014384,-1
2024-10-14,heart_rate_avg,107.97591704203292,-1
2024-10-15,heart_rate_avg,95.13268286444134,-1
2024-10-20,heart_rate_avg,94.2645142010287,-1
2024-10-24,heart_rate_avg,108.61725814598782,-1
2024-10-26,heart_rate_avg,92.5985096517332,-1
2024-10-28,heart_rate_avg,92.29702427869748,-1
2024-10-30,heart_rate_avg,93.81670096256332,-1
2024-10-31,heart_rate_avg,88.32762314139428,-1
2024-11-05,heart_rate_avg,97.17678219439378,-1
2024-11-06,heart_rate_avg,95.4988316782135,-1
2024-11-13,heart_rate_avg,88.7597728788559,-1
2024-11-17,heart_rate_avg,88.75848261846807,-1
2024-11-20,heart_rate_avg,90.37507514499156,-1
2024-11-24,heart_rate_avg,103.1834651044172,-1
2024-11-26,heart_rate_avg,87.80778368464279,-1
2024-11-29,heart_rate_avg,94.6398749812644,-1
2024-12-01,heart_rate_avg,89.15023039973073,-1
2024-12-04,heart_rate_avg,87.4439458303487,-1
2024-12-12,heart_rate_avg,92.74514997366089,-1
2024-12-19,heart_rate_avg,107.3818235472353,-1
2024-12-21,heart_rate_avg,87.77843755875128,-1
2024-12-26,heart_rate_avg,105.55425594445134,-1
2024-12-31,heart_rate_avg,90.66116979131942,-1
2025-01-04,heart_rate_avg,88.1479922461249,-1
2025-01-06,heart_rate_avg,104.2349254085176,-1
2025-01-07,heart_rate_avg,100.63041428947444,-1
2025-01-15,heart_rate_avg,92.53144282873672,-1
2025-01-19,heart_rate_avg,90.16814913195913,-1
2025-01-20,heart_rate_avg,104.47982083366615,-1
2025-01-24,heart_rate_avg,92.00799511326346,-1
2025-01-29,heart_rate_avg,98.68113535541715,-1
2025-02-05,heart_rate_avg,98.2144678058171,-1
2025-02-06,heart_rate_avg,88.22738964668036,-1
2025-02-14,heart_rate_avg,89.80221297536063,-1
2025-02-19,heart_rate_avg,100.27928724375305,-1
2025-02-23,heart_rate_avg,93.09338980203788,-1
2025-02-24,heart_rate_avg,91.57359339275258,-1
2025-03-08,heart_rate_avg,88.59607314083324,-1
2025-03-11,heart_rate_avg,92.4659231390056,-1
2025-03-15,heart_rate_avg,89.91373669187952,-1
2025-03-30,heart_rate_avg,91.96005216105088,-1
2025-04-02,heart_rate_avg,101.17180672737926,-1
2025-04-04,heart_rate_avg,93.1674762074292,-1
2025-04-08,heart_rate_avg,89.39201280648571,-1
2025-04-11,heart_rate_avg,90.28430527043304,-1
2025-04-17,heart_rate_avg,88.84629604270798,-1
2025-04-20,heart_rate_avg,89.53059935354857,-1
2025-04-23,heart_rate_avg,91.398960673257,-1
2025-04-25,heart_rate_avg,97.47028333730158,-1
2025-04-30,heart_rate_avg,97.14501662752242,-1
2025-05-03,heart_rate_avg,92.54176750065008,-1
2025-05-05,heart_rate_avg,88.4684479301593,-1
2025-05-17,heart_rate_avg,93.40104265699875,-1
2025-05-19,heart_rate_avg,91.69665637841116,-1
2025-05-21,heart_rate_avg,89.80936938690314,-1
2025-06-01,heart_rate_avg,92.30113934924734,-1
2025-06-04,heart_rate_avg,89.04680337945392,-1
2025-06-08,heart_rate_avg,87.60682570052273,-1
2025-06-10,heart_rate_avg,90.74410017927082,-1
2025-06-15,heart_rate_avg,94.40244417628948,-1
2025-06-17,heart_rate_avg,96.75029138175572,-1
2025-06-20,heart_rate_avg,102.79815200656472,-1
2025-06-21,heart_rate_avg,94.32314372569536,-1
2025-06-23,heart_rate_avg,92.46659833980624,-1
2025-06-27,heart_rate_avg,88.18582783332786,-1
2025-06-28,heart_rate_avg,93.81418773532332,-1
2025-07-03,heart_rate_avg,93.33083920759132,-1
2025-07-04,heart_rate_avg,93.49146749912109,-1
2025-07-09,heart_rate_avg,104.37608569998346,-1
2025-07-13,heart_rate_avg,87.72134221541987,-1
2025-07-14,heart_rate_avg,95.368367153432,-1
2025-07-16,heart_rate_avg,109.75582356461368,-1
2025-07-17,heart_rate_avg,89.79332216770247,-1
2025-07-19,heart_rate_avg,92.22985664968472,-1
2025-07-23,heart_rate_avg,101.80933360846362,-1
2025-07-24,heart_rate_avg,90.59478979029608,-1
2025-07-25,heart_rate_avg,94.63643823171152,-1
2025-07-26,heart_rate_avg,94.0687929093126,-1
2025-07-28,heart_rate_avg,110.14677945505102,-1
2025-07-30,heart_rate_avg,98.42454867247588,-1
2025-07-31,heart_rate_avg,91.91659631458369,-1
2025-08-04,heart_rate_avg,88.15201631051701,-1
2025-08-13,heart_rate_avg,95.62270413346138,-1
2025-08-14,heart_rate_avg,94.40557016724046,-1
2025-08-16,heart_rate_avg,97.66534034305327,-1
2025-08-20,heart_rate_avg,97.2723787821461,-1
2025-08-25,heart_rate_avg,92.0597507589872,-1
2025-08-26,heart_rate_avg,89.10962569224284,-1
2025-08-29,heart_rate_avg,92.27437431373696,-1
2024-09-16,heart_rate_avg,31.036090565674773,-1
2024-09-30,heart_rate_avg,35.85025779590264,-1
2024-10-14,heart_rate_avg,34.37990166095649,-1
2024-10-27,heart_rate_avg,42.51342438827625,-1
2024-10-29,heart_rate_avg,42.68296359786199,-1
2024-10-30,heart_rate_avg,42.92193675333403,-1
2024-11-07,heart_rate_avg,37.24115396393499,-1
2024-11-09,heart_rate_avg,33.259859051607904,-1
2024-11-18,heart_rate_avg,40.64592618707454,-1
2024-12-04,heart_rate_avg,30.870699092529197,-1
2024-12-06,heart_rate_avg,41.56680092536095,-1
2024-12-15,heart_rate_avg,40.04461091315917,-1
2024-12-19,heart_rate_avg,39.68049685029824,-1
2024-12-22,heart_rate_avg,39.17584973291493,-1
2024-12-26,heart_rate_avg,43.05264359006033,-1
2025-01-06,heart_rate_avg,42.01110356841109,-1
2025-01-15,heart_rate_avg,40.85015792662195,-1
2025-02-11,heart_rate_avg,38.81815633671385,-1
2025-02-13,heart_rate_avg,41.21004844180999,-1
2025-02-21,heart_rate_avg,40.009677804811744,-1
2025-03-02,heart_rate_avg,35.407935687233035,-1
2025-03-16,heart_rate_avg,40.69181520942961,-1
2025-03-23,heart_rate_avg,40.51602489932458,-1
2025-03-25,heart_rate_avg,42.9215667803192,-1
2025-04-04,heart_rate_avg,29.024893281472497,-1
2025-04-05,heart_rate_avg,38.94230203282992,-1
2025-04-10,heart_rate_avg,41.93594201262384,-1
2025-04-14,heart_rate_avg,38.49637940303517,-1
2025-04-26,heart_rate_avg,41.49286216322305,-1
2025-04-27,heart_rate_avg,29.065911722667032,-1
2025-05-07,heart_rate_avg,40.40857749773581,-1
2025-05-14,heart_rate_avg,40.67001499375139,-1
2025-05-16,heart_rate_avg,35.246219830036544,-1
2025-05-20,heart_rate_avg,29.749374359838047,-1
2025-05-29,heart_rate_avg,37.95839857574073,-1
2025-06-09,heart_rate_avg,43.15339498136042,-1
2025-06-10,heart_rate_avg,41.07569172486853,-1
2025-06-27,heart_rate_avg,41.09951973508095,-1
2025-07-02,heart_rate_avg,40.74874952565051,-1
2025-07-04,heart_rate_avg,37.95105033616661,-1
2024-09-18,heart_rate_avg,91.5293532758256,-1
2024-09-22,heart_rate_avg,93.34987592359346,-1
2024-09-28,heart_rate_avg,88.62072077909798,-1
2024-09-30,heart_rate_avg,111.69819184431393,-1
2024-10-02,heart_rate_avg,103.68330021622197,-1
2024-10-09,heart_rate_avg,87.8168252342441,-1
2024-10-10,heart_rate_avg,95.08768737730834,-1
2024-10-14,heart_rate_avg,102.66415690331785,-1
2024-10-15,heart_rate_avg,99.89788900305204,-1
2024-10-23,heart_rate_avg,89.17834044243486,-1
2024-10-25,heart_rate_avg,98.35797642197156,-1
2024-10-27,heart_rate_avg,92.60974744202676,-1
2024-11-11,heart_rate_avg,87.45663511021239,-1
2024-11-23,heart_rate_avg,90.4460543142635,-1
2024-11-29,heart_rate_avg,88.27110991858866,-1
2024-12-04,heart_rate_avg,93.17194483416392,-1
2024-12-17,heart_rate_avg,88.24851881131988,-1
2024-12-27,heart_rate_avg,110.77707151901046,-1
2024-12-31,heart_rate_avg,95.86592001466664,-1
2025-01-26,heart_rate_avg,90.89570314279494,-1
2025-01-27,heart_rate_avg,95.80198649073036,-1
2025-02-05,heart_rate_avg,89.80001749676481,-1
2025-02-07,heart_rate_avg,89.93133591607943,-1
2025-02-08,heart_rate_avg,90.17836783005522,-1
2025-02-09,heart_rate_avg,92.21250633278584,-1
2025-02-11,heart_rate_avg,92.46838956610732,-1
2025-02-18,heart_rate_avg,88.09264817227302,-1
2025-02-19,heart_rate_avg,104.876120215866,-1
2025-02-24,heart_rate_avg,95.2261493504043,-1
2025-02-25,heart_rate_avg,96.70652910772488,-1
2025-03-06,heart_rate_avg,92.69807215120656,-1
2025-03-07,heart_rate_avg,88.64542428997629,-1
2025-03-21,heart_rate_avg,94.9246448628664,-1
2025-03-24,heart_rate_avg,87.39930984398028,-1
2025-03-30,heart_rate_avg,95.83785545862315,-1
2025-04-02,heart_rate_avg,87.53916812940022,-1
2025-04-06,heart_rate_avg,87.53048982396808,-1
2025-04-09,heart_rate_avg,90.51966849574056,-1
2025-04-11,heart_rate_avg,92.96375766562892,-1
2025-04-18,heart_rate_avg,109.5161677433546,-1
2025-04-22,heart_rate_avg,94.9775869709174,-1
2025-04-26,heart_rate_avg,92.97596222231768,-1
2025-05-01,heart_rate_avg,89.31536603078396,-1
2025-05-02,heart_rate_avg,94.2827657197572,-1
2025-05-07,heart_rate_avg,94.21514750474748,-1
2025-05-13,heart_rate_avg,89.69858963730502,-1
2025-05-20,heart_rate_avg,91.77974222042025,-1
2025-05-25,heart_rate_avg,88.02334740477144,-1
2025-05-31,heart_rate_avg,89.62872901539697,-1
2025-06-03,heart_rate_avg,91.67414928056176,-1
2025-06-08,heart_rate_avg,92.79154159241948,-1
2025-06-10,heart_rate_avg,88.65681757633931,-1
2025-06-17,heart_rate_avg,90.59709849796414,-1
2025-06-21,heart_rate_avg,87.57733368601545,-1
2025-06-23,heart_rate_avg,89.85579952215797,-1
2025-06-29,heart_rate_avg,101.8236082701222,-1
2025-07-13,heart_rate_avg,87.5215459766958,-1
2025-07-16,heart_rate_avg,87.57302099267763,-1
2025-07-21,heart_rate_avg,87.5251922703916,-1
2025-07-26,heart_rate_avg,97.90051818429264,-1
2025-08-08,heart_rate_avg,97.67191174672138,-1
2025-08-19,heart_rate_avg,93.5366983719717,-1
2025-09-05,heart_rate_avg,87.75388167704158,-1
2024-10-18,heart_rate_avg,87.9961657534845,-1
2024-12-02,heart_rate_avg,39.94534891286054,-1
2024-12-05,heart_rate_avg,42.97248890985152,-1
2025-01-24,heart_rate_avg,97.2500098631946,-1
2025-02-05,heart_rate_avg,41.32401161373684,-1
2025-02-15,heart_rate_avg,36.52832904976847,-1
2025-04-14,heart_rate_avg,42.98686378336896,-1
2025-06-17,heart_rate_avg,88.1607838444366,-1
2025-07-01,heart_rate_avg,94.45426208912988,-1
2025-07-15,heart_rate_avg,33.833324901573626,-1
2025-07-22,heart_rate_avg,36.12862351173919,-1
2025-08-24,heart_rate_avg,88.3003639571708,-1
2024-09-06,heart_rate_avg,87.6093279020458,-1
2024-09-08,heart_rate_avg,89.49532957492244,-1
2024-09-18,heart_rate_avg,90.74718364755329,-1
2024-09-30,heart_rate_avg,90.13069683032016,-1
2024-10-01,heart_rate_avg,87.82992370586996,-1
2024-10-05,heart_rate_avg,88.11241168149495,-1
2024-10-13,heart_rate_avg,93.56133537406512,-1
2024-10-16,heart_rate_avg,88.4836716959015,-1
2024-10-17,heart_rate_avg,101.5205446081114,-1
2024-10-20,heart_rate_avg,91.54727589257624,-1
2024-10-23,heart_rate_avg,92.81925054711638,-1
2024-10-26,heart_rate_avg,89.61841267258964,-1
2024-11-13,heart_rate_avg,89.05922898386099,-1
2024-11-28,heart_rate_avg,88.6250991190522,-1
2024-12-16,heart_rate_avg,87.99727872406582,-1
2025-01-02,heart_rate_avg,98.28836854434488,-1
2025-01-07,heart_rate_avg,89.40038027004188,-1
2025-01-16,heart_rate_avg,88.92479306577569,-1
2025-01-23,heart_rate_avg,92.1977944990409,-1
2025-02-04,heart_rate_avg,99.72211179329368,-1
2025-02-06,heart_rate_avg,88.56253221176495,-1
2025-02-18,heart_rate_avg,94.75850407275392,-1
2025-02-25,heart_rate_avg,100.0011613424657,-1
2025-03-06,heart_rate_avg,87.48207832411835,-1
2025-03-14,heart_rate_avg,92.98150235346776,-1
2025-03-16,heart_rate_avg,89.43266838078263,-1
2025-03-18,heart_rate_avg,107.88745514490842,-1
2025-03-21,heart_rate_avg,89.79278337348543,-1
2025-03-23,heart_rate_avg,88.16307502168651,-1
2025-03-31,heart_rate_avg,89.40864164477539,-1
2025-04-07,heart_rate_avg,95.1322233005706,-1
2025-04-10,heart_rate_avg,87.8575935461304,-1
2025-04-13,heart_rate_avg,90.92957831466238,-1
2025-04-15,heart_rate_avg,88.62729694961834,-1
2025-04-28,heart_rate_avg,96.86855323898052,-1
2025-04-30,heart_rate_avg,105.73784020815462,-1
2025-05-02,heart_rate_avg,92.78325874416568,-1
2025-05-06,heart_rate_avg,90.59119950804606,-1
2025-06-02,heart_rate_avg,28.55301723329552,-1
2025-06-08,heart_rate_avg,99.89858991910891,-1
2025-06-15,heart_rate_avg,94.41343387691543,-1
2025-06-19,heart_rate_avg,106.47307615371876,-1
2025-06-23,heart_rate_avg,87.87402960502578,-1
2025-06-26,heart_rate_avg,99.14279938892632,-1
2025-07-03,heart_rate_avg,100.23740545014968,-1
2025-07-10,heart_rate_avg,90.97953572150846,-1
2025-07-20,heart_rate_avg,88.96920464213865,-1
2025-07-21,heart_rate_avg,87.66163655195504,-1
2025-08-01,heart_rate_avg,90.34815545566924,-1
2025-08-07,heart_rate_avg,92.18032480368448,-1
2025-08-11,heart_rate_avg,90.80545797730404,-1
2025-08-12,heart_rate_avg,94.55279736733348,-1
2025-08-24,heart_rate_avg,97.88518535400132,-1
2025-08-29,heart_rate_avg,87.46039935334545,-1
2024-09-19,heart_rate_avg,41.62255158505855,-1
2024-10-02,heart_rate_avg,42.19727206963789,-1
2024-10-03,heart_rate_avg,42.62997858613394,-1
2024-10-05,heart_rate_avg,41.74948939933032,-1
2024-10-26,heart_rate_avg,42.700676009738046,-1
2024-10-27,heart_rate_avg,36.04589037119629,-1
2024-11-15,heart_rate_avg,39.468030915642224,-1
2024-11-18,heart_rate_avg,42.598487018477286,-1
2024-11-25,heart_rate_avg,39.15574339860746,-1
2024-11-27,heart_rate_avg,41.59319141964164,-1
2024-12-01,heart_rate_avg,42.69752554908794,-1
2024-12-04,heart_rate_avg,39.57853977440308,-1
2025-01-28,heart_rate_avg,32.56247617909205,-1
2025-02-01,heart_rate_avg,40.54564489468675,-1
2025-02-04,heart_rate_avg,41.29850107821324,-1
2025-02-18,heart_rate_avg,37.34175784577759,-1
2025-02-28,heart_rate_avg,34.96035577670578,-1
2025-03-23,heart_rate_avg,41.67442763355996,-1
2025-04-07,heart_rate_avg,41.47167660158143,-1
2025-04-08,heart_rate_avg,37.03468245174716,-1
2025-04-25,heart_rate_avg,43.171150237673686,-1
2025-05-15,heart_rate_avg,40.22095232833804,-1
2025-06-11,heart_rate_avg,42.93832077024517,-1
2025-06-15,heart_rate_avg,38.80607234050984,-1
2025-06-27,heart_rate_avg,41.622876585925695,-1
2025-07-13,heart_rate_avg,41.41719964257384,-1
2025-08-04,heart_rate_avg,42.60410588082006,-1
2025-08-19,heart_rate_avg,39.00661773139996,-1
2025-08-20,heart_rate_avg,37.05512135559831,-1
2025-08-30,heart_rate_avg,34.11174086520728,-1
2024-09-10,heart_rate_avg,88.28192175139999,-1
2024-09-19,heart_rate_avg,88.76791251418766,-1
2024-09-22,heart_rate_avg,105.0438548978488,-1
2024-09-26,heart_rate_avg,90.21445505987175,-1
2024-09-30,heart_rate_avg,88.54192397449538,-1
2024-10-11,heart_rate_avg,101.55733728120978,-1
2024-10-24,heart_rate_avg,93.78928738060884,-1
2024-10-25,heart_rate_avg,89.15865188523183,-1
2024-10-27,heart_rate_avg,93.00048704069276,-1
2024-10-30,heart_rate_avg,100.85209701383988,-1
2024-11-12,heart_rate_avg,94.02524125820044,-1
2024-11-13,heart_rate_avg,90.69574650685954,-1
2024-11-19,heart_rate_avg,87.51491867870561,-1
2024-11-25,heart_rate_avg,89.04750525767261,-1
2024-11-29,heart_rate_avg,87.59800743770411,-1
2024-12-01,heart_rate_avg,88.26817398292798,-1
2024-12-04,heart_rate_avg,87.64898142355624,-1
2024-12-07,heart_rate_avg,92.63077427557808,-1
2025-01-07,heart_rate_avg,88.13384015754816,-1
2025-01-08,heart_rate_avg,91.68220094794545,-1
2025-01-23,heart_rate_avg,91.0758251391744,-1
2025-01-27,heart_rate_avg,93.699785354404,-1
2025-01-30,heart_rate_avg,95.40860136691391,-1
2025-02-07,heart_rate_avg,91.79837079573642,-1
2025-02-09,heart_rate_avg,90.49052434126452,-1
2025-02-12,heart_rate_avg,92.10643235708564,-1
2025-02-17,heart_rate_avg,89.73525120148281,-1
2025-02-24,heart_rate_avg,87.96505699070603,-1
2025-02-28,heart_rate_avg,91.7821259658109,-1
2025-03-06,heart_rate_avg,88.03607813571996,-1
2025-03-07,heart_rate_avg,97.3838368588726,-1
2025-03-08,heart_rate_avg,90.27335834957452,-1
2025-03-23,heart_rate_avg,101.18065059599157,-1
2025-04-04,heart_rate_avg,105.21562242601264,-1
2025-04-15,heart_rate_avg,88.19957075641503,-1
2025-05-02,heart_rate_avg,88.18434485375072,-1
2025-05-04,heart_rate_avg,88.00676395954973,-1
2025-05-20,heart_rate_avg,88.70772927900195,-1
2025-05-22,heart_rate_avg,100.27941971405316,-1
2025-06-08,heart_rate_avg,97.4687807290691,-1
2025-06-14,heart_rate_avg,102.30091820010531,-1
2025-06-15,heart_rate_avg,98.88327935461798,-1
2025-06-30,heart_rate_avg,90.57055000751237,-1
2025-07-02,heart_rate_avg,88.06670798270002,-1
2025-07-12,heart_rate_avg,100.9792224787197,-1
2025-07-17,heart_rate_avg,97.85049440606268,-1
2025-07-20,heart_rate_avg,97.16212217840588,-1
2025-07-27,heart_rate_avg,89.9915377382841,-1
2025-07-31,heart_rate_avg,88.2409275917455,-1
2025-08-09,heart_rate_avg,90.01508157619938,-1
2025-08-10,heart_rate_avg,88.69654426957248,-1
2025-08-28,heart_rate_avg,93.0206367259637,-1
2025-08-29,heart_rate_avg,108.11038228260368,-1
2024-09-15,heart_rate_avg,90.3936655100822,-1
2024-10-14,heart_rate_avg,90.63454582294622,-1
2024-10-16,heart_rate_avg,38.96536739731644,-1
2024-10-31,heart_rate_avg,92.7934620936212,-1
2024-11-26,heart_rate_avg,89.39607116359133,-1
2024-11-30,heart_rate_avg,88.15844469549924,-1
2025-02-15,heart_rate_avg,89.1823473924386,-1
2025-02-17,heart_rate_avg,42.630996983958966,-1
2025-02-18,heart_rate_avg,88.94300314911811,-1
2025-04-06,heart_rate_avg,90.82398179540468,-1
2025-04-11,heart_rate_avg,87.50878955401703,-1
2025-04-21,heart_rate_avg,41.26439656153661,-1
2025-04-27,heart_rate_avg,105.75821091449998,-1
2025-06-26,heart_rate_avg,89.80237779697393,-1
2025-06-30,heart_rate_avg,94.3834568087864,-1
2025-07-20,heart_rate_avg,87.68976892682882,-1
2025-07-25,heart_rate_avg,92.5474966726926,-1
2025-07-30,heart_rate_avg,91.17821566189726,-1
2025-08-03,heart_rate_avg,90.93329185179724,-1
2024-09-30,heart_rate_avg,91.01127254336132,-1
2024-11-17,heart_rate_avg,39.84871262439175,-1
2024-12-13,heart_rate_avg,89.14732764192235,-1
2024-12-27,heart_rate_avg,94.85045658917112,-1
2025-02-09,heart_rate_avg,88.75322226944061,-1
2025-02-22,heart_rate_avg,88.0063725368517,-1
2025-04-24,heart_rate_avg,97.13646741628014,-1
2025-05-26,heart_rate_avg,98.29498884480893,-1
2025-06-09,heart_rate_avg,92.29551771477382,-1
2025-06-12,heart_rate_avg,87.77594911188314,-1
2025-06-17,heart_rate_avg,98.46338072458336,-1
2025-06-25,heart_rate_avg,88.85269711864206,-1
2025-07-11,heart_rate_avg,88.40149152539786,-1
2025-07-16,heart_rate_avg,90.8363448724101,-1
2025-08-03,heart_rate_avg,98.39087181019748,-1
2025-08-15,heart_rate_avg,89.19166898455802,-1
2025-08-30,heart_rate_avg,41.64667686897849,-1
2024-09-09,heart_rate_avg,91.6141198718328,-1
2024-09-10,heart_rate_avg,95.26133620527754,-1
2025-02-16,heart_rate_avg,97.78731356957704,-1
2025-03-14,heart_rate_avg,88.75179625400926,-1
2025-03-27,heart_rate_avg,88.96459375733525,-1
2025-04-10,heart_rate_avg,90.78161669291596,-1
2025-06-03,heart_rate_avg,87.59664113044502,-1
2025-06-22,heart_rate_avg,92.6594595152149,-1
2025-07-06,heart_rate_avg,90.20744252079024,-1
2025-07-16,heart_rate_avg,87.83754992963523,-1
2025-08-02,heart_rate_avg,91.12514375786851,-1
2024-09-28,heart_rate_avg,88.4562874636558,-1
2024-11-25,heart_rate_avg,94.5953103170084,-1
2024-12-14,heart_rate_avg,87.58713135875712,-1
2025-01-19,heart_rate_avg,89.16995893720619,-1
2025-01-28,heart_rate_avg,91.2611617002158,-1
2025-03-12,heart_rate_avg,92.54684932562591,-1
2025-03-21,heart_rate_avg,101.5814779450352,-1
2025-03-22,heart_rate_avg,94.54099747617272,-1
2025-04-19,heart_rate_avg,42.63119424209509,-1
2025-05-29,heart_rate_avg,95.8528519703881,-1
2025-08-08,heart_rate_avg,90.55957453872476,-1
2024-10-10,heart_rate_avg,40.816698126849445,-1
2024-10-17,heart_rate_avg,89.39905686607916,-1
2024-12-21,heart_rate_avg,31.39748220434266,-1
2025-02-02,heart_rate_avg,93.51999000908106,-1
2025-03-27,heart_rate_avg,89.06849193727292,-1
2025-06-06,heart_rate_avg,42.5366468345206,-1
2025-07-12,heart_rate_avg,91.9310129764637,-1
2025-08-08,heart_rate_avg,42.74887000005286,-1
2025-08-19,heart_rate_avg,39.47049507359311,-1
2024-10-05,heart_rate_avg,90.485886735235,-1
2024-11-28,heart_rate_avg,92.25007133218551,-1
2025-01-12,heart_rate_avg,41.08453780047317,-1
2025-01-29,heart_rate_avg,35.19682949354747,-1
2025-02-01,heart_rate_avg,93.304851264266,-1
2025-03-16,heart_rate_avg,42.80794372818053,-1
2025-07-19,heart_rate_avg,89.34657258939734,-1
2025-07-23,heart_rate_avg,92.67285519646173,-1
2024-10-12,heart_rate_avg,42.91189056643152,-1
2024-10-28,heart_rate_avg,41.73247755012324,-1
2024-11-11,heart_rate_avg,99.0889416167134,-1
2024-12-23,heart_rate_avg,87.4802617692702,-1
2024-12-25,heart_rate_avg,43.22212054005506,-1
2025-01-24,heart_rate_avg,42.9897350932166,-1
2025-02-14,heart_rate_avg,37.914630087278255,-1
2025-04-08,heart_rate_avg,99.21732240981308,-1
2025-07-21,heart_rate_avg,42.304181321686414,-1
2025-07-29,heart_rate_avg,39.38417829843878,-1
2025-08-19,heart_rate_avg,38.18820615782939,-1
2024-09-08,heart_rate_avg,41.36061854662508,-1
2024-09-19,heart_rate_avg,37.26497536341466,-1
2024-09-22,heart_rate_avg,37.00055192564932,-1
2024-09-30,heart_rate_avg,38.794627764172695,-1
2024-10-11,heart_rate_avg,38.79071886545629,-1
2024-10-13,heart_rate_avg,38.4751643893479,-1
2024-10-16,heart_rate_avg,39.15054620154813,-1
2024-10-25,heart_rate_avg,37.9262097853473,-1
2024-10-26,heart_rate_avg,38.7217239096151,-1
2024-11-08,heart_rate_avg,38.95013978087453,-1
2024-11-20,heart_rate_avg,41.41623199793375,-1
2024-11-22,heart_rate_avg,34.957851390328415,-1
2024-11-29,heart_rate_avg,32.49660180092317,-1
2024-12-01,heart_rate_avg,32.54039349243529,-1
2024-12-05,heart_rate_avg,41.26005859857321,-1
2024-12-13,heart_rate_avg,39.96339486796877,-1
2024-12-14,heart_rate_avg,36.57791013152399,-1
2025-01-17,heart_rate_avg,41.98554632492411,-1
2025-01-20,heart_rate_avg,42.69219440418841,-1
2025-01-22,heart_rate_avg,36.93653096371963,-1
2025-01-30,heart_rate_avg,38.46931854409072,-1
2025-02-06,heart_rate_avg,33.97138615947837,-1
2025-02-14,heart_rate_avg,38.57590411120466,-1
2025-02-15,heart_rate_avg,87.49933332624136,-1
2025-03-02,heart_rate_avg,38.03793713634514,-1
2025-03-06,heart_rate_avg,38.8728128872901,-1
2025-03-17,heart_rate_avg,41.39014216949487,-1
2025-03-25,heart_rate_avg,42.58712932084519,-1
2025-04-03,heart_rate_avg,31.467054831480837,-1
2025-04-06,heart_rate_avg,36.49161215324152,-1
2025-04-15,heart_rate_avg,38.75532857731156,-1
2025-04-28,heart_rate_avg,34.517111151339044,-1
2025-04-29,heart_rate_avg,40.82829035759798,-1
2025-05-08,heart_rate_avg,40.09850466272912,-1
2025-05-11,heart_rate_avg,39.418045061980095,-1
2025-05-26,heart_rate_avg,38.14087433105888,-1
2025-06-08,heart_rate_avg,32.73434180326744,-1
2025-06-13,heart_rate_avg,38.67744988424418,-1
2025-06-17,heart_rate_avg,35.3659531806949,-1
2025-06-23,heart_rate_avg,38.64289476314928,-1
2025-06-26,heart_rate_avg,40.81845778672599,-1
2025-07-03,heart_rate_avg,34.39980082368059,-1
2025-07-06,heart_rate_avg,29.54548477302803,-1
2025-07-10,heart_rate_avg,33.321916221960976,-1
2025-07-15,heart_rate_avg,42.979567611664834,-1
2025-08-08,heart_rate_avg,41.5757942410431,-1
2025-08-10,heart_rate_avg,26.27345506489725,-1
2025-08-17,heart_rate_avg,40.97821418147467,-1
2025-08-20,heart_rate_avg,36.5374378372994,-1
2025-08-21,heart_rate_avg,42.65250721177632,-1
2025-08-22,heart_rate_avg,42.03337498607584,-1
2025-08-30,heart_rate_avg,34.30885406525029,-1
2025-09-03,heart_rate_avg,37.49720205907018,-1
2024-09-15,heart_rate_avg,97.9404292541293,-1
2024-09-25,heart_rate_avg,91.22436389332722,-1
2024-09-29,heart_rate_avg,88.46628926524724,-1
2024-09-30,heart_rate_avg,94.96609721519476,-1
2024-10-03,heart_rate_avg,89.07999282253884,-1
2024-10-12,heart_rate_avg,96.34628016387111,-1
2024-10-25,heart_rate_avg,88.50713374891144,-1
2024-10-31,heart_rate_avg,92.54153782371124,-1
2024-11-02,heart_rate_avg,90.26561656271208,-1
2024-11-05,heart_rate_avg,88.61262811476116,-1
2024-11-09,heart_rate_avg,90.91392817865606,-1
2024-11-16,heart_rate_avg,92.24026247312024,-1
2024-11-17,heart_rate_avg,99.05715952002964,-1
2024-12-04,heart_rate_avg,91.77327674362304,-1
2024-12-12,heart_rate_avg,94.40534192086818,-1
2024-12-14,heart_rate_avg,89.00544133189727,-1
2024-12-16,heart_rate_avg,90.46230053915896,-1
2024-12-28,heart_rate_avg,89.20530888183934,-1
2024-12-31,heart_rate_avg,89.99277104659402,-1
2025-01-12,heart_rate_avg,98.83165757183556,-1
2025-01-14,heart_rate_avg,98.5034267778359,-1
2025-01-15,heart_rate_avg,91.27155882012858,-1
2025-01-16,heart_rate_avg,89.68244882346575,-1
2025-01-27,heart_rate_avg,92.42365344650705,-1
2025-02-02,heart_rate_avg,90.22130883574457,-1
2025-02-03,heart_rate_avg,91.9765755227295,-1
2025-02-14,heart_rate_avg,99.11675880051992,-1
2025-04-02,heart_rate_avg,92.70622159895532,-1
2025-04-07,heart_rate_avg,92.28652141956442,-1
2025-04-08,heart_rate_avg,89.54398351968442,-1
2025-04-13,heart_rate_avg,88.82937372822484,-1
2025-04-14,heart_rate_avg,87.53130876336593,-1
2025-04-22,heart_rate_avg,92.19363828672842,-1
2025-04-26,heart_rate_avg,99.93005895681056,-1
2025-05-20,heart_rate_avg,90.63766536617374,-1
2025-05-22,heart_rate_avg,102.39166113144556,-1
2025-05-24,heart_rate_avg,94.41771964577671,-1
2025-05-26,heart_rate_avg,93.54851830204548,-1
2025-05-29,heart_rate_avg,90.85353532102232,-1
2025-06-03,heart_rate_avg,88.225992519728,-1
2025-06-14,heart_rate_avg,88.47602934785249,-1
2025-07-06,heart_rate_avg,104.02284398797292,-1
2025-07-08,heart_rate_avg,87.51827044451467,-1
2025-07-22,heart_rate_avg,101.11998913330424,-1
2025-07-27,heart_rate_avg,90.58393312231792,-1
2025-08-11,heart_rate_avg,89.32718950718487,-1
2025-08-14,heart_rate_avg,87.80934558762665,-1
2025-08-17,heart_rate_avg,89.2013154019904,-1
2025-08-19,heart_rate_avg,95.082627964772,-1
2025-08-28,heart_rate_avg,89.46236769280071,-1
2025-08-29,heart_rate_avg,94.89265079408447,-1
2025-09-01,heart_rate_avg,95.44063562688716,-1
2024-10-10,heart_rate_avg,93.30415597240628,-1
2024-12-02,heart_rate_avg,89.52362075531883,-1
2025-01-08,heart_rate_avg,87.66707953408296,-1
2025-03-20,heart_rate_avg,96.80117119450526,-1
2025-03-28,heart_rate_avg,87.48391087872258,-1
2025-06-01,heart_rate_avg,97.85310144603709,-1
2025-06-23,heart_rate_avg,99.1048592884218,-1
2025-08-12,heart_rate_avg,94.7938161487766,-1
2025-08-17,heart_rate_avg,89.39813416080959,-1
2025-08-19,heart_rate_avg,40.69020961570466,-1
2025-08-20,heart_rate_avg,96.01139625269226,-1
2024-09-12,heart_rate_avg,39.61378869771077,-1
2024-11-14,heart_rate_avg,90.98950416331044,-1
2024-12-05,heart_rate_avg,87.96647596984118,-1
2024-12-22,heart_rate_avg,89.29491150375019,-1
2025-02-13,heart_rate_avg,41.86226429847956,-1
2025-02-25,heart_rate_avg,90.73920086416724,-1
2025-03-13,heart_rate_avg,36.35987581696508,-1
2025-04-11,heart_rate_avg,35.5190885582629,-1
2025-05-17,heart_rate_avg,39.50724905914366,-1
2025-05-20,heart_rate_avg,41.5960676007784,-1
2025-06-10,heart_rate_avg,88.12678616289699,-1
2025-06-24,heart_rate_avg,91.01292393359,-1
2024-09-19,heart_rate_avg,43.11365424370658,-1
2024-09-30,heart_rate_avg,38.67060108349476,-1
2024-10-09,heart_rate_avg,41.02728630515556,-1
2024-10-10,heart_rate_avg,40.04831577485403,-1
2024-10-13,heart_rate_avg,33.70523861452524,-1
2024-10-22,heart_rate_avg,34.986475035064686,-1
2024-10-23,heart_rate_avg,41.64008666550281,-1
2024-10-24,heart_rate_avg,42.87757639702399,-1
2024-10-25,heart_rate_avg,37.8495280832236,-1
2024-11-08,heart_rate_avg,39.56128046207111,-1
2024-11-10,heart_rate_avg,41.11372485159128,-1
2024-11-24,heart_rate_avg,37.05299835038393,-1
2024-11-28,heart_rate_avg,41.48677408251797,-1
2024-11-30,heart_rate_avg,42.23542573825048,-1
2024-12-06,heart_rate_avg,34.6500603775038,-1
2024-12-09,heart_rate_avg,42.445845852227336,-1
2024-12-30,heart_rate_avg,42.33600307848206,-1
2025-02-14,heart_rate_avg,29.10697787045553,-1
2025-02-17,heart_rate_avg,42.78337785250508,-1
2025-02-19,heart_rate_avg,36.42242188690486,-1
2025-03-06,heart_rate_avg,37.78052745973571,-1
2025-03-17,heart_rate_avg,36.6218784814785,-1
2025-03-30,heart_rate_avg,36.516710626428114,-1
2025-04-14,heart_rate_avg,37.90114595116746,-1
2025-04-18,heart_rate_avg,32.58733580250806,-1
2025-04-19,heart_rate_avg,87.48363491769749,-1
2025-04-24,heart_rate_avg,37.15463548189186,-1
2025-04-27,heart_rate_avg,42.74463559056636,-1
2025-04-28,heart_rate_avg,41.76376726397451,-1
2025-05-18,heart_rate_avg,40.36653408439116,-1
2025-05-26,heart_rate_avg,32.48381431187491,-1
2025-06-03,heart_rate_avg,39.30860556808618,-1
2025-06-15,heart_rate_avg,36.16975469395163,-1
2025-06-25,heart_rate_avg,42.65762894862043,-1
2025-06-27,heart_rate_avg,40.73470300486324,-1
2025-06-29,heart_rate_avg,40.841352710673945,-1
2025-07-15,heart_rate_avg,42.490497659105216,-1
2025-07-25,heart_rate_avg,35.82661386664921,-1
2025-07-26,heart_rate_avg,42.371720671777744,-1
2025-08-01,heart_rate_avg,31.62970854766775,-1
2025-08-05,heart_rate_avg,38.90021883418556,-1
2025-08-19,heart_rate_avg,42.9838809657948,-1
2025-08-26,heart_rate_avg,36.21873837592916,-1
2024-09-15,heart_rate_avg,42.84676496315648,-1
2024-09-21,heart_rate_avg,43.1202926730203,-1
2024-10-01,heart_rate_avg,43.1969550442401,-1
2024-12-24,heart_rate_avg,33.93294212009643,-1
2025-02-05,heart_rate_avg,40.07963056874888,-1
2025-02-11,heart_rate_avg,36.210452778978805,-1
2025-03-19,heart_rate_avg,39.12050852567637,-1
2025-03-24,heart_rate_avg,43.037542544150895,-1
2025-04-03,heart_rate_avg,41.09893533867803,-1
2025-04-10,heart_rate_avg,42.9406310990089,-1
2025-04-18,heart_rate_avg,39.08544118151234,-1
2025-05-08,heart_rate_avg,41.64974732066216,-1
2025-05-15,heart_rate_avg,40.47955891714903,-1
2025-05-29,heart_rate_avg,35.46687080077376,-1
2025-06-04,heart_rate_avg,38.67578904757968,-1
2025-07-10,heart_rate_avg,89.15209650006187,-1
2025-08-03,heart_rate_avg,87.76159590248974,-1
2025-08-13,heart_rate_avg,42.1686458946118,-1
2025-08-21,heart_rate_avg,31.195338510829306,-1
2024-11-13,heart_rate_avg,92.29653405886852,-1
2024-12-18,heart_rate_avg,90.41717782715556,-1
2024-12-22,heart_rate_avg,88.02624820320048,-1
2025-03-12,heart_rate_avg,90.28441830954458,-1
2025-04-01,heart_rate_avg,90.6299639207412,-1
2025-05-05,heart_rate_avg,88.67242742252611,-1
2025-05-13,heart_rate_avg,93.42406032384191,-1
2025-06-11,heart_rate_avg,35.124783189597274,-1
2025-07-06,heart_rate_avg,96.24657667043552,-1
2025-07-25,heart_rate_avg,92.91849462759276,-1
2025-07-26,heart_rate_avg,99.08950545554328,-1
2025-08-06,heart_rate_avg,41.73595241894858,-1
2025-08-13,heart_rate_avg,95.14233232631908,-1
2024-09-22,heart_rate_avg,38.94503929376759,-1
2024-10-08,heart_rate_avg,38.701705641897696,-1
2024-10-09,heart_rate_avg,38.45859284219537,-1
2024-10-15,heart_rate_avg,36.4208381902216,-1
2024-10-18,heart_rate_avg,34.39765215214233,-1
2024-11-03,heart_rate_avg,39.682720851526014,-1
2024-11-11,heart_rate_avg,35.24839879651834,-1
2024-11-21,heart_rate_avg,33.408101022126466,-1
2024-11-26,heart_rate_avg,38.54070947448746,-1
2024-12-09,heart_rate_avg,33.127707909547766,-1
2024-12-10,heart_rate_avg,39.26967861532027,-1
2024-12-21,heart_rate_avg,42.29282150424318,-1
2025-01-10,heart_rate_avg,34.0955043624156,-1
2025-01-16,heart_rate_avg,92.70383839028932,-1
2025-01-27,heart_rate_avg,24.453864042074763,-1
2025-01-28,heart_rate_avg,41.5020782072793,-1
2025-02-07,heart_rate_avg,42.62511177411136,-1
2025-02-13,heart_rate_avg,40.40324652543892,-1
2025-02-14,heart_rate_avg,42.5509643483463,-1
2025-02-21,heart_rate_avg,42.76296211624968,-1
2025-03-01,heart_rate_avg,40.0540110513965,-1
2025-03-06,heart_rate_avg,43.13752389520023,-1
2025-03-09,heart_rate_avg,39.50009974484461,-1
2025-03-16,heart_rate_avg,37.431299748853874,-1
2025-03-19,heart_rate_avg,31.945872754419963,-1
2025-04-15,heart_rate_avg,38.54365623702964,-1
2025-04-16,heart_rate_avg,42.17895627357045,-1
2025-04-21,heart_rate_avg,42.402170427367246,-1
2025-04-30,heart_rate_avg,28.16157282114397,-1
2025-05-02,heart_rate_avg,40.396628834531214,-1
2025-05-22,heart_rate_avg,42.20392668884886,-1
2025-06-07,heart_rate_avg,40.97538640776099,-1
2025-06-11,heart_rate_avg,34.50163083862617,-1
2025-06-13,heart_rate_avg,36.26250477717995,-1
2025-06-17,heart_rate_avg,41.26200716888645,-1
2025-06-18,heart_rate_avg,39.068455652726286,-1
2025-06-24,heart_rate_avg,37.03591140830359,-1
2025-07-03,heart_rate_avg,40.94414403278595,-1
2025-07-14,heart_rate_avg,38.20684787955791,-1
2025-07-16,heart_rate_avg,31.73182000676297,-1
2025-08-01,heart_rate_avg,40.88577251390241,-1
2025-08-18,heart_rate_avg,32.522904178451185,-1
2025-08-21,heart_rate_avg,37.41791057733941,-1
2025-08-26,heart_rate_avg,34.312330455179925,-1
2024-09-15,heart_rate_avg,94.08292036871744,-1
2024-09-17,heart_rate_avg,90.30740331437735,-1
2024-09-23,heart_rate_avg,91.54569432347223,-1
2024-09-24,heart_rate_avg,40.88131945396449,-1
2024-10-04,heart_rate_avg,87.42451117976896,-1
2024-11-18,heart_rate_avg,87.96892403181192,-1
2025-02-21,heart_rate_avg,89.04413626219443,-1
2025-03-10,heart_rate_avg,39.07080648824186,-1
2025-03-28,heart_rate_avg,88.61204674272355,-1
2025-04-05,heart_rate_avg,42.80569461634655,-1
2025-04-29,heart_rate_avg,90.27808318114106,-1
2025-07-12,heart_rate_avg,34.22076013323006,-1
2025-09-01,heart_rate_avg,91.59133091543802,-1
2024-09-24,heart_rate_avg,87.85781800059648,-1
2024-11-08,heart_rate_avg,35.74374130704528,-1
2024-11-29,heart_rate_avg,40.97772439594432,-1
2025-01-16,heart_rate_avg,39.59394132754088,-1
2025-01-22,heart_rate_avg,33.914309654365354,-1
2025-03-01,heart_rate_avg,91.5117131698205,-1
2025-05-21,heart_rate_avg,87.7986428264788,-1
2025-05-23,heart_rate_avg,91.34050318584974,-1
2025-05-29,heart_rate_avg,41.41160029060865,-1
2025-06-24,heart_rate_avg,42.9340626032309,-1
2025-06-25,heart_rate_avg,40.91462757936814,-1
2025-08-26,heart_rate_avg,90.0254226923397,-1
2024-09-19,heart_rate_avg,38.71367943394631,-1
2024-09-26,heart_rate_avg,90.18195829391286,-1
2024-12-04,heart_rate_avg,95.03818710110436,-1
2024-12-10,heart_rate_avg,91.080979205417,-1
2024-12-28,heart_rate_avg,42.51932711288241,-1
2025-01-08,heart_rate_avg,100.45096289442004,-1
2025-01-26,heart_rate_avg,94.96966942533334,-1
2025-02-03,heart_rate_avg,42.98255857814625,-1
2025-02-13,heart_rate_avg,41.37636825962093,-1
2025-04-10,heart_rate_avg,87.97869514491035,-1
2025-04-17,heart_rate_avg,91.5120691058542,-1
2025-05-08,heart_rate_avg,87.54721095376583,-1
2025-06-09,heart_rate_avg,41.46823247947116,-1
2025-06-20,heart_rate_avg,93.66081824725188,-1
2025-08-02,heart_rate_avg,38.90548737690946,-1
2025-08-23,heart_rate_avg,92.8532653181845,-1
2024-09-17,heart_rate_avg,31.975305743741806,-1
2024-09-18,heart_rate_avg,42.83452359176154,-1
2024-09-26,heart_rate_avg,39.92782397485036,-1
2024-10-05,heart_rate_avg,35.79818100027824,-1
2024-10-16,heart_rate_avg,38.77818016617264,-1
2024-10-17,heart_rate_avg,37.99529484747127,-1
2024-10-31,heart_rate_avg,41.90900183015644,-1
2024-11-02,heart_rate_avg,37.64348821828865,-1
2024-11-06,heart_rate_avg,33.33708276039083,-1
2024-11-28,heart_rate_avg,40.21395488036758,-1
2025-01-01,heart_rate_avg,37.52243162194007,-1
2025-01-11,heart_rate_avg,39.16174512702972,-1
2025-02-09,heart_rate_avg,94.02293101138213,-1
2025-02-27,heart_rate_avg,38.008999286492525,-1
2025-03-04,heart_rate_avg,29.970016267570383,-1
2025-03-17,heart_rate_avg,41.312368959933984,-1
2025-03-19,heart_rate_avg,42.011575534171776,-1
2025-04-10,heart_rate_avg,40.43481025457362,-1
2025-04-14,heart_rate_avg,41.26786031613754,-1
2025-04-28,heart_rate_avg,36.90684695166914,-1
2025-05-03,heart_rate_avg,38.41070295915338,-1
2025-05-17,heart_rate_avg,32.4632034629616,-1
2025-05-20,heart_rate_avg,28.239229252840325,-1
2025-06-06,heart_rate_avg,36.92505073521664,-1
2025-06-07,heart_rate_avg,39.85705548328839,-1
2025-06-19,heart_rate_avg,39.15281623948647,-1
2025-06-21,heart_rate_avg,41.26720475839975,-1
2025-07-14,heart_rate_avg,37.86234876803212,-1
2025-07-23,heart_rate_avg,37.80964500965777,-1
2025-08-18,heart_rate_avg,41.88836610581932,-1
2025-09-04,heart_rate_avg,42.96069531883519,-1
2025-09-05,heart_rate_avg,38.21362806624794,-1
2024-09-10,heart_rate_avg,89.93167235449235,-1
2024-09-21,heart_rate_avg,91.38075538754264,-1
2024-10-03,heart_rate_avg,94.28678188201016,-1
2024-10-07,heart_rate_avg,88.9144940270833,-1
2025-01-03,heart_rate_avg,90.62846498529623,-1
2025-03-30,heart_rate_avg,94.9110797721729,-1
2025-06-04,heart_rate_avg,87.94578427020352,-1
2025-07-01,heart_rate_avg,92.34393180543486,-1
2025-09-01,heart_rate_avg,38.46484308189567,-1
2024-09-16,heart_rate_avg,34.24163675115606,-1
2024-10-07,heart_rate_avg,42.08819245439429,-1
2024-10-12,heart_rate_avg,39.52017636101175,-1
2024-10-18,heart_rate_avg,40.74877980862833,-1
2024-10-24,heart_rate_avg,36.26998428599143,-1
2024-11-09,heart_rate_avg,41.9508856372978,-1
2024-11-20,heart_rate_avg,41.82530558260976,-1
2024-11-25,heart_rate_avg,40.09775534322012,-1
2024-12-02,heart_rate_avg,38.8273701703323,-1
2024-12-15,heart_rate_avg,28.71678907812441,-1
2024-12-26,heart_rate_avg,41.349727279699295,-1
2024-12-30,heart_rate_avg,32.20862386385617,-1
2025-01-18,heart_rate_avg,43.18905678552361,-1
2025-01-22,heart_rate_avg,42.87439962583728,-1
2025-01-26,heart_rate_avg,31.487972142437123,-1
2025-02-15,heart_rate_avg,40.02298367219827,-1
2025-03-02,heart_rate_avg,40.61143517187471,-1
2025-03-05,heart_rate_avg,33.730228263959724,-1
2025-03-07,heart_rate_avg,40.95001932982486,-1
2025-04-09,heart_rate_avg,42.49638495046345,-1
2025-04-21,heart_rate_avg,38.5370836789322,-1
2025-06-05,heart_rate_avg,39.2737638080945,-1
2025-06-09,heart_rate_avg,37.78141705268917,-1
2025-06-13,heart_rate_avg,36.68731436204072,-1
2025-06-19,heart_rate_avg,36.14467110587293,-1
2025-08-08,heart_rate_avg,42.12266300879094,-1
2025-08-09,heart_rate_avg,41.15398477798853,-1
2025-08-16,heart_rate_avg,42.95180614876073,-1
2025-09-01,heart_rate_avg,35.562759523612215,-1
2024-11-23,heart_rate_avg,42.71979673960205,-1
2025-02-04,heart_rate_avg,43.02960987301232,-1
2025-05-09,heart_rate_avg,40.120380390690855,-1
2025-06-03,heart_rate_avg,100.54051418174087,-1
2025-06-12,heart_rate_avg,89.6329713214383,-1
2025-06-15,heart_rate_avg,89.77166600234045,-1
2025-07-28,heart_rate_avg,39.073309593407856,-1
2025-08-13,heart_rate_avg,34.971336793495794,-1
2024-09-15,heart_rate_avg,87.48342056770726,-1
2024-09-27,heart_rate_avg,88.14492374312039,-1
2024-10-16,heart_rate_avg,88.60354240688672,-1
2024-11-12,heart_rate_avg,91.35143777948016,-1
2025-02-16,heart_rate_avg,41.91197736740527,-1
2025-02-20,heart_rate_avg,96.09841314027987,-1
2025-03-15,heart_rate_avg,87.72162572767895,-1
2025-03-31,heart_rate_avg,42.8583027720783,-1
2025-04-22,heart_rate_avg,89.46807022043133,-1
2025-06-16,heart_rate_avg,42.21883544325309,-1
2025-08-30,heart_rate_avg,39.72473059440336,-1
2025-09-01,heart_rate_avg,88.43974412495449,-1
2024-10-26,heart_rate_avg,36.888185665270406,-1
2024-11-26,heart_rate_avg,39.97895787990146,-1
2024-12-20,heart_rate_avg,38.20904173911461,-1
2024-12-29,heart_rate_avg,41.14404200648091,-1
2025-01-07,heart_rate_avg,41.97080536841808,-1
2025-02-07,heart_rate_avg,41.34336655495122,-1
2025-03-15,heart_rate_avg,89.14919098721646,-1
2025-03-17,heart_rate_avg,40.53130493174154,-1
2025-06-12,heart_rate_avg,87.65716157528848,-1
2025-06-14,heart_rate_avg,88.44288792279183,-1
2025-06-22,heart_rate_avg,42.73973623801466,-1
2025-06-24,heart_rate_avg,32.15209609304853,-1
2025-07-28,heart_rate_avg,42.63388433837094,-1
2025-08-21,heart_rate_avg,93.85866239984364,-1
2025-08-27,heart_rate_avg,38.075772021300686,-1
2025-08-31,heart_rate_avg,36.64970617140993,-1
2025-09-04,heart_rate_avg,39.52018151336835,-1
2024-10-18,heart_rate_avg,93.07462539609168,-1
2024-11-09,heart_rate_avg,27.45627586343984,-1
2024-11-14,heart_rate_avg,89.48001369454445,-1
2024-12-20,heart_rate_avg,38.17678109552348,-1
2025-01-04,heart_rate_avg,94.36210163337547,-1
2025-01-05,heart_rate_avg,88.07539053922974,-1
2025-02-15,heart_rate_avg,92.00212725110984,-1
2025-03-02,heart_rate_avg,88.26910459211152,-1
2025-04-01,heart_rate_avg,42.9860640490284,-1
2025-06-05,heart_rate_avg,38.42232022873407,-1
2025-06-12,heart_rate_avg,87.74166655885159,-1
2025-08-01,heart_rate_avg,42.25437366107616,-1
2025-08-07,heart_rate_avg,91.27940113230636,-1
2025-08-27,heart_rate_avg,41.67776265230302,-1
2024-09-23,heart_rate_avg,39.13804079519276,-1
2024-10-20,heart_rate_avg,39.75989223996587,-1
2024-11-06,heart_rate_avg,38.47333002281541,-1
2024-11-14,heart_rate_avg,36.442002175726216,-1
2024-12-15,heart_rate_avg,93.6753737239322,-1
2024-12-31,heart_rate_avg,88.5319065998228,-1
2025-01-09,heart_rate_avg,89.1271624758171,-1
2025-01-10,heart_rate_avg,93.15086446609652,-1
2025-01-12,heart_rate_avg,94.69285393615576,-1
2025-01-25,heart_rate_avg,32.77823271245449,-1
2025-01-28,heart_rate_avg,37.71193105188898,-1
2025-02-11,heart_rate_avg,42.58805161318702,-1
2025-03-19,heart_rate_avg,87.66775863683483,-1
2025-04-27,heart_rate_avg,97.9964112261699,-1
2025-06-03,heart_rate_avg,92.09522168389984,-1
2025-07-21,heart_rate_avg,97.33497250656268,-1
2025-08-16,heart_rate_avg,40.66270735230909,-1
2025-08-23,heart_rate_avg,91.54555842643116,-1
2024-09-21,heart_rate_avg,92.4574448619996,-1
2024-09-22,heart_rate_avg,101.70034840091849,-1
2024-09-27,heart_rate_avg,93.43463830939172,-1
2024-10-05,heart_rate_avg,89.96087940310491,-1
2024-10-20,heart_rate_avg,91.54935769031404,-1
2024-11-03,heart_rate_avg,89.58062682734715,-1
2024-11-22,heart_rate_avg,88.88533259043403,-1
2024-12-01,heart_rate_avg,90.55073296669735,-1
2024-12-04,heart_rate_avg,94.7764176430919,-1
2024-12-18,heart_rate_avg,88.99379510542977,-1
2024-12-31,heart_rate_avg,90.17704254963402,-1
2025-01-30,heart_rate_avg,92.80473716882032,-1
2025-02-11,heart_rate_avg,98.4357855493818,-1
2025-02-14,heart_rate_avg,91.59393648880967,-1
2025-02-23,heart_rate_avg,88.34828015401348,-1
2025-03-02,heart_rate_avg,89.72375932662668,-1
2025-03-05,heart_rate_avg,89.32613594774622,-1
2025-03-07,heart_rate_avg,92.062039040718,-1
2025-03-10,heart_rate_avg,96.19913527069268,-1
2025-03-20,heart_rate_avg,96.83098228096652,-1
2025-03-23,heart_rate_avg,88.53547471067031,-1
2025-05-14,heart_rate_avg,87.48633352154913,-1
2025-06-01,heart_rate_avg,87.56922374561216,-1
2025-06-15,heart_rate_avg,96.71902172434,-1
2025-06-16,heart_rate_avg,95.55419340429428,-1
2025-06-23,heart_rate_avg,91.98488757517104,-1
2025-07-23,heart_rate_avg,96.55648699520206,-1
2025-08-27,heart_rate_avg,88.46589532980626,-1
2025-08-30,heart_rate_avg,97.72286336804302,-1
2025-09-03,heart_rate_avg,93.054755848869,-1
2024-09-09,heart_rate_avg,91.29800702428362,-1
2024-09-14,heart_rate_avg,90.86793188496463,-1
2024-09-22,heart_rate_avg,91.6937571531044,-1
2024-09-24,heart_rate_avg,88.97582510269939,-1
2024-10-01,heart_rate_avg,91.79460289480136,-1
2024-10-13,heart_rate_avg,90.12333078242035,-1
2024-10-17,heart_rate_avg,109.90702099853216,-1
2024-10-28,heart_rate_avg,94.94809400232404,-1
2024-11-15,heart_rate_avg,89.28745688860195,-1
2024-11-17,heart_rate_avg,93.6974007625228,-1
2024-11-25,heart_rate_avg,90.94631369982204,-1
2024-11-29,heart_rate_avg,89.18501077577774,-1
2024-12-02,heart_rate_avg,98.41549927459158,-1
2024-12-16,heart_rate_avg,94.73374169706076,-1
2024-12-20,heart_rate_avg,91.587354569629,-1
2024-12-28,heart_rate_avg,98.23370966024892,-1
2025-01-01,heart_rate_avg,93.0322366680262,-1
2025-01-08,heart_rate_avg,88.21769964938309,-1
2025-01-28,heart_rate_avg,88.4044749316076,-1
2025-02-02,heart_rate_avg,87.62681123799439,-1
2025-02-09,heart_rate_avg,90.49467104850316,-1
2025-02-13,heart_rate_avg,91.66226522320557,-1
2025-02-28,heart_rate_avg,94.49366622341456,-1
2025-03-03,heart_rate_avg,98.6139199782684,-1
2025-03-14,heart_rate_avg,97.44423454660148,-1
2025-03-17,heart_rate_avg,94.28028141988256,-1
2025-03-23,heart_rate_avg,89.54302207702838,-1
2025-03-30,heart_rate_avg,95.579342310049,-1
2025-04-04,heart_rate_avg,93.9412106708132,-1
2025-04-05,heart_rate_avg,88.05596914998888,-1
2025-04-16,heart_rate_avg,90.19212955317668,-1
2025-04-20,heart_rate_avg,96.54584183355132,-1
2025-04-24,heart_rate_avg,94.69058360192956,-1
2025-04-28,heart_rate_avg,92.29631104040564,-1
2025-05-05,heart_rate_avg,93.94209899277422,-1
2025-05-07,heart_rate_avg,94.32551840157043,-1
2025-05-16,heart_rate_avg,90.59066774271515,-1
2025-05-18,heart_rate_avg,91.37343653682818,-1
2025-05-20,heart_rate_avg,91.02301400562536,-1
2025-06-01,heart_rate_avg,92.85460387303986,-1
2025-06-17,heart_rate_avg,93.37243217792025,-1
2025-06-23,heart_rate_avg,90.63903914652248,-1
2025-06-30,heart_rate_avg,88.54767799687242,-1
2025-07-03,heart_rate_avg,93.26829803940298,-1
2025-07-04,heart_rate_avg,41.56988656918301,-1
2025-07-09,heart_rate_avg,98.41417220021854,-1
2025-07-10,heart_rate_avg,93.16661156023412,-1
2025-07-23,heart_rate_avg,90.95976374435172,-1
2025-08-02,heart_rate_avg,103.28686072944814,-1
2025-08-08,heart_rate_avg,89.22621676476705,-1
2025-08-20,heart_rate_avg,90.32744583138634,-1
2025-08-21,heart_rate_avg,106.06560217222668,-1
2025-08-26,heart_rate_avg,97.63819724040536,-1
2025-08-30,heart_rate_avg,92.14828586985703,-1
2025-09-02,heart_rate_avg,95.71112878313916,-1
2024-09-13,heart_rate_avg,90.32641712974616,-1
2024-09-16,heart_rate_avg,90.6846445228514,-1
2024-10-06,heart_rate_avg,89.09996049182014,-1
2024-10-12,heart_rate_avg,88.65741613272334,-1
2024-11-04,heart_rate_avg,90.03292199250232,-1
2024-11-13,heart_rate_avg,89.98665742097201,-1
2024-11-15,heart_rate_avg,87.96750878669769,-1
2024-12-27,heart_rate_avg,87.49608844261802,-1
2025-02-17,heart_rate_avg,96.84354698844136,-1
2025-03-06,heart_rate_avg,95.45993993714008,-1
2025-03-14,heart_rate_avg,93.42255780116966,-1
2025-04-16,heart_rate_avg,92.49928326455952,-1
2025-05-02,heart_rate_avg,39.72216247537658,-1
2025-05-05,heart_rate_avg,87.66346825590955,-1
2025-05-09,heart_rate_avg,89.40951546947862,-1
2025-07-03,heart_rate_avg,90.94337860867113,-1
2025-08-03,heart_rate_avg,89.5528398724046,-1
2025-08-20,heart_rate_avg,90.4819731798152,-1
2024-10-23,heart_rate_avg,40.24693686065244,-1
2024-11-24,heart_rate_avg,40.80754597237577,-1
2024-12-06,heart_rate_avg,88.2262985294525,-1
2024-12-24,heart_rate_avg,40.67426923011999,-1
2025-01-14,heart_rate_avg,39.81363603913188,-1
2025-02-07,heart_rate_avg,88.70556307044247,-1
2025-03-04,heart_rate_avg,87.77636141426927,-1
2025-04-10,heart_rate_avg,34.0732948494611,-1
2025-05-02,heart_rate_avg,90.13827136007627,-1
2025-05-05,heart_rate_avg,41.64382072801721,-1
2025-05-29,heart_rate_avg,41.87690043312488,-1
2025-06-06,heart_rate_avg,43.035600805067446,-1
2025-08-18,heart_rate_avg,41.15997738157599,-1
2024-09-22,heart_rate_avg,40.83806868420713,-1
2024-11-19,heart_rate_avg,40.95103129793432,-1
2025-01-11,heart_rate_avg,41.79739140916368,-1
2025-02-07,heart_rate_avg,43.126624485480704,-1
2025-02-11,heart_rate_avg,38.64345129320814,-1
2025-02-13,heart_rate_avg,41.75529364685436,-1
2025-02-14,heart_rate_avg,87.64724046747338,-1
2025-04-03,heart_rate_avg,89.56753758745447,-1
2025-04-05,heart_rate_avg,34.30215102316172,-1
2025-04-17,heart_rate_avg,28.447069291905684,-1
2025-07-01,heart_rate_avg,37.66935298151694,-1
2025-07-28,heart_rate_avg,88.03793259236818,-1
2025-08-08,heart_rate_avg,42.03766709482875,-1
2024-09-21,heart_rate_avg,88.73939659276806,-1
2024-09-28,heart_rate_avg,43.1838809824454,-1
2024-10-14,heart_rate_avg,89.21278235379054,-1
2024-11-01,heart_rate_avg,88.18801364164389,-1
2024-11-19,heart_rate_avg,37.7000980353696,-1
2025-01-09,heart_rate_avg,90.78151112112712,-1
2025-03-21,heart_rate_avg,42.55141823653362,-1
2025-04-16,heart_rate_avg,93.4914971739784,-1
2025-07-25,heart_rate_avg,88.6782685766126,-1
2025-09-04,heart_rate_avg,42.70855618767228,-1
2024-09-09,heart_rate_avg,87.57977430684195,-1
2024-09-12,heart_rate_avg,91.5246492511212,-1
2024-09-23,heart_rate_avg,88.22453386295317,-1
2024-09-24,heart_rate_avg,89.90861549076256,-1
2024-09-28,heart_rate_avg,92.83612444163644,-1
2024-10-28,heart_rate_avg,88.1688673144663,-1
2025-01-02,heart_rate_avg,91.94103376764131,-1
2025-01-25,heart_rate_avg,42.37544179401326,-1
2025-01-26,heart_rate_avg,91.37970617679665,-1
2025-02-07,heart_rate_avg,91.47802593168576,-1
2025-04-28,heart_rate_avg,89.2728795041097,-1
2025-08-24,heart_rate_avg,94.68635230664144,-1
2024-09-27,heart_rate_avg,36.44550914410441,-1
2024-10-12,heart_rate_avg,38.02730420861337,-1
2024-11-17,heart_rate_avg,42.49121378032471,-1
2024-11-30,heart_rate_avg,41.97065338801838,-1
2024-12-28,heart_rate_avg,38.34046709668044,-1
2025-01-02,heart_rate_avg,43.00033590483483,-1
2025-01-05,heart_rate_avg,38.65668908692129,-1
2025-02-15,heart_rate_avg,41.17497331799489,-1
2025-04-09,heart_rate_avg,37.69247717691925,-1
2025-04-26,heart_rate_avg,42.89455057757115,-1
2025-05-22,heart_rate_avg,40.617650809334414,-1
2025-06-03,heart_rate_avg,35.27811064232456,-1
2025-06-23,heart_rate_avg,92.71610634955351,-1
2025-08-26,heart_rate_avg,38.96398938117606,-1
2024-09-15,heart_rate_avg,41.99595711922436,-1
2024-10-18,heart_rate_avg,31.78104343433472,-1
2025-01-24,heart_rate_avg,41.20985224268448,-1
2025-02-17,heart_rate_avg,39.063875659718505,-1
2025-02-28,heart_rate_avg,41.86639057722264,-1
2025-04-12,heart_rate_avg,89.71019372967912,-1
2025-05-11,heart_rate_avg,36.55726243711348,-1
2025-07-19,heart_rate_avg,41.113083515944425,-1
2025-09-02,heart_rate_avg,37.97297437031014,-1
2025-09-05,heart_rate_avg,34.03945102229422,-1
2024-10-29,heart_rate_avg,20.615291057738688,-1
2024-12-05,heart_rate_avg,35.535141645250576,-1
2025-01-06,heart_rate_avg,89.21772750705051,-1
2025-02-17,heart_rate_avg,40.28955468108181,-1
2025-02-21,heart_rate_avg,36.015406845974226,-1
2025-04-01,heart_rate_avg,42.86315980823306,-1
2025-04-10,heart_rate_avg,38.57681772678826,-1
2025-04-17,heart_rate_avg,36.951593371990754,-1
2025-04-24,heart_rate_avg,38.33732398378278,-1
2025-07-07,heart_rate_avg,41.34354321094868,-1
2025-07-23,heart_rate_avg,40.33510117125637,-1
2024-12-03,heart_rate_avg,91.92947655184771,-1
2024-12-27,heart_rate_avg,91.30514428803876,-1
2025-01-12,heart_rate_avg,88.80304663327615,-1
2025-01-28,heart_rate_avg,92.95566968579784,-1
2025-01-31,heart_rate_avg,88.50160753616433,-1
2025-02-04,heart_rate_avg,91.62109043869964,-1
2025-02-05,heart_rate_avg,89.80675512605914,-1
2025-03-01,heart_rate_avg,97.1551181645326,-1
2025-03-28,heart_rate_avg,90.68801503052944,-1
2025-05-02,heart_rate_avg,90.0546611990496,-1
2025-07-16,heart_rate_avg,90.48929887909593,-1
2025-07-30,heart_rate_avg,90.88524328561851,-1
2024-10-23,heart_rate_avg,35.466044226202854,-1
2024-11-23,heart_rate_avg,92.47385011335398,-1
2025-01-08,heart_rate_avg,41.74948548699252,-1
2025-01-31,heart_rate_avg,40.35340233415958,-1
2025-02-04,heart_rate_avg,42.59368620838288,-1
2025-04-20,heart_rate_avg,42.796198281188815,-1
2025-05-25,heart_rate_avg,39.801400514382735,-1
2025-06-28,heart_rate_avg,40.91890383121226,-1
2024-10-11,heart_rate_avg,42.874994489689456,-1
2024-11-04,heart_rate_avg,97.39428679210532,-1
2024-12-08,heart_rate_avg,90.649963302873,-1
2025-02-05,heart_rate_avg,39.32169908837054,-1
2025-02-16,heart_rate_avg,88.56439453746377,-1
2025-03-15,heart_rate_avg,88.79656308210396,-1
2025-04-19,heart_rate_avg,88.41763248908424,-1
2025-05-21,heart_rate_avg,93.49312098887005,-1
2025-06-06,heart_rate_avg,87.87269268719396,-1
2025-07-30,heart_rate_avg,40.778943612478656,-1
2025-07-31,heart_rate_avg,43.17146259875689,-1
2025-08-13,heart_rate_avg,88.80002948596592,-1
2024-10-22,heart_rate_avg,42.20948353890615,-1
2024-11-10,heart_rate_avg,37.13394551442663,-1
2024-11-12,heart_rate_avg,42.191789111239885,-1
2024-11-15,heart_rate_avg,41.43972482545678,-1
2024-11-16,heart_rate_avg,41.05997078854324,-1
2024-11-19,heart_rate_avg,40.11671498439311,-1
2024-12-07,heart_rate_avg,41.5792439079881,-1
2024-12-17,heart_rate_avg,38.51812034093423,-1
2024-12-20,heart_rate_avg,40.67608177867437,-1
2025-01-01,heart_rate_avg,42.60757269222577,-1
2025-01-13,heart_rate_avg,36.99481323917527,-1
2025-01-21,heart_rate_avg,42.93248344394202,-1
2025-01-31,heart_rate_avg,31.18675690803044,-1
2025-04-10,heart_rate_avg,35.30595457002968,-1
2025-05-20,heart_rate_avg,37.23191788796585,-1
2025-06-06,heart_rate_avg,34.934345584977976,-1
2025-06-08,heart_rate_avg,38.0151385052691,-1
2025-06-20,heart_rate_avg,34.98216482281887,-1
2025-06-30,heart_rate_avg,41.30002332882411,-1
2025-07-03,heart_rate_avg,40.700962562518136,-1
2025-07-05,heart_rate_avg,40.94761560036444,-1
2025-07-24,heart_rate_avg,37.96550034532844,-1
2025-08-11,heart_rate_avg,34.30397149630939,-1
2025-08-23,heart_rate_avg,40.672596026480974,-1
2025-09-02,heart_rate_avg,37.93282199732009,-1
2025-09-04,heart_rate_avg,41.99825008935763,-1
2024-09-15,heart_rate_avg,41.83186203962607,-1
2024-11-26,heart_rate_avg,33.984885916266464,-1
2024-12-16,heart_rate_avg,91.56537326459134,-1
2025-01-25,heart_rate_avg,92.07750936824748,-1
2025-02-01,heart_rate_avg,89.68512949655009,-1
2025-02-16,heart_rate_avg,39.75796344146858,-1
2025-03-09,heart_rate_avg,36.76903385722651,-1
2025-03-10,heart_rate_avg,94.70617576323504,-1
2025-04-12,heart_rate_avg,41.08044402801728,-1
2025-05-21,heart_rate_avg,88.38913329239472,-1
2025-01-31,heart_rate_avg,39.51906640699907,-1
2025-02-24,heart_rate_avg,37.98818868700675,-1
2025-03-16,heart_rate_avg,87.94754660439999,-1
2025-03-26,heart_rate_avg,41.64455106498558,-1
2025-04-11,heart_rate_avg,39.56228359322242,-1
2025-04-22,heart_rate_avg,41.9525587662024,-1
2025-07-11,heart_rate_avg,36.39799658259911,-1
2024-10-02,heart_rate_avg,38.885602009550695,-1
2024-10-11,heart_rate_avg,42.4234080498932,-1
2024-11-30,heart_rate_avg,89.03853155307522,-1
2025-03-05,heart_rate_avg,98.13929397516642,-1
2025-05-07,heart_rate_avg,87.49663895482124,-1
2025-08-28,heart_rate_avg,95.59068344900834,-1
2024-09-08,heart_rate_avg,37.27133330972271,-1
2024-10-02,heart_rate_avg,39.75842910613318,-1
2024-10-15,heart_rate_avg,33.68506899006713,-1
2024-10-25,heart_rate_avg,43.01276054112945,-1
2024-12-21,heart_rate_avg,41.84273642415853,-1
2024-12-25,heart_rate_avg,26.98176987255112,-1
2025-01-10,heart_rate_avg,39.53158943796584,-1
2025-01-12,heart_rate_avg,41.39668548212909,-1
2025-01-15,heart_rate_avg,97.56037532704272,-1
2025-02-08,heart_rate_avg,42.32960953916976,-1
2025-02-15,heart_rate_avg,43.20018145416503,-1
2025-02-26,heart_rate_avg,97.12723804454076,-1
2025-03-08,heart_rate_avg,43.11204020980599,-1
2025-03-16,heart_rate_avg,32.86192144684941,-1
2025-03-23,heart_rate_avg,38.560243883237874,-1
2025-04-29,heart_rate_avg,88.99635792535435,-1
2025-08-11,heart_rate_avg,41.34323182617666,-1
2024-10-21,heart_rate_avg,40.41067167774792,-1
2025-01-16,heart_rate_avg,96.39339923902492,-1
2025-04-13,heart_rate_avg,42.91857262020899,-1
2025-05-04,heart_rate_avg,89.188721045127,-1
2025-05-15,heart_rate_avg,92.67175693662352,-1
2025-05-21,heart_rate_avg,40.00819581510972,-1
2024-09-17,heart_rate_avg,93.43211859740596,-1
2024-10-23,heart_rate_avg,93.27965006379443,-1
2024-11-18,heart_rate_avg,88.1456782545075,-1
2024-12-11,heart_rate_avg,91.35567499975086,-1
2024-12-31,heart_rate_avg,89.92278913347496,-1
2025-01-13,heart_rate_avg,90.22484915644948,-1
2025-01-24,heart_rate_avg,88.13445592264384,-1
2025-01-30,heart_rate_avg,87.79115856904615,-1
2025-02-02,heart_rate_avg,87.71921929861468,-1
2025-02-08,heart_rate_avg,92.6988220917713,-1
2025-02-10,heart_rate_avg,99.880295248369,-1
2025-02-19,heart_rate_avg,90.23748903337832,-1
2025-03-15,heart_rate_avg,87.62121404062268,-1
2025-03-16,heart_rate_avg,94.54843955920845,-1
2025-03-22,heart_rate_avg,89.24407169645457,-1
2025-04-09,heart_rate_avg,96.29797243236314,-1
2025-04-19,heart_rate_avg,98.94557305353854,-1
2025-05-11,heart_rate_avg,92.29850318315228,-1
2025-05-15,heart_rate_avg,87.91368663504518,-1
2025-06-09,heart_rate_avg,101.61842478805592,-1
2025-06-15,heart_rate_avg,87.66562637976416,-1
2025-06-18,heart_rate_avg,87.79271562196202,-1
2025-06-25,heart_rate_avg,92.86514007012804,-1
2025-07-13,heart_rate_avg,93.22619639004684,-1
2025-07-14,heart_rate_avg,91.3582285580284,-1
2025-07-29,heart_rate_avg,97.76691355266472,-1
2025-08-21,heart_rate_avg,99.11186554815498,-1
2025-08-27,heart_rate_avg,90.48587561772518,-1
2024-10-16,heart_rate_avg,91.16531145728362,-1
2025-01-13,heart_rate_avg,91.13938454132814,-1
2025-01-16,heart_rate_avg,90.48086708101955,-1
2025-01-28,heart_rate_avg,43.01671217759399,-1
2025-03-20,heart_rate_avg,40.26313491121684,-1
2025-04-16,heart_rate_avg,89.73101849021369,-1
2025-05-12,heart_rate_avg,97.31497742597465,-1
2025-05-31,heart_rate_avg,40.783525140793664,-1
2025-07-31,heart_rate_avg,95.63831743351994,-1
2024-09-08,heart_rate_avg,36.59346386280629,-1
2024-10-14,heart_rate_avg,38.53244235573104,-1
2024-10-23,heart_rate_avg,89.48967673683569,-1
2024-11-29,heart_rate_avg,88.54183407423514,-1
2025-01-27,heart_rate_avg,39.62198818602485,-1
2025-02-07,heart_rate_avg,41.44979869741254,-1
2025-04-12,heart_rate_avg,40.77772216619772,-1
2025-05-06,heart_rate_avg,33.26940098096594,-1
2025-06-07,heart_rate_avg,42.88365783690023,-1
2025-06-10,heart_rate_avg,35.92936444313752,-1
2025-08-19,heart_rate_avg,88.99857161723165,-1
2025-09-05,heart_rate_avg,94.70492607273584,-1
2024-09-09,heart_rate_avg,41.1520437315109,-1
2024-09-10,heart_rate_avg,42.90050472689241,-1
2024-09-15,heart_rate_avg,30.16336529425129,-1
2024-09-19,heart_rate_avg,42.49371317800794,-1
2024-09-25,heart_rate_avg,37.595601947617965,-1
2024-10-16,heart_rate_avg,42.43857093057319,-1
2024-10-26,heart_rate_avg,39.28737801954966,-1
2024-12-05,heart_rate_avg,38.863737444190335,-1
2025-02-01,heart_rate_avg,40.688604254214674,-1
2025-02-07,heart_rate_avg,35.61249863006476,-1
2025-02-11,heart_rate_avg,40.10246355037033,-1
2025-03-20,heart_rate_avg,38.11961945861574,-1
2025-03-26,heart_rate_avg,43.1290803992724,-1
2025-05-07,heart_rate_avg,41.47564237624523,-1
2025-05-12,heart_rate_avg,33.91964381945502,-1
2025-05-25,heart_rate_avg,20.79160197244299,-1
2025-05-28,heart_rate_avg,42.91662834709192,-1
2025-07-06,heart_rate_avg,43.179268147814646,-1
2025-07-11,heart_rate_avg,39.97070253061304,-1
2025-07-14,heart_rate_avg,37.774416523029416,-1
2025-07-28,heart_rate_avg,39.79252033331659,-1
2025-08-01,heart_rate_avg,38.927818697379536,-1
2025-08-08,heart_rate_avg,43.205556968512845,-1
2025-08-13,heart_rate_avg,41.14440330306552,-1
2025-08-15,heart_rate_avg,41.51432074683238,-1
2025-08-20,heart_rate_avg,39.90022309896678,-1
2025-08-25,heart_rate_avg,39.01387483894342,-1
2025-08-26,heart_rate_avg,29.29530464222849,-1
2024-09-11,heart_rate_avg,42.27187066259209,-1
2024-10-05,heart_rate_avg,40.10013174091105,-1
2024-10-16,heart_rate_avg,41.30906346329149,-1
2024-11-03,heart_rate_avg,91.62763430149022,-1
2024-11-16,heart_rate_avg,42.24931416849751,-1
2025-01-09,heart_rate_avg,37.10913423546049,-1
2025-02-10,heart_rate_avg,35.919868855644964,-1
2025-02-17,heart_rate_avg,40.83804803907937,-1
2025-04-30,heart_rate_avg,37.51161588255871,-1
2025-06-26,heart_rate_avg,41.45479882423139,-1
2025-07-08,heart_rate_avg,89.27224158059325,-1
2025-07-12,heart_rate_avg,39.388498651713135,-1
2025-08-20,heart_rate_avg,42.46972038130258,-1
2024-12-06,heart_rate_avg,97.38816564912932,-1
2024-12-25,heart_rate_avg,35.48704268089946,-1
2025-01-10,heart_rate_avg,35.997978515673225,-1
2025-01-14,heart_rate_avg,41.31901375638069,-1
2025-02-08,heart_rate_avg,33.37801126203648,-1
2025-02-10,heart_rate_avg,39.2319128096331,-1
2025-02-26,heart_rate_avg,26.2637630219016,-1
2025-02-27,heart_rate_avg,36.797607220657206,-1
2025-07-24,heart_rate_avg,90.03706089435022,-1
2025-08-16,heart_rate_avg,42.51747213050327,-1
2024-09-09,heart_rate_avg,41.808582125706906,-1
2024-09-14,heart_rate_avg,42.851363670405895,-1
2024-09-17,heart_rate_avg,32.89351003384513,-1
2024-10-03,heart_rate_avg,35.5051274222927,-1
2024-10-21,heart_rate_avg,34.38838837398612,-1
2024-10-23,heart_rate_avg,41.279922460908686,-1
2024-10-26,heart_rate_avg,42.23076121867624,-1
2024-11-04,heart_rate_avg,42.43698594308047,-1
2024-11-09,heart_rate_avg,40.06163984294261,-1
2024-11-14,heart_rate_avg,40.59155141806564,-1
2024-11-24,heart_rate_avg,39.57778368174768,-1
2024-11-25,heart_rate_avg,42.07623565933392,-1
2024-12-02,heart_rate_avg,42.58946124638514,-1
2024-12-16,heart_rate_avg,37.78175944280117,-1
2024-12-24,heart_rate_avg,41.633917133736006,-1
2025-01-05,heart_rate_avg,37.72593918628039,-1
2025-01-10,heart_rate_avg,40.294851121577125,-1
2025-02-05,heart_rate_avg,26.54087490816948,-1
2025-02-08,heart_rate_avg,35.59844114053482,-1
2025-02-12,heart_rate_avg,35.611482863350744,-1
2025-02-22,heart_rate_avg,39.05984967812323,-1
2025-03-07,heart_rate_avg,42.41279379400565,-1
2025-04-05,heart_rate_avg,38.12717916423216,-1
2025-04-27,heart_rate_avg,42.96814219779752,-1
2025-04-28,heart_rate_avg,39.87345460636648,-1
2025-08-26,heart_rate_avg,42.141950201337366,-1
2025-08-31,heart_rate_avg,42.83061716778009,-1
2024-09-15,heart_rate_avg,89.21287193900916,-1
2024-10-04,heart_rate_avg,95.91313361357776,-1
2024-10-06,heart_rate_avg,87.8377947392569,-1
2024-10-10,heart_rate_avg,88.03981618505422,-1
2024-12-29,heart_rate_avg,90.02909362347998,-1
2025-01-02,heart_rate_avg,88.66282183557823,-1
2025-02-13,heart_rate_avg,89.96790504890268,-1
2025-06-10,heart_rate_avg,90.68220117675956,-1
2025-06-24,heart_rate_avg,88.12295795682955,-1
2025-06-27,heart_rate_avg,88.14610290731036,-1
2025-07-27,heart_rate_avg,89.07386657780371,-1
2025-08-27,heart_rate_avg,32.06855103619684,-1
2024-09-26,heart_rate_avg,26.042431512874277,-1
2024-10-11,heart_rate_avg,40.785141084685456,-1
2024-10-27,heart_rate_avg,41.187102042892086,-1
2024-12-09,heart_rate_avg,40.60409975286235,-1
2025-01-10,heart_rate_avg,42.77916495377858,-1
2025-01-20,heart_rate_avg,35.85498959597132,-1
2025-01-26,heart_rate_avg,41.24383919882902,-1
2025-02-11,heart_rate_avg,40.123556889292246,-1
2025-02-24,heart_rate_avg,39.82146226115816,-1
2025-03-31,heart_rate_avg,42.33314775192652,-1
2025-04-02,heart_rate_avg,42.96053072850046,-1
2025-04-26,heart_rate_avg,36.46436792239657,-1
2025-05-09,heart_rate_avg,41.34077691009532,-1
2025-05-16,heart_rate_avg,39.110106749722206,-1
2025-05-21,heart_rate_avg,42.94328741219621,-1
2025-06-03,heart_rate_avg,42.8401738369003,-1
2025-08-16,heart_rate_avg,42.09845431834657,-1
2025-08-23,heart_rate_avg,40.85877834014116,-1
2024-11-21,heart_rate_avg,40.647757343733446,-1
2025-01-29,heart_rate_avg,41.62820222382234,-1
2025-02-11,heart_rate_avg,35.3757434780762,-1
2025-03-12,heart_rate_avg,31.100056990849914,-1
2025-05-05,heart_rate_avg,40.364608991122346,-1
2025-05-17,heart_rate_avg,89.28745274352693,-1
2025-07-09,heart_rate_avg,36.549095529110986,-1
2025-07-21,heart_rate_avg,88.0976053010298,-1
2024-09-12,heart_rate_avg,89.84458447806004,-1
2024-09-16,heart_rate_avg,93.90321677290976,-1
2024-09-20,heart_rate_avg,40.96827518706469,-1
2024-09-24,heart_rate_avg,88.68242860843357,-1
2024-10-31,heart_rate_avg,93.8038692004784,-1
2024-11-05,heart_rate_avg,90.7003232199661,-1
2024-12-27,heart_rate_avg,41.19838829450234,-1
2025-01-10,heart_rate_avg,97.64050640344624,-1
2025-02-26,heart_rate_avg,88.02368636939312,-1
2025-04-19,heart_rate_avg,90.42450885806949,-1
2025-05-21,heart_rate_avg,40.62307115159787,-1
2025-06-18,heart_rate_avg,87.6295067051181,-1
2025-08-03,heart_rate_avg,41.43600662756997,-1
2025-08-11,heart_rate_avg,90.39238656268708,-1
2025-08-15,heart_rate_avg,88.11646626180875,-1
2024-09-19,heart_rate_avg,87.665390816364,-1
2024-11-27,heart_rate_avg,90.10346167297266,-1
2024-12-12,heart_rate_avg,88.70459620236687,-1
2025-05-10,heart_rate_avg,101.29419082616624,-1
2025-06-07,heart_rate_avg,89.45864534504831,-1
2025-07-02,heart_rate_avg,90.41773228246052,-1
2025-07-07,heart_rate_avg,42.3061889079146,-1
2025-07-22,heart_rate_avg,38.87452020139376,-1
2024-10-12,heart_rate_avg,41.74428331224762,-1
2025-03-30,heart_rate_avg,43.03930094414878,-1
2025-04-15,heart_rate_avg,35.40516954538547,-1
2025-05-08,heart_rate_avg,43.15884648840525,-1
2025-05-25,heart_rate_avg,41.38333513868618,-1
2025-08-04,heart_rate_avg,37.54464610692587,-1
2025-08-16,heart_rate_avg,31.69638323372911,-1
2024-09-07,heart_rate_avg,102.71095927326738,-1
2024-09-10,heart_rate_avg,89.38423875787748,-1
2024-09-26,heart_rate_avg,90.24478468559822,-1
2024-10-10,heart_rate_avg,91.06977046541748,-1
2024-10-12,heart_rate_avg,88.25773740502923,-1
2024-10-23,heart_rate_avg,99.69785441134157,-1
2024-10-25,heart_rate_avg,92.66185421049865,-1
2024-10-30,heart_rate_avg,93.721436158327,-1
2024-11-25,heart_rate_avg,94.61215886230708,-1
2024-11-30,heart_rate_avg,89.66560309268394,-1
2024-12-14,heart_rate_avg,97.31935427342204,-1
2025-01-02,heart_rate_avg,95.57882208531517,-1
2025-01-03,heart_rate_avg,97.3745659305184,-1
2025-01-19,heart_rate_avg,94.91236997884354,-1
2025-01-22,heart_rate_avg,99.026328345896,-1
2025-01-26,heart_rate_avg,93.49459612073916,-1
2025-01-29,heart_rate_avg,90.25071253518163,-1
2025-02-01,heart_rate_avg,96.47395413417784,-1
2025-02-07,heart_rate_avg,103.03631407910972,-1
2025-03-15,heart_rate_avg,91.35657351525396,-1
2025-03-28,heart_rate_avg,87.68671597148638,-1
2025-04-05,heart_rate_avg,90.65524509770523,-1
2025-04-07,heart_rate_avg,98.03114936243804,-1
2025-04-08,heart_rate_avg,90.79595050170408,-1
2025-04-09,heart_rate_avg,104.18411198425883,-1
2025-04-15,heart_rate_avg,89.58690027178858,-1
2025-04-27,heart_rate_avg,90.05558358487491,-1
2025-04-28,heart_rate_avg,90.42684975587436,-1
2025-05-09,heart_rate_avg,92.85404141913318,-1
2025-05-17,heart_rate_avg,89.9827516360184,-1
2025-05-27,heart_rate_avg,95.028214956141,-1
2025-05-30,heart_rate_avg,89.17085493531194,-1
2025-06-03,heart_rate_avg,92.80729679933938,-1
2025-06-08,heart_rate_avg,89.71451058102772,-1
2025-06-09,heart_rate_avg,89.63428903429872,-1
2025-07-06,heart_rate_avg,92.16600979350798,-1
2025-07-08,heart_rate_avg,88.02531446054377,-1
2025-07-11,heart_rate_avg,90.97569531983774,-1
2025-07-13,heart_rate_avg,105.31240652958982,-1
2025-07-14,heart_rate_avg,91.2611348301312,-1
2025-08-03,heart_rate_avg,88.66481920649883,-1
2024-10-11,heart_rate_avg,96.50919410317792,-1
2024-12-15,heart_rate_avg,95.5342934449896,-1
2025-01-23,heart_rate_avg,29.920127091264845,-1
2025-05-03,heart_rate_avg,42.67348252754316,-1
2025-06-23,heart_rate_avg,92.28758853705772,-1
2025-07-23,heart_rate_avg,87.89255787740282,-1
2025-08-28,heart_rate_avg,89.64934859035304,-1
2024-09-11,heart_rate_avg,90.26886528143204,-1
2024-10-04,heart_rate_avg,91.11524209472068,-1
2024-11-22,heart_rate_avg,34.910801564927674,-1
2024-12-04,heart_rate_avg,88.00555914262787,-1
2024-12-24,heart_rate_avg,95.19882218409866,-1
2025-01-21,heart_rate_avg,88.75515364985574,-1
2025-02-08,heart_rate_avg,88.05911893216698,-1
2025-03-26,heart_rate_avg,88.22409181557657,-1
2025-03-29,heart_rate_avg,87.62947520520815,-1
2025-04-04,heart_rate_avg,91.97454122595713,-1
2025-05-26,heart_rate_avg,88.63873627800595,-1
2025-05-29,heart_rate_avg,91.51344679834448,-1
2025-06-08,heart_rate_avg,89.584474596187,-1
2025-07-06,heart_rate_avg,87.56588316203289,-1
2024-09-11,heart_rate_avg,94.49095069968794,-1
2024-09-15,heart_rate_avg,88.89791937501546,-1
2024-09-22,heart_rate_avg,96.7727773158131,-1
2024-09-29,heart_rate_avg,88.88930920724265,-1
2024-10-03,heart_rate_avg,101.69393193422208,-1
2024-10-06,heart_rate_avg,94.457640966293,-1
2024-10-16,heart_rate_avg,89.61287835466632,-1
2024-10-26,heart_rate_avg,91.8410704906515,-1
2024-10-30,heart_rate_avg,87.68643505460233,-1
2024-11-02,heart_rate_avg,91.65283820950168,-1
2024-11-05,heart_rate_avg,91.28959204559804,-1
2024-11-07,heart_rate_avg,97.89873022057272,-1
2024-11-11,heart_rate_avg,92.31011139388424,-1
2024-11-19,heart_rate_avg,92.47993965684005,-1
2024-12-19,heart_rate_avg,94.65234283670378,-1
2025-01-02,heart_rate_avg,90.60900503423944,-1
2025-01-15,heart_rate_avg,97.1834385497962,-1
2025-01-21,heart_rate_avg,98.75397932013794,-1
2025-02-10,heart_rate_avg,96.44754672682156,-1
2025-02-23,heart_rate_avg,90.21649789042743,-1
2025-02-27,heart_rate_avg,103.35300497815466,-1
2025-03-04,heart_rate_avg,91.24517364273268,-1
2025-03-17,heart_rate_avg,91.26348644918804,-1
2025-03-19,heart_rate_avg,91.03012650191408,-1
2025-03-27,heart_rate_avg,100.64774617638408,-1
2025-04-10,heart_rate_avg,96.25397707922076,-1
2025-04-24,heart_rate_avg,88.05760815110483,-1
2025-04-30,heart_rate_avg,96.6070006211111,-1
2025-05-09,heart_rate_avg,88.64074372134792,-1
2025-05-19,heart_rate_avg,91.48113439716276,-1
2025-05-24,heart_rate_avg,88.46758937500782,-1
2025-05-27,heart_rate_avg,95.38951172726742,-1
2025-05-28,heart_rate_avg,101.21208523884494,-1
2025-06-05,heart_rate_avg,87.84985968887071,-1
2025-06-09,heart_rate_avg,93.50497086250734,-1
2025-06-21,heart_rate_avg,88.96227582720105,-1
2025-06-29,heart_rate_avg,89.60393051917691,-1
2025-07-08,heart_rate_avg,91.870420445802,-1
2025-07-16,heart_rate_avg,96.85802963125973,-1
2025-07-17,heart_rate_avg,93.01385524222248,-1
2025-08-04,heart_rate_avg,88.02646418275859,-1
2025-08-13,heart_rate_avg,96.73245505803844,-1
2025-08-14,heart_rate_avg,94.53579880772816,-1
2025-08-15,heart_rate_avg,97.11107120491198,-1
2025-08-27,heart_rate_avg,88.84973630997932,-1
2025-08-28,heart_rate_avg,91.69493163186962,-1
2025-08-29,heart_rate_avg,96.3998833423716,-1
2025-09-02,heart_rate_avg,91.8935049522717,-1
2024-09-14,heart_rate_avg,89.33531702161446,-1
2024-10-09,heart_rate_avg,39.39788587990154,-1
2024-10-11,heart_rate_avg,89.65230815145877,-1
2024-10-23,heart_rate_avg,89.36690585891195,-1
2024-11-08,heart_rate_avg,87.88699704852297,-1
2024-12-09,heart_rate_avg,88.06255142949432,-1
2025-01-02,heart_rate_avg,89.41261133583745,-1
2025-01-04,heart_rate_avg,87.43673655757704,-1
2025-01-18,heart_rate_avg,88.4384596489896,-1
2025-02-05,heart_rate_avg,97.24022233495884,-1
2025-02-06,heart_rate_avg,89.04147844189585,-1
2025-02-12,heart_rate_avg,89.5006245187655,-1
2025-02-14,heart_rate_avg,87.57589169508165,-1
2025-03-09,heart_rate_avg,96.44268382634615,-1
2025-03-14,heart_rate_avg,89.14067146170136,-1
2025-05-22,heart_rate_avg,99.88060185497623,-1
2025-05-27,heart_rate_avg,89.550310685482,-1
2025-05-28,heart_rate_avg,88.15069924537478,-1
2025-06-25,heart_rate_avg,89.80981137916858,-1
2025-06-28,heart_rate_avg,92.05894093008688,-1
2025-07-06,heart_rate_avg,87.63122734638466,-1
2025-07-18,heart_rate_avg,87.92786963406843,-1
2025-08-06,heart_rate_avg,87.82685628369266,-1
2025-08-19,heart_rate_avg,92.2340660407538,-1
2024-09-13,heart_rate_avg,101.46063272589548,-1
2024-09-15,heart_rate_avg,96.4115453693262,-1
2024-12-26,heart_rate_avg,87.8684769929507,-1
2025-01-01,heart_rate_avg,41.920322828300456,-1
2025-02-06,heart_rate_avg,37.70185211738077,-1
2025-03-25,heart_rate_avg,90.8343178854908,-1
2025-03-28,heart_rate_avg,39.98052371509085,-1
2025-04-07,heart_rate_avg,37.127024017109385,-1
2025-04-08,heart_rate_avg,91.77768772030778,-1
2025-04-10,heart_rate_avg,88.95351749330896,-1
2025-06-23,heart_rate_avg,98.308178582747,-1
2025-08-21,heart_rate_avg,89.90352996094563,-1
2024-09-07,heart_rate_avg,95.89289921849712,-1
2024-09-09,heart_rate_avg,94.58505030383088,-1
2024-09-10,heart_rate_avg,90.85915325562968,-1
2024-09-12,heart_rate_avg,90.8719249231152,-1
2024-09-15,heart_rate_avg,98.2492727619058,-1
2024-09-16,heart_rate_avg,89.47963401860372,-1
2024-09-23,heart_rate_avg,90.9366720169601,-1
2024-09-30,heart_rate_avg,94.43353090767825,-1
2024-10-02,heart_rate_avg,91.34592283059628,-1
2024-10-10,heart_rate_avg,90.2295771906905,-1
2024-10-11,heart_rate_avg,88.85289520185657,-1
2024-10-20,heart_rate_avg,87.45194184503752,-1
2024-10-30,heart_rate_avg,95.92444879747836,-1
2024-11-03,heart_rate_avg,88.05642512319218,-1
2024-11-06,heart_rate_avg,94.65613940297897,-1
2024-11-28,heart_rate_avg,93.15152709103754,-1
2024-11-30,heart_rate_avg,94.98550942988514,-1
2024-12-05,heart_rate_avg,97.9796648253266,-1
2024-12-06,heart_rate_avg,92.91342956346,-1
2024-12-10,heart_rate_avg,99.0668165182632,-1
2024-12-20,heart_rate_avg,92.21079211885244,-1
2025-01-05,heart_rate_avg,90.41073816319692,-1
2025-01-16,heart_rate_avg,105.78498662187246,-1
2025-01-17,heart_rate_avg,95.78343273258406,-1
2025-01-19,heart_rate_avg,90.6017606446793,-1
2025-01-27,heart_rate_avg,94.659641893218,-1
2025-01-29,heart_rate_avg,94.6907026512728,-1
2025-02-07,heart_rate_avg,90.77980097091404,-1
2025-02-15,heart_rate_avg,95.32385119914476,-1
2025-02-22,heart_rate_avg,92.54295830090147,-1
2025-02-28,heart_rate_avg,97.36280491796332,-1
2025-03-04,heart_rate_avg,96.16669664077828,-1
2025-04-11,heart_rate_avg,90.65211740295554,-1
2025-04-28,heart_rate_avg,93.84340833835935,-1
2025-05-01,heart_rate_avg,88.62461204207895,-1
2025-05-03,heart_rate_avg,89.44513771263529,-1
2025-05-06,heart_rate_avg,90.7629135210539,-1
2025-05-17,heart_rate_avg,93.69237961229535,-1
2025-05-20,heart_rate_avg,99.64820548679006,-1
2025-05-21,heart_rate_avg,90.0658921485043,-1
2025-05-24,heart_rate_avg,98.70357746213097,-1
2025-05-28,heart_rate_avg,88.94964801690561,-1
2025-05-30,heart_rate_avg,90.94222966218408,-1
2025-05-31,heart_rate_avg,90.33147330934663,-1
2025-06-06,heart_rate_avg,88.7485871137062,-1
2025-06-14,heart_rate_avg,95.27176683216904,-1
2025-06-18,heart_rate_avg,88.90851676292333,-1
2025-06-24,heart_rate_avg,89.6480832213315,-1
2025-06-26,heart_rate_avg,88.43705544093643,-1
2025-06-27,heart_rate_avg,94.63666980227384,-1
2025-06-29,heart_rate_avg,90.11360964852452,-1
2025-06-30,heart_rate_avg,89.20232911896937,-1
2025-07-03,heart_rate_avg,94.71002549098168,-1
2025-07-10,heart_rate_avg,94.7068301381933,-1
2025-07-16,heart_rate_avg,94.17155995533732,-1
2025-07-19,heart_rate_avg,89.28587889235608,-1
2025-07-27,heart_rate_avg,93.87796746834104,-1
2025-08-09,heart_rate_avg,92.437600021224,-1
2025-08-14,heart_rate_avg,91.13966425158792,-1
2025-09-04,heart_rate_avg,92.9383140711354,-1
2024-11-05,heart_rate_avg,90.21971084173693,-1
2024-11-16,heart_rate_avg,42.41306909473768,-1
2024-11-25,heart_rate_avg,87.83815398352534,-1
2024-12-12,heart_rate_avg,89.11573506321446,-1
2025-01-07,heart_rate_avg,36.84256529054413,-1
2025-02-01,heart_rate_avg,41.03982088827422,-1
2025-02-15,heart_rate_avg,42.92730029331919,-1
2025-02-19,heart_rate_avg,40.82494200265327,-1
2025-04-14,heart_rate_avg,42.48941875361891,-1
2025-05-12,heart_rate_avg,41.43529961840724,-1
2025-06-11,heart_rate_avg,32.63438398387447,-1
2024-09-13,heart_rate_avg,90.49346173141862,-1
2024-10-27,heart_rate_avg,95.5341622854697,-1
2024-10-28,heart_rate_avg,88.8667504210853,-1
2024-11-06,heart_rate_avg,88.14195469560777,-1
2024-11-16,heart_rate_avg,93.73276314422196,-1
2024-12-03,heart_rate_avg,42.621402296408746,-1
2024-12-17,heart_rate_avg,36.39506169672742,-1
2024-12-18,heart_rate_avg,89.24291970264328,-1
2025-02-10,heart_rate_avg,90.26319376497368,-1
2025-04-14,heart_rate_avg,95.2136876992416,-1
2025-04-18,heart_rate_avg,90.75189673868842,-1
2025-04-29,heart_rate_avg,87.6200565268289,-1
2025-05-20,heart_rate_avg,90.46488419472756,-1
2025-07-03,heart_rate_avg,87.85314665420707,-1
2025-07-18,heart_rate_avg,88.46996351659024,-1
2025-07-20,heart_rate_avg,96.7254630151554,-1
2025-07-27,heart_rate_avg,97.11510255813404,-1
2025-08-28,heart_rate_avg,91.2220095148744,-1
2024-09-20,heart_rate_avg,39.84009180061914,-1
2024-10-10,heart_rate_avg,34.05946216248544,-1
2024-10-15,heart_rate_avg,90.87141397948552,-1
2024-10-21,heart_rate_avg,40.83325250841789,-1
2024-10-28,heart_rate_avg,40.35657924602522,-1
2024-11-13,heart_rate_avg,87.43043341951198,-1
2024-12-17,heart_rate_avg,42.96282121817422,-1
2024-12-18,heart_rate_avg,31.524748839034867,-1
2025-01-06,heart_rate_avg,38.99821570052448,-1
2025-01-31,heart_rate_avg,42.81208957423824,-1
2025-02-17,heart_rate_avg,40.593998556408295,-1
2025-03-15,heart_rate_avg,40.29484413844008,-1
2025-03-19,heart_rate_avg,38.88518904023138,-1
2025-04-12,heart_rate_avg,25.38909374284154,-1
2025-04-17,heart_rate_avg,31.63387905946491,-1
2025-05-08,heart_rate_avg,30.88832239673924,-1
2025-05-15,heart_rate_avg,42.63419691748954,-1
2025-07-12,heart_rate_avg,91.50742076165446,-1
2025-07-17,heart_rate_avg,42.04619449489207,-1
2025-08-08,heart_rate_avg,42.92386782156184,-1
2025-09-01,heart_rate_avg,29.329451181551065,-1
2024-09-28,heart_rate_avg,43.04641936029479,-1
2024-10-06,heart_rate_avg,42.253233592537015,-1
2024-10-09,heart_rate_avg,33.60851580953797,-1
2024-10-21,heart_rate_avg,41.13984586800188,-1
2024-11-22,heart_rate_avg,39.12909637470283,-1
2024-12-30,heart_rate_avg,41.5402393190557,-1
2025-01-01,heart_rate_avg,89.77033654132217,-1
2025-03-02,heart_rate_avg,41.83933586467566,-1
2025-03-16,heart_rate_avg,39.698534565908616,-1
2025-05-01,heart_rate_avg,36.9577794493746,-1
2025-05-24,heart_rate_avg,33.00807405188377,-1
2025-08-21,heart_rate_avg,42.00921298858231,-1
2025-08-29,heart_rate_avg,36.77079968487283,-1
2024-10-14,heart_rate_avg,36.46195162777502,-1
2024-11-11,heart_rate_avg,42.136967849008144,-1
2025-02-03,heart_rate_avg,34.91127357771268,-1
2025-03-11,heart_rate_avg,32.484549813998186,-1
2025-04-06,heart_rate_avg,34.87936172724905,-1
2025-04-09,heart_rate_avg,38.99688020450407,-1
2025-04-14,heart_rate_avg,41.82510390043375,-1
2025-06-02,heart_rate_avg,89.01689164750643,-1
2025-07-16,heart_rate_avg,42.849673250228975,-1
2025-08-18,heart_rate_avg,38.74818245328866,-1
2024-09-11,heart_rate_avg,29.29146050961121,-1
2024-11-07,heart_rate_avg,42.89748281987713,-1
2024-12-15,heart_rate_avg,40.16789053735735,-1
2025-01-03,heart_rate_avg,39.39490302752729,-1
2025-02-19,heart_rate_avg,97.8195222891299,-1
2025-06-16,heart_rate_avg,37.73888930136423,-1
2025-06-27,heart_rate_avg,33.65125903904256,-1
2025-07-28,heart_rate_avg,36.78120112002742,-1
2025-08-07,heart_rate_avg,87.45379249955062,-1
2024-09-22,heart_rate_avg,33.18753684624937,-1
2024-11-13,heart_rate_avg,90.78142680812196,-1
2025-01-13,heart_rate_avg,36.40495482848384,-1
2025-02-07,heart_rate_avg,37.45733633735284,-1
2025-02-22,heart_rate_avg,41.04769524242951,-1
2025-03-17,heart_rate_avg,37.99874715713981,-1
2025-05-31,heart_rate_avg,39.71010238900884,-1
2025-06-01,heart_rate_avg,42.85209577060365,-1
2025-06-04,heart_rate_avg,38.830327388651455,-1
2025-06-12,heart_rate_avg,41.410657464106,-1
2025-06-19,heart_rate_avg,42.964627935209165,-1
2025-06-29,heart_rate_avg,41.26192129943897,-1
2025-07-06,heart_rate_avg,41.81281417789203,-1
2025-08-18,heart_rate_avg,43.13691761531005,-1
2025-08-20,heart_rate_avg,26.392144024992213,-1
2024-10-08,heart_rate_avg,87.73296772886886,-1
2024-10-11,heart_rate_avg,94.96181117974234,-1
2024-11-01,heart_rate_avg,99.6452167426037,-1
2024-12-19,heart_rate_avg,42.83644712967096,-1
2025-01-04,heart_rate_avg,92.7567752653068,-1
2025-03-28,heart_rate_avg,87.80796628826191,-1
2025-07-04,heart_rate_avg,40.91443194142178,-1
2025-07-16,heart_rate_avg,33.621203415707974,-1
2025-07-18,heart_rate_avg,91.59176444546269,-1
2025-07-26,heart_rate_avg,88.40258932138826,-1
2025-08-19,heart_rate_avg,95.42951108300286,-1
2024-09-16,heart_rate_avg,42.458056497822,-1
2024-09-21,heart_rate_avg,26.895173963049583,-1
2024-09-30,heart_rate_avg,38.6124383473735,-1
2024-10-02,heart_rate_avg,38.90695393788765,-1
2024-10-09,heart_rate_avg,41.72593846348346,-1
2024-10-28,heart_rate_avg,36.87928383731632,-1
2024-10-31,heart_rate_avg,42.88368980603566,-1
2024-11-01,heart_rate_avg,34.99906107910509,-1
2024-11-04,heart_rate_avg,33.66808984890625,-1
2024-11-05,heart_rate_avg,37.91437697854154,-1
2024-11-06,heart_rate_avg,42.816654366935005,-1
2024-12-04,heart_rate_avg,41.141732642734496,-1
2024-12-05,heart_rate_avg,31.586919799123272,-1
2024-12-08,heart_rate_avg,42.65731519578532,-1
2024-12-09,heart_rate_avg,40.76433997217681,-1
2024-12-12,heart_rate_avg,43.201976683562165,-1
2024-12-14,heart_rate_avg,32.431761542841855,-1
2024-12-15,heart_rate_avg,42.47093434517563,-1
2024-12-25,heart_rate_avg,42.61535475575516,-1
2024-12-29,heart_rate_avg,41.8931815210127,-1
2025-01-01,heart_rate_avg,41.0083385453097,-1
2025-01-06,heart_rate_avg,38.13059081432107,-1
2025-01-15,heart_rate_avg,40.750500330292745,-1
2025-01-23,heart_rate_avg,40.11715879221773,-1
2025-01-24,heart_rate_avg,41.02741018245776,-1
2025-02-03,heart_rate_avg,34.35204305746032,-1
2025-02-05,heart_rate_avg,40.65612688730643,-1
2025-02-06,heart_rate_avg,38.497212540719545,-1
2025-02-17,heart_rate_avg,39.78014375554769,-1
2025-02-23,heart_rate_avg,42.66231990357743,-1
2025-03-02,heart_rate_avg,38.576283524204015,-1
2025-03-20,heart_rate_avg,42.74813558685403,-1
2025-03-21,heart_rate_avg,37.35181555922453,-1
2025-03-28,heart_rate_avg,32.60342000796914,-1
2025-04-19,heart_rate_avg,41.70516378508261,-1
2025-05-03,heart_rate_avg,34.45306450455519,-1
2025-05-04,heart_rate_avg,42.28925058065367,-1
2025-05-05,heart_rate_avg,35.75024241012637,-1
2025-05-13,heart_rate_avg,41.84345601898337,-1
2025-05-18,heart_rate_avg,35.5263775979607,-1
2025-05-19,heart_rate_avg,42.43415941039882,-1
2025-05-27,heart_rate_avg,41.55826292031952,-1
2025-06-06,heart_rate_avg,23.740917060294805,-1
2025-06-07,heart_rate_avg,31.21293955786699,-1
2025-06-10,heart_rate_avg,34.66000102989684,-1
2025-06-18,heart_rate_avg,42.27337128348925,-1
2025-06-22,heart_rate_avg,36.89256700594406,-1
2025-06-23,heart_rate_avg,40.81905511287197,-1
2025-06-29,heart_rate_avg,41.51118716495495,-1
2025-07-01,heart_rate_avg,43.1423349198721,-1
2025-07-07,heart_rate_avg,38.5598838156898,-1
2025-07-09,heart_rate_avg,39.44710356342165,-1
2025-07-11,heart_rate_avg,34.905197992225,-1
2025-07-12,heart_rate_avg,28.83641811482318,-1
2025-07-20,heart_rate_avg,35.59048706183064,-1
2025-07-28,heart_rate_avg,41.91870815678411,-1
2025-08-01,heart_rate_avg,41.95773854065483,-1
2025-08-02,heart_rate_avg,24.10766274609724,-1
2025-08-05,heart_rate_avg,32.99174031120984,-1
2025-08-14,heart_rate_avg,39.11452016409616,-1
2025-08-19,heart_rate_avg,36.84251878299347,-1
2025-08-21,heart_rate_avg,43.11991613797095,-1
2025-08-27,heart_rate_avg,41.81733194095952,-1
2025-09-01,heart_rate_avg,30.45790298974825,-1
2025-09-02,heart_rate_avg,42.13837921116729,-1
2025-09-03,heart_rate_avg,28.957521256901742,-1
2024-10-23,heart_rate_avg,88.02481847195384,-1
2024-10-25,heart_rate_avg,42.57632286793603,-1
2024-11-21,heart_rate_avg,36.06346296816035,-1
2025-01-18,heart_rate_avg,94.88016180326876,-1
2025-03-26,heart_rate_avg,99.50854396704456,-1
2025-04-07,heart_rate_avg,41.27783562398714,-1
2025-05-06,heart_rate_avg,42.853238078182045,-1
2025-05-25,heart_rate_avg,41.078684779626016,-1
2024-09-20,heart_rate_avg,96.21355243241474,-1
2024-09-29,heart_rate_avg,88.20527390163628,-1
2024-11-07,heart_rate_avg,87.47039098290553,-1
2025-01-06,heart_rate_avg,88.46255968911595,-1
2025-04-11,heart_rate_avg,37.62696456264045,-1
2025-04-12,heart_rate_avg,96.90973755983826,-1
2025-05-17,heart_rate_avg,42.74007095320752,-1
2025-05-23,heart_rate_avg,41.58201288067142,-1
2025-06-30,heart_rate_avg,93.15761041778238,-1
2025-07-15,heart_rate_avg,91.28118876019212,-1
2025-08-20,heart_rate_avg,40.80325579598803,-1
2024-09-15,heart_rate_avg,39.65636402479748,-1
2024-10-02,heart_rate_avg,93.32366227014708,-1
2024-10-12,heart_rate_avg,91.93159068824733,-1
2024-10-21,heart_rate_avg,90.76574201666187,-1
2024-11-12,heart_rate_avg,91.1126430267078,-1
2025-01-07,heart_rate_avg,90.25327276461176,-1
2025-01-27,heart_rate_avg,90.62220184121516,-1
2025-03-21,heart_rate_avg,100.48999726223524,-1
2025-04-02,heart_rate_avg,89.6906233361858,-1
2025-04-06,heart_rate_avg,99.93009777571694,-1
2025-04-19,heart_rate_avg,90.92929904387528,-1
2025-04-24,heart_rate_avg,93.34657627120308,-1
2025-04-25,heart_rate_avg,90.57425304209656,-1
2025-05-20,heart_rate_avg,88.99778580883012,-1
2025-06-07,heart_rate_avg,91.44720191498467,-1
2025-06-11,heart_rate_avg,91.65438338298122,-1
2025-07-19,heart_rate_avg,88.79295048717859,-1
2025-08-13,heart_rate_avg,104.87987617478916,-1
2025-08-14,heart_rate_avg,95.37101924788372,-1
2024-09-23,heart_rate_avg,89.6829503706458,-1
2024-10-07,heart_rate_avg,88.08453223321477,-1
2024-10-14,heart_rate_avg,90.83515142476628,-1
2024-10-15,heart_rate_avg,88.90876313962401,-1
2024-10-27,heart_rate_avg,89.3373061962256,-1
2024-11-25,heart_rate_avg,87.61261626980156,-1
2024-12-06,heart_rate_avg,96.76018058206202,-1
2024-12-14,heart_rate_avg,88.57239091720635,-1
2025-01-30,heart_rate_avg,87.53651275944253,-1
2025-02-05,heart_rate_avg,87.8678108153332,-1
2025-02-18,heart_rate_avg,92.84090108616488,-1
2025-03-16,heart_rate_avg,92.73215446623122,-1
2025-03-24,heart_rate_avg,91.51281363565766,-1
2025-04-02,heart_rate_avg,90.90668295101182,-1
2025-04-18,heart_rate_avg,95.38903903385092,-1
2025-06-01,heart_rate_avg,42.09664129942968,-1
2025-06-15,heart_rate_avg,87.84555569196222,-1
2025-06-22,heart_rate_avg,89.07677946255744,-1
2025-06-28,heart_rate_avg,93.0840874033866,-1
2025-07-10,heart_rate_avg,94.77296249521882,-1
2025-07-23,heart_rate_avg,87.40205111892688,-1
2025-08-13,heart_rate_avg,95.43564840421632,-1
2024-10-01,heart_rate_avg,88.36273249951199,-1
2024-10-08,heart_rate_avg,42.148064258963615,-1
2024-10-15,heart_rate_avg,41.45328765852749,-1
2024-10-17,heart_rate_avg,89.65204405249673,-1
2024-10-31,heart_rate_avg,92.19930902745428,-1
2025-03-05,heart_rate_avg,88.9828047355442,-1
2025-04-18,heart_rate_avg,38.92791526472824,-1
2025-05-02,heart_rate_avg,36.83815824571339,-1
2025-05-03,heart_rate_avg,89.50888957433804,-1
2025-05-09,heart_rate_avg,34.99704975430748,-1
2025-07-26,heart_rate_avg,38.94839495623786,-1
2025-08-26,heart_rate_avg,40.07841901214117,-1
2024-10-26,heart_rate_avg,40.51290777509098,-1
2024-11-03,heart_rate_avg,37.168945539070535,-1
2025-02-20,heart_rate_avg,34.62532594473882,-1
2025-03-28,heart_rate_avg,40.29534952335008,-1
2025-03-30,heart_rate_avg,34.43464234539686,-1
2025-04-19,heart_rate_avg,43.09702542301046,-1
2024-09-20,heart_rate_avg,38.56067065408927,-1
2024-10-11,heart_rate_avg,40.8843763018991,-1
2024-10-16,heart_rate_avg,38.56201737374954,-1
2024-11-06,heart_rate_avg,34.378684461802585,-1
2025-01-24,heart_rate_avg,40.23490307565973,-1
2025-01-27,heart_rate_avg,88.87044794549593,-1
2025-01-31,heart_rate_avg,37.11845962744144,-1
2025-03-22,heart_rate_avg,39.17522422799512,-1
2025-04-07,heart_rate_avg,41.99868536851395,-1
2025-05-07,heart_rate_avg,36.56838755229016,-1
2025-05-19,heart_rate_avg,35.28321352229936,-1
2025-06-10,heart_rate_avg,90.47884086072104,-1
2025-07-01,heart_rate_avg,38.60150769994712,-1
2025-08-11,heart_rate_avg,41.2564338402665,-1
2024-09-06,heart_rate_avg,35.834308702985524,-1
2024-09-10,heart_rate_avg,95.18674945655482,-1
2024-09-18,heart_rate_avg,42.942907378931785,-1
2024-09-30,heart_rate_avg,42.74102953490177,-1
2024-10-27,heart_rate_avg,40.43799707696054,-1
2024-12-07,heart_rate_avg,39.311680602547256,-1
2025-01-12,heart_rate_avg,41.64545821854942,-1
2025-01-19,heart_rate_avg,40.26765573765141,-1
2025-01-24,heart_rate_avg,41.89471955724648,-1
2025-02-17,heart_rate_avg,39.89248212652341,-1
2025-04-09,heart_rate_avg,36.107504582533785,-1
2024-09-30,heart_rate_avg,92.29840698106196,-1
2025-02-19,heart_rate_avg,42.07568095837005,-1
2025-05-21,heart_rate_avg,89.8050991030764,-1
2025-05-30,heart_rate_avg,87.85478220097563,-1
2024-10-21,heart_rate_avg,89.27982509760746,-1
2024-11-12,heart_rate_avg,42.96435267056583,-1
2024-12-03,heart_rate_avg,40.93593257403659,-1
2024-12-26,heart_rate_avg,41.8461772038013,-1
2024-12-28,heart_rate_avg,42.51652692854539,-1
2025-01-08,heart_rate_avg,40.08260636221577,-1
2025-01-18,heart_rate_avg,36.388180308299866,-1
2025-01-25,heart_rate_avg,38.23879931421545,-1
2025-02-19,heart_rate_avg,39.53033115200641,-1
2025-02-21,heart_rate_avg,41.52599480502371,-1
2025-03-01,heart_rate_avg,39.74760237231942,-1
2025-03-18,heart_rate_avg,43.1293676379557,-1
2025-03-30,heart_rate_avg,91.22716841063928,-1
2025-05-03,heart_rate_avg,41.92811446165177,-1
2025-05-04,heart_rate_avg,34.37774665211825,-1
2025-05-24,heart_rate_avg,39.74301800110089,-1
2025-06-06,heart_rate_avg,90.46442760515596,-1
2025-07-06,heart_rate_avg,37.65079819337124,-1
2025-07-09,heart_rate_avg,87.7360033829236,-1
2025-07-30,heart_rate_avg,34.788414777963986,-1
2025-08-01,heart_rate_avg,38.540710142170354,-1
2025-08-06,heart_rate_avg,39.646732069347664,-1
2025-08-17,heart_rate_avg,37.71792260920684,-1
2025-08-26,heart_rate_avg,33.32769417683682,-1
2024-11-01,heart_rate_avg,87.77152020109821,-1
2025-04-23,heart_rate_avg,90.84036913114451,-1
2025-05-06,heart_rate_avg,38.51820766018339,-1
2025-05-31,heart_rate_avg,89.138373931474,-1
2025-06-13,heart_rate_avg,87.9558930824297,-1
2025-08-09,heart_rate_avg,96.54862536324076,-1
2025-08-11,heart_rate_avg,36.79720517195007,-1
2024-09-24,heart_rate_avg,91.7580506252032,-1
2024-10-06,heart_rate_avg,94.3531760760753,-1
2024-11-19,heart_rate_avg,92.07678924786052,-1
2024-12-12,heart_rate_avg,87.47643209327565,-1
2024-12-24,heart_rate_avg,91.71613747405188,-1
2024-12-25,heart_rate_avg,88.6745521527017,-1
2024-12-31,heart_rate_avg,88.34323937657706,-1
2025-01-27,heart_rate_avg,90.88243091945613,-1
2025-01-31,heart_rate_avg,96.41787170287932,-1
2025-02-05,heart_rate_avg,91.57019676718946,-1
2025-04-03,heart_rate_avg,87.74601612732823,-1
2025-04-07,heart_rate_avg,90.92093230903993,-1
2025-04-16,heart_rate_avg,91.49588320478368,-1
2025-04-17,heart_rate_avg,89.2975277684161,-1
2025-04-24,heart_rate_avg,93.47926961803677,-1
2025-05-09,heart_rate_avg,94.16281053647128,-1
2025-05-18,heart_rate_avg,94.88078733251844,-1
2025-05-24,heart_rate_avg,88.78623119290981,-1
2025-06-19,heart_rate_avg,90.7598230545168,-1
2025-07-09,heart_rate_avg,94.11851440351757,-1
2024-11-17,heart_rate_avg,90.11784819030883,-1
2024-11-29,heart_rate_avg,87.89429865764103,-1
2025-01-01,heart_rate_avg,90.96702336675888,-1
2025-01-13,heart_rate_avg,96.12221893642725,-1
2025-01-14,heart_rate_avg,89.15309735063644,-1
2025-02-20,heart_rate_avg,88.6660783049973,-1
2025-06-24,heart_rate_avg,40.41159943269827,-1
2025-07-25,heart_rate_avg,41.10858416551784,-1
2024-12-17,heart_rate_avg,39.720691486333074,-1
2024-12-25,heart_rate_avg,38.01217757014192,-1
2025-02-03,heart_rate_avg,93.64940716776508,-1
2025-03-01,heart_rate_avg,90.81013729245063,-1
2025-03-14,heart_rate_avg,42.703484987065,-1
2025-03-19,heart_rate_avg,38.15931552792237,-1
2024-09-09,heart_rate_avg,41.86600753408352,-1
2024-09-29,heart_rate_avg,40.6099621301235,-1
2024-10-04,heart_rate_avg,34.73025639163231,-1
2024-10-08,heart_rate_avg,38.4338405316412,-1
2024-11-30,heart_rate_avg,41.328314016918135,-1
2024-12-03,heart_rate_avg,36.089204824078834,-1
2024-12-18,heart_rate_avg,42.43841884640816,-1
2024-12-26,heart_rate_avg,39.5371012391081,-1
2025-01-01,heart_rate_avg,42.73560707889606,-1
2025-01-02,heart_rate_avg,40.00191613072387,-1
2025-01-14,heart_rate_avg,38.41936164321861,-1
2025-01-25,heart_rate_avg,41.62507182642372,-1
2025-02-05,heart_rate_avg,40.25990387937807,-1
2025-02-15,heart_rate_avg,38.27920266435918,-1
2025-02-18,heart_rate_avg,41.78150732570943,-1
2025-03-20,heart_rate_avg,42.18138870327118,-1
2025-03-28,heart_rate_avg,41.73682498925423,-1
2025-03-29,heart_rate_avg,37.80443503002121,-1
2025-04-30,heart_rate_avg,42.55844727780176,-1
2025-05-01,heart_rate_avg,35.86135641481084,-1
2025-05-08,heart_rate_avg,39.46509636689278,-1
2025-05-21,heart_rate_avg,39.17206500020531,-1
2025-06-12,heart_rate_avg,41.839696599338765,-1
2025-06-17,heart_rate_avg,36.0160227783318,-1
2025-06-22,heart_rate_avg,37.29206274368503,-1
2025-06-28,heart_rate_avg,43.11375539099147,-1
2025-07-23,heart_rate_avg,42.61656312373748,-1
2025-07-31,heart_rate_avg,42.41034038806551,-1
2025-08-16,heart_rate_avg,34.47278429999901,-1
2025-08-31,heart_rate_avg,36.51519834673046,-1
2024-09-20,heart_rate_avg,92.14884458853028,-1
2024-10-08,heart_rate_avg,88.8655114376301,-1
2024-12-06,heart_rate_avg,89.94967286791676,-1
2024-12-17,heart_rate_avg,87.85691501589216,-1
2025-01-10,heart_rate_avg,90.50228749858454,-1
2025-02-12,heart_rate_avg,42.5901640112232,-1
2025-02-27,heart_rate_avg,41.82907698613434,-1
2025-03-07,heart_rate_avg,93.45650141419456,-1
2025-03-27,heart_rate_avg,91.8255665526676,-1
2025-03-28,heart_rate_avg,93.91783405805955,-1
2025-04-15,heart_rate_avg,89.38747566929011,-1
2025-05-28,heart_rate_avg,98.5537667234073,-1
2025-07-31,heart_rate_avg,94.18619758136006,-1
2025-08-07,heart_rate_avg,88.11270653656176,-1
2024-11-08,heart_rate_avg,88.43962005041782,-1
2024-12-14,heart_rate_avg,88.87386754378724,-1
2025-01-31,heart_rate_avg,88.87193004894611,-1
2025-02-26,heart_rate_avg,88.64417268447136,-1
2025-03-13,heart_rate_avg,96.19033737157538,-1
2025-09-04,heart_rate_avg,88.39531064046544,-1
2024-09-12,heart_rate_avg,88.05605873225932,-1
2024-09-21,heart_rate_avg,88.34672279995507,-1
2024-09-23,heart_rate_avg,89.3123669665298,-1
2024-09-24,heart_rate_avg,87.84278296300545,-1
2024-10-04,heart_rate_avg,94.68361871222066,-1
2024-10-09,heart_rate_avg,97.53224083819192,-1
2024-10-10,heart_rate_avg,95.84102133254854,-1
2024-10-17,heart_rate_avg,88.5840527570652,-1
2024-10-21,heart_rate_avg,88.01370980509381,-1
2024-11-18,heart_rate_avg,93.85753263574723,-1
2024-12-01,heart_rate_avg,101.41700587610086,-1
2024-12-02,heart_rate_avg,87.80328081997666,-1
2024-12-04,heart_rate_avg,89.48748337987482,-1
2025-01-21,heart_rate_avg,90.50127382069824,-1
2025-01-24,heart_rate_avg,97.0032535356636,-1
2025-01-27,heart_rate_avg,93.66322526457124,-1
2025-02-14,heart_rate_avg,90.79126767146118,-1
2025-02-24,heart_rate_avg,89.32171093460593,-1
2025-03-06,heart_rate_avg,92.18136741498186,-1
2025-03-17,heart_rate_avg,96.86196678480007,-1
2025-03-19,heart_rate_avg,90.26384598421416,-1
2025-04-14,heart_rate_avg,93.99789704691425,-1
2025-04-16,heart_rate_avg,90.85761735862296,-1
2025-04-18,heart_rate_avg,101.57396396901493,-1
2025-05-04,heart_rate_avg,94.93981581172856,-1
2025-05-06,heart_rate_avg,89.31832584747292,-1
2025-05-26,heart_rate_avg,98.44791551610696,-1
2025-06-05,heart_rate_avg,95.3498174822667,-1
2025-06-27,heart_rate_avg,92.7961391863355,-1
2025-08-01,heart_rate_avg,88.32074172186196,-1
2025-08-12,heart_rate_avg,87.71433431139099,-1
2025-08-14,heart_rate_avg,91.0559616493609,-1
2025-08-19,heart_rate_avg,92.20472431612151,-1
2025-08-25,heart_rate_avg,87.49237476278485,-1
2025-08-28,heart_rate_avg,91.61430722808618,-1
2024-09-06,heart_rate_avg,42.13585836226311,-1
2024-09-18,heart_rate_avg,42.99513481187832,-1
2024-12-21,heart_rate_avg,40.149908671074826,-1
2025-01-09,heart_rate_avg,37.03648565769858,-1
2025-02-03,heart_rate_avg,38.914066746197705,-1
2025-02-11,heart_rate_avg,88.04094038288218,-1
2025-02-13,heart_rate_avg,87.91641187029904,-1
2025-03-25,heart_rate_avg,27.60389568510468,-1
2025-04-04,heart_rate_avg,29.339467417604688,-1
2025-04-06,heart_rate_avg,29.47462332925156,-1
2025-05-12,heart_rate_avg,41.86223862642832,-1
2025-05-26,heart_rate_avg,35.38997838542716,-1
2025-06-16,heart_rate_avg,41.65056641284621,-1
2025-06-27,heart_rate_avg,40.58387879919366,-1
2025-07-24,heart_rate_avg,36.4798146021989,-1
2025-07-28,heart_rate_avg,42.89231522151921,-1
2025-07-31,heart_rate_avg,38.56379282575766,-1
2025-08-08,heart_rate_avg,40.81135293034668,-1
2025-08-12,heart_rate_avg,33.37391293177785,-1
2024-09-08,heart_rate_avg,87.62308534343386,-1
2024-09-13,heart_rate_avg,94.67838595363884,-1
2024-09-28,heart_rate_avg,94.2598243088176,-1
2024-11-17,heart_rate_avg,96.12183317972112,-1
2024-11-21,heart_rate_avg,88.95695463023914,-1
2024-11-22,heart_rate_avg,87.40653120051046,-1
2024-12-10,heart_rate_avg,90.04825121812006,-1
2025-01-21,heart_rate_avg,88.43357399396812,-1
2025-02-02,heart_rate_avg,89.29413477150587,-1
2025-03-06,heart_rate_avg,94.90740460637052,-1
2025-04-08,heart_rate_avg,87.43907775715671,-1
2025-04-19,heart_rate_avg,88.03192539811798,-1
2025-04-28,heart_rate_avg,91.25810367021089,-1
2025-05-06,heart_rate_avg,87.7407056380643,-1
2025-05-15,heart_rate_avg,92.04788985161072,-1
2025-05-17,heart_rate_avg,88.10755640844302,-1
2025-06-28,heart_rate_avg,105.23199000066384,-1
2025-06-29,heart_rate_avg,40.98049885779285,-1
2025-07-28,heart_rate_avg,88.3986007974235,-1
2025-07-29,heart_rate_avg,93.59344816635436,-1
2025-07-31,heart_rate_avg,88.05339438101625,-1
2025-08-19,heart_rate_avg,94.5395481601736,-1
2025-08-26,heart_rate_avg,101.84610650107544,-1
2025-08-28,heart_rate_avg,100.6237122098232,-1
2024-10-17,heart_rate_avg,90.09304296001444,-1
2024-11-14,heart_rate_avg,42.17343642358769,-1
2024-12-17,heart_rate_avg,36.14491802159556,-1
2025-01-22,heart_rate_avg,40.039975317410565,-1
2025-02-16,heart_rate_avg,41.75701863901144,-1
2025-02-27,heart_rate_avg,43.16989380446189,-1
2025-02-28,heart_rate_avg,37.71073409767638,-1
2025-03-26,heart_rate_avg,37.03064074750806,-1
2025-04-03,heart_rate_avg,42.42236838061479,-1
2025-04-04,heart_rate_avg,43.11844202324984,-1
2025-05-13,heart_rate_avg,92.76638742389127,-1
2025-05-20,heart_rate_avg,30.028744967689384,-1
2025-06-27,heart_rate_avg,42.91605120654141,-1
2025-07-25,heart_rate_avg,89.4912377790153,-1
2025-08-15,heart_rate_avg,88.5846804491691,-1
2025-08-19,heart_rate_avg,37.56368945150045,-1
2025-08-31,heart_rate_avg,34.96259190622119,-1
2024-09-21,heart_rate_avg,93.0237074866715,-1
2024-11-03,heart_rate_avg,87.6934924917005,-1
2024-11-24,heart_rate_avg,91.82041886060742,-1
2024-11-27,heart_rate_avg,36.43769895553697,-1
2024-12-05,heart_rate_avg,97.64281432628307,-1
2024-12-20,heart_rate_avg,88.1636210071814,-1
2024-12-27,heart_rate_avg,88.35353802392294,-1
2025-01-12,heart_rate_avg,88.44480958782418,-1
2025-02-05,heart_rate_avg,91.19924658688274,-1
2025-03-20,heart_rate_avg,96.53380567614248,-1
2025-03-21,heart_rate_avg,95.01923081842764,-1
2025-03-24,heart_rate_avg,92.53728546175628,-1
2025-03-29,heart_rate_avg,98.0184080949672,-1
2025-04-09,heart_rate_avg,94.23907974799673,-1
2025-06-09,heart_rate_avg,90.24857384464356,-1
2025-06-11,heart_rate_avg,90.59962175972,-1
2025-06-22,heart_rate_avg,43.17300864348951,-1
2025-07-06,heart_rate_avg,94.95770396571037,-1
2025-07-29,heart_rate_avg,41.59910620289335,-1
2025-08-21,heart_rate_avg,88.65295447320273,-1
2024-09-19,heart_rate_avg,88.11402405977327,-1
2024-09-28,heart_rate_avg,93.80589549318016,-1
2024-10-12,heart_rate_avg,94.21836632264322,-1
2024-10-27,heart_rate_avg,87.43320451689168,-1
2025-01-26,heart_rate_avg,89.45923112434605,-1
2025-02-09,heart_rate_avg,94.23458817723396,-1
2025-03-11,heart_rate_avg,90.21795409541984,-1
2025-03-21,heart_rate_avg,89.51452421979172,-1
2025-04-04,heart_rate_avg,37.918886715134335,-1
2025-04-20,heart_rate_avg,92.96668173355005,-1
2025-07-20,heart_rate_avg,88.56293484460711,-1
2025-07-31,heart_rate_avg,89.4204335568878,-1
2025-08-08,heart_rate_avg,91.130091842326,-1
2024-09-15,heart_rate_avg,42.46534437651444,-1
2024-09-21,heart_rate_avg,87.84271292338542,-1
2024-10-07,heart_rate_avg,92.7826103810315,-1
2024-11-14,heart_rate_avg,89.22098297700018,-1
2025-01-18,heart_rate_avg,38.73350185676063,-1
2025-01-19,heart_rate_avg,90.74077647042196,-1
2025-01-23,heart_rate_avg,87.96338961090194,-1
2025-02-04,heart_rate_avg,97.37142605029814,-1
2025-02-19,heart_rate_avg,92.97106894315496,-1
2025-05-18,heart_rate_avg,88.05676250727504,-1
2025-06-17,heart_rate_avg,88.95411089093211,-1
2025-07-06,heart_rate_avg,41.88598935886704,-1
2024-09-09,heart_rate_avg,33.40330020625814,-1
2024-10-15,heart_rate_avg,39.56548276542336,-1
2024-12-03,heart_rate_avg,37.92286923491931,-1
2025-01-03,heart_rate_avg,41.21007278496462,-1
2025-02-05,heart_rate_avg,41.04371996932981,-1
2025-04-16,heart_rate_avg,33.82097991422485,-1
2025-04-17,heart_rate_avg,42.28214466372452,-1
2025-05-08,heart_rate_avg,40.31771542682587,-1
2025-05-14,heart_rate_avg,32.49597005258194,-1
2025-06-15,heart_rate_avg,88.92500022857281,-1
2025-06-27,heart_rate_avg,41.41899046403953,-1
2025-06-28,heart_rate_avg,91.65082309457893,-1
2024-11-04,heart_rate_avg,93.66247176221744,-1
2024-12-21,heart_rate_avg,41.32857537552314,-1
2025-02-01,heart_rate_avg,88.91603587861825,-1
2025-04-11,heart_rate_avg,41.44844449013825,-1
2025-04-26,heart_rate_avg,37.21394169828055,-1
2025-05-23,heart_rate_avg,26.801122552283644,-1
2025-06-27,heart_rate_avg,42.780240331824864,-1
2025-07-03,heart_rate_avg,99.9560026774707,-1
2025-08-19,heart_rate_avg,89.0901644917587,-1
2024-09-11,heart_rate_avg,38.22702993413608,-1
2024-09-15,heart_rate_avg,28.41941146939224,-1
2024-09-30,heart_rate_avg,38.194623559855216,-1
2024-11-12,heart_rate_avg,90.72890037278871,-1
2024-12-02,heart_rate_avg,42.11006770202517,-1
2024-12-22,heart_rate_avg,38.47674861695682,-1
2025-01-04,heart_rate_avg,39.85846555700351,-1
2025-01-16,heart_rate_avg,89.32927824248256,-1
2025-03-29,heart_rate_avg,41.55439344255301,-1
2025-03-30,heart_rate_avg,40.56858268940677,-1
2025-04-28,heart_rate_avg,31.172594914037948,-1
2025-05-08,heart_rate_avg,43.0761886703892,-1
2025-05-11,heart_rate_avg,36.770192429854944,-1
2025-06-07,heart_rate_avg,42.4422161284046,-1
2025-08-16,heart_rate_avg,42.20091365838307,-1
2025-08-31,heart_rate_avg,38.437270072464514,-1
2024-09-30,heart_rate_avg,92.10738120983656,-1
2024-10-03,heart_rate_avg,89.64727605433774,-1
2024-12-15,heart_rate_avg,89.01958512338786,-1
2025-02-11,heart_rate_avg,89.4405444228662,-1
2025-02-23,heart_rate_avg,90.353484429657,-1
2025-02-24,heart_rate_avg,90.75362060429578,-1
2025-03-29,heart_rate_avg,87.79262306554723,-1
2025-04-26,heart_rate_avg,37.078488644055696,-1
2025-07-03,heart_rate_avg,93.167318783579,-1
2025-07-25,heart_rate_avg,93.045949238562,-1
2024-09-15,heart_rate_avg,35.711749891781764,-1
2024-10-22,heart_rate_avg,41.67984379410669,-1
2024-10-23,heart_rate_avg,30.640585788388755,-1
2024-11-14,heart_rate_avg,38.10416499147534,-1
2024-11-30,heart_rate_avg,38.934097790330256,-1
2025-01-14,heart_rate_avg,39.36436153958586,-1
2025-01-16,heart_rate_avg,38.61962985204286,-1
2025-01-17,heart_rate_avg,40.88110675227958,-1
2025-01-28,heart_rate_avg,41.53882225778637,-1
2025-02-05,heart_rate_avg,40.62294086230412,-1
2025-02-07,heart_rate_avg,28.955801369403027,-1
2025-02-12,heart_rate_avg,25.84609160940839,-1
2025-03-09,heart_rate_avg,32.19179777561148,-1
2025-04-01,heart_rate_avg,41.93375537329455,-1
2025-04-02,heart_rate_avg,90.28890269895064,-1
2025-04-11,heart_rate_avg,38.35364538116561,-1
2025-05-07,heart_rate_avg,39.44510568627556,-1
2025-05-17,heart_rate_avg,37.997356276481575,-1
2025-05-21,heart_rate_avg,38.44797417702043,-1
2025-06-05,heart_rate_avg,43.01058527542313,-1
2025-06-10,heart_rate_avg,37.99274011375768,-1
2025-07-09,heart_rate_avg,39.194375496534505,-1
2025-08-13,heart_rate_avg,42.517558811643205,-1
2025-08-20,heart_rate_avg,42.53582707801512,-1
2025-08-22,heart_rate_avg,42.90828304963672,-1
2025-08-23,heart_rate_avg,38.70745140277784,-1
2024-12-15,heart_rate_avg,41.16588082510492,-1
2025-01-29,heart_rate_avg,41.72067869168568,-1
2025-02-21,heart_rate_avg,34.9158682515544,-1
2025-03-10,heart_rate_avg,39.42510200540733,-1
2025-03-25,heart_rate_avg,98.7585144899661,-1
2025-04-09,heart_rate_avg,34.95906724254672,-1
2025-06-12,heart_rate_avg,89.32719967852321,-1
2024-10-03,heart_rate_avg,37.99738028444165,-1
2024-10-04,heart_rate_avg,92.28190789289164,-1
2024-12-05,heart_rate_avg,88.26367167136684,-1
2024-12-10,heart_rate_avg,93.90804307615365,-1
2024-12-28,heart_rate_avg,87.93545092154388,-1
2024-12-29,heart_rate_avg,88.06647780802953,-1
2025-01-12,heart_rate_avg,88.12636676346312,-1
2025-01-22,heart_rate_avg,92.27696014449496,-1
2025-01-27,heart_rate_avg,91.23750592798484,-1
2025-02-10,heart_rate_avg,90.60121861046012,-1
2025-02-13,heart_rate_avg,91.95332790848954,-1
2025-03-06,heart_rate_avg,87.77865350610026,-1
2025-03-15,heart_rate_avg,95.24676742810853,-1
2025-03-20,heart_rate_avg,87.53874275932316,-1
2025-05-05,heart_rate_avg,90.64925613203924,-1
2025-05-13,heart_rate_avg,90.92144825915038,-1
2025-05-27,heart_rate_avg,89.29948783499931,-1
2025-06-17,heart_rate_avg,89.9194359554984,-1
2025-06-24,heart_rate_avg,93.38752908628771,-1
2025-06-27,heart_rate_avg,88.2009711217719,-1
2025-08-10,heart_rate_avg,94.08009729070706,-1
2025-08-14,heart_rate_avg,88.70584081460107,-1
2025-08-25,heart_rate_avg,101.58074558295093,-1
2024-10-12,heart_rate_avg,39.18707431006516,-1
2024-10-15,heart_rate_avg,40.73189911492752,-1
2024-10-20,heart_rate_avg,43.14466201744816,-1
2024-11-06,heart_rate_avg,36.75640049494079,-1
2024-11-24,heart_rate_avg,42.66430714892434,-1
2024-11-30,heart_rate_avg,40.86161166605351,-1
2025-03-13,heart_rate_avg,33.31600177748381,-1
2025-03-16,heart_rate_avg,41.658273574832,-1
2025-03-23,heart_rate_avg,91.27321232046538,-1
2025-05-01,heart_rate_avg,37.09240450358347,-1
2025-05-10,heart_rate_avg,41.9118874245292,-1
2025-06-03,heart_rate_avg,41.01966767412378,-1
2025-06-21,heart_rate_avg,34.457555321732315,-1
2025-06-23,heart_rate_avg,37.99532838649443,-1
2025-08-08,heart_rate_avg,36.18529415185668,-1
2024-12-07,heart_rate_avg,42.24071292274648,-1
2024-12-21,heart_rate_avg,41.060035555017805,-1
2025-01-03,heart_rate_avg,89.72936696789844,-1
2025-01-14,heart_rate_avg,37.77377306616879,-1
2025-02-26,heart_rate_avg,93.25288177260094,-1
2025-02-28,heart_rate_avg,40.905318206579,-1
2025-04-07,heart_rate_avg,42.500049553053614,-1
2025-04-18,heart_rate_avg,40.43218111234545,-1
2025-04-27,heart_rate_avg,40.59733837345948,-1
2025-06-15,heart_rate_avg,41.03433957559807,-1
2025-08-21,heart_rate_avg,88.92604453414722,-1
2024-09-26,heart_rate_avg,92.28429800671204,-1
2024-10-04,heart_rate_avg,36.04419040390943,-1
2024-10-25,heart_rate_avg,87.74037902986599,-1
2024-11-14,heart_rate_avg,98.43066213914504,-1
2024-11-30,heart_rate_avg,94.67289395658956,-1
2024-12-24,heart_rate_avg,88.62913988589793,-1
2025-02-10,heart_rate_avg,89.8800246152719,-1
2025-03-09,heart_rate_avg,99.0727493254406,-1
2025-03-27,heart_rate_avg,90.23113489369206,-1
2025-04-02,heart_rate_avg,87.53602306964734,-1
2025-05-02,heart_rate_avg,93.35071287967652,-1
2025-05-13,heart_rate_avg,88.20404773030893,-1
2025-05-30,heart_rate_avg,88.94072912007366,-1
2025-06-05,heart_rate_avg,91.94668274535609,-1
2025-06-29,heart_rate_avg,93.08077054510971,-1
2025-07-03,heart_rate_avg,90.68709347181894,-1
2025-08-03,heart_rate_avg,94.01033500433682,-1
2025-08-09,heart_rate_avg,92.82142224511072,-1
2024-09-20,heart_rate_avg,39.64921577935016,-1
2024-11-05,heart_rate_avg,42.31586474263256,-1
2024-11-14,heart_rate_avg,38.359510166270496,-1
2024-11-26,heart_rate_avg,38.83739851073139,-1
2025-01-18,heart_rate_avg,39.99088462023515,-1
2025-01-24,heart_rate_avg,39.36676471387219,-1
2025-01-25,heart_rate_avg,40.69160333572975,-1
2025-03-11,heart_rate_avg,39.65899571634333,-1
2025-03-31,heart_rate_avg,41.15505625755304,-1
2025-04-14,heart_rate_avg,38.45435704811949,-1
2025-05-16,heart_rate_avg,38.13071750280424,-1
2025-06-09,heart_rate_avg,41.033649049148266,-1
2025-07-01,heart_rate_avg,36.56031023234925,-1
2025-07-04,heart_rate_avg,42.82967126519445,-1
2025-07-13,heart_rate_avg,39.039108803701865,-1
2025-08-11,heart_rate_avg,37.21375786696256,-1
2025-09-02,heart_rate_avg,37.17253711422672,-1
2024-09-10,heart_rate_avg,37.15364252008983,-1
2024-09-12,heart_rate_avg,38.100665295782136,-1
2024-09-16,heart_rate_avg,37.60066797911754,-1
2024-09-26,heart_rate_avg,32.82497589781244,-1
2024-10-23,heart_rate_avg,42.35651979475276,-1
2024-11-03,heart_rate_avg,39.26781264365488,-1
2024-11-09,heart_rate_avg,37.34060195861713,-1
2024-11-14,heart_rate_avg,36.44071818187925,-1
2024-11-27,heart_rate_avg,42.09875083111006,-1
2024-12-18,heart_rate_avg,41.04870177382675,-1
2024-12-19,heart_rate_avg,37.82497422797324,-1
2025-01-04,heart_rate_avg,34.70064005759768,-1
2025-01-22,heart_rate_avg,39.68636206252319,-1
2025-02-01,heart_rate_avg,38.8880764154398,-1
2025-02-11,heart_rate_avg,42.63823900859804,-1
2025-02-18,heart_rate_avg,38.45085806464165,-1
2025-03-22,heart_rate_avg,34.84227486861865,-1
2025-03-23,heart_rate_avg,40.28503081809414,-1
2025-03-25,heart_rate_avg,39.308703433637085,-1
2025-03-30,heart_rate_avg,32.686248512549604,-1
2025-04-06,heart_rate_avg,41.59008654832058,-1
2025-04-07,heart_rate_avg,41.071992181991135,-1
2025-04-22,heart_rate_avg,41.33595541036736,-1
2025-05-30,heart_rate_avg,40.61370250863634,-1
2025-06-22,heart_rate_avg,34.468539528454365,-1
2025-07-02,heart_rate_avg,36.867910856132085,-1
2025-07-03,heart_rate_avg,36.53284285623996,-1
2025-07-23,heart_rate_avg,31.77580233160148,-1
2025-07-30,heart_rate_avg,36.07519794724254,-1
2025-08-05,heart_rate_avg,41.37858457571007,-1
2025-08-10,heart_rate_avg,42.02942802659209,-1
2025-08-14,heart_rate_avg,42.66817778014075,-1
2025-08-25,heart_rate_avg,40.62634646523885,-1
2025-09-03,heart_rate_avg,36.5682586970094,-1
2025-09-05,heart_rate_avg,40.5912790628695,-1
2024-09-26,heart_rate_avg,91.44723000693614,-1
2024-10-02,heart_rate_avg,36.64169629756139,-1
2024-11-10,heart_rate_avg,37.375423133369694,-1
2024-12-02,heart_rate_avg,42.93131189819634,-1
2024-12-06,heart_rate_avg,88.50056648043761,-1
2025-01-10,heart_rate_avg,91.6736953182291,-1
2025-03-02,heart_rate_avg,41.60229480379846,-1
2025-03-18,heart_rate_avg,88.37254095442191,-1
2025-05-30,heart_rate_avg,88.23788775358724,-1
2025-05-31,heart_rate_avg,41.90498137052835,-1
2025-07-18,heart_rate_avg,37.06626547259066,-1
2025-08-10,heart_rate_avg,92.80587445377274,-1
2025-09-04,heart_rate_avg,93.83472945240544,-1
2024-11-06,heart_rate_avg,39.22482823681979,-1
2024-12-03,heart_rate_avg,38.63107372548046,-1
2025-01-24,heart_rate_avg,42.42455431987064,-1
2025-02-28,heart_rate_avg,42.12669587642135,-1
2025-03-01,heart_rate_avg,42.88290308595175,-1
2025-03-28,heart_rate_avg,88.6614083704303,-1
2025-04-02,heart_rate_avg,89.36657692800733,-1
2025-05-12,heart_rate_avg,39.17839684624053,-1
2025-08-11,heart_rate_avg,38.725653632837634,-1
2025-08-23,heart_rate_avg,37.95165338627163,-1
2024-09-09,heart_rate_avg,42.81471937758444,-1
2024-09-22,heart_rate_avg,37.44687078249993,-1
2024-10-04,heart_rate_avg,42.46124685191149,-1
2024-10-06,heart_rate_avg,39.41361413597885,-1
2024-10-07,heart_rate_avg,39.38543726537267,-1
2024-12-23,heart_rate_avg,39.935464847291925,-1
2024-12-26,heart_rate_avg,35.940727110594466,-1
2025-01-18,heart_rate_avg,37.89527629263122,-1
2025-01-24,heart_rate_avg,34.534352454756046,-1
2025-02-19,heart_rate_avg,38.49864637464808,-1
2025-03-06,heart_rate_avg,39.35667819468436,-1
2025-03-13,heart_rate_avg,36.84375732839534,-1
2025-04-26,heart_rate_avg,42.03197053546637,-1
2025-05-09,heart_rate_avg,29.686828957506243,-1
2025-05-10,heart_rate_avg,37.59870078954039,-1
2025-05-14,heart_rate_avg,26.67015588487032,-1
2025-05-22,heart_rate_avg,37.2163992051595,-1
2025-06-13,heart_rate_avg,42.59914347273466,-1
2025-07-07,heart_rate_avg,33.60569106383895,-1
2025-07-10,heart_rate_avg,20.67541470426577,-1
2025-07-12,heart_rate_avg,40.15135700062318,-1
2025-08-02,heart_rate_avg,38.95918584958986,-1
2025-08-03,heart_rate_avg,38.48891600735162,-1
2025-08-13,heart_rate_avg,39.260791086513954,-1
2025-08-17,heart_rate_avg,36.81018940725676,-1
2025-08-18,heart_rate_avg,39.93206771658525,-1
2025-08-19,heart_rate_avg,42.08806705857374,-1
2025-08-20,heart_rate_avg,38.674247814145005,-1
2024-09-08,heart_rate_avg,43.15705088487121,-1
2024-09-21,heart_rate_avg,93.77205544780658,-1
2024-11-07,heart_rate_avg,89.26838999772991,-1
2024-11-09,heart_rate_avg,87.79548796819991,-1
2024-11-16,heart_rate_avg,89.61974123709304,-1
2024-11-17,heart_rate_avg,90.23200880183066,-1
2024-11-23,heart_rate_avg,30.388724727258968,-1
2024-12-22,heart_rate_avg,98.687922750565,-1
2024-12-31,heart_rate_avg,39.19176093508553,-1
2025-01-05,heart_rate_avg,31.364027818924026,-1
2025-01-25,heart_rate_avg,88.12526398385171,-1
2025-02-14,heart_rate_avg,42.588531329629376,-1
2025-03-08,heart_rate_avg,39.36453238170965,-1
2025-05-13,heart_rate_avg,39.83648695046564,-1
2025-05-16,heart_rate_avg,88.49047158040517,-1
2025-05-25,heart_rate_avg,42.51880413231106,-1
2025-06-18,heart_rate_avg,92.39223424627868,-1
2025-07-28,heart_rate_avg,88.95537667039841,-1
2025-08-24,heart_rate_avg,42.60215523538944,-1
2024-09-26,heart_rate_avg,89.73325009410479,-1
2024-10-11,heart_rate_avg,34.35274351148655,-1
2024-11-04,heart_rate_avg,97.92895828785868,-1
2024-11-06,heart_rate_avg,43.21068692319371,-1
2025-02-14,heart_rate_avg,95.8551806998356,-1
2025-03-27,heart_rate_avg,88.03824962268627,-1
2025-04-18,heart_rate_avg,87.89794675898622,-1
2025-04-19,heart_rate_avg,93.6206642764501,-1
2025-04-24,heart_rate_avg,91.37644278433068,-1
2025-04-28,heart_rate_avg,94.85962997112844,-1
2025-04-30,heart_rate_avg,41.12811380174988,-1
2025-05-09,heart_rate_avg,90.62209497444957,-1
2025-06-05,heart_rate_avg,88.52672347870956,-1
2025-06-06,heart_rate_avg,41.559564335148416,-1
2025-08-02,heart_rate_avg,88.51106816554781,-1
2025-08-09,heart_rate_avg,92.30234311942424,-1
2025-08-10,heart_rate_avg,101.26888062905108,-1
2025-08-13,heart_rate_avg,89.94652376157566,-1
2024-09-09,heart_rate_avg,89.34980837309618,-1
2024-10-04,heart_rate_avg,87.66798397908391,-1
2024-10-11,heart_rate_avg,94.07996871102912,-1
2024-11-03,heart_rate_avg,88.86483654567131,-1
2024-11-05,heart_rate_avg,96.67787907163934,-1
2024-11-17,heart_rate_avg,88.49084790686697,-1
2024-11-19,heart_rate_avg,87.53046909513407,-1
2024-11-27,heart_rate_avg,88.0519974280134,-1
2024-11-29,heart_rate_avg,89.73778070816505,-1
2024-11-30,heart_rate_avg,93.822287125886,-1
2024-12-08,heart_rate_avg,89.82819467555173,-1
2024-12-10,heart_rate_avg,89.80526962810802,-1
2024-12-21,heart_rate_avg,91.59372208256308,-1
2025-01-02,heart_rate_avg,96.24846653257262,-1
2025-01-20,heart_rate_avg,89.88461633744592,-1
2025-01-24,heart_rate_avg,99.57014344768632,-1
2025-01-30,heart_rate_avg,89.8070192225554,-1
2025-02-02,heart_rate_avg,87.68331976878943,-1
2025-02-04,heart_rate_avg,92.7640486523644,-1
2025-02-13,heart_rate_avg,89.49148345334787,-1
2025-03-05,heart_rate_avg,100.89800746189653,-1
2025-03-16,heart_rate_avg,93.5247927463947,-1
2025-04-09,heart_rate_avg,88.56621131507973,-1
2025-04-16,heart_rate_avg,89.6530312756906,-1
2025-06-18,heart_rate_avg,87.96165320501683,-1
2025-07-01,heart_rate_avg,90.10570075419744,-1
2025-07-18,heart_rate_avg,90.7141068936431,-1
2025-08-03,heart_rate_avg,88.81005002694847,-1
2025-08-24,heart_rate_avg,87.516765266489,-1
2024-09-14,heart_rate_avg,87.64351642864958,-1
2024-12-14,heart_rate_avg,87.40986087922224,-1
2024-12-25,heart_rate_avg,96.33697129158531,-1
2025-01-06,heart_rate_avg,89.45962719841074,-1
2025-01-19,heart_rate_avg,36.244889071187714,-1
2025-02-13,heart_rate_avg,41.3151042216145,-1
2025-02-17,heart_rate_avg,41.89725773723792,-1
2025-03-23,heart_rate_avg,98.0899204030215,-1
2025-05-14,heart_rate_avg,40.39637878016909,-1
2025-05-19,heart_rate_avg,35.3878287205044,-1
2025-07-04,heart_rate_avg,89.23952123134609,-1
2025-08-31,heart_rate_avg,95.5516395700629,-1
2025-09-01,heart_rate_avg,38.560708274606505,-1
2024-09-24,heart_rate_avg,36.75976613557306,-1
2024-10-05,heart_rate_avg,41.88059086570274,-1
2024-10-11,heart_rate_avg,42.53151870661044,-1
2024-10-31,heart_rate_avg,39.20248583212327,-1
2024-11-08,heart_rate_avg,30.3926649287123,-1
2024-12-09,heart_rate_avg,35.41144800460023,-1
2024-12-14,heart_rate_avg,38.35780920547889,-1
2025-01-11,heart_rate_avg,40.77227616576322,-1
2025-02-22,heart_rate_avg,38.055646979384726,-1
2025-03-13,heart_rate_avg,42.16968792298191,-1
2025-03-15,heart_rate_avg,40.828258843767735,-1
2025-04-01,heart_rate_avg,38.489112418570606,-1
2025-04-04,heart_rate_avg,91.61741979446228,-1
2025-04-10,heart_rate_avg,40.04064398855359,-1
2025-04-30,heart_rate_avg,31.543309471744703,-1
2025-05-06,heart_rate_avg,38.32726784505687,-1
2025-05-10,heart_rate_avg,39.20697339626598,-1
2025-05-23,heart_rate_avg,40.4092448305451,-1
2025-05-24,heart_rate_avg,35.9836824808082,-1
2025-05-27,heart_rate_avg,42.73762010879109,-1
2025-06-04,heart_rate_avg,39.79201752851564,-1
2025-06-06,heart_rate_avg,38.65024628211683,-1
2025-06-20,heart_rate_avg,35.48335479366993,-1
2025-06-26,heart_rate_avg,34.048641552178125,-1
2025-07-16,heart_rate_avg,38.14858932717732,-1
2025-07-17,heart_rate_avg,36.233407103026494,-1
2025-07-19,heart_rate_avg,39.89857346590532,-1
2025-08-01,heart_rate_avg,40.411734606993136,-1
2025-08-03,heart_rate_avg,40.44165210054835,-1
2025-08-09,heart_rate_avg,40.13739933572021,-1
2025-08-27,heart_rate_avg,40.76025937847155,-1
2025-08-30,heart_rate_avg,37.19127889479824,-1
2025-09-04,heart_rate_avg,35.195078645653545,-1
2024-09-29,heart_rate_avg,89.42558181563335,-1
2024-12-05,heart_rate_avg,87.52962171822134,-1
2024-12-12,heart_rate_avg,36.579578814587634,-1
2025-04-10,heart_rate_avg,39.88951129634333,-1
2025-06-21,heart_rate_avg,36.56928262212504,-1
2025-07-06,heart_rate_avg,41.91264350070398,-1
2025-07-08,heart_rate_avg,40.73664152748194,-1
2025-08-09,heart_rate_avg,92.12219511368242,-1
2025-01-09,heart_rate_avg,87.78206866581199,-1
2025-02-10,heart_rate_avg,91.38544380285175,-1
2025-04-02,heart_rate_avg,40.75747185541599,-1
2025-06-08,heart_rate_avg,91.89559275817945,-1
2025-07-02,heart_rate_avg,38.48783486553332,-1
2024-10-13,heart_rate_avg,38.11419156021498,-1
2024-10-14,heart_rate_avg,42.559379883350736,-1
2024-11-08,heart_rate_avg,91.93381567269591,-1
2024-12-05,heart_rate_avg,40.17123308271784,-1
2025-02-09,heart_rate_avg,41.71093744536132,-1
2025-02-12,heart_rate_avg,40.3871787101651,-1
2025-07-01,heart_rate_avg,36.69560402113942,-1
2024-09-20,heart_rate_avg,41.94585894849933,-1
2024-10-03,heart_rate_avg,40.96009883328072,-1
2024-10-06,heart_rate_avg,43.049619967147365,-1
2024-10-22,heart_rate_avg,38.30468251021381,-1
2024-10-25,heart_rate_avg,39.16437037718316,-1
2024-11-13,heart_rate_avg,28.92384539540561,-1
2024-11-22,heart_rate_avg,41.58448291045852,-1
2024-12-05,heart_rate_avg,39.4089814323534,-1
2024-12-19,heart_rate_avg,39.35121860389778,-1
2025-01-29,heart_rate_avg,42.57316488416616,-1
2025-01-31,heart_rate_avg,40.58832625500433,-1
2025-03-03,heart_rate_avg,40.366269838701314,-1
2025-03-05,heart_rate_avg,34.31880020506619,-1
2025-03-08,heart_rate_avg,41.49624341639924,-1
2025-03-12,heart_rate_avg,41.43988881566386,-1
2025-05-20,heart_rate_avg,37.77916865735613,-1
2025-06-04,heart_rate_avg,43.144121110401386,-1
2025-06-12,heart_rate_avg,94.77075809339954,-1
2025-06-17,heart_rate_avg,37.74847959966528,-1
2025-08-26,heart_rate_avg,41.11361962233847,-1
2025-08-28,heart_rate_avg,42.47317964427759,-1
2024-09-28,heart_rate_avg,94.01290468341872,-1
2024-10-05,heart_rate_avg,91.23918038715377,-1
2024-10-17,heart_rate_avg,88.81873428710894,-1
2024-12-11,heart_rate_avg,96.3402255578684,-1
2025-04-02,heart_rate_avg,89.72140212066165,-1
2025-04-08,heart_rate_avg,87.43349256936139,-1
2025-04-26,heart_rate_avg,87.59186149142833,-1
2025-07-04,heart_rate_avg,88.54069117054193,-1
2025-08-01,heart_rate_avg,98.47908369813226,-1
2025-08-13,heart_rate_avg,101.42744169476975,-1
2025-08-16,heart_rate_avg,88.04475493836031,-1
2024-09-13,heart_rate_avg,41.12605736421106,-1
2024-10-14,heart_rate_avg,33.57353719306082,-1
2024-10-16,heart_rate_avg,43.08067124638899,-1
2024-10-20,heart_rate_avg,40.29350239563711,-1
2024-11-07,heart_rate_avg,43.0463410499045,-1
2024-11-08,heart_rate_avg,41.951115551871645,-1
2024-11-16,heart_rate_avg,39.205820173090615,-1
2024-11-26,heart_rate_avg,43.01226080299475,-1
2024-12-11,heart_rate_avg,39.92063714947778,-1
2024-12-24,heart_rate_avg,41.10361165905434,-1
2025-01-21,heart_rate_avg,88.16765403314176,-1
2025-01-22,heart_rate_avg,41.73499207600743,-1
2025-02-03,heart_rate_avg,39.63764364438968,-1
2025-02-22,heart_rate_avg,41.26596251308385,-1
2025-03-23,heart_rate_avg,39.29266022121746,-1
2025-04-15,heart_rate_avg,33.135935454991554,-1
2025-04-23,heart_rate_avg,42.6155101683907,-1
2025-05-12,heart_rate_avg,36.43501952661819,-1
2025-05-22,heart_rate_avg,41.13079441443905,-1
2025-06-17,heart_rate_avg,90.60246891706062,-1
2025-06-22,heart_rate_avg,41.65876390876211,-1
2025-07-06,heart_rate_avg,92.19168809654286,-1
2025-07-19,heart_rate_avg,38.95694150984013,-1
2025-08-05,heart_rate_avg,37.33225663838729,-1
2025-08-21,heart_rate_avg,41.74964860454966,-1
2025-08-22,heart_rate_avg,41.40604226089568,-1
2025-08-25,heart_rate_avg,35.34625750737251,-1
2025-08-30,heart_rate_avg,40.79235936383598,-1
2024-09-13,heart_rate_avg,33.806657126306966,-1
2024-10-22,heart_rate_avg,89.68260708181907,-1
2024-11-06,heart_rate_avg,42.94215822801157,-1
2025-05-01,heart_rate_avg,41.81265153818877,-1
2025-06-09,heart_rate_avg,88.86936522049079,-1
2024-09-17,heart_rate_avg,30.06843875090981,-1
2024-10-18,heart_rate_avg,39.647141579201886,-1
2024-10-25,heart_rate_avg,41.40671208100136,-1
2024-10-27,heart_rate_avg,42.09275930135664,-1
2024-11-02,heart_rate_avg,42.51421546392022,-1
2024-11-26,heart_rate_avg,37.54562455715988,-1
2024-12-08,heart_rate_avg,42.6357112419421,-1
2024-12-27,heart_rate_avg,39.33276747796499,-1
2024-12-28,heart_rate_avg,42.44115540433035,-1
2025-01-07,heart_rate_avg,38.66399016694591,-1
2025-01-10,heart_rate_avg,33.48014458888661,-1
2025-01-23,heart_rate_avg,39.20242394742884,-1
2025-02-05,heart_rate_avg,40.856461210409066,-1
2025-02-07,heart_rate_avg,34.56912074286739,-1
2025-02-12,heart_rate_avg,40.60408600423663,-1
2025-02-28,heart_rate_avg,39.63832104452863,-1
2025-03-25,heart_rate_avg,39.67716795268188,-1
2025-04-20,heart_rate_avg,42.92452551464191,-1
2025-05-02,heart_rate_avg,39.39843042716085,-1
2025-05-06,heart_rate_avg,42.81129928318533,-1
2025-05-13,heart_rate_avg,37.37255595365562,-1
2025-05-17,heart_rate_avg,41.00678947933542,-1
2025-05-22,heart_rate_avg,36.21123050016326,-1
2025-06-06,heart_rate_avg,28.126967507798284,-1
2025-06-18,heart_rate_avg,41.37699189584833,-1
2025-06-21,heart_rate_avg,39.1046998944028,-1
2025-06-22,heart_rate_avg,39.689866504356,-1
2025-06-28,heart_rate_avg,43.13233715472992,-1
2025-07-14,heart_rate_avg,41.73877666932043,-1
2025-07-16,heart_rate_avg,40.382513928812834,-1
2025-08-04,heart_rate_avg,41.29142340346494,-1
2025-08-17,heart_rate_avg,42.72882536633899,-1
2025-08-30,heart_rate_avg,41.107475246127926,-1
2025-09-04,heart_rate_avg,43.0865202933379,-1
2024-09-20,heart_rate_avg,41.38871189570101,-1
2024-10-23,heart_rate_avg,43.099446969493016,-1
2024-10-24,heart_rate_avg,87.93538224455332,-1
2024-12-06,heart_rate_avg,99.9815850944083,-1
2024-12-15,heart_rate_avg,37.84666196892991,-1
2025-02-18,heart_rate_avg,42.633525538239965,-1
2025-03-10,heart_rate_avg,31.93629237230014,-1
2025-03-22,heart_rate_avg,39.33723522778926,-1
2025-03-25,heart_rate_avg,35.254686835555404,-1
2025-04-23,heart_rate_avg,87.4062332875848,-1
2025-07-09,heart_rate_avg,42.44530501379964,-1
2025-08-03,heart_rate_avg,41.414071738179885,-1
2025-08-20,heart_rate_avg,43.07278165862208,-1
2025-08-26,heart_rate_avg,41.45058711543339,-1
2024-09-10,heart_rate_avg,39.903421710980965,-1
2024-09-17,heart_rate_avg,36.211762360042485,-1
2024-09-20,heart_rate_avg,41.63057328807456,-1
2024-09-26,heart_rate_avg,30.37943322333143,-1
2024-10-09,heart_rate_avg,30.4398947790406,-1
2024-10-12,heart_rate_avg,33.66889622056563,-1
2024-10-13,heart_rate_avg,39.44893882959587,-1
2024-10-22,heart_rate_avg,41.91977054338637,-1
2024-11-05,heart_rate_avg,34.84639487129756,-1
2024-11-06,heart_rate_avg,36.47962636118779,-1
2024-11-09,heart_rate_avg,35.569741583092664,-1
2024-11-19,heart_rate_avg,25.135814821676348,-1
2024-11-22,heart_rate_avg,41.23569111154519,-1
2024-11-29,heart_rate_avg,34.884048254342375,-1
2024-12-01,heart_rate_avg,40.31347985084864,-1
2024-12-09,heart_rate_avg,41.90003873172671,-1
2024-12-12,heart_rate_avg,40.43754898503155,-1
2024-12-20,heart_rate_avg,42.86563106854906,-1
2024-12-30,heart_rate_avg,41.29254116524322,-1
2025-01-05,heart_rate_avg,37.44017486505457,-1
2025-02-09,heart_rate_avg,29.320145745060096,-1
2025-02-11,heart_rate_avg,42.66137089067144,-1
2025-03-05,heart_rate_avg,43.05187995031373,-1
2025-03-10,heart_rate_avg,41.37484213279167,-1
2025-03-15,heart_rate_avg,42.699485933835305,-1
2025-03-21,heart_rate_avg,42.84915566073703,-1
2025-03-22,heart_rate_avg,30.687899055096164,-1
2025-03-28,heart_rate_avg,37.75948436499595,-1
2025-04-15,heart_rate_avg,36.03252779338164,-1
2025-04-24,heart_rate_avg,37.60597632772482,-1
2025-04-25,heart_rate_avg,37.437515055455066,-1
2025-04-26,heart_rate_avg,39.810897277097695,-1
2025-04-30,heart_rate_avg,34.18648037276501,-1
2025-05-07,heart_rate_avg,39.76737142024151,-1
2025-05-09,heart_rate_avg,39.69082031795635,-1
2025-05-19,heart_rate_avg,35.211040147757934,-1
2025-06-11,heart_rate_avg,30.22766485315441,-1
2025-06-14,heart_rate_avg,37.13745597987405,-1
2025-06-20,heart_rate_avg,42.619293601787305,-1
2025-06-21,heart_rate_avg,42.08860459236652,-1
2025-06-24,heart_rate_avg,42.25069872658136,-1
2025-07-15,heart_rate_avg,34.720973042066845,-1
2025-07-31,heart_rate_avg,42.18061948949567,-1
2025-08-24,heart_rate_avg,40.1776469323295,-1
2024-09-06,heart_rate_avg,33.72236340338426,-1
2024-09-21,heart_rate_avg,30.036513916781708,-1
2024-09-28,heart_rate_avg,42.78948377003466,-1
2024-10-03,heart_rate_avg,39.78263896772233,-1
2024-10-08,heart_rate_avg,24.57145002331533,-1
2024-10-29,heart_rate_avg,38.66527981633074,-1
2024-11-02,heart_rate_avg,42.83850460137329,-1
2024-11-10,heart_rate_avg,42.42619755034086,-1
2024-11-13,heart_rate_avg,42.87622991485471,-1
2024-11-20,heart_rate_avg,23.607715065652226,-1
2024-12-05,heart_rate_avg,42.27179624730618,-1
2024-12-15,heart_rate_avg,36.004895289881674,-1
2024-12-28,heart_rate_avg,42.14639927654662,-1
2024-12-31,heart_rate_avg,36.23010256054906,-1
2025-01-03,heart_rate_avg,36.76101045517122,-1
2025-01-10,heart_rate_avg,42.24212947728989,-1
2025-01-15,heart_rate_avg,42.75348188067696,-1
2025-01-20,heart_rate_avg,39.21516942204232,-1
2025-01-21,heart_rate_avg,29.675979566661624,-1
2025-02-06,heart_rate_avg,41.82027901344048,-1
2025-02-14,heart_rate_avg,43.06683647205829,-1
2025-03-04,heart_rate_avg,37.37118017759556,-1
2025-03-05,heart_rate_avg,40.49218578192946,-1
2025-03-27,heart_rate_avg,43.07208344150118,-1
2025-03-31,heart_rate_avg,36.44484234247922,-1
2025-04-04,heart_rate_avg,34.860114403683255,-1
2025-04-14,heart_rate_avg,40.78453427300667,-1
2025-04-26,heart_rate_avg,37.57541747288151,-1
2025-04-29,heart_rate_avg,41.15357198300981,-1
2025-05-02,heart_rate_avg,22.948602652098486,-1
2025-05-07,heart_rate_avg,39.283400221250446,-1
2025-05-12,heart_rate_avg,35.59711605598288,-1
2025-05-26,heart_rate_avg,28.92303418714993,-1
2025-05-31,heart_rate_avg,35.33946559752332,-1
2025-06-03,heart_rate_avg,38.98906967797774,-1
2025-06-04,heart_rate_avg,35.9377977877358,-1
2025-06-07,heart_rate_avg,40.21353884487558,-1
2025-06-24,heart_rate_avg,35.29997229553395,-1
2025-06-28,heart_rate_avg,40.37030720330006,-1
2025-07-18,heart_rate_avg,38.40443304062055,-1
2025-07-26,heart_rate_avg,35.64533479160619,-1
2025-08-02,heart_rate_avg,37.59160629691969,-1
2024-09-08,heart_rate_avg,41.31972386855532,-1
2024-10-13,heart_rate_avg,32.25597028881437,-1
2024-11-03,heart_rate_avg,39.420214878734726,-1
2024-11-09,heart_rate_avg,31.27313621646021,-1
2024-11-10,heart_rate_avg,37.8199999259491,-1
2024-11-21,heart_rate_avg,40.42919465095178,-1
2024-12-09,heart_rate_avg,26.833030570930266,-1
2024-12-20,heart_rate_avg,42.429285777353,-1
2024-12-24,heart_rate_avg,36.80597573679454,-1
2024-12-26,heart_rate_avg,19.64424595836138,-1
2024-12-31,heart_rate_avg,38.02487799324957,-1
2025-01-09,heart_rate_avg,42.94103622249016,-1
2025-01-27,heart_rate_avg,40.5764855817925,-1
2025-01-30,heart_rate_avg,41.0028880389565,-1
2025-02-14,heart_rate_avg,36.470036039023086,-1
2025-02-15,heart_rate_avg,36.97393106462434,-1
2025-02-20,heart_rate_avg,37.71167969674219,-1
2025-02-24,heart_rate_avg,39.582267903166,-1
2025-03-23,heart_rate_avg,42.57024134317935,-1
2025-04-13,heart_rate_avg,21.974869265690693,-1
2025-04-20,heart_rate_avg,40.18471317996527,-1
2025-04-21,heart_rate_avg,38.99196747349341,-1
2025-05-03,heart_rate_avg,42.89611769379103,-1
2025-05-09,heart_rate_avg,38.27870523693839,-1
2025-05-12,heart_rate_avg,40.70085847957711,-1
2025-05-28,heart_rate_avg,40.18607436952827,-1
2025-06-03,heart_rate_avg,40.643901603759225,-1
2025-06-07,heart_rate_avg,42.50893995328809,-1
2025-06-17,heart_rate_avg,42.36433737543923,-1
2025-06-19,heart_rate_avg,40.1010626518306,-1
2025-07-11,heart_rate_avg,32.58763136053106,-1
2025-07-16,heart_rate_avg,38.41751656568229,-1
2025-07-21,heart_rate_avg,34.84388517381286,-1
2025-07-25,heart_rate_avg,42.41645332589452,-1
2025-08-02,heart_rate_avg,38.903534559294826,-1
2025-08-13,heart_rate_avg,41.64272901225428,-1
2025-08-17,heart_rate_avg,39.925984068522496,-1
2025-08-20,heart_rate_avg,35.57612878948866,-1
2025-08-21,heart_rate_avg,29.54853889038007,-1
2025-08-26,heart_rate_avg,41.45769767115468,-1
2025-08-30,heart_rate_avg,40.81022813369484,-1
2024-10-01,heart_rate_avg,96.04859108633596,-1
2024-11-02,heart_rate_avg,91.37138842828384,-1
2024-12-22,heart_rate_avg,87.47726929382316,-1
2024-12-24,heart_rate_avg,95.57628219462514,-1
2024-12-28,heart_rate_avg,41.25678011829106,-1
2025-03-06,heart_rate_avg,90.64894387181094,-1
2025-05-21,heart_rate_avg,41.58939268383091,-1
2025-06-05,heart_rate_avg,88.21242710930333,-1
2025-07-05,heart_rate_avg,88.36315811640006,-1
2025-08-25,heart_rate_avg,40.23707685859742,-1
2024-09-09,heart_rate_avg,87.89648522987592,-1
2024-10-26,heart_rate_avg,89.91990268854137,-1
2024-10-27,heart_rate_avg,91.71518119972372,-1
2024-12-03,heart_rate_avg,42.68408590479432,-1
2025-01-16,heart_rate_avg,87.62026219715843,-1
2025-01-23,heart_rate_avg,92.77838499473904,-1
2025-02-02,heart_rate_avg,89.38503334856917,-1
2025-02-12,heart_rate_avg,90.60109500245116,-1
2025-02-28,heart_rate_avg,89.25934989747975,-1
2025-03-05,heart_rate_avg,88.60330662583786,-1
2025-03-18,heart_rate_avg,88.2266635625785,-1
2025-03-29,heart_rate_avg,93.38829356774708,-1
2025-04-07,heart_rate_avg,88.89743589993257,-1
2025-04-22,heart_rate_avg,40.46901153147826,-1
2025-04-25,heart_rate_avg,89.22398251089795,-1
2025-05-09,heart_rate_avg,92.4289575501973,-1
2025-05-24,heart_rate_avg,89.15798559560233,-1
2025-08-29,heart_rate_avg,92.018157098072,-1
2025-08-31,heart_rate_avg,96.36732117826452,-1
2025-09-04,heart_rate_avg,90.2954279961912,-1
2024-09-21,heart_rate_avg,36.057255142093474,-1
2024-10-21,heart_rate_avg,40.45026567454797,-1
2024-10-31,heart_rate_avg,41.52638585054198,-1
2025-01-04,heart_rate_avg,90.25314287457924,-1
2025-01-14,heart_rate_avg,38.35602170550541,-1
2025-01-23,heart_rate_avg,36.77378977699046,-1
2025-06-25,heart_rate_avg,39.50375975980104,-1
2025-07-24,heart_rate_avg,92.67839770680672,-1
2025-08-12,heart_rate_avg,42.59985854628871,-1
2025-08-19,heart_rate_avg,43.2042847818785,-1
2024-10-16,heart_rate_avg,34.070771421653305,-1
2024-10-21,heart_rate_avg,42.6033414201511,-1
2024-10-31,heart_rate_avg,88.85952672666181,-1
2024-11-06,heart_rate_avg,42.64178865407572,-1
2024-11-14,heart_rate_avg,42.54816541325167,-1
2024-11-19,heart_rate_avg,42.31875387106592,-1
2024-12-01,heart_rate_avg,42.77461419733844,-1
2024-12-08,heart_rate_avg,91.39112262473904,-1
2024-12-27,heart_rate_avg,36.06816231243404,-1
2025-01-29,heart_rate_avg,35.602613736605974,-1
2025-02-01,heart_rate_avg,34.966958118577644,-1
2025-03-11,heart_rate_avg,43.09189867879832,-1
2025-03-18,heart_rate_avg,40.12121136809657,-1
2025-03-25,heart_rate_avg,40.77138858767254,-1
2025-03-29,heart_rate_avg,42.71799442407925,-1
2025-04-04,heart_rate_avg,42.88043298255778,-1
2025-04-09,heart_rate_avg,41.847090413358046,-1
2025-04-15,heart_rate_avg,34.80361399459221,-1
2025-04-30,heart_rate_avg,39.87466515468768,-1
2025-05-25,heart_rate_avg,37.45694371421146,-1
2025-06-14,heart_rate_avg,90.51592223093658,-1
2025-06-28,heart_rate_avg,40.35152294314069,-1
2025-08-24,heart_rate_avg,41.31283505949021,-1
2024-11-03,heart_rate_avg,95.66168056992072,-1
2024-11-19,heart_rate_avg,88.97863328657377,-1
2025-02-22,heart_rate_avg,96.60087993434496,-1
2025-04-19,heart_rate_avg,87.61659759505021,-1
2025-05-10,heart_rate_avg,30.943322868340672,-1
2025-06-09,heart_rate_avg,95.37323916523832,-1
2024-09-18,heart_rate_avg,40.29012056013697,-1
2024-10-16,heart_rate_avg,42.549716663699485,-1
2024-10-24,heart_rate_avg,41.51737950771032,-1
2024-11-24,heart_rate_avg,39.44662860868552,-1
2024-12-01,heart_rate_avg,87.56915791889213,-1
2025-01-28,heart_rate_avg,42.420771367815966,-1
2025-07-02,heart_rate_avg,38.105569645562326,-1
2025-07-17,heart_rate_avg,40.57272609448315,-1
2025-08-08,heart_rate_avg,39.519251020698704,-1
2025-08-26,heart_rate_avg,43.15342794917605,-1
2025-08-27,heart_rate_avg,92.38757366760412,-1
2024-09-14,heart_rate_avg,91.21582848688028,-1
2024-10-17,heart_rate_avg,87.67149905271219,-1
2024-11-01,heart_rate_avg,88.73063601141818,-1
2024-11-14,heart_rate_avg,92.12265943129232,-1
2024-11-22,heart_rate_avg,90.04306896754574,-1
2024-12-03,heart_rate_avg,103.66401924682836,-1
2024-12-24,heart_rate_avg,87.40343251336321,-1
2025-01-11,heart_rate_avg,87.4637540361739,-1
2025-01-27,heart_rate_avg,88.70894512204839,-1
2025-02-26,heart_rate_avg,89.25459931993726,-1
2025-03-09,heart_rate_avg,91.02185894829614,-1
2025-04-09,heart_rate_avg,89.156953358568,-1
2025-04-20,heart_rate_avg,94.93811719661582,-1
2025-05-10,heart_rate_avg,89.11842957673208,-1
2025-05-17,heart_rate_avg,93.17566088636798,-1
2025-06-24,heart_rate_avg,89.6168002559093,-1
2025-07-02,heart_rate_avg,92.45409228934994,-1
2025-07-07,heart_rate_avg,92.40087167166934,-1
2025-08-02,heart_rate_avg,92.68196739196108,-1
2025-08-08,heart_rate_avg,88.7721325363851,-1
2025-08-20,heart_rate_avg,92.79733744065332,-1
2024-09-19,heart_rate_avg,41.7048488259714,-1
2024-09-25,heart_rate_avg,42.55963414795305,-1
2024-10-18,heart_rate_avg,43.03076598304821,-1
2024-11-22,heart_rate_avg,41.38198582012227,-1
2024-11-26,heart_rate_avg,40.30282382567704,-1
2024-12-23,heart_rate_avg,38.98652164425482,-1
2025-01-06,heart_rate_avg,42.43104887406503,-1
2025-01-07,heart_rate_avg,89.8722598457774,-1
2025-01-24,heart_rate_avg,42.43455159438306,-1
2025-02-12,heart_rate_avg,92.48656309442872,-1
2025-03-01,heart_rate_avg,36.081038742000736,-1
2025-07-19,heart_rate_avg,42.81262107798558,-1
2025-07-29,heart_rate_avg,41.86032464488754,-1
2025-08-17,heart_rate_avg,42.29627399337876,-1
2025-09-04,heart_rate_avg,41.432321363042455,-1
2024-09-21,heart_rate_avg,94.72153434410596,-1
2024-10-10,heart_rate_avg,89.01088223221572,-1
2024-11-25,heart_rate_avg,88.96929203976784,-1
2024-12-06,heart_rate_avg,93.75532123456054,-1
2024-12-15,heart_rate_avg,88.21869398602146,-1
2024-12-17,heart_rate_avg,97.56673676070037,-1
2024-12-18,heart_rate_avg,87.96027988609968,-1
2024-12-26,heart_rate_avg,90.77493664700536,-1
2025-01-02,heart_rate_avg,89.93025782686594,-1
2025-01-19,heart_rate_avg,92.7091000052904,-1
2025-01-25,heart_rate_avg,92.44979063543452,-1
2025-01-31,heart_rate_avg,90.60053210004818,-1
2025-03-12,heart_rate_avg,89.516810154441,-1
2025-04-14,heart_rate_avg,91.13219360263584,-1
2025-05-01,heart_rate_avg,88.7894910121118,-1
2025-05-16,heart_rate_avg,89.6305289314431,-1
2025-05-22,heart_rate_avg,87.75282141904243,-1
2025-05-25,heart_rate_avg,97.26711642793536,-1
2025-06-07,heart_rate_avg,105.96210756981834,-1
2025-06-13,heart_rate_avg,89.47121551845925,-1
2025-06-29,heart_rate_avg,95.5813613893663,-1
2025-07-03,heart_rate_avg,90.60584367427458,-1
2025-07-12,heart_rate_avg,97.14372355491916,-1
2025-07-30,heart_rate_avg,95.19384906766848,-1
2025-07-31,heart_rate_avg,92.11212680412284,-1
2025-08-13,heart_rate_avg,91.62552714800616,-1
2025-09-05,heart_rate_avg,98.674489446018,-1
2024-10-14,heart_rate_avg,91.27239269601726,-1
2024-10-23,heart_rate_avg,93.03247992087084,-1
2024-12-02,heart_rate_avg,93.0592319285627,-1
2025-01-09,heart_rate_avg,89.26057457294024,-1
2025-02-18,heart_rate_avg,105.72884196299565,-1
2025-03-15,heart_rate_avg,91.3871904881773,-1
2025-03-20,heart_rate_avg,42.992342937919126,-1
2025-03-30,heart_rate_avg,94.9937951093747,-1
2025-04-24,heart_rate_avg,42.87098678712491,-1
2025-05-05,heart_rate_avg,87.89739678303667,-1
2025-05-07,heart_rate_avg,88.36648115319667,-1
2025-05-10,heart_rate_avg,88.30775144530149,-1
2025-05-20,heart_rate_avg,39.73246944944145,-1
2025-06-01,heart_rate_avg,94.28144208641017,-1
2025-06-21,heart_rate_avg,39.05175905939393,-1
2025-07-06,heart_rate_avg,91.1144742143114,-1
2025-07-15,heart_rate_avg,91.03630273052684,-1
2025-08-03,heart_rate_avg,88.6978644732683,-1
2025-08-21,heart_rate_avg,93.06370935767022,-1
2025-09-04,heart_rate_avg,97.3327485035172,-1
2024-09-16,heart_rate_avg,90.87165693453184,-1
2024-09-24,heart_rate_avg,92.758690141178,-1
2024-10-09,heart_rate_avg,87.55717093667462,-1
2024-10-22,heart_rate_avg,89.4073655477762,-1
2024-12-01,heart_rate_avg,91.34577231723304,-1
2024-12-03,heart_rate_avg,40.956937718121736,-1
2025-04-01,heart_rate_avg,95.0155429668314,-1
2025-04-05,heart_rate_avg,98.16682099006168,-1
2025-04-07,heart_rate_avg,88.95948993905454,-1
2025-04-11,heart_rate_avg,89.57912634291844,-1
2025-04-24,heart_rate_avg,87.67578731940718,-1
2025-04-26,heart_rate_avg,95.57548103613377,-1
2025-05-25,heart_rate_avg,90.39225601658303,-1
2025-06-20,heart_rate_avg,38.86435265287335,-1
2025-07-29,heart_rate_avg,90.88709514413172,-1
2025-08-03,heart_rate_avg,88.39002627653566,-1
2025-08-07,heart_rate_avg,91.11626600633971,-1
2024-10-12,heart_rate_avg,95.28969825726028,-1
2024-10-17,heart_rate_avg,91.36595175939544,-1
2024-11-20,heart_rate_avg,93.47358031852876,-1
2025-01-18,heart_rate_avg,38.38429000610244,-1
2025-02-07,heart_rate_avg,41.84066252680546,-1
2025-05-02,heart_rate_avg,87.74518464809763,-1
2025-06-23,heart_rate_avg,94.79238504193157,-1
2025-07-03,heart_rate_avg,91.4057679657863,-1
2025-07-14,heart_rate_avg,87.59940030925553,-1
2024-09-18,heart_rate_avg,39.17005763151838,-1
2024-09-21,heart_rate_avg,94.3367093459076,-1
2024-09-27,heart_rate_avg,43.22203084530641,-1
2024-09-29,heart_rate_avg,41.85303588381238,-1
2024-10-17,heart_rate_avg,24.988502242810917,-1
2024-10-20,heart_rate_avg,40.115114333012784,-1
2024-10-21,heart_rate_avg,42.84612861708954,-1
2024-10-26,heart_rate_avg,42.90326470397709,-1
2024-10-29,heart_rate_avg,38.43036452569693,-1
2024-11-01,heart_rate_avg,39.19962956231963,-1
2024-11-09,heart_rate_avg,41.77461830081632,-1
2024-11-16,heart_rate_avg,36.88695437061712,-1
2024-11-17,heart_rate_avg,35.070257242737874,-1
2024-12-02,heart_rate_avg,41.95974519434945,-1
2024-12-04,heart_rate_avg,38.14925140745131,-1
2024-12-10,heart_rate_avg,41.58122440138493,-1
2024-12-12,heart_rate_avg,38.873086696831706,-1
2024-12-17,heart_rate_avg,36.840354624879694,-1
2024-12-29,heart_rate_avg,42.06370989167954,-1
2025-01-11,heart_rate_avg,42.08654150370801,-1
2025-01-16,heart_rate_avg,42.1757763327157,-1
2025-01-17,heart_rate_avg,40.31417446129638,-1
2025-01-19,heart_rate_avg,42.789312350104765,-1
2025-01-24,heart_rate_avg,37.47385767447752,-1
2025-01-31,heart_rate_avg,42.31835932477355,-1
2025-02-23,heart_rate_avg,35.14630922064926,-1
2025-03-02,heart_rate_avg,43.07241979663954,-1
2025-03-14,heart_rate_avg,30.08465540013607,-1
2025-03-18,heart_rate_avg,42.78100480200878,-1
2025-03-23,heart_rate_avg,42.660211651256944,-1
2025-03-30,heart_rate_avg,33.621616716938384,-1
2025-04-08,heart_rate_avg,37.73619827567981,-1
2025-04-10,heart_rate_avg,33.30490552886839,-1
2025-04-24,heart_rate_avg,35.67693147181706,-1
2025-04-28,heart_rate_avg,35.53814447106459,-1
2025-05-10,heart_rate_avg,42.890027264449806,-1
2025-05-11,heart_rate_avg,39.88203721765125,-1
2025-05-14,heart_rate_avg,40.58076328651146,-1
2025-05-18,heart_rate_avg,40.1686025953974,-1
2025-05-21,heart_rate_avg,37.82535774674536,-1
2025-05-25,heart_rate_avg,41.62241313583705,-1
2025-06-01,heart_rate_avg,33.067102746707576,-1
2025-07-06,heart_rate_avg,30.33331571932013,-1
2025-07-26,heart_rate_avg,41.68357650072402,-1
2025-08-12,heart_rate_avg,29.652942704255636,-1
2025-08-18,heart_rate_avg,42.46222066895921,-1
2024-09-06,heart_rate_avg,39.725422070545136,-1
2024-10-03,heart_rate_avg,37.05152888128377,-1
2024-10-04,heart_rate_avg,40.29563245947621,-1
2024-10-06,heart_rate_avg,36.00263116756996,-1
2024-10-15,heart_rate_avg,40.44295675946101,-1
2024-11-10,heart_rate_avg,38.52402644560823,-1
2024-11-22,heart_rate_avg,35.683600704810246,-1
2024-11-27,heart_rate_avg,32.27947503610208,-1
2024-12-10,heart_rate_avg,34.59831582038039,-1
2024-12-15,heart_rate_avg,36.22759121528868,-1
2025-01-04,heart_rate_avg,29.946441920834857,-1
2025-01-09,heart_rate_avg,42.76297349100918,-1
2025-01-23,heart_rate_avg,43.12467017029802,-1
2025-02-08,heart_rate_avg,42.69607993900316,-1
2025-02-11,heart_rate_avg,37.43917529108791,-1
2025-02-13,heart_rate_avg,38.638279976829736,-1
2025-02-14,heart_rate_avg,40.28025106787254,-1
2025-02-16,heart_rate_avg,31.911164721953767,-1
2025-02-17,heart_rate_avg,37.63904135343587,-1
2025-02-23,heart_rate_avg,32.93176144118567,-1
2025-02-27,heart_rate_avg,39.94471279096904,-1
2025-03-04,heart_rate_avg,31.721849174087044,-1
2025-03-17,heart_rate_avg,41.88100078887459,-1
2025-03-30,heart_rate_avg,40.55029245279663,-1
2025-04-09,heart_rate_avg,43.21909026665855,-1
2025-04-11,heart_rate_avg,40.90960004781213,-1
2025-04-16,heart_rate_avg,42.781465698771264,-1
2025-05-07,heart_rate_avg,42.34476530276532,-1
2025-05-15,heart_rate_avg,38.26347038220929,-1
2025-05-17,heart_rate_avg,43.05734719574785,-1
2025-05-20,heart_rate_avg,42.80455681963138,-1
2025-05-25,heart_rate_avg,39.9346167420449,-1
2025-05-30,heart_rate_avg,41.26506693583556,-1
2025-06-06,heart_rate_avg,37.94202760927814,-1
2025-06-09,heart_rate_avg,38.99176746758932,-1
2025-06-14,heart_rate_avg,39.24009742098745,-1
2025-07-29,heart_rate_avg,36.28539451493459,-1
2025-07-30,heart_rate_avg,41.374238967022784,-1
2025-08-01,heart_rate_avg,32.6412350687105,-1
2025-08-03,heart_rate_avg,41.319520940596,-1
2025-08-16,heart_rate_avg,36.16543117780958,-1
2025-09-05,heart_rate_avg,43.17414798211834,-1
2024-09-18,heart_rate_avg,37.05396515607208,-1
2024-10-17,heart_rate_avg,41.28508219683263,-1
2024-11-16,heart_rate_avg,35.97368560738648,-1
2024-11-19,heart_rate_avg,41.17649296479927,-1
2024-11-29,heart_rate_avg,88.41851425539014,-1
2024-12-04,heart_rate_avg,87.59773693060087,-1
2025-01-07,heart_rate_avg,38.34209274065732,-1
2025-03-16,heart_rate_avg,91.52169997769757,-1
2025-04-04,heart_rate_avg,93.1728793564517,-1
2025-04-08,heart_rate_avg,93.59066426787362,-1
2025-04-26,heart_rate_avg,90.98472810941226,-1
2025-05-07,heart_rate_avg,41.23663745547901,-1
2025-05-15,heart_rate_avg,91.43050895095992,-1
2025-06-27,heart_rate_avg,88.41770283277125,-1
2025-07-07,heart_rate_avg,89.88573720046732,-1
2024-09-08,heart_rate_avg,93.00537436151352,-1
2024-09-28,heart_rate_avg,88.65874677759945,-1
2024-10-17,heart_rate_avg,92.01048325571784,-1
2024-11-14,heart_rate_avg,94.06370780273146,-1
2024-11-30,heart_rate_avg,90.38266438974608,-1
2024-12-08,heart_rate_avg,94.71873279730022,-1
2024-12-22,heart_rate_avg,90.02965847094362,-1
2025-01-06,heart_rate_avg,88.77381400170279,-1
2025-01-12,heart_rate_avg,39.07287993909114,-1
2025-02-16,heart_rate_avg,88.76270340141562,-1
2025-02-17,heart_rate_avg,90.9268691729326,-1
2025-03-28,heart_rate_avg,89.2991359626929,-1
2025-04-22,heart_rate_avg,87.60828179493203,-1
2025-05-08,heart_rate_avg,89.05748546882653,-1
2025-06-13,heart_rate_avg,90.5078583460798,-1
2025-07-08,heart_rate_avg,87.58904942626323,-1
2025-07-19,heart_rate_avg,87.72345657493025,-1
2025-07-29,heart_rate_avg,90.32291976865416,-1
2025-08-01,heart_rate_avg,105.32937113656182,-1
2025-08-23,heart_rate_avg,41.88929685747496,-1
2025-08-25,heart_rate_avg,87.60383632078079,-1
2025-08-27,heart_rate_avg,88.65043343182963,-1
2024-09-08,heart_rate_avg,91.38498550136102,-1
2024-10-15,heart_rate_avg,90.64100694964004,-1
2025-01-19,heart_rate_avg,42.16799571527503,-1
2025-02-05,heart_rate_avg,93.21606456869804,-1
2025-05-01,heart_rate_avg,40.35093266234514,-1
2025-05-07,heart_rate_avg,38.47888846384807,-1
2025-05-20,heart_rate_avg,88.07778643099908,-1
2025-07-16,heart_rate_avg,39.22390263300184,-1
2025-08-05,heart_rate_avg,94.92919756126868,-1
2025-08-07,heart_rate_avg,87.72974002531294,-1
2024-10-02,heart_rate_avg,87.48649842976505,-1
2024-10-09,heart_rate_avg,91.47946614424644,-1
2024-11-28,heart_rate_avg,42.378443043418144,-1
2025-01-15,heart_rate_avg,89.77058954408837,-1
2025-02-21,heart_rate_avg,88.27880365008129,-1
2025-03-08,heart_rate_avg,88.29978025291524,-1
2025-04-08,heart_rate_avg,94.83219819038734,-1
2025-04-09,heart_rate_avg,90.56665879251436,-1
2025-04-14,heart_rate_avg,89.41073276767781,-1
2025-05-05,heart_rate_avg,90.8310127843932,-1
2025-05-28,heart_rate_avg,39.42657713055564,-1
2025-07-06,heart_rate_avg,93.98100386261424,-1
2025-09-05,heart_rate_avg,91.578897107733,-1
2024-09-30,heart_rate_avg,34.52011993801404,-1
2024-11-18,heart_rate_avg,41.25706891904119,-1
2025-02-27,heart_rate_avg,42.77052997677619,-1
2025-08-28,heart_rate_avg,89.745522486146,-1
2024-09-09,heart_rate_avg,91.84903489956756,-1
2024-10-06,heart_rate_avg,92.57403970315954,-1
2024-11-15,heart_rate_avg,88.82872226155862,-1
2025-01-02,heart_rate_avg,92.5943416099571,-1
2025-01-13,heart_rate_avg,35.160062907192525,-1
2025-06-19,heart_rate_avg,91.58509784209632,-1
2024-09-07,heart_rate_avg,41.46801155186099,-1
2024-10-31,heart_rate_avg,34.35022335920932,-1
2024-11-02,heart_rate_avg,39.36208422259276,-1
2024-11-13,heart_rate_avg,40.299127296576216,-1
2024-11-23,heart_rate_avg,29.376641357914394,-1
2024-12-05,heart_rate_avg,36.569220110164,-1
2024-12-08,heart_rate_avg,39.229748592111406,-1
2024-12-09,heart_rate_avg,36.20392524034632,-1
2024-12-26,heart_rate_avg,41.25659557578319,-1
2024-12-27,heart_rate_avg,37.55771523413263,-1
2025-01-02,heart_rate_avg,42.94409448561947,-1
2025-02-08,heart_rate_avg,40.11498991121013,-1
2025-02-26,heart_rate_avg,33.65237865620756,-1
2025-02-27,heart_rate_avg,30.258605635486997,-1
2025-03-02,heart_rate_avg,42.87469306981652,-1
2025-03-16,heart_rate_avg,35.08370155582868,-1
2025-03-19,heart_rate_avg,37.094204686168034,-1
2025-04-15,heart_rate_avg,42.2174878008873,-1
2025-04-21,heart_rate_avg,42.34362717548302,-1
2025-04-25,heart_rate_avg,42.00139012965465,-1
2025-05-07,heart_rate_avg,39.7376276583657,-1
2025-05-15,heart_rate_avg,43.187432431259445,-1
2025-05-20,heart_rate_avg,40.40780521833262,-1
2025-05-22,heart_rate_avg,40.43033541024922,-1
2025-05-24,heart_rate_avg,39.116169043001605,-1
2025-05-29,heart_rate_avg,39.79960561924628,-1
2025-05-30,heart_rate_avg,28.25267148110076,-1
2025-07-06,heart_rate_avg,40.811361919230364,-1
2025-07-07,heart_rate_avg,42.91270063610213,-1
2025-07-13,heart_rate_avg,38.52403200254032,-1
2025-07-14,heart_rate_avg,37.16073172514625,-1
2025-07-15,heart_rate_avg,41.9673860380499,-1
2025-07-18,heart_rate_avg,41.06945017834853,-1
2025-07-22,heart_rate_avg,30.552398954054567,-1
2025-08-03,heart_rate_avg,40.967260614926,-1
2025-08-11,heart_rate_avg,40.79787756819852,-1
2025-08-14,heart_rate_avg,40.37474562329884,-1
2025-08-18,heart_rate_avg,39.045393180354864,-1
2024-09-09,heart_rate_avg,91.3203070279786,-1
2024-10-15,heart_rate_avg,87.62110535952357,-1
2024-10-22,heart_rate_avg,91.0129623336869,-1
2025-02-10,heart_rate_avg,42.1728115204381,-1
2025-05-14,heart_rate_avg,90.2780291511598,-1
2024-12-26,heart_rate_avg,41.82060897233977,-1
2025-01-12,heart_rate_avg,41.88569052634357,-1
2025-01-17,heart_rate_avg,41.66564150640494,-1
2025-01-19,heart_rate_avg,35.91698983868041,-1
2025-01-26,heart_rate_avg,41.78874518282625,-1
2025-02-07,heart_rate_avg,37.90353033390426,-1
2025-02-14,heart_rate_avg,32.138443292149645,-1
2025-03-14,heart_rate_avg,42.74831657982493,-1
2025-03-26,heart_rate_avg,43.21695149829642,-1
2025-05-15,heart_rate_avg,36.65808020800144,-1
2025-05-23,heart_rate_avg,42.41327982458286,-1
2025-05-27,heart_rate_avg,42.40336954466119,-1
2025-06-02,heart_rate_avg,39.28049576684068,-1
2024-10-08,heart_rate_avg,88.35801164265654,-1
2024-11-17,heart_rate_avg,88.71789882049022,-1
2024-12-15,heart_rate_avg,90.54448561942958,-1
2025-01-16,heart_rate_avg,89.54454740327563,-1
2025-01-24,heart_rate_avg,87.5107348940212,-1
2025-02-02,heart_rate_avg,96.23299888207325,-1
2025-03-31,heart_rate_avg,87.67541702967071,-1
2025-04-04,heart_rate_avg,98.4016065549012,-1
2025-06-19,heart_rate_avg,90.06896138190629,-1
2025-07-11,heart_rate_avg,87.63568444338483,-1
2025-08-01,heart_rate_avg,88.62009456147901,-1
2024-09-23,heart_rate_avg,42.95103243081419,-1
2024-10-12,heart_rate_avg,41.92738267603051,-1
2024-11-20,heart_rate_avg,90.8661048853364,-1
2024-12-02,heart_rate_avg,102.37308117999642,-1
2025-03-20,heart_rate_avg,43.03365044626307,-1
2025-05-15,heart_rate_avg,89.90820128832814,-1
2025-05-26,heart_rate_avg,88.96941655916689,-1
2025-06-09,heart_rate_avg,94.79367484546025,-1
2025-07-08,heart_rate_avg,41.844320069467024,-1
2025-08-09,heart_rate_avg,39.84434071326744,-1
2024-10-09,heart_rate_avg,87.90195853665057,-1
2024-10-16,heart_rate_avg,88.87018506397175,-1
2024-10-21,heart_rate_avg,91.24969851467768,-1
2024-11-17,heart_rate_avg,39.51476946414364,-1
2024-11-24,heart_rate_avg,89.71806205024173,-1
2024-12-29,heart_rate_avg,89.5473123672619,-1
2024-12-30,heart_rate_avg,88.64651041619891,-1
2025-01-19,heart_rate_avg,90.03025151430158,-1
2025-04-11,heart_rate_avg,38.42800358355488,-1
2025-06-06,heart_rate_avg,88.69793941773025,-1
2024-09-22,heart_rate_avg,93.77967291846976,-1
2024-09-28,heart_rate_avg,88.65305913863403,-1
2024-10-03,heart_rate_avg,88.15581059110606,-1
2024-10-08,heart_rate_avg,91.29537850609243,-1
2024-10-15,heart_rate_avg,87.90893834497776,-1
2024-10-26,heart_rate_avg,89.68568315271109,-1
2024-10-27,heart_rate_avg,93.37391777901756,-1
2024-10-28,heart_rate_avg,92.47873856612436,-1
2024-11-16,heart_rate_avg,96.06073575740297,-1
2024-11-23,heart_rate_avg,91.01483850741036,-1
2024-12-11,heart_rate_avg,91.12557909364102,-1
2024-12-29,heart_rate_avg,88.96596894044859,-1
2025-01-07,heart_rate_avg,88.80094953260038,-1
2025-01-15,heart_rate_avg,92.6933612446556,-1
2025-01-30,heart_rate_avg,89.01330974856221,-1
2025-02-01,heart_rate_avg,89.76320130005499,-1
2025-02-04,heart_rate_avg,97.12371551489996,-1
2025-02-06,heart_rate_avg,89.83438024026056,-1
2025-03-02,heart_rate_avg,89.60612535753174,-1
2025-03-04,heart_rate_avg,95.37816113565604,-1
2025-03-20,heart_rate_avg,88.38736041674078,-1
2025-03-22,heart_rate_avg,88.43051613989972,-1
2025-03-26,heart_rate_avg,92.13087479527375,-1
2025-03-28,heart_rate_avg,87.49897752422574,-1
2025-03-30,heart_rate_avg,93.33520641396716,-1
2025-04-02,heart_rate_avg,101.7041717810765,-1
2025-04-16,heart_rate_avg,91.4818400646328,-1
2025-04-17,heart_rate_avg,92.93070022746988,-1
2025-04-26,heart_rate_avg,89.79601079189317,-1
2025-05-30,heart_rate_avg,89.7366965265294,-1
2025-05-31,heart_rate_avg,106.8216727488034,-1
2025-06-16,heart_rate_avg,100.95433358824484,-1
2025-06-18,heart_rate_avg,91.6250596502961,-1
2025-06-24,heart_rate_avg,90.20683804711408,-1
2025-06-28,heart_rate_avg,97.52336629465157,-1
2025-07-10,heart_rate_avg,109.04922588735832,-1
2025-07-13,heart_rate_avg,92.48410657120137,-1
2025-07-15,heart_rate_avg,88.15246059600207,-1
2025-07-26,heart_rate_avg,88.27440726558842,-1
2025-07-27,heart_rate_avg,93.51213656935464,-1
2025-08-07,heart_rate_avg,88.43038651790111,-1
2025-08-11,heart_rate_avg,92.62555410347784,-1
2025-08-12,heart_rate_avg,88.61083567721163,-1
2025-08-22,heart_rate_avg,92.27730801384168,-1
2025-08-25,heart_rate_avg,89.9659730843084,-1
2025-08-29,heart_rate_avg,89.24412235869316,-1
2025-09-01,heart_rate_avg,92.56176554546477,-1
2025-09-02,heart_rate_avg,94.6800628762404,-1
2025-01-20,heart_rate_avg,32.227297068823106,-1
2025-02-03,heart_rate_avg,34.71534559259199,-1
2025-03-09,heart_rate_avg,22.46200372772568,-1
2025-04-17,heart_rate_avg,37.03015639873307,-1
2025-06-29,heart_rate_avg,91.21205956958195,-1
2025-07-15,heart_rate_avg,33.340462452035794,-1
2025-08-04,heart_rate_avg,38.31343564166684,-1
2024-09-25,heart_rate_avg,39.89063008632881,-1
2024-10-08,heart_rate_avg,36.73359904289427,-1
2024-11-06,heart_rate_avg,40.734954556001256,-1
2024-11-20,heart_rate_avg,40.78645480408351,-1
2025-04-07,heart_rate_avg,39.689536673446334,-1
2025-05-30,heart_rate_avg,88.96472143554226,-1
2025-06-22,heart_rate_avg,91.41278472161252,-1
2025-07-29,heart_rate_avg,88.2851059621826,-1
2025-08-13,heart_rate_avg,41.18150942993957,-1
2025-08-26,heart_rate_avg,39.4997800048622,-1
2025-08-28,heart_rate_avg,40.67297465602572,-1
2025-09-01,heart_rate_avg,39.01424861016141,-1
2024-09-07,heart_rate_avg,88.42843272003601,-1
2024-09-26,heart_rate_avg,90.3199146565124,-1
2024-09-27,heart_rate_avg,89.81006422867117,-1
2024-10-02,heart_rate_avg,102.8399045044048,-1
2024-10-04,heart_rate_avg,88.76232282860212,-1
2024-10-09,heart_rate_avg,95.07754686231038,-1
2024-10-10,heart_rate_avg,94.26844036253178,-1
2024-11-08,heart_rate_avg,90.01742673549217,-1
2024-11-13,heart_rate_avg,92.9595766895514,-1
2024-11-20,heart_rate_avg,88.09068445925931,-1
2024-11-22,heart_rate_avg,90.07172348213147,-1
2024-11-28,heart_rate_avg,90.51705053060483,-1
2024-12-03,heart_rate_avg,92.84034256902488,-1
2024-12-09,heart_rate_avg,93.0605167961424,-1
2024-12-12,heart_rate_avg,89.93580852431458,-1
2024-12-17,heart_rate_avg,87.43396807651169,-1
2024-12-30,heart_rate_avg,88.78411454432344,-1
2025-01-15,heart_rate_avg,87.68772486358593,-1
2025-01-28,heart_rate_avg,95.979402649366,-1
2025-01-30,heart_rate_avg,96.31394296784164,-1
2025-01-31,heart_rate_avg,90.29911814560944,-1
2025-02-03,heart_rate_avg,93.7032961084254,-1
2025-02-07,heart_rate_avg,88.29908246414836,-1
2025-02-19,heart_rate_avg,94.0129723165854,-1
2025-03-03,heart_rate_avg,95.56374348081944,-1
2025-03-10,heart_rate_avg,88.65739362312539,-1
2025-03-11,heart_rate_avg,92.2070357716616,-1
2025-03-12,heart_rate_avg,91.34691061439374,-1
2025-03-15,heart_rate_avg,88.42118785833023,-1
2025-03-24,heart_rate_avg,92.47038069745956,-1
2025-03-26,heart_rate_avg,88.19939585459935,-1
2025-04-19,heart_rate_avg,90.40595798006449,-1
2025-04-28,heart_rate_avg,88.71589693477688,-1
2025-05-04,heart_rate_avg,87.53412024908151,-1
2025-05-05,heart_rate_avg,96.47902119190172,-1
2025-05-08,heart_rate_avg,89.71490544388217,-1
2025-05-17,heart_rate_avg,91.8278168374714,-1
2025-05-18,heart_rate_avg,87.45940058678435,-1
2025-05-22,heart_rate_avg,88.26923104813626,-1
2025-06-20,heart_rate_avg,95.37600371350224,-1
2025-06-26,heart_rate_avg,94.02599365029798,-1
2025-06-30,heart_rate_avg,98.51687000123783,-1
2025-07-01,heart_rate_avg,89.8344758379716,-1
2025-07-03,heart_rate_avg,92.16107655432133,-1
2025-07-05,heart_rate_avg,97.7242192487021,-1
2025-07-15,heart_rate_avg,88.34329149297874,-1
2025-07-23,heart_rate_avg,96.48846876552398,-1
2025-07-28,heart_rate_avg,88.34782839765776,-1
2025-08-07,heart_rate_avg,91.5363807178282,-1
2025-08-08,heart_rate_avg,90.1380804091346,-1
2025-08-10,heart_rate_avg,88.42464170715805,-1
2025-08-11,heart_rate_avg,89.5545892952993,-1
2025-08-12,heart_rate_avg,88.35256496951872,-1
2025-08-21,heart_rate_avg,98.31309085243072,-1
2024-09-11,heart_rate_avg,36.13800051060612,-1
2024-10-15,heart_rate_avg,41.62842244020125,-1
2024-10-24,heart_rate_avg,42.91054697815296,-1
2024-10-26,heart_rate_avg,38.807258102589934,-1
2024-11-02,heart_rate_avg,30.08714393893684,-1
2025-01-10,heart_rate_avg,88.64551826485932,-1
2025-01-11,heart_rate_avg,87.60979598059542,-1
2025-06-09,heart_rate_avg,43.202159450256815,-1
2025-06-25,heart_rate_avg,36.924530077830376,-1
2025-07-11,heart_rate_avg,40.66610914878276,-1
2025-08-06,heart_rate_avg,32.97937366762011,-1
2025-08-13,heart_rate_avg,88.62225799564573,-1
2024-09-16,heart_rate_avg,90.2736239198492,-1
2024-10-11,heart_rate_avg,42.80172952673151,-1
2024-10-13,heart_rate_avg,24.199980971859063,-1
2024-12-10,heart_rate_avg,90.57586349690558,-1
2025-01-06,heart_rate_avg,36.76065867179919,-1
2025-02-17,heart_rate_avg,42.96876524577824,-1
2025-03-04,heart_rate_avg,37.10208886213218,-1
2025-03-08,heart_rate_avg,42.82987018842221,-1
2025-09-02,heart_rate_avg,90.5260891842406,-1
2024-10-09,heart_rate_avg,90.12253732750844,-1
2024-11-02,heart_rate_avg,27.50427748678113,-1
2024-11-26,heart_rate_avg,41.09252193776652,-1
2024-12-10,heart_rate_avg,89.96070803253451,-1
2024-12-25,heart_rate_avg,43.111829868957656,-1
2025-01-12,heart_rate_avg,88.67259222039065,-1
2025-03-05,heart_rate_avg,42.15887093464369,-1
2025-05-15,heart_rate_avg,90.74227628683158,-1
2025-05-25,heart_rate_avg,90.58005092868729,-1
2025-06-06,heart_rate_avg,90.50406679277418,-1
2025-08-30,heart_rate_avg,96.84609172274052,-1
2024-09-26,heart_rate_avg,41.67008619360397,-1
2024-09-29,heart_rate_avg,43.03951879868431,-1
2024-12-05,heart_rate_avg,43.07905387365217,-1
2024-12-22,heart_rate_avg,27.75838330587476,-1
2024-12-28,heart_rate_avg,35.393822599373806,-1
2025-01-04,heart_rate_avg,35.159132494667006,-1
2025-01-23,heart_rate_avg,35.24814548112566,-1
2025-01-30,heart_rate_avg,40.6395055947271,-1
2025-01-31,heart_rate_avg,41.01487988317086,-1
2025-02-03,heart_rate_avg,41.276423761122,-1
2025-02-05,heart_rate_avg,87.7278510263144,-1
2025-02-19,heart_rate_avg,41.74442659237107,-1
2025-02-25,heart_rate_avg,42.97284957917988,-1
2025-03-06,heart_rate_avg,42.20634853544863,-1
2025-03-17,heart_rate_avg,38.82815803792707,-1
2025-03-25,heart_rate_avg,42.27089061226372,-1
2025-05-01,heart_rate_avg,37.37634510713105,-1
2025-05-03,heart_rate_avg,42.382314122502365,-1
2025-05-16,heart_rate_avg,42.1060707138245,-1
2025-05-24,heart_rate_avg,42.491232494018405,-1
2025-05-31,heart_rate_avg,36.750016571239655,-1
2025-06-08,heart_rate_avg,42.48216494049591,-1
2025-06-26,heart_rate_avg,22.567909133829247,-1
2025-07-13,heart_rate_avg,41.080298293707344,-1
2025-07-24,heart_rate_avg,37.38553618628309,-1
2025-08-03,heart_rate_avg,32.79350079640224,-1
2024-10-11,heart_rate_avg,92.50411016810013,-1
2024-11-11,heart_rate_avg,35.24279419192795,-1
2024-11-28,heart_rate_avg,91.6599931840466,-1
2025-01-06,heart_rate_avg,92.91942337493744,-1
2025-03-03,heart_rate_avg,89.02833405620817,-1
2025-03-26,heart_rate_avg,93.9549605089095,-1
2025-04-02,heart_rate_avg,88.02419467179853,-1
2025-04-07,heart_rate_avg,88.2893719007473,-1
2025-04-17,heart_rate_avg,88.99728361415315,-1
2025-04-20,heart_rate_avg,88.04181947297194,-1
2025-05-16,heart_rate_avg,96.46323094252602,-1
2025-05-27,heart_rate_avg,94.26877933134308,-1
2025-06-08,heart_rate_avg,95.6233852449816,-1
2025-06-13,heart_rate_avg,89.31475274311701,-1
2025-06-14,heart_rate_avg,92.50022606206812,-1
2025-06-17,heart_rate_avg,94.3094428276793,-1
2025-06-24,heart_rate_avg,92.53260424077756,-1
2025-08-01,heart_rate_avg,41.49094446306677,-1
2025-08-25,heart_rate_avg,88.02965792265809,-1
2024-09-12,heart_rate_avg,91.38270308984482,-1
2024-11-28,heart_rate_avg,88.74882321316461,-1
2024-12-16,heart_rate_avg,92.27892211799777,-1
2024-12-28,heart_rate_avg,87.62158412268657,-1
2025-01-08,heart_rate_avg,91.60109871747648,-1
2025-01-31,heart_rate_avg,89.87856333035542,-1
2025-02-16,heart_rate_avg,96.00652745630094,-1
2025-04-07,heart_rate_avg,88.4200785040952,-1
2025-04-10,heart_rate_avg,93.09530655777782,-1
2025-04-21,heart_rate_avg,90.18698391734074,-1
2025-04-27,heart_rate_avg,88.20543370617877,-1
2025-05-04,heart_rate_avg,96.62971885253152,-1
2025-05-24,heart_rate_avg,88.3462126207293,-1
2025-06-11,heart_rate_avg,91.12517116988442,-1
2025-07-15,heart_rate_avg,99.38462136120178,-1
2025-07-19,heart_rate_avg,90.87166060178092,-1
2025-07-29,heart_rate_avg,93.96074803831588,-1
2025-08-17,heart_rate_avg,91.85249282677104,-1
2024-09-19,heart_rate_avg,90.55134384900984,-1
2024-09-23,heart_rate_avg,94.26447486739444,-1
2024-10-01,heart_rate_avg,89.82391376489846,-1
2024-10-19,heart_rate_avg,90.49297118395442,-1
2024-10-23,heart_rate_avg,90.73966452022124,-1
2024-11-01,heart_rate_avg,94.87278577775008,-1
2024-11-24,heart_rate_avg,43.09303451267412,-1
2024-12-21,heart_rate_avg,89.49272364572279,-1
2024-12-28,heart_rate_avg,90.47783851849798,-1
2024-12-31,heart_rate_avg,91.66267552561592,-1
2025-01-14,heart_rate_avg,87.815010576982,-1
2025-01-17,heart_rate_avg,96.08255317231036,-1
2025-02-05,heart_rate_avg,89.25514702969028,-1
2025-02-14,heart_rate_avg,91.65249030845436,-1
2025-03-20,heart_rate_avg,91.64772713625328,-1
2025-04-15,heart_rate_avg,90.99764872622065,-1
2025-06-15,heart_rate_avg,89.29692542675019,-1
2025-07-01,heart_rate_avg,92.1024984674438,-1
2025-07-30,heart_rate_avg,97.76394568707104,-1
2025-08-26,heart_rate_avg,91.11291788322168,-1
2024-12-03,heart_rate_avg,37.22606565605248,-1
2024-12-09,heart_rate_avg,42.3271195545267,-1
2024-12-12,heart_rate_avg,41.16494419174964,-1
2025-01-28,heart_rate_avg,38.89329640731272,-1
2025-03-13,heart_rate_avg,42.90966942371903,-1
2025-04-11,heart_rate_avg,90.57950644528792,-1
2025-06-07,heart_rate_avg,42.57988457196649,-1
2025-07-04,heart_rate_avg,90.87020796395906,-1
2025-07-14,heart_rate_avg,87.90786861451221,-1
2025-08-05,heart_rate_avg,90.30937014116358,-1
2025-08-16,heart_rate_avg,37.19923166237124,-1
2024-10-26,heart_rate_avg,33.1015598092901,-1
2024-12-19,heart_rate_avg,42.41598393382832,-1
2024-12-27,heart_rate_avg,39.84364714987952,-1
2025-02-16,heart_rate_avg,39.522392835272754,-1
2025-02-24,heart_rate_avg,42.898369711569,-1
2025-02-27,heart_rate_avg,41.97723581312002,-1
2025-03-25,heart_rate_avg,38.27032605695905,-1
2025-03-27,heart_rate_avg,33.96586714310023,-1
2025-06-11,heart_rate_avg,42.52288678837411,-1
2025-07-09,heart_rate_avg,93.25552254365348,-1
2024-11-28,heart_rate_avg,35.43842020155744,-1
2024-12-06,heart_rate_avg,41.84490894425649,-1
2025-03-21,heart_rate_avg,42.60216294987829,-1
2025-05-24,heart_rate_avg,87.57936650815091,-1
2025-08-03,heart_rate_avg,91.29748365730153,-1
2025-08-30,heart_rate_avg,42.40410431733841,-1
2024-11-12,heart_rate_avg,36.49148383348312,-1
2024-11-22,heart_rate_avg,87.71016775230676,-1
2024-12-30,heart_rate_avg,40.479776579417646,-1
2025-02-14,heart_rate_avg,92.58340972392628,-1
2025-03-02,heart_rate_avg,43.08788485154131,-1
2025-03-16,heart_rate_avg,35.00922032434492,-1
2025-04-16,heart_rate_avg,87.88293193705786,-1
2025-04-27,heart_rate_avg,42.56130896307124,-1
2025-06-02,heart_rate_avg,36.09841771594408,-1
2025-07-16,heart_rate_avg,32.591189429249546,-1
2025-07-22,heart_rate_avg,39.14465629487232,-1
2024-09-14,heart_rate_avg,91.18922462673908,-1
2024-10-16,heart_rate_avg,98.03271914066848,-1
2024-11-08,heart_rate_avg,92.7211109714912,-1
2024-11-12,heart_rate_avg,95.31003497949,-1
2024-12-22,heart_rate_avg,94.37003043048284,-1
2025-01-17,heart_rate_avg,98.63750948539274,-1
2025-01-27,heart_rate_avg,89.895578019238,-1
2025-02-08,heart_rate_avg,92.73730534116982,-1
2025-02-09,heart_rate_avg,91.21849851391774,-1
2025-02-12,heart_rate_avg,88.795479687791,-1
2025-03-12,heart_rate_avg,89.73617856261595,-1
2025-03-27,heart_rate_avg,92.2200731179434,-1
2025-05-13,heart_rate_avg,87.70809275019748,-1
2025-05-20,heart_rate_avg,88.46432660429454,-1
2025-05-30,heart_rate_avg,90.17921075238333,-1
2025-07-19,heart_rate_avg,96.33535963849718,-1
2025-08-22,heart_rate_avg,88.37003017738901,-1
2025-08-26,heart_rate_avg,90.3572180847864,-1
2024-09-16,heart_rate_avg,41.36429085279052,-1
2025-01-08,heart_rate_avg,95.2890179150297,-1
2025-01-21,heart_rate_avg,39.244309673051646,-1
2025-02-06,heart_rate_avg,91.99905107434697,-1
2025-02-07,heart_rate_avg,40.64809515359489,-1
2025-02-26,heart_rate_avg,42.97939819239034,-1
2025-02-27,heart_rate_avg,89.52807815089746,-1
2025-04-06,heart_rate_avg,40.91363830168672,-1
2025-05-29,heart_rate_avg,40.480656002731045,-1
2025-06-15,heart_rate_avg,27.937552674517924,-1
2025-07-15,heart_rate_avg,42.4492490767681,-1
2025-07-29,heart_rate_avg,39.80896702445031,-1
2024-10-01,heart_rate_avg,91.1171941076556,-1
2024-11-02,heart_rate_avg,41.819276191939366,-1
2024-11-13,heart_rate_avg,89.89751774636616,-1
2024-11-20,heart_rate_avg,87.94962710096326,-1
2024-12-08,heart_rate_avg,88.15898037410813,-1
2025-01-07,heart_rate_avg,97.56058574629787,-1
2025-01-13,heart_rate_avg,90.27373425329311,-1
2025-03-01,heart_rate_avg,87.74593054115397,-1
2025-03-04,heart_rate_avg,95.66924306143343,-1
2025-03-23,heart_rate_avg,89.50510251504357,-1
2025-04-01,heart_rate_avg,96.34370586902044,-1
2025-04-05,heart_rate_avg,91.67739116867745,-1
2025-04-07,heart_rate_avg,88.08390643238596,-1
2025-04-23,heart_rate_avg,88.12601768793289,-1
2025-05-20,heart_rate_avg,87.99849336691636,-1
2025-05-24,heart_rate_avg,92.40216073537088,-1
2025-08-02,heart_rate_avg,87.4489385861805,-1
2025-08-09,heart_rate_avg,91.79053456482488,-1
2025-08-27,heart_rate_avg,88.65739186096806,-1
2025-03-02,heart_rate_avg,88.44530755357655,-1
2025-03-05,heart_rate_avg,87.82531366533806,-1
2025-04-04,heart_rate_avg,42.850599368512825,-1
2025-05-07,heart_rate_avg,42.36171259563064,-1
2025-05-11,heart_rate_avg,98.07431274809574,-1
2025-05-17,heart_rate_avg,41.08234147446421,-1
2025-05-31,heart_rate_avg,90.8828937656988,-1
2025-07-08,heart_rate_avg,89.10232572313194,-1
2025-08-01,heart_rate_avg,88.85965763759414,-1
2025-08-05,heart_rate_avg,88.19365356040957,-1
2025-08-31,heart_rate_avg,90.9892124634673,-1
2024-09-11,heart_rate_avg,42.657309570886966,-1
2024-09-13,heart_rate_avg,35.35223925143387,-1
2024-12-31,heart_rate_avg,40.63356745227584,-1
2025-01-04,heart_rate_avg,39.54686348646783,-1
2025-04-19,heart_rate_avg,38.81909423448029,-1
2025-04-26,heart_rate_avg,42.41895479305124,-1
2025-05-09,heart_rate_avg,42.32626050464268,-1
2025-06-02,heart_rate_avg,36.23432706204075,-1
2025-07-01,heart_rate_avg,42.58940589337781,-1
2025-07-17,heart_rate_avg,42.40664087430108,-1
2025-08-08,heart_rate_avg,41.89857607462719,-1
2025-08-26,heart_rate_avg,37.088733386505176,-1
2024-09-08,heart_rate_avg,39.42249227537594,-1
2024-12-09,heart_rate_avg,91.50347177158775,-1
2025-01-07,heart_rate_avg,41.58646212224774,-1
2025-01-11,heart_rate_avg,37.31631102167903,-1
2025-02-16,heart_rate_avg,94.5115326550592,-1
2025-02-18,heart_rate_avg,95.32687176389764,-1
2025-03-13,heart_rate_avg,93.6569606483412,-1
2025-04-24,heart_rate_avg,88.35003073673644,-1
2025-04-25,heart_rate_avg,39.0123699762983,-1
2025-05-19,heart_rate_avg,88.92249302153334,-1
2025-06-06,heart_rate_avg,88.10438669062951,-1
2025-06-17,heart_rate_avg,33.42921122186145,-1
2025-06-18,heart_rate_avg,89.49166704346104,-1
2025-07-24,heart_rate_avg,91.1088241074902,-1
2025-08-07,heart_rate_avg,92.76645060429456,-1
2025-08-24,heart_rate_avg,41.991381759325336,-1
2025-08-27,heart_rate_avg,36.62074995207934,-1
2025-08-28,heart_rate_avg,92.56200225259684,-1
2024-09-18,heart_rate_avg,41.94532527530207,-1
2024-11-03,heart_rate_avg,38.972658801473344,-1
2024-12-22,heart_rate_avg,29.30670843668388,-1
2025-01-04,heart_rate_avg,36.31471158637606,-1
2025-01-05,heart_rate_avg,38.31234158046564,-1
2025-02-22,heart_rate_avg,38.630232451224586,-1
2025-04-15,heart_rate_avg,37.70624411974551,-1
2025-05-09,heart_rate_avg,38.28453390448174,-1
2025-07-13,heart_rate_avg,40.18342275504821,-1
2025-07-17,heart_rate_avg,39.38334555252379,-1
2024-09-06,heart_rate_avg,89.46520348266509,-1
2024-10-25,heart_rate_avg,89.85651054842918,-1
2024-12-23,heart_rate_avg,88.5058702594878,-1
2025-01-02,heart_rate_avg,41.63955619697305,-1
2025-02-13,heart_rate_avg,90.99762533535828,-1
2025-03-26,heart_rate_avg,92.48288623790329,-1
2025-05-07,heart_rate_avg,17.101094404171462,-1
2025-05-14,heart_rate_avg,90.11136503532308,-1
2025-05-24,heart_rate_avg,39.43628764404781,-1
2025-07-27,heart_rate_avg,43.00626500211889,-1
2025-08-29,heart_rate_avg,88.95889139025022,-1
2024-09-16,heart_rate_avg,43.04717260827396,-1
2024-09-27,heart_rate_avg,41.425513348171165,-1
2024-10-02,heart_rate_avg,42.35892616892623,-1
2024-10-21,heart_rate_avg,43.03788437690713,-1
2024-11-29,heart_rate_avg,39.303589310875154,-1
2024-12-30,heart_rate_avg,87.57255371156839,-1
2025-01-22,heart_rate_avg,36.483879873687975,-1
2025-02-08,heart_rate_avg,42.93617242416066,-1
2025-02-22,heart_rate_avg,35.115698601648255,-1
2025-02-24,heart_rate_avg,42.89263111805906,-1
2025-03-27,heart_rate_avg,38.87700993563803,-1
2025-03-28,heart_rate_avg,42.98088551635536,-1
2025-03-29,heart_rate_avg,39.77402886388717,-1
2025-04-16,heart_rate_avg,40.43501908476347,-1
2025-05-06,heart_rate_avg,38.18752391814751,-1
2025-06-08,heart_rate_avg,36.55572717684315,-1
2025-07-30,heart_rate_avg,39.34328235802507,-1
2024-09-07,heart_rate_avg,92.97629330990864,-1
2024-09-08,heart_rate_avg,89.08522835981161,-1
2024-09-14,heart_rate_avg,92.29533151927406,-1
2024-10-17,heart_rate_avg,93.35230360198216,-1
2024-10-19,heart_rate_avg,91.70622006610876,-1
2024-10-26,heart_rate_avg,88.28384066650271,-1
2024-10-31,heart_rate_avg,87.73109554411782,-1
2024-11-02,heart_rate_avg,92.35659675930378,-1
2024-11-04,heart_rate_avg,91.83732103097655,-1
2024-11-05,heart_rate_avg,87.66858474982432,-1
2024-12-31,heart_rate_avg,94.8954509097353,-1
2025-01-06,heart_rate_avg,87.46871776820149,-1
2025-01-20,heart_rate_avg,89.162153684303,-1
2025-01-26,heart_rate_avg,89.780539881348,-1
2025-01-29,heart_rate_avg,88.41060377903737,-1
2025-02-06,heart_rate_avg,92.57780631019598,-1
2025-02-13,heart_rate_avg,88.50568278334954,-1
2025-02-16,heart_rate_avg,88.31477295593682,-1
2025-03-26,heart_rate_avg,87.86923792225765,-1
2025-03-31,heart_rate_avg,90.9797200588484,-1
2025-04-01,heart_rate_avg,98.38551993868626,-1
2025-04-03,heart_rate_avg,89.01470985362596,-1
2025-05-15,heart_rate_avg,93.60273849823702,-1
2025-05-16,heart_rate_avg,92.22096312116255,-1
2025-05-19,heart_rate_avg,88.35982336524303,-1
2025-05-21,heart_rate_avg,96.42891276114342,-1
2025-06-05,heart_rate_avg,88.21758376318768,-1
2025-06-14,heart_rate_avg,88.11010520843003,-1
2025-06-18,heart_rate_avg,87.73712532459083,-1
2025-06-22,heart_rate_avg,90.22431923367238,-1
2025-06-25,heart_rate_avg,99.2180047998511,-1
2025-06-30,heart_rate_avg,93.49223508792215,-1
2025-07-09,heart_rate_avg,87.8397239013206,-1
2025-07-11,heart_rate_avg,89.69362823318967,-1
2025-07-17,heart_rate_avg,89.90386493723709,-1
2025-07-25,heart_rate_avg,92.56055588293395,-1
2025-08-02,heart_rate_avg,89.81515488193094,-1
2025-08-05,heart_rate_avg,89.3745629863924,-1
2025-08-16,heart_rate_avg,88.18582620704198,-1
2025-08-29,heart_rate_avg,89.04105519047582,-1
2025-08-31,heart_rate_avg,90.90072379617928,-1
2024-09-08,heart_rate_avg,41.41846881166635,-1
2024-09-13,heart_rate_avg,35.20787277509469,-1
2024-11-15,heart_rate_avg,91.12568831366583,-1
2024-12-03,heart_rate_avg,88.13169335752127,-1
2025-01-19,heart_rate_avg,39.73999870584707,-1
2025-03-06,heart_rate_avg,42.6732961208638,-1
2025-03-16,heart_rate_avg,37.22055000502877,-1
2025-04-19,heart_rate_avg,42.52874270441256,-1
2025-06-22,heart_rate_avg,43.07708263547738,-1
2025-08-11,heart_rate_avg,87.62358994297715,-1
2024-09-08,heart_rate_avg,87.83902076242676,-1
2024-09-10,heart_rate_avg,89.6378228404377,-1
2024-10-09,heart_rate_avg,88.40500104394832,-1
2024-10-22,heart_rate_avg,87.86038866351673,-1
2024-10-23,heart_rate_avg,41.615192650875976,-1
2024-12-16,heart_rate_avg,91.90211830555384,-1
2025-02-20,heart_rate_avg,89.18584651809327,-1
2025-03-08,heart_rate_avg,98.56007735828824,-1
2025-04-11,heart_rate_avg,91.1045236111886,-1
2025-08-05,heart_rate_avg,87.50178763635725,-1
2025-08-18,heart_rate_avg,89.90835439282037,-1
2024-09-16,heart_rate_avg,89.85481195790838,-1
2024-10-24,heart_rate_avg,40.65565026773282,-1
2024-10-29,heart_rate_avg,88.79978302567886,-1
2024-11-22,heart_rate_avg,88.79338481056728,-1
2025-03-13,heart_rate_avg,92.75671923732016,-1
2025-05-11,heart_rate_avg,93.1736821241498,-1
2025-06-15,heart_rate_avg,97.16111042251448,-1
2025-08-19,heart_rate_avg,87.4893072965076,-1
2024-09-12,heart_rate_avg,38.58549127433889,-1
2024-09-14,heart_rate_avg,35.474506514218035,-1
2024-10-01,heart_rate_avg,39.21009018908846,-1
2024-11-01,heart_rate_avg,36.29849583083085,-1
2024-11-11,heart_rate_avg,40.28892577604432,-1
2024-12-05,heart_rate_avg,42.22768254373505,-1
2024-12-13,heart_rate_avg,42.75223474943947,-1
2024-12-19,heart_rate_avg,40.63586677316968,-1
2025-01-05,heart_rate_avg,40.90442584279803,-1
2025-01-06,heart_rate_avg,41.613903120128114,-1
2025-02-12,heart_rate_avg,38.35158702518623,-1
2025-03-02,heart_rate_avg,33.567972442144104,-1
2025-03-16,heart_rate_avg,39.615599666917205,-1
2025-04-05,heart_rate_avg,41.57774698128362,-1
2025-04-22,heart_rate_avg,31.177622629023844,-1
2025-05-04,heart_rate_avg,41.57427072794522,-1
2025-05-27,heart_rate_avg,38.74534470253518,-1
2025-07-10,heart_rate_avg,37.64612373514787,-1
2025-07-19,heart_rate_avg,42.12704566807646,-1
2025-07-27,heart_rate_avg,37.98457550920473,-1
2025-08-17,heart_rate_avg,33.70713220253005,-1
2024-09-09,heart_rate_avg,93.84361065868748,-1
2024-10-20,heart_rate_avg,91.20368282593174,-1
2024-10-31,heart_rate_avg,94.07876958084157,-1
2024-11-03,heart_rate_avg,91.06554489747788,-1
2024-11-10,heart_rate_avg,39.77404035942535,-1
2024-11-15,heart_rate_avg,42.25428057338685,-1
2024-11-30,heart_rate_avg,95.9762972909294,-1
2024-12-17,heart_rate_avg,41.072972050732616,-1
2024-12-31,heart_rate_avg,32.27122596359165,-1
2025-01-17,heart_rate_avg,90.27229621985155,-1
2025-01-29,heart_rate_avg,96.28617781852256,-1
2025-03-14,heart_rate_avg,91.9788581307688,-1
2025-03-23,heart_rate_avg,87.40703470972493,-1
2025-04-17,heart_rate_avg,99.2768302417135,-1
2025-05-18,heart_rate_avg,87.50560796541004,-1
2025-07-26,heart_rate_avg,89.55176211070528,-1
2025-08-07,heart_rate_avg,43.02720233092869,-1
2025-08-20,heart_rate_avg,36.54844300601332,-1
2024-09-18,heart_rate_avg,89.40414064787655,-1
2024-09-19,heart_rate_avg,97.8458119122724,-1
2024-09-20,heart_rate_avg,94.48169970161868,-1
2024-09-26,heart_rate_avg,90.99137095880388,-1
2024-10-02,heart_rate_avg,96.38816528489868,-1
2024-10-11,heart_rate_avg,89.90330018046821,-1
2024-10-13,heart_rate_avg,89.35076205825783,-1
2024-10-15,heart_rate_avg,87.55065825336308,-1
2024-10-25,heart_rate_avg,95.6764569197682,-1
2024-11-22,heart_rate_avg,90.16401789060164,-1
2024-12-04,heart_rate_avg,89.89968842777218,-1
2024-12-18,heart_rate_avg,95.597605298882,-1
2024-12-23,heart_rate_avg,91.83003795752596,-1
2025-01-07,heart_rate_avg,90.13255743037676,-1
2025-01-09,heart_rate_avg,90.50257981605505,-1
2025-01-12,heart_rate_avg,106.6554935968044,-1
2025-01-13,heart_rate_avg,88.56326936107682,-1
2025-01-29,heart_rate_avg,88.4857146312102,-1
2025-02-21,heart_rate_avg,96.68231344810494,-1
2025-02-26,heart_rate_avg,93.04102341596077,-1
2025-03-11,heart_rate_avg,94.24656857172732,-1
2025-03-13,heart_rate_avg,99.72267235241432,-1
2025-03-30,heart_rate_avg,91.03524645346006,-1
2025-04-02,heart_rate_avg,93.4985865248312,-1
2025-04-03,heart_rate_avg,89.3140158442713,-1
2025-04-09,heart_rate_avg,89.73071583436223,-1
2025-04-14,heart_rate_avg,94.30558002279491,-1
2025-04-19,heart_rate_avg,90.06457031606531,-1
2025-04-22,heart_rate_avg,93.73742360199329,-1
2025-05-09,heart_rate_avg,90.46723414393996,-1
2025-05-16,heart_rate_avg,87.6978481151494,-1
2025-05-20,heart_rate_avg,90.5423195638213,-1
2025-05-26,heart_rate_avg,88.00313121188685,-1
2025-06-02,heart_rate_avg,103.24847608768148,-1
2025-06-05,heart_rate_avg,88.23068525940666,-1
2025-07-17,heart_rate_avg,87.40547237108663,-1
2025-07-19,heart_rate_avg,91.472376662805,-1
2025-07-20,heart_rate_avg,97.99156615917816,-1
2025-08-02,heart_rate_avg,88.78234879324924,-1
2025-08-14,heart_rate_avg,95.43196508678136,-1
2025-08-18,heart_rate_avg,94.47462617642178,-1
2025-08-21,heart_rate_avg,91.17595446127434,-1
2025-08-23,heart_rate_avg,87.95266146032175,-1
2024-10-27,heart_rate_avg,35.15366613583055,-1
2024-11-08,heart_rate_avg,40.73653351811023,-1
2024-11-22,heart_rate_avg,87.55875548859672,-1
2025-01-15,heart_rate_avg,89.9254927801764,-1
2025-01-29,heart_rate_avg,92.53866013583315,-1
2025-02-20,heart_rate_avg,97.46238848539636,-1
2025-03-18,heart_rate_avg,93.36545315637274,-1
2025-04-01,heart_rate_avg,40.84297353829356,-1
2025-04-18,heart_rate_avg,89.0530952000477,-1
2025-06-13,heart_rate_avg,89.61026581664436,-1
2024-10-24,heart_rate_avg,88.26260291298584,-1
2024-11-10,heart_rate_avg,91.36461830144532,-1
2024-11-28,heart_rate_avg,41.36998306316435,-1
2024-12-28,heart_rate_avg,40.50365807013331,-1
2025-01-05,heart_rate_avg,92.876225767026,-1
2025-01-07,heart_rate_avg,92.3318076787716,-1
2025-02-12,heart_rate_avg,37.51765694615538,-1
2025-02-21,heart_rate_avg,95.6565544179857,-1
2025-05-31,heart_rate_avg,89.56438963745299,-1
2025-06-08,heart_rate_avg,89.4517603146256,-1
2025-06-21,heart_rate_avg,92.17708615845191,-1
2025-07-03,heart_rate_avg,90.28269909225564,-1
2025-08-17,heart_rate_avg,42.41040696358795,-1
2025-08-19,heart_rate_avg,91.73099525785302,-1
2024-09-06,heart_rate_avg,40.84524388501178,-1
2024-09-12,heart_rate_avg,40.93194796883933,-1
2024-10-01,heart_rate_avg,42.01214656472522,-1
2024-11-07,heart_rate_avg,41.55137339993456,-1
2024-11-11,heart_rate_avg,39.47517048675029,-1
2024-11-27,heart_rate_avg,40.30358957607656,-1
2024-12-30,heart_rate_avg,88.03961453601337,-1
2025-01-14,heart_rate_avg,32.359240536700696,-1
2025-04-06,heart_rate_avg,41.05206439519437,-1
2025-05-11,heart_rate_avg,42.63515941673704,-1
2025-06-20,heart_rate_avg,29.536401948683302,-1
2025-07-18,heart_rate_avg,39.48809209364055,-1
2025-07-25,heart_rate_avg,42.6683624124537,-1
2024-09-13,heart_rate_avg,101.42130893928032,-1
2024-09-15,heart_rate_avg,89.14256795331518,-1
2024-10-04,heart_rate_avg,96.27457764367406,-1
2024-10-05,heart_rate_avg,87.51198209242611,-1
2024-11-04,heart_rate_avg,90.49816644191172,-1
2024-11-10,heart_rate_avg,89.23689700488613,-1
2024-11-16,heart_rate_avg,89.1788636452108,-1
2024-11-18,heart_rate_avg,91.97197712213998,-1
2024-12-12,heart_rate_avg,88.14744967392177,-1
2024-12-14,heart_rate_avg,91.74675466717748,-1
2024-12-20,heart_rate_avg,91.14320586597547,-1
2024-12-28,heart_rate_avg,95.15983714075568,-1
2025-01-01,heart_rate_avg,88.63035356447114,-1
2025-01-21,heart_rate_avg,88.91923262326426,-1
2025-01-23,heart_rate_avg,91.76774052091324,-1
2025-02-04,heart_rate_avg,91.3764572253518,-1
2025-02-05,heart_rate_avg,89.75682088873901,-1
2025-02-22,heart_rate_avg,96.28920764766784,-1
2025-02-23,heart_rate_avg,93.52456051163632,-1
2025-04-07,heart_rate_avg,93.28090830122332,-1
2025-04-12,heart_rate_avg,90.93422899924832,-1
2025-04-14,heart_rate_avg,98.47121962305376,-1
2025-04-28,heart_rate_avg,96.79507790124012,-1
2025-05-22,heart_rate_avg,87.98169038541167,-1
2025-06-09,heart_rate_avg,92.85592214872312,-1
2025-06-16,heart_rate_avg,90.26138546307216,-1
2025-06-17,heart_rate_avg,89.97141509912731,-1
2025-06-27,heart_rate_avg,93.93304629167892,-1
2025-07-23,heart_rate_avg,87.76064371455647,-1
2025-08-10,heart_rate_avg,94.7385019530341,-1
2025-08-30,heart_rate_avg,93.11090995804992,-1
2024-09-15,heart_rate_avg,89.18977051819786,-1
2024-10-11,heart_rate_avg,94.79528751283758,-1
2024-10-14,heart_rate_avg,90.5898506970533,-1
2024-11-17,heart_rate_avg,90.127418714651,-1
2025-01-18,heart_rate_avg,95.81698012694144,-1
2025-02-24,heart_rate_avg,90.13203104391094,-1
2025-03-21,heart_rate_avg,91.59104886338282,-1
2025-03-22,heart_rate_avg,89.86884966108242,-1
2025-05-14,heart_rate_avg,93.93116397862144,-1
2025-05-21,heart_rate_avg,99.9651783027941,-1
2025-05-30,heart_rate_avg,88.81430846468419,-1
2025-06-29,heart_rate_avg,87.49812911490581,-1
2024-09-23,heart_rate_avg,34.698265810153785,-1
2024-10-20,heart_rate_avg,42.37160204313518,-1
2024-11-11,heart_rate_avg,40.36614603824717,-1
2024-11-13,heart_rate_avg,34.28333528910893,-1
2024-12-06,heart_rate_avg,39.9975114836264,-1
2024-12-24,heart_rate_avg,36.43016389111841,-1
2025-01-16,heart_rate_avg,42.94734933880855,-1
2025-01-21,heart_rate_avg,38.12669143957496,-1
2025-04-03,heart_rate_avg,35.26919010863142,-1
2025-04-18,heart_rate_avg,87.83508318865509,-1
2025-05-03,heart_rate_avg,34.91290236923629,-1
2025-05-26,heart_rate_avg,41.0476527927676,-1
2025-07-13,heart_rate_avg,39.33135610655252,-1
2025-08-17,heart_rate_avg,39.66482999260655,-1
2025-09-05,heart_rate_avg,42.22906930353245,-1
2024-09-24,heart_rate_avg,39.55431658254162,-1
2025-01-25,heart_rate_avg,39.39536385107534,-1
2025-03-30,heart_rate_avg,93.8830816931316,-1
2025-04-13,heart_rate_avg,33.93792551570842,-1
2025-05-21,heart_rate_avg,88.22489512076515,-1
2025-07-01,heart_rate_avg,93.57484567459818,-1
2025-07-19,heart_rate_avg,89.87691764816876,-1
2025-08-04,heart_rate_avg,39.70894290623405,-1
2025-08-29,heart_rate_avg,37.67918602016936,-1
2024-09-23,heart_rate_avg,104.54493562318224,-1
2024-10-01,heart_rate_avg,91.74265813153806,-1
2024-10-07,heart_rate_avg,100.67212122398269,-1
2024-10-14,heart_rate_avg,98.36017671489468,-1
2024-11-17,heart_rate_avg,90.20576393563287,-1
2024-11-18,heart_rate_avg,88.78798238452812,-1
2024-11-19,heart_rate_avg,103.97344789564843,-1
2024-11-23,heart_rate_avg,101.23130669989456,-1
2024-11-30,heart_rate_avg,90.04966733310752,-1
2024-12-04,heart_rate_avg,88.95519816756601,-1
2024-12-17,heart_rate_avg,88.1111035022512,-1
2025-01-22,heart_rate_avg,87.81356585941094,-1
2025-02-05,heart_rate_avg,101.03292564995348,-1
2025-02-07,heart_rate_avg,88.16648012791232,-1
2025-02-18,heart_rate_avg,88.72774002626281,-1
2025-03-04,heart_rate_avg,92.55813356511624,-1
2025-03-06,heart_rate_avg,93.38293824252378,-1
2025-03-14,heart_rate_avg,93.7354150739574,-1
2025-03-16,heart_rate_avg,99.22807236557357,-1
2025-04-26,heart_rate_avg,88.57538533294446,-1
2025-05-13,heart_rate_avg,95.66602576435751,-1
2025-05-24,heart_rate_avg,89.99982563239678,-1
2025-06-21,heart_rate_avg,94.54330370336056,-1
2025-06-29,heart_rate_avg,93.72988297770726,-1
2025-07-07,heart_rate_avg,97.46635546368412,-1
2025-09-05,heart_rate_avg,88.61580440407982,-1
