timestamp,metric,value,anomaly
2024-12-07,sleep_hours,3.879973658729648,-1
2024-12-10,sleep_hours,3.872173534651842,-1
2024-12-26,sleep_hours,9.947991262680569,-1
2025-01-05,sleep_hours,3.0,-1
2025-01-22,sleep_hours,10.70207827334474,-1
2025-01-28,sleep_hours,10.478994309972542,-1
2025-02-12,sleep_hours,3.695259308761207,-1
2025-03-06,sleep_hours,3.0,-1
2025-04-05,sleep_hours,3.826120006793512,-1
2025-04-14,sleep_hours,3.796488679031957,-1
2025-04-22,sleep_hours,3.0,-1
2025-05-14,sleep_hours,12.0,-1
2025-05-24,sleep_hours,9.993501234675946,-1
2025-06-18,sleep_hours,3.385788518172564,-1
2025-07-02,sleep_hours,10.629687599515696,-1
2025-07-16,sleep_hours,3.193917105895174,-1
2024-09-13,sleep_hours,3.268287015197381,-1
2024-10-10,sleep_hours,10.854860553213,-1
2024-10-29,sleep_hours,10.202444409519092,-1
2024-11-22,sleep_hours,3.1173750516937004,-1
2024-12-11,sleep_hours,3.1655231987929997,-1
2024-12-30,sleep_hours,11.34477790827962,-1
2025-01-03,sleep_hours,10.278567496921232,-1
2025-02-10,sleep_hours,10.4109115580158,-1
2025-02-21,sleep_hours,3.9504988964949286,-1
2025-03-27,sleep_hours,10.415629747079958,-1
2025-04-04,sleep_hours,10.798581400357516,-1
2025-04-22,sleep_hours,3.949089074667256,-1
2025-04-23,sleep_hours,10.033885345854223,-1
2025-04-25,sleep_hours,3.880550076629441,-1
2025-05-11,sleep_hours,10.197655123093243,-1
2025-05-26,sleep_hours,10.260565209329116,-1
2025-06-06,sleep_hours,10.087737932234331,-1
2025-06-10,sleep_hours,3.5420806780523906,-1
2025-06-26,sleep_hours,3.6838897504599615,-1
2025-07-08,sleep_hours,10.080728035129894,-1
2025-07-11,sleep_hours,3.405587414461505,-1
2025-08-14,sleep_hours,10.587879898179276,-1
2024-09-10,sleep_hours,3.0,-1
2024-09-19,sleep_hours,10.53563774615548,-1
2024-10-12,sleep_hours,10.159990707496654,-1
2024-11-12,sleep_hours,10.089767502606104,-1
2024-11-14,sleep_hours,11.084423031586454,-1
2024-12-11,sleep_hours,10.704111121012936,-1
2024-12-28,sleep_hours,3.0,-1
2025-01-11,sleep_hours,3.0,-1
2025-01-31,sleep_hours,3.962036960335677,-1
2025-02-16,sleep_hours,3.0,-1
2025-02-21,sleep_hours,9.949804642397964,-1
2025-02-23,sleep_hours,10.502131910228478,-1
2025-02-28,sleep_hours,10.38105716338168,-1
2025-03-13,sleep_hours,11.020763307449869,-1
2025-04-10,sleep_hours,3.5415317421936763,-1
2025-05-04,sleep_hours,3.135055349709166,-1
2025-05-07,sleep_hours,11.337488039613842,-1
2025-05-26,sleep_hours,4.051359207838791,-1
2025-06-07,sleep_hours,3.0,-1
2025-06-28,sleep_hours,10.110298369061269,-1
2025-06-30,sleep_hours,3.826269143440207,-1
2025-08-04,sleep_hours,3.924160764074873,-1
2025-08-29,sleep_hours,3.0,-1
2024-09-21,sleep_hours,3.958316004530058,-1
2024-10-01,sleep_hours,3.9103276461848666,-1
2024-10-24,sleep_hours,3.909702179174951,-1
2024-12-17,sleep_hours,10.591235113751466,-1
2025-01-02,sleep_hours,10.0152262751337,-1
2025-01-29,sleep_hours,10.20508845357264,-1
2025-02-06,sleep_hours,10.656505732642035,-1
2025-03-08,sleep_hours,10.47209845681138,-1
2025-03-10,sleep_hours,10.07529908807502,-1
2025-05-04,sleep_hours,3.5751420480774407,-1
2025-05-06,sleep_hours,10.206181668363364,-1
2025-06-02,sleep_hours,10.026709673189544,-1
2025-06-30,sleep_hours,10.212017556812462,-1
2025-07-07,sleep_hours,9.999423724762314,-1
2025-07-17,sleep_hours,4.016546398381236,-1
2025-07-24,sleep_hours,3.829973810142597,-1
2025-08-05,sleep_hours,3.5740581636037145,-1
2024-09-13,sleep_hours,3.6310163909705016,-1
2024-10-18,sleep_hours,4.054962035101719,-1
2024-11-17,sleep_hours,10.727970886800527,-1
2025-01-09,sleep_hours,9.968765901563604,-1
2025-02-16,sleep_hours,10.00442062611443,-1
2025-02-20,sleep_hours,10.148421358463768,-1
2025-03-15,sleep_hours,3.0,-1
2025-05-12,sleep_hours,10.56237597528074,-1
2025-05-31,sleep_hours,3.693739921881222,-1
2025-06-10,sleep_hours,10.550093955630016,-1
2025-06-16,sleep_hours,4.0164487057430565,-1
2025-06-26,sleep_hours,3.536193967886727,-1
2025-06-28,sleep_hours,10.150593416433503,-1
2025-07-03,sleep_hours,10.21406655169628,-1
2025-07-30,sleep_hours,3.920323041948868,-1
2025-08-09,sleep_hours,3.3256119431628512,-1
2025-08-14,sleep_hours,3.422196644310329,-1
2024-09-06,sleep_hours,3.080097191244973,-1
2024-10-18,sleep_hours,3.6403125544508175,-1
2024-10-22,sleep_hours,10.350643712646438,-1
2024-11-25,sleep_hours,3.8762920349459926,-1
2025-01-03,sleep_hours,10.648040462770188,-1
2025-02-10,sleep_hours,3.904092355595332,-1
2025-03-07,sleep_hours,10.582117561764894,-1
2025-03-13,sleep_hours,10.36608776790512,-1
2025-04-01,sleep_hours,10.775187770066516,-1
2025-04-30,sleep_hours,3.827852655321719,-1
2025-05-14,sleep_hours,11.545477219819462,-1
2025-05-27,sleep_hours,3.630395035352338,-1
2025-05-30,sleep_hours,10.311861951979193,-1
2025-06-20,sleep_hours,10.488580598039064,-1
2025-06-21,sleep_hours,10.185842071607674,-1
2025-07-30,sleep_hours,3.52211338813854,-1
2025-08-08,sleep_hours,4.038187323982928,-1
2025-08-09,sleep_hours,11.060031911463252,-1
2025-08-24,sleep_hours,10.18258683339094,-1
2025-08-26,sleep_hours,10.781531046941804,-1
2025-08-28,sleep_hours,10.09032110893702,-1
2025-09-02,sleep_hours,3.667268941450237,-1
2025-09-04,sleep_hours,3.701304034511269,-1
2024-10-20,sleep_hours,3.4495465637404576,-1
2024-11-20,sleep_hours,9.937421279797537,-1
2024-12-24,sleep_hours,3.898715019702387,-1
2025-02-13,sleep_hours,3.143717657450316,-1
2025-04-11,sleep_hours,3.8133322853599623,-1
2025-04-14,sleep_hours,3.0,-1
2025-04-27,sleep_hours,3.2457887860978447,-1
2025-05-25,sleep_hours,4.050041600929967,-1
2025-06-24,sleep_hours,10.451986614051773,-1
2025-06-29,sleep_hours,3.024082376803221,-1
2025-07-26,sleep_hours,10.55259020235306,-1
2025-08-09,sleep_hours,3.826657878821981,-1
2025-08-23,sleep_hours,10.517956845207742,-1
2025-08-31,sleep_hours,10.73188061085234,-1
2024-09-07,sleep_hours,3.544232545767968,-1
2024-10-02,sleep_hours,10.130196706652873,-1
2024-11-08,sleep_hours,10.259991507363337,-1
2024-11-20,sleep_hours,3.125631532855805,-1
2024-12-09,sleep_hours,3.108108424607476,-1
2025-01-22,sleep_hours,10.19738366909763,-1
2025-02-13,sleep_hours,10.881161843166186,-1
2025-04-27,sleep_hours,3.5689818907879176,-1
2025-05-19,sleep_hours,3.885075981702122,-1
2025-06-06,sleep_hours,11.013851094292322,-1
2025-07-11,sleep_hours,10.45067496507739,-1
2025-08-02,sleep_hours,3.5756892023205857,-1
2025-08-18,sleep_hours,11.231954454225948,-1
2025-09-01,sleep_hours,4.0120246938851984,-1
2024-09-10,sleep_hours,11.073846179568152,-1
2024-09-15,sleep_hours,10.708257177043798,-1
2024-10-25,sleep_hours,10.075043901529996,-1
2024-10-31,sleep_hours,3.935693641118596,-1
2024-11-05,sleep_hours,10.17148756022456,-1
2024-11-09,sleep_hours,9.977465323742823,-1
2024-11-17,sleep_hours,10.27136322905271,-1
2024-12-15,sleep_hours,9.949274527437709,-1
2025-01-01,sleep_hours,3.7357252886199706,-1
2025-02-22,sleep_hours,11.063914972706554,-1
2025-03-01,sleep_hours,11.06038183779278,-1
2025-03-07,sleep_hours,3.799782820117169,-1
2025-03-15,sleep_hours,3.8053476061997578,-1
2025-03-21,sleep_hours,3.9213059386356655,-1
2025-04-10,sleep_hours,3.998366344086748,-1
2025-04-21,sleep_hours,4.025117177230422,-1
2025-04-24,sleep_hours,10.061420590173237,-1
2025-05-18,sleep_hours,3.96510153551724,-1
2025-08-01,sleep_hours,3.019144320117672,-1
2025-08-24,sleep_hours,3.943949377830529,-1
2025-08-30,sleep_hours,10.685640062721571,-1
2024-09-23,sleep_hours,10.410767283811166,-1
2024-10-22,sleep_hours,11.277111467927416,-1
2024-11-10,sleep_hours,10.150691363425778,-1
2024-11-11,sleep_hours,3.87984482579025,-1
2024-12-25,sleep_hours,9.989473179766737,-1
2025-01-07,sleep_hours,10.043946033403634,-1
2025-02-07,sleep_hours,9.969969798060797,-1
2025-03-25,sleep_hours,3.871997589091967,-1
2025-03-27,sleep_hours,10.919226210581956,-1
2025-04-10,sleep_hours,10.113500675803554,-1
2025-04-12,sleep_hours,4.023552325164086,-1
2025-04-27,sleep_hours,10.13858543350495,-1
2025-05-21,sleep_hours,3.376973665315444,-1
2025-06-17,sleep_hours,3.044333963198092,-1
2025-07-24,sleep_hours,3.961691003303231,-1
2024-09-17,sleep_hours,9.938778055072182,-1
2024-10-02,sleep_hours,3.0499506537067456,-1
2024-10-06,sleep_hours,3.5876967339958497,-1
2024-10-29,sleep_hours,10.198968297554968,-1
2024-12-31,sleep_hours,3.985871363378157,-1
2025-01-07,sleep_hours,10.31394420092404,-1
2025-02-05,sleep_hours,11.028090121867276,-1
2025-02-07,sleep_hours,3.269600266111916,-1
2025-02-20,sleep_hours,10.09697542778328,-1
2025-03-21,sleep_hours,11.532677015962571,-1
2025-04-23,sleep_hours,3.919601147999189,-1
2025-05-02,sleep_hours,10.032681236199474,-1
2025-05-04,sleep_hours,10.724006249670827,-1
2025-05-12,sleep_hours,10.782286646096178,-1
2025-05-23,sleep_hours,10.113892086185457,-1
2025-07-08,sleep_hours,3.7691103089185902,-1
2025-07-13,sleep_hours,4.034788131055139,-1
2025-07-15,sleep_hours,3.261258399683629,-1
2025-08-29,sleep_hours,3.0,-1
2024-09-30,sleep_hours,4.010279696740072,-1
2024-10-12,sleep_hours,10.630383659315278,-1
2024-10-28,sleep_hours,10.530407848432668,-1
2024-11-11,sleep_hours,3.3748995247816067,-1
2024-12-12,sleep_hours,3.672225141514845,-1
2025-01-07,sleep_hours,11.632070740431042,-1
2025-01-12,sleep_hours,10.4441860747342,-1
2025-01-14,sleep_hours,3.7117606396814087,-1
2025-02-21,sleep_hours,10.00369829244834,-1
2025-04-12,sleep_hours,10.097871343023712,-1
2025-04-25,sleep_hours,3.3184127008026074,-1
2025-06-21,sleep_hours,9.985247086324849,-1
2025-07-14,sleep_hours,10.883204677572476,-1
2025-08-04,sleep_hours,3.997493417727855,-1
2025-08-07,sleep_hours,11.304086044871056,-1
2024-10-03,sleep_hours,3.422259935476199,-1
2024-10-05,sleep_hours,3.356340470071619,-1
2024-10-18,sleep_hours,3.5586983773442795,-1
2024-10-24,sleep_hours,3.8540604269295016,-1
2024-10-30,sleep_hours,3.993763312724413,-1
2024-12-02,sleep_hours,10.15341778112605,-1
2024-12-20,sleep_hours,10.253197222014713,-1
2024-12-24,sleep_hours,3.690297781674441,-1
2025-01-01,sleep_hours,10.180514561455906,-1
2025-01-11,sleep_hours,3.7548515683078776,-1
2025-01-14,sleep_hours,9.974358535137306,-1
2025-01-30,sleep_hours,3.926749569692875,-1
2025-02-16,sleep_hours,10.17173160074715,-1
2025-04-24,sleep_hours,3.000933669702923,-1
2025-05-03,sleep_hours,3.865252289298763,-1
2025-05-07,sleep_hours,10.497932458920063,-1
2025-05-11,sleep_hours,3.783097675954093,-1
2025-05-20,sleep_hours,3.480395245859417,-1
2025-08-14,sleep_hours,9.938028575814274,-1
2025-08-27,sleep_hours,3.814102890406121,-1
2025-08-30,sleep_hours,3.4626237694997783,-1
2024-11-17,sleep_hours,3.0,-1
2024-11-18,sleep_hours,3.805899053312525,-1
2024-11-20,sleep_hours,10.498977979123495,-1
2025-01-09,sleep_hours,3.489573317412769,-1
2025-01-12,sleep_hours,11.712019261609512,-1
2025-02-05,sleep_hours,10.442475936975846,-1
2025-02-21,sleep_hours,10.753525369204764,-1
2025-04-23,sleep_hours,3.55277791855099,-1
2025-04-25,sleep_hours,10.005955380348905,-1
2025-06-24,sleep_hours,3.388073582683768,-1
2025-06-30,sleep_hours,10.093260082435124,-1
2025-08-11,sleep_hours,3.882374393662458,-1
2025-09-03,sleep_hours,11.48159060222841,-1
2024-09-15,sleep_hours,11.048623240350343,-1
2024-10-11,sleep_hours,10.12044346472824,-1
2024-11-14,sleep_hours,3.726530941052171,-1
2025-01-20,sleep_hours,3.0,-1
2025-02-02,sleep_hours,10.44897781844945,-1
2025-03-06,sleep_hours,10.748171221142734,-1
2025-03-19,sleep_hours,3.0,-1
2025-03-21,sleep_hours,9.93319666692324,-1
2025-04-18,sleep_hours,3.0,-1
2025-05-04,sleep_hours,10.1354867206541,-1
2025-06-05,sleep_hours,10.24962643618175,-1
2025-06-18,sleep_hours,10.688055613166863,-1
2025-07-02,sleep_hours,10.78501502285736,-1
2025-07-10,sleep_hours,3.4721486668577253,-1
2025-08-26,sleep_hours,11.307213066040006,-1
2024-09-08,sleep_hours,3.0,-1
2024-09-22,sleep_hours,10.624939642043932,-1
2024-10-03,sleep_hours,10.493912928389548,-1
2024-10-11,sleep_hours,3.4395881378518443,-1
2024-10-25,sleep_hours,11.161467188920144,-1
2024-11-06,sleep_hours,3.5266271823210937,-1
2024-11-09,sleep_hours,10.630167354625083,-1
2024-11-14,sleep_hours,3.709117760717268,-1
2024-11-24,sleep_hours,3.364052079555372,-1
2024-12-01,sleep_hours,9.98231311687297,-1
2024-12-02,sleep_hours,11.501240694096913,-1
2024-12-08,sleep_hours,10.87838858621814,-1
2024-12-13,sleep_hours,3.7263677768827,-1
2024-12-20,sleep_hours,10.080321577814114,-1
2025-01-26,sleep_hours,10.13627947990668,-1
2025-02-18,sleep_hours,3.880243270687546,-1
2025-02-24,sleep_hours,10.0599085361889,-1
2025-03-09,sleep_hours,3.4053096192213244,-1
2025-03-11,sleep_hours,3.0,-1
2025-04-02,sleep_hours,10.777125980691306,-1
2025-04-29,sleep_hours,4.007182784542637,-1
2025-05-06,sleep_hours,10.050760879908973,-1
2025-06-09,sleep_hours,3.6709926254295646,-1
2025-06-13,sleep_hours,3.7980121904474937,-1
2025-06-22,sleep_hours,10.42573841115586,-1
2025-07-06,sleep_hours,3.825901002080207,-1
2025-07-24,sleep_hours,10.059871162390152,-1
2025-08-01,sleep_hours,3.779271153293536,-1
2025-08-08,sleep_hours,3.632604058844136,-1
2024-09-13,sleep_hours,10.19886021625657,-1
2024-09-17,sleep_hours,3.659714576677667,-1
2024-09-25,sleep_hours,3.193095432893481,-1
2024-11-14,sleep_hours,11.955274586420522,-1
2024-12-06,sleep_hours,10.058573838899818,-1
2024-12-18,sleep_hours,10.132794877495114,-1
2025-01-11,sleep_hours,10.568292398129284,-1
2025-02-08,sleep_hours,3.775332400127465,-1
2025-02-18,sleep_hours,11.03318312733168,-1
2025-02-20,sleep_hours,10.835611763958877,-1
2025-02-28,sleep_hours,11.123511602144,-1
2025-04-06,sleep_hours,3.0,-1
2025-05-04,sleep_hours,10.597935477495197,-1
2025-05-10,sleep_hours,3.430466572728831,-1
2025-05-17,sleep_hours,11.49836962664081,-1
2025-06-23,sleep_hours,10.165216922721685,-1
2025-07-01,sleep_hours,10.053140476029874,-1
2025-08-05,sleep_hours,11.26228003398467,-1
2025-08-15,sleep_hours,10.643175984455972,-1
2025-08-20,sleep_hours,10.138291620532122,-1
2025-08-22,sleep_hours,3.946594486112046,-1
2024-09-15,sleep_hours,3.7624312602129577,-1
2024-09-21,sleep_hours,10.204727096327762,-1
2024-10-10,sleep_hours,3.7855005423473695,-1
2024-10-20,sleep_hours,3.9649713055721065,-1
2024-11-01,sleep_hours,10.560595943655132,-1
2024-11-27,sleep_hours,3.616598008478266,-1
2024-12-04,sleep_hours,10.89661792315367,-1
2024-12-16,sleep_hours,3.32208141937596,-1
2024-12-21,sleep_hours,11.025476042010784,-1
2024-12-27,sleep_hours,12.0,-1
2025-01-04,sleep_hours,3.0,-1
2025-01-12,sleep_hours,4.02049066840914,-1
2025-02-01,sleep_hours,3.9213182362360657,-1
2025-02-20,sleep_hours,3.0,-1
2025-03-06,sleep_hours,3.0,-1
2025-04-13,sleep_hours,3.0,-1
2025-05-18,sleep_hours,10.403596502709837,-1
2025-06-19,sleep_hours,4.024129332170459,-1
2025-06-21,sleep_hours,3.970273359291349,-1
2025-07-12,sleep_hours,3.6681389469212258,-1
2025-07-13,sleep_hours,11.28947934402023,-1
2025-08-14,sleep_hours,3.0,-1
2025-08-26,sleep_hours,3.8015171720339382,-1
2024-09-06,sleep_hours,10.037106349130076,-1
2024-09-19,sleep_hours,3.587121952611576,-1
2024-11-25,sleep_hours,3.4513858745497896,-1
2024-12-20,sleep_hours,10.295129680203988,-1
2025-01-06,sleep_hours,10.079252384348512,-1
2025-02-10,sleep_hours,3.636591971324752,-1
2025-03-01,sleep_hours,10.098098939389152,-1
2025-04-09,sleep_hours,10.579394427700493,-1
2025-05-14,sleep_hours,10.40855955567548,-1
2025-05-26,sleep_hours,10.169056614111062,-1
2025-06-02,sleep_hours,10.143517367385634,-1
2025-06-06,sleep_hours,10.170424953659383,-1
2025-07-09,sleep_hours,10.46476750021818,-1
2025-07-10,sleep_hours,10.834375553132782,-1
2025-08-08,sleep_hours,3.945806874263156,-1
2024-10-11,sleep_hours,3.625636147211256,-1
2024-12-07,sleep_hours,10.47262004194753,-1
2024-12-13,sleep_hours,3.5032362059900475,-1
2025-01-17,sleep_hours,3.3966199190027817,-1
2025-02-28,sleep_hours,3.8801886723853696,-1
2025-03-07,sleep_hours,4.00459093983686,-1
2025-03-08,sleep_hours,3.9371813363521664,-1
2025-03-09,sleep_hours,3.5907951301450365,-1
2025-05-08,sleep_hours,3.962540878708845,-1
2025-05-12,sleep_hours,10.397603206732224,-1
2025-06-29,sleep_hours,3.5401336180878857,-1
2025-07-01,sleep_hours,10.51445627033603,-1
2025-07-07,sleep_hours,4.023250513873524,-1
2025-07-08,sleep_hours,3.815495233200166,-1
2025-07-19,sleep_hours,11.553240116750285,-1
2025-08-10,sleep_hours,3.8354563607353342,-1
2025-08-18,sleep_hours,10.020722660075698,-1
2024-09-10,sleep_hours,3.434263141106326,-1
2024-09-15,sleep_hours,9.932823959607196,-1
2024-11-06,sleep_hours,3.482779508417388,-1
2024-11-09,sleep_hours,3.704876055584833,-1
2024-12-03,sleep_hours,10.01841713335416,-1
2024-12-16,sleep_hours,10.254710541784233,-1
2025-01-03,sleep_hours,10.326846966403064,-1
2025-02-07,sleep_hours,3.0,-1
2025-03-22,sleep_hours,10.41852125922877,-1
2025-03-24,sleep_hours,3.976947840618298,-1
2025-04-21,sleep_hours,10.83613073387806,-1
2025-04-26,sleep_hours,3.408721348244378,-1
2025-06-27,sleep_hours,4.04321684755341,-1
2025-06-30,sleep_hours,3.1540228031420856,-1
2025-07-29,sleep_hours,3.998720916430393,-1
2025-08-02,sleep_hours,3.8062711433335856,-1
2025-08-27,sleep_hours,3.7752269413277055,-1
2025-08-31,sleep_hours,10.076478121811924,-1
2024-09-16,sleep_hours,10.426966245330275,-1
2024-09-23,sleep_hours,10.827948933745812,-1
2024-10-10,sleep_hours,10.091756135940354,-1
2024-10-13,sleep_hours,10.142797013380356,-1
2024-11-06,sleep_hours,3.4456345452667323,-1
2024-11-12,sleep_hours,10.36956344119196,-1
2024-12-01,sleep_hours,3.833228403876025,-1
2024-12-20,sleep_hours,3.835383034818132,-1
2025-01-11,sleep_hours,10.126966993996923,-1
2025-02-06,sleep_hours,10.334991077176875,-1
2025-02-16,sleep_hours,10.167814889759942,-1
2025-02-22,sleep_hours,3.5860734361019952,-1
2025-03-04,sleep_hours,4.00355271833036,-1
2025-03-16,sleep_hours,3.5446032288959266,-1
2025-04-05,sleep_hours,3.275473494497727,-1
2025-04-14,sleep_hours,10.96958907649207,-1
2025-05-21,sleep_hours,10.300751042741307,-1
2025-05-23,sleep_hours,10.277168422691217,-1
2025-06-09,sleep_hours,3.0,-1
2025-06-25,sleep_hours,10.65860556196984,-1
2025-07-25,sleep_hours,11.281497955264836,-1
2025-07-30,sleep_hours,3.545382735868733,-1
2025-08-11,sleep_hours,3.6785730149196794,-1
2025-08-27,sleep_hours,4.004032576665028,-1
2024-09-10,sleep_hours,10.501027905525056,-1
2024-10-04,sleep_hours,10.349339291147484,-1
2024-10-19,sleep_hours,10.041444613554138,-1
2024-10-20,sleep_hours,11.54344853794856,-1
2024-11-04,sleep_hours,3.773236264811586,-1
2024-11-10,sleep_hours,3.0,-1
2024-11-18,sleep_hours,10.088840868495222,-1
2024-11-28,sleep_hours,3.447172327951945,-1
2024-12-21,sleep_hours,3.0,-1
2024-12-25,sleep_hours,11.396226606126667,-1
2025-01-13,sleep_hours,11.022231938502951,-1
2025-01-15,sleep_hours,3.3129445302656237,-1
2025-01-19,sleep_hours,10.554291917323216,-1
2025-03-02,sleep_hours,3.868824044080737,-1
2025-03-16,sleep_hours,10.289695800071502,-1
2025-03-19,sleep_hours,4.016177325688708,-1
2025-04-11,sleep_hours,3.0,-1
2025-05-06,sleep_hours,3.3832407199605528,-1
2025-06-03,sleep_hours,3.0,-1
2025-06-26,sleep_hours,3.9993035576955296,-1
2025-06-28,sleep_hours,10.260834026006638,-1
2025-07-28,sleep_hours,10.436790609787517,-1
2025-08-06,sleep_hours,3.558162499549037,-1
2025-08-10,sleep_hours,3.387510555743921,-1
2025-08-11,sleep_hours,10.48959558033122,-1
2025-08-21,sleep_hours,3.95441482106148,-1
2024-09-17,sleep_hours,10.558865202552768,-1
2024-10-03,sleep_hours,10.807481792983902,-1
2024-10-19,sleep_hours,3.6325131063663054,-1
2024-12-04,sleep_hours,3.6350533232156703,-1
2024-12-11,sleep_hours,3.0,-1
2024-12-28,sleep_hours,10.027607754294689,-1
2024-12-30,sleep_hours,3.922859070404302,-1
2025-01-12,sleep_hours,10.808891981728973,-1
2025-02-01,sleep_hours,10.072659844239388,-1
2025-03-22,sleep_hours,3.260038816053253,-1
2025-04-05,sleep_hours,3.978854011392631,-1
2025-05-08,sleep_hours,10.205336472367566,-1
2025-05-09,sleep_hours,3.0,-1
2025-05-14,sleep_hours,10.419241251920226,-1
2025-05-24,sleep_hours,3.958133709660292,-1
2025-05-30,sleep_hours,10.894509223008471,-1
2025-06-06,sleep_hours,3.9326184517222353,-1
2025-06-16,sleep_hours,3.5795610938682616,-1
2025-06-29,sleep_hours,10.987084589818616,-1
2025-07-16,sleep_hours,10.39163783703805,-1
2025-07-20,sleep_hours,3.810017899494687,-1
2025-08-14,sleep_hours,10.411487905141136,-1
2024-09-18,sleep_hours,10.804523290622122,-1
2024-10-31,sleep_hours,3.247436627638121,-1
2024-11-30,sleep_hours,3.715434953128046,-1
2024-12-30,sleep_hours,10.09933816770184,-1
2025-01-13,sleep_hours,3.9902737196635023,-1
2025-01-14,sleep_hours,10.582778997800991,-1
2025-01-28,sleep_hours,3.0,-1
2025-01-29,sleep_hours,3.5936595128920468,-1
2025-02-13,sleep_hours,10.03756527521021,-1
2025-02-20,sleep_hours,3.247256091945923,-1
2025-03-03,sleep_hours,10.304490695316051,-1
2025-03-28,sleep_hours,4.051150616686067,-1
2025-04-18,sleep_hours,11.665676295162012,-1
2025-05-02,sleep_hours,3.084736669796343,-1
2025-06-02,sleep_hours,9.99315676166002,-1
2025-07-01,sleep_hours,3.6808885990914746,-1
2025-07-17,sleep_hours,3.512493013747004,-1
2025-07-30,sleep_hours,10.557740132482332,-1
2025-09-01,sleep_hours,3.878780284837997,-1
2024-09-12,sleep_hours,3.541235229204267,-1
2024-09-16,sleep_hours,9.937796694566083,-1
2024-09-21,sleep_hours,3.831132523032617,-1
2024-10-22,sleep_hours,10.819282252064047,-1
2024-11-05,sleep_hours,3.1763008592389737,-1
2024-11-14,sleep_hours,10.39798077687487,-1
2024-12-05,sleep_hours,3.5246225356379366,-1
2024-12-11,sleep_hours,9.985798508669598,-1
2024-12-21,sleep_hours,3.26617085129174,-1
2025-02-07,sleep_hours,3.2379926429298065,-1
2025-02-22,sleep_hours,3.148397712220814,-1
2025-03-07,sleep_hours,3.7381164788478634,-1
2025-03-09,sleep_hours,3.325081924134361,-1
2025-04-05,sleep_hours,11.424362479540743,-1
2025-04-28,sleep_hours,11.209581414086191,-1
2025-05-08,sleep_hours,3.0,-1
2025-05-31,sleep_hours,3.023668504750601,-1
2025-06-05,sleep_hours,3.8377125568798105,-1
2025-06-26,sleep_hours,10.165092970977028,-1
2025-07-04,sleep_hours,3.327783262084284,-1
2025-07-08,sleep_hours,3.2144898611015704,-1
2025-07-22,sleep_hours,4.05028826521388,-1
2025-07-26,sleep_hours,10.271432722439062,-1
2025-08-23,sleep_hours,3.4388665213299343,-1
2024-09-06,sleep_hours,10.203884150942612,-1
2024-09-29,sleep_hours,10.653105149787722,-1
2024-10-01,sleep_hours,3.222200527320172,-1
2024-10-20,sleep_hours,10.18964213684314,-1
2024-10-29,sleep_hours,3.0,-1
2024-12-10,sleep_hours,10.77828096671156,-1
2025-01-24,sleep_hours,10.972487522613957,-1
2025-02-01,sleep_hours,10.318784186503658,-1
2025-03-02,sleep_hours,3.7864623539244135,-1
2025-04-24,sleep_hours,3.832548973190502,-1
2025-06-11,sleep_hours,3.0,-1
2025-07-18,sleep_hours,3.9125581602604607,-1
2025-08-06,sleep_hours,3.2290522917485878,-1
2025-08-13,sleep_hours,3.426968915738492,-1
2025-08-14,sleep_hours,10.037538947121586,-1
2025-08-29,sleep_hours,3.4686189328580213,-1
2024-09-07,sleep_hours,10.050475171303926,-1
2024-09-08,sleep_hours,3.8825478042248047,-1
2024-09-11,sleep_hours,10.300553698670765,-1
2024-11-04,sleep_hours,10.50432214021876,-1
2024-12-02,sleep_hours,3.0,-1
2024-12-06,sleep_hours,3.3749569234296115,-1
2024-12-17,sleep_hours,3.218146760686781,-1
2024-12-27,sleep_hours,3.0,-1
2025-01-05,sleep_hours,3.9245716428698554,-1
2025-01-27,sleep_hours,3.455385867728362,-1
2025-02-12,sleep_hours,4.038840001805461,-1
2025-03-11,sleep_hours,3.935117541741704,-1
2025-04-05,sleep_hours,10.030364208060211,-1
2025-04-07,sleep_hours,12.0,-1
2025-05-09,sleep_hours,3.0,-1
2025-06-17,sleep_hours,3.8204166579989582,-1
2025-07-05,sleep_hours,10.116853235424024,-1
2025-07-18,sleep_hours,10.078632817046262,-1
2025-07-26,sleep_hours,3.9214918148546207,-1
2025-08-21,sleep_hours,10.5270840667301,-1
2025-09-03,sleep_hours,10.137099592802263,-1
2024-09-18,sleep_hours,9.999201945538612,-1
2024-10-16,sleep_hours,10.86304187339508,-1
2024-10-31,sleep_hours,10.605036512450855,-1
2024-12-06,sleep_hours,11.269651962206476,-1
2024-12-23,sleep_hours,3.0,-1
2025-01-08,sleep_hours,3.580966420830264,-1
2025-02-26,sleep_hours,10.571190456689076,-1
2025-04-07,sleep_hours,3.0,-1
2025-05-16,sleep_hours,10.1246256688742,-1
2025-05-22,sleep_hours,3.831935684700353,-1
2025-06-13,sleep_hours,3.568171830441234,-1
2025-07-11,sleep_hours,3.611496463493385,-1
2025-07-19,sleep_hours,3.0,-1
2025-07-29,sleep_hours,3.261278589872787,-1
2025-08-25,sleep_hours,10.687969921572474,-1
2024-09-12,sleep_hours,10.925081217403177,-1
2024-09-22,sleep_hours,10.600582754905435,-1
2024-10-05,sleep_hours,10.34857861250778,-1
2024-11-08,sleep_hours,10.379506584859987,-1
2024-11-22,sleep_hours,4.0530208330694615,-1
2024-11-24,sleep_hours,10.33015530292975,-1
2024-12-04,sleep_hours,3.0,-1
2025-02-26,sleep_hours,10.19387786819007,-1
2025-03-26,sleep_hours,3.937434807840128,-1
2025-04-12,sleep_hours,4.015947021986646,-1
2025-04-14,sleep_hours,3.6081177097231194,-1
2025-04-16,sleep_hours,10.335113010844855,-1
2025-04-29,sleep_hours,3.0,-1
2025-06-01,sleep_hours,3.752666218536402,-1
2025-06-03,sleep_hours,10.99933932478749,-1
2025-06-07,sleep_hours,11.300990533819196,-1
2025-07-04,sleep_hours,3.77231881950122,-1
2025-07-14,sleep_hours,3.256544708796273,-1
2025-08-06,sleep_hours,3.580791088459309,-1
2025-08-27,sleep_hours,3.5864918260095555,-1
2024-09-16,sleep_hours,3.835446754928867,-1
2024-09-17,sleep_hours,11.11726855561821,-1
2024-10-06,sleep_hours,3.864220117568559,-1
2024-10-24,sleep_hours,11.20364586788014,-1
2024-12-16,sleep_hours,10.034208137219096,-1
2024-12-28,sleep_hours,3.581152755288567,-1
2025-01-26,sleep_hours,10.836015261267477,-1
2025-02-07,sleep_hours,3.0,-1
2025-02-10,sleep_hours,3.710789899029088,-1
2025-02-19,sleep_hours,3.966697240347514,-1
2025-05-12,sleep_hours,10.109183278438325,-1
2025-05-14,sleep_hours,3.7461075168055658,-1
2025-05-17,sleep_hours,3.612009593609855,-1
2025-05-18,sleep_hours,11.62017310665602,-1
2025-05-26,sleep_hours,10.456154018953807,-1
2025-05-29,sleep_hours,4.052364525872968,-1
2025-07-08,sleep_hours,4.04013203734339,-1
2025-07-18,sleep_hours,3.256212763670144,-1
2025-08-10,sleep_hours,10.261959264187984,-1
2024-09-06,sleep_hours,3.667483301792039,-1
2024-09-13,sleep_hours,10.190383410163756,-1
2024-09-27,sleep_hours,3.0,-1
2024-10-02,sleep_hours,3.8332120054708025,-1
2024-10-06,sleep_hours,10.161965161351702,-1
2024-11-10,sleep_hours,11.650244234923402,-1
2024-12-22,sleep_hours,3.0,-1
2025-02-24,sleep_hours,3.598363267741861,-1
2025-03-15,sleep_hours,10.646397958401764,-1
2025-03-20,sleep_hours,3.827186966220373,-1
2025-04-07,sleep_hours,3.989430531651461,-1
2025-04-08,sleep_hours,3.1240441781170785,-1
2025-05-16,sleep_hours,10.13939872244254,-1
2025-05-28,sleep_hours,10.108526800432593,-1
2025-06-07,sleep_hours,11.007657949326484,-1
2025-08-03,sleep_hours,9.931398785542935,-1
2025-08-08,sleep_hours,10.50615664237099,-1
2025-08-23,sleep_hours,4.050660550807429,-1
2025-09-01,sleep_hours,3.2295004922969026,-1
2024-09-11,sleep_hours,3.020443277661857,-1
2024-09-18,sleep_hours,3.9773693134603274,-1
2024-09-21,sleep_hours,10.089921796978684,-1
2024-10-18,sleep_hours,3.36970051479923,-1
2024-11-06,sleep_hours,10.272245839881368,-1
2024-11-14,sleep_hours,3.6542847810805386,-1
2024-11-21,sleep_hours,11.667936066773454,-1
2024-12-10,sleep_hours,3.2139607179350764,-1
2025-02-02,sleep_hours,12.0,-1
2025-03-20,sleep_hours,10.463943245394962,-1
2025-04-05,sleep_hours,3.548721316438478,-1
2025-05-13,sleep_hours,10.525511081318667,-1
2025-05-14,sleep_hours,4.013094586841461,-1
2025-05-30,sleep_hours,10.145893354021537,-1
2025-07-18,sleep_hours,10.477079897996166,-1
2025-08-21,sleep_hours,10.385164004413738,-1
2024-09-18,sleep_hours,3.6091338969182822,-1
2024-09-23,sleep_hours,3.907127739436051,-1
2024-10-02,sleep_hours,10.74249443328848,-1
2024-11-23,sleep_hours,3.638774153891401,-1
2024-12-28,sleep_hours,9.956956340361195,-1
2025-01-13,sleep_hours,10.690570814652974,-1
2025-01-16,sleep_hours,3.0,-1
2025-02-11,sleep_hours,3.2360922016976703,-1
2025-02-14,sleep_hours,3.285890096757398,-1
2025-03-24,sleep_hours,10.42642585647162,-1
2025-03-30,sleep_hours,11.40204277369886,-1
2025-04-12,sleep_hours,3.6735975809904087,-1
2025-05-11,sleep_hours,10.58776711616781,-1
2025-06-27,sleep_hours,3.4604395333913542,-1
2025-07-05,sleep_hours,10.15825582130342,-1
2025-07-13,sleep_hours,3.828853472673375,-1
2025-07-26,sleep_hours,3.931113063489289,-1
2025-07-30,sleep_hours,10.12274403542328,-1
2025-08-10,sleep_hours,3.675617932915274,-1
2025-08-20,sleep_hours,10.320336428726058,-1
2025-08-31,sleep_hours,10.080070259470029,-1
2024-09-18,sleep_hours,10.27978719143282,-1
2024-09-20,sleep_hours,3.877167148635778,-1
2024-10-14,sleep_hours,10.109576386775792,-1
2024-11-14,sleep_hours,3.628086415452179,-1
2024-11-27,sleep_hours,9.975422158096745,-1
2025-01-23,sleep_hours,11.663345327531395,-1
2025-02-16,sleep_hours,10.0585888601372,-1
2025-02-27,sleep_hours,3.0,-1
2025-04-05,sleep_hours,3.0,-1
2025-04-16,sleep_hours,9.975932655867776,-1
2025-04-19,sleep_hours,4.000790169504222,-1
2025-05-08,sleep_hours,3.98460122358676,-1
2025-06-12,sleep_hours,3.0,-1
2025-07-06,sleep_hours,3.6596066187735374,-1
2025-07-09,sleep_hours,10.055499996118044,-1
2025-07-10,sleep_hours,3.761119511020413,-1
2025-09-03,sleep_hours,3.698472366213387,-1
2024-10-07,sleep_hours,10.763033503765357,-1
2024-10-24,sleep_hours,9.99969377549983,-1
2024-11-01,sleep_hours,3.6796689197587655,-1
2024-11-24,sleep_hours,3.945584888908602,-1
2025-01-07,sleep_hours,10.127126368871448,-1
2025-01-10,sleep_hours,10.45736069171298,-1
2025-02-03,sleep_hours,10.850017838267023,-1
2025-02-11,sleep_hours,11.184339178579696,-1
2025-03-01,sleep_hours,10.258986007594098,-1
2025-03-12,sleep_hours,3.6796144984427688,-1
2025-03-14,sleep_hours,11.159796122326458,-1
2025-04-15,sleep_hours,3.827923609217052,-1
2025-04-21,sleep_hours,3.5332289708052373,-1
2025-04-29,sleep_hours,10.06078907365995,-1
2025-05-03,sleep_hours,10.109294253611532,-1
2025-05-19,sleep_hours,10.314264003955271,-1
2025-06-02,sleep_hours,3.6599579216725022,-1
2025-06-16,sleep_hours,10.13498995982011,-1
2025-06-21,sleep_hours,10.76158202011948,-1
2025-07-21,sleep_hours,10.12612179045789,-1
2025-07-25,sleep_hours,10.299292454887215,-1
2025-08-30,sleep_hours,10.203264763496074,-1
2025-09-03,sleep_hours,10.964073155736145,-1
2024-10-02,sleep_hours,3.890920137787675,-1
2024-10-14,sleep_hours,10.688885951102217,-1
2024-12-24,sleep_hours,3.0,-1
2025-03-20,sleep_hours,10.168451403572188,-1
2025-04-11,sleep_hours,12.0,-1
2025-04-13,sleep_hours,3.0994713752320733,-1
2025-04-17,sleep_hours,10.337464993976372,-1
2025-05-22,sleep_hours,3.0934409319959446,-1
2025-05-26,sleep_hours,11.206503489295766,-1
2025-05-27,sleep_hours,3.6084138307264113,-1
2025-07-15,sleep_hours,3.894482335281684,-1
2025-07-19,sleep_hours,3.261669802571766,-1
2025-08-02,sleep_hours,3.877449046437852,-1
2025-08-23,sleep_hours,11.226175921093136,-1
2024-09-26,sleep_hours,10.267208722837603,-1
2024-11-05,sleep_hours,3.278764164332333,-1
2024-11-12,sleep_hours,10.517621714333398,-1
2024-11-21,sleep_hours,11.610444879948004,-1
2024-12-13,sleep_hours,3.939959779935117,-1
2024-12-24,sleep_hours,3.961476143052796,-1
2025-01-05,sleep_hours,3.8865484605594993,-1
2025-01-17,sleep_hours,3.7678725895631695,-1
2025-01-19,sleep_hours,10.008669174584089,-1
2025-01-20,sleep_hours,9.99872481844639,-1
2025-02-09,sleep_hours,3.590533881179275,-1
2025-03-13,sleep_hours,3.0,-1
2025-05-12,sleep_hours,3.895891442606248,-1
2025-05-30,sleep_hours,10.197885501732824,-1
2025-06-10,sleep_hours,3.0,-1
2025-06-21,sleep_hours,9.951872368403135,-1
2025-06-25,sleep_hours,3.0,-1
2025-06-26,sleep_hours,3.921472202752443,-1
2025-07-05,sleep_hours,10.180102400667234,-1
2025-07-13,sleep_hours,3.0,-1
2025-08-19,sleep_hours,10.056419711083148,-1
2024-09-07,sleep_hours,10.087667673590015,-1
2024-10-05,sleep_hours,10.715660372194405,-1
2024-10-30,sleep_hours,10.122956387185338,-1
2024-11-02,sleep_hours,3.301239409693258,-1
2024-11-16,sleep_hours,4.0160570950154,-1
2024-12-16,sleep_hours,3.5430483868957934,-1
2025-01-29,sleep_hours,3.801817997782533,-1
2025-03-30,sleep_hours,3.54613651752787,-1
2025-05-16,sleep_hours,10.390556122765489,-1
2025-07-01,sleep_hours,10.169776787568235,-1
2025-07-13,sleep_hours,9.998192675758885,-1
2025-07-15,sleep_hours,3.891542225088374,-1
2025-07-29,sleep_hours,3.946922587729988,-1
2025-08-07,sleep_hours,10.901585606889189,-1
2024-09-17,sleep_hours,3.199337839155872,-1
2024-10-06,sleep_hours,10.447295874737383,-1
2024-11-25,sleep_hours,10.734849823984367,-1
2024-12-01,sleep_hours,3.7923178181472776,-1
2024-12-31,sleep_hours,10.120360758145882,-1
2025-01-06,sleep_hours,10.347748323637436,-1
2025-02-17,sleep_hours,3.964140356517162,-1
2025-03-10,sleep_hours,10.110170117855944,-1
2025-03-15,sleep_hours,10.001244306301842,-1
2025-03-23,sleep_hours,3.2148836095604723,-1
2025-03-25,sleep_hours,3.976148684975412,-1
2025-05-04,sleep_hours,10.73945579084967,-1
2025-06-09,sleep_hours,3.329251895826093,-1
2025-06-13,sleep_hours,4.053980172887782,-1
2025-06-18,sleep_hours,3.0,-1
2025-07-15,sleep_hours,10.549637281888655,-1
2025-07-24,sleep_hours,9.970617936574982,-1
2025-07-27,sleep_hours,10.20611553160698,-1
2024-09-29,sleep_hours,3.0,-1
2024-11-09,sleep_hours,11.115043245927458,-1
2024-11-27,sleep_hours,10.332629100836783,-1
2024-12-03,sleep_hours,3.0567338622755336,-1
2025-01-09,sleep_hours,3.9542197781777872,-1
2025-01-26,sleep_hours,3.688534475523512,-1
2025-01-30,sleep_hours,10.57336151409512,-1
2025-02-01,sleep_hours,3.0,-1
2025-02-13,sleep_hours,10.002417750301683,-1
2025-03-13,sleep_hours,10.855931047862448,-1
2025-03-30,sleep_hours,3.0,-1
2025-04-09,sleep_hours,10.260402110134606,-1
2025-04-23,sleep_hours,3.997502106919656,-1
2025-04-25,sleep_hours,11.371871248897945,-1
2025-05-14,sleep_hours,10.674272483060417,-1
2025-05-24,sleep_hours,9.93308484353946,-1
2025-06-02,sleep_hours,4.052840699693501,-1
2025-07-01,sleep_hours,10.75558565585975,-1
2025-07-19,sleep_hours,3.0,-1
2025-08-03,sleep_hours,11.276617351841423,-1
2025-08-16,sleep_hours,10.080937668248154,-1
2025-08-31,sleep_hours,3.866799138717997,-1
2024-09-10,sleep_hours,9.951869494616776,-1
2024-09-12,sleep_hours,3.844756799100514,-1
2024-09-23,sleep_hours,10.049414095860753,-1
2024-10-29,sleep_hours,3.271249878509967,-1
2024-11-24,sleep_hours,3.7615223892523617,-1
2024-12-08,sleep_hours,3.048078067670332,-1
2024-12-22,sleep_hours,3.7440926703187207,-1
2025-01-03,sleep_hours,10.974428035023678,-1
2025-01-18,sleep_hours,10.53449385574769,-1
2025-01-22,sleep_hours,11.110846186973763,-1
2025-01-25,sleep_hours,3.5691093030614995,-1
2025-02-21,sleep_hours,3.0,-1
2025-02-27,sleep_hours,3.8889743918764728,-1
2025-03-15,sleep_hours,10.673435170438331,-1
2025-03-24,sleep_hours,10.481650075427456,-1
2025-03-26,sleep_hours,4.016278458119937,-1
2025-04-20,sleep_hours,3.3988375206685726,-1
2025-05-20,sleep_hours,4.007732762835803,-1
2025-05-26,sleep_hours,3.814699752418808,-1
2025-06-29,sleep_hours,3.7610186077153553,-1
2025-08-13,sleep_hours,3.140689888539397,-1
2025-08-16,sleep_hours,3.1132959458814016,-1
2025-08-22,sleep_hours,10.087917723680675,-1
2025-08-26,sleep_hours,10.527027283440148,-1
2024-10-21,sleep_hours,3.730516333765343,-1
2024-12-06,sleep_hours,10.788921727321473,-1
2024-12-15,sleep_hours,3.723555356535267,-1
2024-12-31,sleep_hours,11.26503800974264,-1
2025-01-06,sleep_hours,3.457803672286298,-1
2025-03-12,sleep_hours,3.9475506645672023,-1
2025-04-21,sleep_hours,3.5591013958599813,-1
2025-05-24,sleep_hours,10.432647299978118,-1
2025-07-06,sleep_hours,10.009004386717663,-1
2025-07-07,sleep_hours,10.012532218659926,-1
2025-07-20,sleep_hours,10.567997844982418,-1
2024-09-18,sleep_hours,10.186238835208162,-1
2024-10-09,sleep_hours,3.90003585928649,-1
2024-10-10,sleep_hours,10.26260733533926,-1
2024-10-11,sleep_hours,10.069073390785258,-1
2024-10-13,sleep_hours,3.0,-1
2024-11-07,sleep_hours,10.150442989006642,-1
2024-11-10,sleep_hours,11.053552970149209,-1
2024-11-20,sleep_hours,10.94665310889878,-1
2024-11-30,sleep_hours,3.796210737055984,-1
2024-12-05,sleep_hours,10.617608460743543,-1
2024-12-21,sleep_hours,3.5067863941183006,-1
2025-01-26,sleep_hours,10.262717793702375,-1
2025-01-29,sleep_hours,3.91853368319853,-1
2025-01-30,sleep_hours,10.33016417661031,-1
2025-02-04,sleep_hours,3.545546922600286,-1
2025-02-24,sleep_hours,10.019149429656164,-1
2025-02-25,sleep_hours,3.972364593476581,-1
2025-06-09,sleep_hours,10.802868141173317,-1
2025-06-13,sleep_hours,10.766958871015042,-1
2025-08-08,sleep_hours,3.530435646284889,-1
2024-09-19,sleep_hours,3.862335416193253,-1
2024-09-27,sleep_hours,3.7900503138684423,-1
2024-11-01,sleep_hours,9.940418809500194,-1
2024-11-30,sleep_hours,3.0,-1
2024-12-24,sleep_hours,10.246599164225248,-1
2025-02-06,sleep_hours,3.0,-1
2025-03-20,sleep_hours,3.328061514984525,-1
2025-04-20,sleep_hours,3.480922373262575,-1
2025-04-24,sleep_hours,3.8774247536444175,-1
2025-05-01,sleep_hours,10.01539171650098,-1
2025-06-25,sleep_hours,10.391942912789006,-1
2025-06-30,sleep_hours,3.678916930102232,-1
2024-09-12,sleep_hours,10.827162925407595,-1
2024-09-19,sleep_hours,4.038686898631699,-1
2024-09-20,sleep_hours,3.826869841265392,-1
2024-10-19,sleep_hours,4.036080010210911,-1
2024-11-12,sleep_hours,11.391666097540016,-1
2024-11-21,sleep_hours,4.045686548760441,-1
2024-12-01,sleep_hours,3.641380752128856,-1
2024-12-23,sleep_hours,12.0,-1
2024-12-27,sleep_hours,10.445147416804843,-1
2024-12-31,sleep_hours,3.0,-1
2025-01-10,sleep_hours,3.0,-1
2025-02-18,sleep_hours,3.22430754025804,-1
2025-02-21,sleep_hours,4.016886787729851,-1
2025-03-22,sleep_hours,10.173267997617604,-1
2025-04-14,sleep_hours,9.931957665653645,-1
2025-04-23,sleep_hours,10.226964026756868,-1
2025-04-27,sleep_hours,4.00169392950248,-1
2025-06-10,sleep_hours,10.195740740802052,-1
2025-06-19,sleep_hours,10.574363112303669,-1
2025-06-23,sleep_hours,10.81691328255597,-1
2025-07-09,sleep_hours,3.665171335206686,-1
2025-07-15,sleep_hours,3.872648096487223,-1
2025-08-06,sleep_hours,9.98272505214221,-1
2025-08-09,sleep_hours,10.18284420696156,-1
2025-09-03,sleep_hours,3.404291219650694,-1
2024-09-16,sleep_hours,3.947453407115661,-1
2024-09-22,sleep_hours,10.990105421329943,-1
2024-10-02,sleep_hours,4.037852692658111,-1
2024-10-06,sleep_hours,4.0137297355170745,-1
2024-10-12,sleep_hours,10.123474656024872,-1
2024-11-08,sleep_hours,10.238941201951182,-1
2024-12-09,sleep_hours,3.904759313804206,-1
2025-01-19,sleep_hours,9.993762580444198,-1
2025-03-15,sleep_hours,3.070557197857315,-1
2025-03-28,sleep_hours,9.98850190747862,-1
2025-05-05,sleep_hours,10.170851962344177,-1
2025-05-11,sleep_hours,10.046588886527813,-1
2025-05-14,sleep_hours,3.465048329354255,-1
2025-06-06,sleep_hours,10.171372814649768,-1
2025-06-15,sleep_hours,3.652768276741159,-1
2025-06-19,sleep_hours,3.780167338180008,-1
2025-06-27,sleep_hours,10.189048197446674,-1
2025-07-12,sleep_hours,3.6190830889074936,-1
2025-07-24,sleep_hours,10.205969866564658,-1
2025-08-17,sleep_hours,10.089664662432485,-1
2025-09-05,sleep_hours,11.821013873442167,-1
2024-09-14,sleep_hours,3.2283440159077643,-1
2024-09-21,sleep_hours,11.001386285811703,-1
2024-11-04,sleep_hours,10.1801407890289,-1
2024-12-07,sleep_hours,9.9756858579592,-1
2024-12-17,sleep_hours,3.762224240985081,-1
2024-12-23,sleep_hours,3.948862267690131,-1
2024-12-25,sleep_hours,10.020849083301012,-1
2024-12-28,sleep_hours,10.09354806757773,-1
2024-12-30,sleep_hours,10.72333548532096,-1
2025-01-25,sleep_hours,10.074323606085713,-1
2025-01-29,sleep_hours,3.605550782662977,-1
2025-02-24,sleep_hours,10.088763224314684,-1
2025-03-14,sleep_hours,3.818250901580736,-1
2025-04-09,sleep_hours,3.0,-1
2025-04-12,sleep_hours,3.7704396690207167,-1
2025-04-16,sleep_hours,3.988869935092757,-1
2025-05-08,sleep_hours,10.09754320905052,-1
2025-06-07,sleep_hours,10.071393197436414,-1
2025-06-13,sleep_hours,3.197634606174913,-1
2025-06-19,sleep_hours,10.251017316432277,-1
2025-06-29,sleep_hours,3.948576983621513,-1
2025-08-03,sleep_hours,3.200916392716552,-1
2025-08-18,sleep_hours,10.020324983628642,-1
2024-09-17,sleep_hours,10.637424233642085,-1
2024-11-27,sleep_hours,10.075269228727567,-1
2024-12-08,sleep_hours,10.135902101143596,-1
2025-01-11,sleep_hours,10.301870449056572,-1
2025-01-24,sleep_hours,11.319220782670351,-1
2025-02-05,sleep_hours,10.019905288852147,-1
2025-02-07,sleep_hours,4.0224028016452085,-1
2025-02-25,sleep_hours,9.973251967080111,-1
2025-03-04,sleep_hours,3.5958346974745323,-1
2025-03-30,sleep_hours,10.560571041091588,-1
2025-04-26,sleep_hours,4.004211444779374,-1
2025-07-19,sleep_hours,11.050591516269876,-1
2025-08-05,sleep_hours,3.0,-1
2025-08-08,sleep_hours,10.383718303020672,-1
2025-08-10,sleep_hours,3.0,-1
2025-09-01,sleep_hours,3.874142502161782,-1
2024-09-17,sleep_hours,3.6118605117058378,-1
2024-09-19,sleep_hours,3.441075718540163,-1
2024-11-07,sleep_hours,3.859884391451517,-1
2024-11-21,sleep_hours,10.449553334033231,-1
2024-11-25,sleep_hours,10.77233991754952,-1
2024-12-04,sleep_hours,10.424195955957792,-1
2024-12-28,sleep_hours,3.0,-1
2025-02-25,sleep_hours,3.866018338223248,-1
2025-02-28,sleep_hours,10.7884201829886,-1
2025-04-01,sleep_hours,3.175762922332109,-1
2025-04-25,sleep_hours,10.448759669767997,-1
2025-04-29,sleep_hours,10.311481721749152,-1
2025-05-15,sleep_hours,10.93063342569308,-1
2025-05-26,sleep_hours,10.407150062220833,-1
2025-08-26,sleep_hours,10.164285784148994,-1
2024-09-06,sleep_hours,3.0893986724071105,-1
2024-09-16,sleep_hours,3.0,-1
2024-10-01,sleep_hours,3.9780337237767696,-1
2024-11-02,sleep_hours,3.845738617501092,-1
2024-11-15,sleep_hours,10.592754194364712,-1
2024-11-27,sleep_hours,3.178652649570703,-1
2024-12-07,sleep_hours,3.57562300520382,-1
2024-12-18,sleep_hours,3.0,-1
2025-01-29,sleep_hours,3.0,-1
2025-02-17,sleep_hours,3.98443763631936,-1
2025-03-24,sleep_hours,10.905972009081015,-1
2025-03-26,sleep_hours,4.015392805917971,-1
2025-04-01,sleep_hours,3.0,-1
2025-04-10,sleep_hours,10.506527620921307,-1
2025-04-19,sleep_hours,3.8244875374162737,-1
2025-04-28,sleep_hours,3.0456324599039157,-1
2025-05-05,sleep_hours,10.4246175006098,-1
2025-05-07,sleep_hours,10.79627637996274,-1
2025-05-30,sleep_hours,11.175130165110058,-1
2025-06-02,sleep_hours,3.4468243143988886,-1
2025-06-05,sleep_hours,3.961840883634192,-1
2025-06-08,sleep_hours,10.316080989483286,-1
2025-06-15,sleep_hours,3.70366521608746,-1
2025-07-09,sleep_hours,9.960587025479382,-1
2025-08-13,sleep_hours,10.427281735469542,-1
2025-08-31,sleep_hours,4.00576834912103,-1
2024-09-14,sleep_hours,3.0,-1
2024-09-19,sleep_hours,11.675644881146564,-1
2024-09-25,sleep_hours,10.15889934129881,-1
2024-09-28,sleep_hours,3.840497560619605,-1
2024-10-13,sleep_hours,3.2022568982246256,-1
2024-10-16,sleep_hours,11.251948381049203,-1
2024-10-30,sleep_hours,10.090261093085344,-1
2024-11-16,sleep_hours,10.579968864011624,-1
2024-12-09,sleep_hours,3.647161020644479,-1
2024-12-17,sleep_hours,3.657369959245454,-1
2024-12-31,sleep_hours,3.445416076561404,-1
2025-01-05,sleep_hours,11.661265405422464,-1
2025-01-10,sleep_hours,3.790382917808344,-1
2025-02-08,sleep_hours,10.35665241677012,-1
2025-02-22,sleep_hours,3.7670563517340048,-1
2025-02-24,sleep_hours,10.742389302639989,-1
2025-03-20,sleep_hours,10.096250811045104,-1
2025-05-01,sleep_hours,11.240097371583673,-1
2025-05-05,sleep_hours,3.78011297332516,-1
2025-05-11,sleep_hours,10.246387515139704,-1
2025-05-17,sleep_hours,3.957399314695075,-1
2025-05-23,sleep_hours,10.079029368332552,-1
2025-05-27,sleep_hours,3.9980263114072954,-1
2025-06-08,sleep_hours,3.6305541385825855,-1
2025-06-10,sleep_hours,3.606111618460608,-1
2025-06-15,sleep_hours,3.503174857327868,-1
2025-06-27,sleep_hours,10.696877331160795,-1
2025-07-18,sleep_hours,4.043442084584639,-1
2024-09-24,sleep_hours,3.6226704442048336,-1
2024-09-25,sleep_hours,10.118141157989134,-1
2024-10-29,sleep_hours,10.478703294270035,-1
2024-11-20,sleep_hours,10.020373999872865,-1
2024-12-04,sleep_hours,3.0722383421869752,-1
2024-12-07,sleep_hours,10.690025375130368,-1
2024-12-14,sleep_hours,10.17456154801879,-1
2024-12-17,sleep_hours,3.357871634772581,-1
2025-01-02,sleep_hours,4.045139617435864,-1
2025-01-09,sleep_hours,10.753964754646653,-1
2025-03-09,sleep_hours,10.329181601063093,-1
2025-04-09,sleep_hours,3.0,-1
2025-04-10,sleep_hours,10.902672609686997,-1
2025-04-13,sleep_hours,10.54690697793028,-1
2025-04-28,sleep_hours,3.856735206782997,-1
2025-05-10,sleep_hours,3.55288477855615,-1
2025-06-29,sleep_hours,10.868151709956004,-1
2025-08-01,sleep_hours,3.954105602398603,-1
2025-08-02,sleep_hours,10.008871463785674,-1
2025-08-10,sleep_hours,10.348934838990964,-1
2025-08-16,sleep_hours,10.586062266138466,-1
2024-09-07,sleep_hours,10.194036888189768,-1
2024-09-11,sleep_hours,10.5802976622005,-1
2024-09-25,sleep_hours,3.449678095517893,-1
2024-09-28,sleep_hours,10.273217509922766,-1
2024-10-01,sleep_hours,10.14719148191637,-1
2024-10-05,sleep_hours,11.604066769497308,-1
2024-10-06,sleep_hours,10.05070996456138,-1
2025-01-15,sleep_hours,10.24687630138258,-1
2025-01-23,sleep_hours,10.241534098593624,-1
2025-02-12,sleep_hours,3.452314459555489,-1
2025-02-14,sleep_hours,10.0596672395124,-1
2025-02-25,sleep_hours,9.96930473811392,-1
2025-04-07,sleep_hours,9.955180403682188,-1
2025-04-15,sleep_hours,10.633969116029922,-1
2025-05-14,sleep_hours,3.609556190056721,-1
2025-05-28,sleep_hours,3.639785252755836,-1
2025-06-18,sleep_hours,3.2372989178051177,-1
2025-06-20,sleep_hours,3.0,-1
2025-06-22,sleep_hours,10.27247919831303,-1
2025-07-25,sleep_hours,3.2767259926038905,-1
2025-08-08,sleep_hours,4.001845876525986,-1
2025-08-16,sleep_hours,11.641787582653947,-1
2025-08-18,sleep_hours,10.53690330141528,-1
2025-09-02,sleep_hours,3.814013512229579,-1
2024-10-16,sleep_hours,3.820786110817385,-1
2024-11-22,sleep_hours,3.547408528487604,-1
2024-12-20,sleep_hours,10.624065039201035,-1
2025-01-08,sleep_hours,3.959598906557235,-1
2025-01-29,sleep_hours,3.765033375288024,-1
2025-02-21,sleep_hours,3.0,-1
2025-03-13,sleep_hours,3.324272647129708,-1
2025-03-15,sleep_hours,10.443924562051077,-1
2025-04-09,sleep_hours,11.533162408705344,-1
2025-04-11,sleep_hours,11.315662443964676,-1
2025-05-04,sleep_hours,11.002459421976514,-1
2025-05-10,sleep_hours,9.972413297978475,-1
2025-05-17,sleep_hours,3.905670893803703,-1
2025-06-15,sleep_hours,3.625993990998616,-1
2025-07-13,sleep_hours,10.185060307065816,-1
2025-08-10,sleep_hours,3.936876085904912,-1
2025-08-12,sleep_hours,10.355664380963486,-1
2025-09-03,sleep_hours,10.72611051777544,-1
2025-09-05,sleep_hours,10.26041994533595,-1
2024-10-16,sleep_hours,10.216047402553311,-1
2024-12-01,sleep_hours,10.502144706959324,-1
2024-12-31,sleep_hours,3.801663399845508,-1
2025-01-07,sleep_hours,10.327467410526152,-1
2025-02-02,sleep_hours,3.0,-1
2025-02-26,sleep_hours,3.5593988256854496,-1
2025-03-07,sleep_hours,3.554732906808356,-1
2025-03-15,sleep_hours,10.081071290401194,-1
2025-03-23,sleep_hours,3.0,-1
2025-04-09,sleep_hours,9.979052497513456,-1
2025-04-20,sleep_hours,3.96638549928322,-1
2025-04-22,sleep_hours,11.148714953705593,-1
2025-05-05,sleep_hours,11.047741014283243,-1
2025-06-28,sleep_hours,10.407077626656614,-1
2025-07-12,sleep_hours,11.05694075859057,-1
2025-07-21,sleep_hours,3.330007047210195,-1
2025-07-28,sleep_hours,3.0,-1
2025-08-16,sleep_hours,10.515519500161814,-1
2024-10-08,sleep_hours,3.564185465438555,-1
2024-11-12,sleep_hours,3.999969505155661,-1
2024-11-15,sleep_hours,3.98133017909584,-1
2024-12-02,sleep_hours,9.967101662333071,-1
2024-12-05,sleep_hours,3.663098762939475,-1
2024-12-24,sleep_hours,3.8823400538049024,-1
2024-12-28,sleep_hours,3.4578530282280857,-1
2025-01-21,sleep_hours,3.3904902608677903,-1
2025-03-10,sleep_hours,3.3182706729101925,-1
2025-03-19,sleep_hours,10.119551690942252,-1
2025-03-20,sleep_hours,3.3871977338626604,-1
2025-04-07,sleep_hours,4.034924238526742,-1
2025-05-09,sleep_hours,3.883854142672793,-1
2025-05-13,sleep_hours,3.0,-1
2025-05-22,sleep_hours,3.678185333135658,-1
2025-05-31,sleep_hours,4.033931184297653,-1
2025-06-19,sleep_hours,3.978930904836537,-1
2025-07-22,sleep_hours,3.0,-1
2025-07-27,sleep_hours,11.147138333964287,-1
2025-08-14,sleep_hours,9.973613191296138,-1
2024-09-23,sleep_hours,3.0,-1
2024-10-24,sleep_hours,11.543417228988076,-1
2024-11-09,sleep_hours,3.612590275641436,-1
2024-11-23,sleep_hours,12.0,-1
2024-11-24,sleep_hours,10.779048294633554,-1
2024-12-26,sleep_hours,10.319793489807513,-1
2024-12-28,sleep_hours,3.974834842969632,-1
2025-01-03,sleep_hours,10.19333311409327,-1
2025-02-04,sleep_hours,10.082226307310826,-1
2025-02-06,sleep_hours,10.99107861419144,-1
2025-02-10,sleep_hours,3.8210762019695927,-1
2025-03-19,sleep_hours,10.651359317528366,-1
2025-03-27,sleep_hours,10.537441955261432,-1
2025-04-14,sleep_hours,3.4719473466941304,-1
2025-04-26,sleep_hours,10.393268104657858,-1
2025-05-13,sleep_hours,11.316123938327822,-1
2025-06-09,sleep_hours,10.782884765221189,-1
2025-06-28,sleep_hours,3.6979271474497617,-1
2025-06-30,sleep_hours,3.0,-1
2025-07-02,sleep_hours,11.186297316746357,-1
2025-07-21,sleep_hours,3.6468043854549945,-1
2025-08-16,sleep_hours,10.104390730446774,-1
2025-08-27,sleep_hours,3.730846681557475,-1
2025-09-05,sleep_hours,11.246431796697197,-1
2024-09-11,sleep_hours,3.600659847475715,-1
2024-09-14,sleep_hours,10.37355767898056,-1
2024-10-01,sleep_hours,3.259369036884437,-1
2024-10-05,sleep_hours,3.0,-1
2024-11-29,sleep_hours,10.189386316353303,-1
2025-01-03,sleep_hours,9.950595749762638,-1
2025-02-15,sleep_hours,10.56548241778151,-1
2025-03-26,sleep_hours,3.2574179439297284,-1
2025-04-05,sleep_hours,10.184862355052612,-1
2025-05-17,sleep_hours,10.0062205174453,-1
2025-07-26,sleep_hours,10.674273569432744,-1
2025-07-29,sleep_hours,9.958934792281594,-1
2024-09-14,sleep_hours,11.1356411287436,-1
2024-10-11,sleep_hours,3.964513998690442,-1
2024-11-09,sleep_hours,10.881535787475402,-1
2024-11-10,sleep_hours,10.010941347070384,-1
2024-12-11,sleep_hours,10.609373995462184,-1
2024-12-18,sleep_hours,10.662194115279608,-1
2024-12-24,sleep_hours,3.0,-1
2025-01-20,sleep_hours,10.137358520980182,-1
2025-04-03,sleep_hours,10.067883476291197,-1
2025-04-06,sleep_hours,10.289073432222786,-1
2025-05-18,sleep_hours,9.98214078128104,-1
2025-06-23,sleep_hours,3.520337773635121,-1
2025-06-30,sleep_hours,3.3241214273081034,-1
2025-08-21,sleep_hours,11.702944930409362,-1
2025-08-25,sleep_hours,3.0,-1
2024-09-13,sleep_hours,10.082702331442343,-1
2024-11-03,sleep_hours,3.741777788323838,-1
2024-11-09,sleep_hours,3.9367204624336902,-1
2024-12-08,sleep_hours,10.111909299865726,-1
2025-01-03,sleep_hours,3.4368428659689165,-1
2025-02-04,sleep_hours,3.966530845781487,-1
2025-02-23,sleep_hours,10.025448618099707,-1
2025-04-12,sleep_hours,3.6470148857475433,-1
2025-04-26,sleep_hours,10.257767418859292,-1
2025-05-04,sleep_hours,3.870881926635134,-1
2025-06-06,sleep_hours,3.724069564390966,-1
2025-06-29,sleep_hours,10.086398316107015,-1
2025-08-05,sleep_hours,10.644682482225434,-1
2025-08-30,sleep_hours,10.080399224493709,-1
2024-10-05,sleep_hours,10.18937891721607,-1
2024-11-28,sleep_hours,10.040362757947772,-1
2024-12-26,sleep_hours,3.835348928580977,-1
2025-01-17,sleep_hours,3.0,-1
2025-01-21,sleep_hours,9.98569964412849,-1
2025-02-04,sleep_hours,10.428893425638377,-1
2025-02-13,sleep_hours,3.996200816871725,-1
2025-03-11,sleep_hours,10.456055994223435,-1
2025-03-14,sleep_hours,10.064027508196196,-1
2025-03-25,sleep_hours,9.956610073292325,-1
2025-04-07,sleep_hours,10.13801142266009,-1
2025-05-03,sleep_hours,3.534627048525418,-1
2025-06-21,sleep_hours,10.014239430110962,-1
2025-08-04,sleep_hours,3.9034538224609214,-1
2025-08-17,sleep_hours,3.70949967493393,-1
2025-08-22,sleep_hours,3.0,-1
2025-08-23,sleep_hours,3.0,-1
2025-08-28,sleep_hours,3.150237367863109,-1
2024-09-09,sleep_hours,10.807846449103074,-1
2024-09-11,sleep_hours,3.0,-1
2024-10-18,sleep_hours,3.120068539285752,-1
2024-10-21,sleep_hours,10.090890031297352,-1
2024-10-30,sleep_hours,3.0,-1
2024-10-31,sleep_hours,3.8462176780696433,-1
2024-12-28,sleep_hours,11.052035968921953,-1
2025-01-04,sleep_hours,3.95262746704839,-1
2025-01-09,sleep_hours,3.8296669329263455,-1
2025-02-16,sleep_hours,3.357082457602837,-1
2025-03-25,sleep_hours,3.9570511800492856,-1
2025-04-12,sleep_hours,10.178868574850895,-1
2025-04-21,sleep_hours,10.489670861313698,-1
2025-05-07,sleep_hours,10.677435676734088,-1
2025-05-12,sleep_hours,10.013762224249248,-1
2025-07-22,sleep_hours,3.2465676355413224,-1
2025-08-04,sleep_hours,3.000619564665248,-1
2025-08-06,sleep_hours,10.213297089879203,-1
2025-08-16,sleep_hours,3.841195539813533,-1
2025-08-20,sleep_hours,10.270398374207712,-1
2024-09-11,sleep_hours,3.9003644052573216,-1
2024-09-19,sleep_hours,3.0,-1
2024-09-23,sleep_hours,10.38663352055806,-1
2024-09-26,sleep_hours,10.80181503369056,-1
2024-10-16,sleep_hours,3.0,-1
2024-12-01,sleep_hours,10.124524810561477,-1
2024-12-16,sleep_hours,3.366929687792612,-1
2024-12-18,sleep_hours,10.32822382325524,-1
2025-01-03,sleep_hours,3.492268123146001,-1
2025-01-12,sleep_hours,3.0,-1
2025-02-13,sleep_hours,3.447781580195535,-1
2025-02-14,sleep_hours,3.9078665622232096,-1
2025-03-05,sleep_hours,10.068206000845857,-1
2025-04-03,sleep_hours,10.300861298744248,-1
2025-05-02,sleep_hours,10.80244057946394,-1
2025-05-11,sleep_hours,3.8296737152679263,-1
2025-05-21,sleep_hours,3.0,-1
2025-06-01,sleep_hours,10.965344912280976,-1
2025-06-02,sleep_hours,10.55179832057393,-1
2025-07-05,sleep_hours,3.923533966717724,-1
2025-08-06,sleep_hours,10.124234152001984,-1
2025-08-22,sleep_hours,3.2628275988984177,-1
2025-09-01,sleep_hours,4.020118191847365,-1
2024-09-11,sleep_hours,3.0,-1
2024-09-26,sleep_hours,3.641405804180919,-1
2024-12-12,sleep_hours,3.342033564255217,-1
2024-12-20,sleep_hours,3.766275791341681,-1
2024-12-23,sleep_hours,10.114571513254235,-1
2024-12-30,sleep_hours,3.493446673592308,-1
2025-01-03,sleep_hours,4.03823833996688,-1
2025-01-16,sleep_hours,3.683941832127251,-1
2025-01-25,sleep_hours,4.020113018791362,-1
2025-02-05,sleep_hours,10.913948181041444,-1
2025-02-10,sleep_hours,10.138217041179471,-1
2025-02-22,sleep_hours,10.594135026025052,-1
2025-02-25,sleep_hours,10.254066538870283,-1
2025-02-26,sleep_hours,3.9853649300796,-1
2025-03-02,sleep_hours,10.159122863809037,-1
2025-03-27,sleep_hours,3.0,-1
2025-04-18,sleep_hours,10.497910127944431,-1
2025-05-01,sleep_hours,4.051271990812475,-1
2025-05-06,sleep_hours,3.0,-1
2025-07-09,sleep_hours,10.610641201796128,-1
2025-08-13,sleep_hours,10.064556531986838,-1
2025-08-28,sleep_hours,3.871803502574269,-1
2024-09-28,sleep_hours,3.167342370839333,-1
2024-11-23,sleep_hours,3.1976259162941867,-1
2024-12-03,sleep_hours,10.778500659342187,-1
2025-02-01,sleep_hours,10.344166611842558,-1
2025-02-03,sleep_hours,3.478691166914791,-1
2025-02-11,sleep_hours,9.98759980783382,-1
2025-03-19,sleep_hours,3.0,-1
2025-04-10,sleep_hours,3.624715659858037,-1
2025-05-05,sleep_hours,3.750351841467486,-1
2025-05-12,sleep_hours,3.0790072159109174,-1
2025-05-30,sleep_hours,3.0,-1
2025-06-20,sleep_hours,3.940303398640177,-1
2024-10-06,sleep_hours,3.24458757283007,-1
2024-10-07,sleep_hours,3.2757408267313948,-1
2024-10-17,sleep_hours,10.204673174855042,-1
2024-11-04,sleep_hours,3.0,-1
2024-11-06,sleep_hours,11.930811237651197,-1
2024-12-06,sleep_hours,10.296969980965988,-1
2024-12-23,sleep_hours,3.5428327534956683,-1
2025-01-18,sleep_hours,10.845024154646248,-1
2025-01-31,sleep_hours,3.657230287668608,-1
2025-02-24,sleep_hours,3.9470509818430335,-1
2025-03-16,sleep_hours,3.158008025811584,-1
2025-03-27,sleep_hours,3.122753107764325,-1
2025-05-01,sleep_hours,10.0607842326703,-1
2025-05-22,sleep_hours,10.756819964179234,-1
2025-07-20,sleep_hours,10.244948837846133,-1
2025-09-01,sleep_hours,9.977032766277553,-1
2024-09-08,sleep_hours,10.044913338716087,-1
2024-10-04,sleep_hours,11.896007475917465,-1
2024-10-09,sleep_hours,3.841471071891168,-1
2024-11-11,sleep_hours,11.115760353634217,-1
2024-11-23,sleep_hours,3.976148585813431,-1
2024-11-24,sleep_hours,10.302127242762712,-1
2024-11-29,sleep_hours,11.29829893728812,-1
2024-12-10,sleep_hours,3.6861211596110985,-1
2024-12-21,sleep_hours,4.0124651177589,-1
2025-01-07,sleep_hours,3.5190622183787585,-1
2025-01-14,sleep_hours,10.205970332584004,-1
2025-01-22,sleep_hours,10.132704696693652,-1
2025-01-23,sleep_hours,10.136521351299027,-1
2025-02-06,sleep_hours,10.348453608053465,-1
2025-02-27,sleep_hours,10.366748715659904,-1
2025-03-25,sleep_hours,3.630140519218036,-1
2025-04-21,sleep_hours,3.579143108475737,-1
2025-05-11,sleep_hours,3.706092578029737,-1
2025-05-19,sleep_hours,3.0,-1
2025-05-20,sleep_hours,3.1276138674710348,-1
2025-05-24,sleep_hours,3.929568369468405,-1
2025-05-26,sleep_hours,9.936660412547848,-1
2025-07-07,sleep_hours,10.378090537530614,-1
2025-08-11,sleep_hours,10.43672759520671,-1
2025-08-17,sleep_hours,3.448535594246396,-1
2024-10-26,sleep_hours,3.529837930363856,-1
2024-11-04,sleep_hours,10.79159978203734,-1
2024-11-12,sleep_hours,11.072222423217749,-1
2024-11-16,sleep_hours,12.0,-1
2024-12-04,sleep_hours,10.06216958842648,-1
2024-12-15,sleep_hours,10.018366702187636,-1
2024-12-21,sleep_hours,10.439592975789711,-1
2025-02-06,sleep_hours,9.99018212708796,-1
2025-03-07,sleep_hours,3.837397036565138,-1
2025-04-23,sleep_hours,3.616979697083145,-1
2025-05-22,sleep_hours,10.52994800446259,-1
2025-06-12,sleep_hours,10.377277447974382,-1
2025-06-14,sleep_hours,3.994920048973998,-1
2025-07-01,sleep_hours,3.307738088587434,-1
2025-07-13,sleep_hours,3.729633550949663,-1
2025-08-12,sleep_hours,10.490140713979237,-1
2025-08-16,sleep_hours,10.658488249833756,-1
2025-08-29,sleep_hours,11.039823862189026,-1
2024-09-07,sleep_hours,10.124213655589124,-1
2024-09-18,sleep_hours,10.534407845878036,-1
2024-09-29,sleep_hours,10.355588566143537,-1
2024-10-03,sleep_hours,3.185004914483348,-1
2024-10-11,sleep_hours,10.782359970354584,-1
2024-10-17,sleep_hours,9.934026571858851,-1
2024-10-25,sleep_hours,3.872508802167924,-1
2024-12-04,sleep_hours,3.971527531631973,-1
2024-12-29,sleep_hours,10.170647785630162,-1
2025-03-26,sleep_hours,11.01796140695534,-1
2025-04-19,sleep_hours,3.0,-1
2025-04-20,sleep_hours,10.410713234922367,-1
2025-05-12,sleep_hours,3.957377066931474,-1
2025-05-26,sleep_hours,3.989831523967994,-1
2025-05-31,sleep_hours,10.986072100003504,-1
2025-06-14,sleep_hours,10.111043730767824,-1
2025-08-22,sleep_hours,10.283691628893733,-1
2025-08-24,sleep_hours,3.853466397797365,-1
2024-10-08,sleep_hours,9.955333221998554,-1
2024-12-12,sleep_hours,10.326687931099972,-1
2025-01-21,sleep_hours,4.003524970386452,-1
2025-02-06,sleep_hours,10.59952322711586,-1
2025-04-06,sleep_hours,3.879191339170119,-1
2025-07-04,sleep_hours,3.872933275308192,-1
2025-08-02,sleep_hours,3.2711429719957774,-1
2025-08-03,sleep_hours,10.001349011628562,-1
2025-08-10,sleep_hours,3.656156407732517,-1
2025-08-16,sleep_hours,10.463459323805909,-1
2025-08-28,sleep_hours,3.220221918002588,-1
2024-09-12,sleep_hours,10.37340365092152,-1
2024-10-28,sleep_hours,9.95445630009838,-1
2024-10-29,sleep_hours,3.894753880131659,-1
2024-11-14,sleep_hours,3.3374896271307266,-1
2024-11-22,sleep_hours,10.013321193169014,-1
2025-02-01,sleep_hours,10.224082152753482,-1
2025-02-15,sleep_hours,3.227259945130948,-1
2025-03-01,sleep_hours,10.835033809912812,-1
2025-03-04,sleep_hours,3.301345802093377,-1
2025-03-13,sleep_hours,11.367252588376608,-1
2025-03-16,sleep_hours,10.53347955670267,-1
2025-03-17,sleep_hours,3.8215712614006616,-1
2025-03-22,sleep_hours,3.531217294950037,-1
2025-04-21,sleep_hours,3.505827387405145,-1
2025-04-25,sleep_hours,3.730076959435898,-1
2025-04-26,sleep_hours,3.377073095826459,-1
2025-05-15,sleep_hours,10.147240802835483,-1
2025-06-12,sleep_hours,12.0,-1
2025-06-18,sleep_hours,3.7668737942082062,-1
2025-07-07,sleep_hours,3.965015305162946,-1
2025-07-18,sleep_hours,9.98610438165751,-1
2025-08-08,sleep_hours,3.70446965936434,-1
2025-08-19,sleep_hours,10.09274122727684,-1
2025-08-23,sleep_hours,11.296400449065798,-1
2025-09-01,sleep_hours,3.0,-1
2024-09-08,sleep_hours,11.339640087129148,-1
2024-09-20,sleep_hours,3.25017144465275,-1
2024-09-27,sleep_hours,11.30985281501606,-1
2024-09-28,sleep_hours,10.375833811149455,-1
2024-10-09,sleep_hours,10.380759398084225,-1
2024-11-27,sleep_hours,3.0,-1
2024-12-23,sleep_hours,3.0,-1
2025-03-19,sleep_hours,3.891312850256742,-1
2025-04-01,sleep_hours,3.7433492058651696,-1
2025-04-15,sleep_hours,3.0,-1
2025-04-29,sleep_hours,11.488137571867902,-1
2025-05-06,sleep_hours,10.423311062382304,-1
2025-06-02,sleep_hours,10.220790712654782,-1
2025-07-17,sleep_hours,3.3729158530898333,-1
2025-08-13,sleep_hours,3.0,-1
2024-11-19,sleep_hours,10.856301463418024,-1
2024-12-24,sleep_hours,10.007073786623517,-1
2025-01-18,sleep_hours,3.5429057368667944,-1
2025-01-29,sleep_hours,3.1175493274792823,-1
2025-01-31,sleep_hours,3.952220849480796,-1
2025-02-04,sleep_hours,11.023399514460438,-1
2025-02-14,sleep_hours,3.0,-1
2025-02-15,sleep_hours,10.396164746378886,-1
2025-04-02,sleep_hours,3.1779496452272964,-1
2025-04-24,sleep_hours,10.146807734396464,-1
2025-06-07,sleep_hours,3.71216066022306,-1
2025-06-12,sleep_hours,3.242259499131261,-1
2025-07-22,sleep_hours,3.458246774748942,-1
2025-08-01,sleep_hours,4.006707102765721,-1
2025-08-30,sleep_hours,10.482152726395674,-1
2024-09-08,sleep_hours,10.880887461539617,-1
2024-09-14,sleep_hours,3.0,-1
2024-09-26,sleep_hours,4.011987253974636,-1
2024-10-23,sleep_hours,9.993600160691582,-1
2024-12-16,sleep_hours,10.82139113042754,-1
2025-02-20,sleep_hours,10.12439918484893,-1
2025-03-12,sleep_hours,3.775562650018931,-1
2025-03-13,sleep_hours,10.518229784903609,-1
2025-03-21,sleep_hours,10.04307219883967,-1
2025-03-25,sleep_hours,3.910020067853088,-1
2025-04-10,sleep_hours,10.017298155481615,-1
2025-04-25,sleep_hours,3.745867867586731,-1
2025-04-26,sleep_hours,3.8961553874570303,-1
2025-04-27,sleep_hours,4.003565271672337,-1
2025-05-13,sleep_hours,3.9064310664885062,-1
2025-06-05,sleep_hours,3.966460525151134,-1
2025-07-01,sleep_hours,3.0,-1
2025-08-05,sleep_hours,3.8324500171360745,-1
2025-08-13,sleep_hours,9.972125452932804,-1
2025-08-14,sleep_hours,3.861393797483804,-1
2025-08-19,sleep_hours,3.9141271535092033,-1
2024-09-22,sleep_hours,4.051076683812511,-1
2024-09-24,sleep_hours,10.63776837278716,-1
2024-09-30,sleep_hours,10.14342547554605,-1
2024-10-02,sleep_hours,10.514955108781544,-1
2024-10-11,sleep_hours,3.239577787408221,-1
2024-10-13,sleep_hours,3.4698971022310747,-1
2024-10-28,sleep_hours,3.7901111460665113,-1
2024-11-09,sleep_hours,3.985575445291037,-1
2024-11-15,sleep_hours,10.976146167423805,-1
2024-11-29,sleep_hours,11.566522006531166,-1
2024-12-17,sleep_hours,3.0874628830997723,-1
2025-02-01,sleep_hours,3.0,-1
2025-02-24,sleep_hours,3.799197601491503,-1
2025-03-06,sleep_hours,3.998860522722193,-1
2025-03-16,sleep_hours,10.003631922756302,-1
2025-03-23,sleep_hours,10.791230837686555,-1
2025-03-29,sleep_hours,10.089996826749164,-1
2025-04-15,sleep_hours,3.33633300120314,-1
2025-05-11,sleep_hours,3.0,-1
2025-05-26,sleep_hours,3.798808601670288,-1
2025-06-25,sleep_hours,3.580300126314861,-1
2025-07-05,sleep_hours,3.4035646643001085,-1
2025-07-19,sleep_hours,3.699285986921293,-1
2025-07-30,sleep_hours,3.7772106078607406,-1
2025-08-09,sleep_hours,10.629099612646254,-1
2025-08-10,sleep_hours,3.0,-1
2025-08-19,sleep_hours,11.666964025989405,-1
2024-09-09,sleep_hours,11.818396188611146,-1
2024-11-01,sleep_hours,3.082270241327633,-1
2024-11-06,sleep_hours,9.976971848593044,-1
2024-11-17,sleep_hours,3.9507705650565024,-1
2024-12-02,sleep_hours,3.3908806753407963,-1
2024-12-03,sleep_hours,3.0,-1
2024-12-22,sleep_hours,3.0,-1
2025-02-06,sleep_hours,10.73127438340571,-1
2025-02-12,sleep_hours,10.182852111636969,-1
2025-02-28,sleep_hours,10.767871989601318,-1
2025-05-12,sleep_hours,3.3422188664704424,-1
2025-05-29,sleep_hours,3.54475888318706,-1
2025-07-12,sleep_hours,11.19429130946062,-1
2025-08-31,sleep_hours,10.941918366526371,-1
2024-10-11,sleep_hours,10.169761349270768,-1
2024-10-12,sleep_hours,3.786774852534331,-1
2024-10-28,sleep_hours,11.137564766234084,-1
2024-11-14,sleep_hours,3.752436201842268,-1
2024-11-28,sleep_hours,10.338817883307971,-1
2024-12-03,sleep_hours,3.4414369756028904,-1
2024-12-17,sleep_hours,10.470013749960607,-1
2025-01-04,sleep_hours,3.5247157653143324,-1
2025-04-15,sleep_hours,10.457571548562944,-1
2025-04-19,sleep_hours,9.95112710619238,-1
2025-05-14,sleep_hours,3.0,-1
2025-06-29,sleep_hours,3.0,-1
2025-07-03,sleep_hours,3.728123681498437,-1
2025-07-08,sleep_hours,3.0,-1
2025-08-02,sleep_hours,3.557858263006107,-1
2025-08-12,sleep_hours,9.966477122133004,-1
2025-08-24,sleep_hours,10.172429989572858,-1
2025-09-03,sleep_hours,3.8821961222422607,-1
2024-09-24,sleep_hours,3.932303084022121,-1
2024-09-26,sleep_hours,10.234604605378877,-1
2024-10-09,sleep_hours,10.051360307815436,-1
2024-10-25,sleep_hours,10.07505658874062,-1
2024-10-27,sleep_hours,3.642312397124551,-1
2024-11-09,sleep_hours,3.997990498839624,-1
2024-12-25,sleep_hours,9.967977846349692,-1
2024-12-31,sleep_hours,9.958792393099571,-1
2025-01-22,sleep_hours,10.063658337283432,-1
2025-02-01,sleep_hours,10.278294065826948,-1
2025-02-13,sleep_hours,3.771573967512168,-1
2025-03-14,sleep_hours,3.870773013224541,-1
2025-05-05,sleep_hours,4.019764352454919,-1
2025-06-30,sleep_hours,10.262132149324994,-1
2025-07-27,sleep_hours,3.0,-1
2025-08-10,sleep_hours,11.401896161935458,-1
2024-11-02,sleep_hours,10.524874987265983,-1
2024-11-08,sleep_hours,3.934284715773936,-1
2024-12-02,sleep_hours,3.4382310646948007,-1
2024-12-10,sleep_hours,10.31025395605624,-1
2024-12-21,sleep_hours,10.354444420681716,-1
2024-12-22,sleep_hours,3.9899146418520166,-1
2025-02-23,sleep_hours,10.088119674564188,-1
2025-04-01,sleep_hours,3.9105435230621928,-1
2025-04-04,sleep_hours,10.753286691762677,-1
2025-05-18,sleep_hours,10.08004576578638,-1
2025-05-23,sleep_hours,4.0459424405201165,-1
2025-07-25,sleep_hours,3.6485228181127063,-1
2025-09-04,sleep_hours,3.9679495931994286,-1
2024-09-14,sleep_hours,3.645316834648261,-1
2024-09-19,sleep_hours,3.930052835557869,-1
2024-11-09,sleep_hours,12.0,-1
2024-12-02,sleep_hours,11.965894642266653,-1
2024-12-07,sleep_hours,10.337555519551202,-1
2025-02-18,sleep_hours,11.295634611459167,-1
2025-03-09,sleep_hours,10.520488304706618,-1
2025-03-12,sleep_hours,11.243398200637191,-1
2025-03-23,sleep_hours,10.020733337948004,-1
2025-05-13,sleep_hours,3.17001941577823,-1
2025-05-28,sleep_hours,3.693282631052917,-1
2025-08-31,sleep_hours,3.259982187081832,-1
2024-09-19,sleep_hours,10.606790065929394,-1
2024-09-26,sleep_hours,3.946989811710871,-1
2024-10-01,sleep_hours,3.813536863682022,-1
2024-10-04,sleep_hours,3.326727805113351,-1
2024-10-13,sleep_hours,3.0584800776451404,-1
2024-10-19,sleep_hours,10.873941930014734,-1
2024-11-07,sleep_hours,10.12610248357171,-1
2024-11-27,sleep_hours,3.569702797475269,-1
2024-12-11,sleep_hours,3.705428155234445,-1
2024-12-31,sleep_hours,10.38597746921558,-1
2025-01-18,sleep_hours,3.740029490061822,-1
2025-02-07,sleep_hours,9.969164937401745,-1
2025-03-11,sleep_hours,3.4698287384178634,-1
2025-04-22,sleep_hours,3.75855533135244,-1
2025-04-28,sleep_hours,3.44690097225422,-1
2025-05-01,sleep_hours,3.6660973861140818,-1
2025-05-07,sleep_hours,10.987461958794434,-1
2025-05-12,sleep_hours,10.091643233846767,-1
2025-06-04,sleep_hours,4.022603652729858,-1
2025-06-26,sleep_hours,3.614719392768173,-1
2025-08-02,sleep_hours,3.0,-1
2025-08-09,sleep_hours,3.90245290452743,-1
2025-08-16,sleep_hours,9.957211448484411,-1
2025-08-25,sleep_hours,9.954264650330652,-1
2024-09-21,sleep_hours,10.308093720342766,-1
2024-09-28,sleep_hours,3.0,-1
2024-10-08,sleep_hours,10.276216875046725,-1
2024-10-14,sleep_hours,3.0,-1
2024-11-10,sleep_hours,3.682944959883488,-1
2024-11-30,sleep_hours,3.2690340091087373,-1
2024-12-08,sleep_hours,3.816320972873712,-1
2025-01-01,sleep_hours,3.0278167425040934,-1
2025-01-26,sleep_hours,10.408183602555432,-1
2025-02-12,sleep_hours,10.70955374575103,-1
2025-02-15,sleep_hours,3.5017530924358597,-1
2025-03-02,sleep_hours,11.259224646209756,-1
2025-03-11,sleep_hours,9.956333058676574,-1
2025-04-04,sleep_hours,3.0970888255747,-1
2025-04-22,sleep_hours,3.0,-1
2025-07-02,sleep_hours,10.253475111356083,-1
2025-07-06,sleep_hours,3.86600657673614,-1
2025-07-15,sleep_hours,10.7504604217947,-1
2025-08-03,sleep_hours,3.037713394019503,-1
2025-08-04,sleep_hours,12.0,-1
2025-08-15,sleep_hours,3.513401402592754,-1
2024-10-20,sleep_hours,10.611100438350594,-1
2024-11-10,sleep_hours,3.8697839327857153,-1
2024-11-24,sleep_hours,3.0,-1
2024-12-18,sleep_hours,10.27534680164301,-1
2024-12-31,sleep_hours,3.841364776799493,-1
2025-01-02,sleep_hours,10.014134745610043,-1
2025-01-06,sleep_hours,11.190670018145628,-1
2025-01-13,sleep_hours,10.46903237017793,-1
2025-01-24,sleep_hours,10.34703666714321,-1
2025-01-25,sleep_hours,10.001504925912789,-1
2025-01-26,sleep_hours,10.010179660295908,-1
2025-03-09,sleep_hours,3.223879325875849,-1
2025-03-13,sleep_hours,3.0,-1
2025-03-30,sleep_hours,4.036801604394706,-1
2025-03-31,sleep_hours,10.461944096032232,-1
2025-04-04,sleep_hours,3.341339972649939,-1
2025-04-14,sleep_hours,3.4042632598221285,-1
2025-04-16,sleep_hours,10.341808448008,-1
2025-05-03,sleep_hours,11.374776446041578,-1
2025-05-24,sleep_hours,10.084667430662536,-1
2025-05-28,sleep_hours,3.434758850787418,-1
2025-06-11,sleep_hours,3.0,-1
2025-06-27,sleep_hours,10.19248595240563,-1
2025-07-17,sleep_hours,10.080016914393417,-1
2025-07-20,sleep_hours,3.3403870058369884,-1
2025-07-26,sleep_hours,3.306162323605256,-1
2025-07-29,sleep_hours,3.988296291089735,-1
2025-08-26,sleep_hours,10.344080879189626,-1
2024-09-27,sleep_hours,3.28947568491296,-1
2024-10-26,sleep_hours,10.345918284301924,-1
2024-12-07,sleep_hours,10.931481640491278,-1
2024-12-10,sleep_hours,3.428876144332176,-1
2024-12-15,sleep_hours,3.591433561190514,-1
2024-12-19,sleep_hours,3.231851870004011,-1
2025-01-08,sleep_hours,3.891192849009944,-1
2025-01-28,sleep_hours,3.847047294310056,-1
2025-03-06,sleep_hours,3.725137369726379,-1
2025-03-14,sleep_hours,3.936472697820518,-1
2025-03-24,sleep_hours,10.458833342635222,-1
2025-03-29,sleep_hours,3.710980476286554,-1
2025-05-02,sleep_hours,3.9537640959114704,-1
2025-06-06,sleep_hours,3.9938275077110137,-1
2025-06-19,sleep_hours,10.596115828212328,-1
2025-07-28,sleep_hours,3.8444359387296654,-1
2025-08-01,sleep_hours,10.158201251624728,-1
2025-08-12,sleep_hours,3.6239868256994,-1
2025-08-28,sleep_hours,11.687258928398895,-1
2025-09-04,sleep_hours,10.388227149327086,-1
2024-09-28,sleep_hours,10.422342623897835,-1
2024-09-29,sleep_hours,10.15749732049525,-1
2024-10-11,sleep_hours,10.564830094644382,-1
2024-10-23,sleep_hours,4.018681831592232,-1
2024-10-31,sleep_hours,3.6217802662418914,-1
2024-11-06,sleep_hours,3.664323655165616,-1
2024-11-29,sleep_hours,3.870061167330218,-1
2024-12-06,sleep_hours,3.0,-1
2024-12-22,sleep_hours,10.17485471141102,-1
2024-12-23,sleep_hours,3.79293537646531,-1
2024-12-27,sleep_hours,10.251862754616116,-1
2025-02-02,sleep_hours,10.01086758548442,-1
2025-02-17,sleep_hours,3.887687179236991,-1
2025-03-02,sleep_hours,10.746250280063318,-1
2025-04-17,sleep_hours,10.096334000236984,-1
2025-05-08,sleep_hours,3.7078895263985,-1
2025-06-15,sleep_hours,3.681533088419575,-1
2025-06-27,sleep_hours,10.167799434863008,-1
2025-08-19,sleep_hours,10.06517778918202,-1
2025-08-25,sleep_hours,3.6321686523780095,-1
2025-09-04,sleep_hours,3.0,-1
2024-11-27,sleep_hours,10.89442878464719,-1
2024-11-29,sleep_hours,3.353699316181004,-1
2024-12-15,sleep_hours,10.84722364116518,-1
2025-01-01,sleep_hours,10.292863861400155,-1
2025-01-30,sleep_hours,10.09459980892346,-1
2025-02-01,sleep_hours,10.081794369730154,-1
2025-02-27,sleep_hours,10.577125564618765,-1
2025-03-13,sleep_hours,9.95280600025032,-1
2025-05-17,sleep_hours,10.048695565885788,-1
2025-05-20,sleep_hours,10.20927048761608,-1
2025-06-09,sleep_hours,10.699910188915704,-1
2025-06-28,sleep_hours,9.961047126969724,-1
2025-07-09,sleep_hours,10.606374053506132,-1
2025-07-22,sleep_hours,10.229829728418636,-1
2025-08-15,sleep_hours,3.0,-1
2025-08-28,sleep_hours,3.0,-1
2024-09-12,sleep_hours,3.9277050842646055,-1
2024-10-02,sleep_hours,3.928236773240077,-1
2024-10-03,sleep_hours,9.947821806172485,-1
2024-11-22,sleep_hours,10.272180940519537,-1
2024-11-23,sleep_hours,10.395363484914142,-1
2024-12-11,sleep_hours,10.459102741430046,-1
2024-12-12,sleep_hours,3.3002570703210363,-1
2024-12-14,sleep_hours,3.858609106617009,-1
2025-01-10,sleep_hours,3.9569476097810337,-1
2025-02-01,sleep_hours,11.118911175758328,-1
2025-02-02,sleep_hours,3.0,-1
2025-02-16,sleep_hours,10.111182234353462,-1
2025-04-10,sleep_hours,3.0,-1
2025-04-24,sleep_hours,3.37106685018539,-1
2025-05-11,sleep_hours,10.489946804179064,-1
2025-06-23,sleep_hours,3.0,-1
2025-06-26,sleep_hours,3.806449641801376,-1
2025-07-01,sleep_hours,3.739156940201386,-1
2025-08-02,sleep_hours,3.774925911743255,-1
2025-08-21,sleep_hours,11.554790060657696,-1
2025-09-05,sleep_hours,9.961516185341418,-1
2024-10-01,sleep_hours,10.155773733075542,-1
2024-10-15,sleep_hours,3.598035308282778,-1
2024-10-21,sleep_hours,10.391360234023498,-1
2024-10-28,sleep_hours,10.402682748487845,-1
2025-01-04,sleep_hours,10.755799934243962,-1
2025-01-21,sleep_hours,10.582360125370077,-1
2025-02-01,sleep_hours,9.99811829661473,-1
2025-02-06,sleep_hours,10.09830064071036,-1
2025-02-10,sleep_hours,3.4571667596695006,-1
2025-02-20,sleep_hours,9.991953897200666,-1
2025-04-20,sleep_hours,3.025905846475472,-1
2025-04-30,sleep_hours,3.30050521037834,-1
2025-05-06,sleep_hours,10.165008805690912,-1
2025-05-24,sleep_hours,10.288059307889766,-1
2025-06-04,sleep_hours,10.53220429414472,-1
2025-06-05,sleep_hours,3.622282398326902,-1
2025-06-27,sleep_hours,11.417531097558811,-1
2025-07-19,sleep_hours,9.95232684501092,-1
2025-07-26,sleep_hours,3.0,-1
2025-08-22,sleep_hours,11.110236333528425,-1
2025-08-26,sleep_hours,3.7569270757749096,-1
2025-09-02,sleep_hours,10.055081719106742,-1
2024-12-30,sleep_hours,3.642567414146721,-1
2025-02-07,sleep_hours,3.0,-1
2025-03-07,sleep_hours,10.195895887846898,-1
2025-03-11,sleep_hours,10.960604264124242,-1
2025-03-15,sleep_hours,3.95825305375039,-1
2025-04-11,sleep_hours,3.3392528626979385,-1
2025-05-02,sleep_hours,10.603117215703053,-1
2025-05-06,sleep_hours,11.47065356694236,-1
2025-06-02,sleep_hours,10.054781673325463,-1
2025-06-03,sleep_hours,3.9235362792269934,-1
2025-08-02,sleep_hours,10.386736911432155,-1
2025-08-17,sleep_hours,10.404119978200162,-1
2024-12-09,sleep_hours,10.539227839660244,-1
2025-01-09,sleep_hours,10.79228697253281,-1
2025-03-09,sleep_hours,3.5239044979988705,-1
2025-04-04,sleep_hours,10.43943619475047,-1
2025-05-19,sleep_hours,3.986821223675459,-1
2025-06-14,sleep_hours,9.96084755305657,-1
2025-06-18,sleep_hours,3.759845310854669,-1
2025-07-12,sleep_hours,3.87751091931094,-1
2025-07-19,sleep_hours,10.03385010332912,-1
2025-07-20,sleep_hours,10.611582221987051,-1
2025-07-24,sleep_hours,10.402801522069776,-1
2024-09-12,sleep_hours,3.0,-1
2024-10-04,sleep_hours,11.08001549441428,-1
2025-01-16,sleep_hours,3.528720572057089,-1
2025-01-17,sleep_hours,10.394470384102618,-1
2025-02-09,sleep_hours,3.916856070599408,-1
2025-02-16,sleep_hours,11.785077856837193,-1
2025-03-06,sleep_hours,3.573506570543586,-1
2025-03-25,sleep_hours,10.165816580674402,-1
2025-04-26,sleep_hours,3.1431989014334967,-1
2025-05-04,sleep_hours,10.467191178177703,-1
2025-05-11,sleep_hours,3.843983793074431,-1
2025-05-16,sleep_hours,10.14299356216354,-1
2025-06-18,sleep_hours,10.08828056032781,-1
2025-07-18,sleep_hours,3.0,-1
2025-07-23,sleep_hours,3.654209226067564,-1
2025-07-30,sleep_hours,4.036296820808159,-1
2025-08-05,sleep_hours,3.3228531458422697,-1
2025-08-11,sleep_hours,10.342953153107322,-1
2025-08-17,sleep_hours,9.932870593164086,-1
2024-10-27,sleep_hours,3.435626701270325,-1
2024-10-30,sleep_hours,10.161425260518776,-1
2024-12-03,sleep_hours,11.6423368403646,-1
2024-12-24,sleep_hours,10.568872465693875,-1
2025-02-25,sleep_hours,10.885393149561164,-1
2025-03-04,sleep_hours,3.0,-1
2025-04-04,sleep_hours,10.255218705068897,-1
2025-04-06,sleep_hours,3.929820155851969,-1
2025-04-19,sleep_hours,10.167142454622269,-1
2025-06-11,sleep_hours,10.099399573742655,-1
2025-07-27,sleep_hours,3.0,-1
2025-08-21,sleep_hours,10.85955325170776,-1
2024-09-16,sleep_hours,3.8656058698496105,-1
2024-11-02,sleep_hours,10.07111297427555,-1
2025-01-03,sleep_hours,3.5264686798681995,-1
2025-02-05,sleep_hours,10.369375609029266,-1
2025-03-02,sleep_hours,3.57865165978103,-1
2025-04-03,sleep_hours,10.060473462456336,-1
2025-05-01,sleep_hours,10.774305206620824,-1
2025-06-04,sleep_hours,3.532588345442341,-1
2025-06-19,sleep_hours,10.058517967093788,-1
2025-06-30,sleep_hours,3.985736720675088,-1
2025-07-27,sleep_hours,10.130189124353,-1
2024-09-12,sleep_hours,3.7397849102749374,-1
2024-09-28,sleep_hours,3.0,-1
2024-10-10,sleep_hours,3.0,-1
2024-10-31,sleep_hours,3.9644464192617432,-1
2024-11-10,sleep_hours,3.132678065057969,-1
2024-11-29,sleep_hours,3.5223721156562373,-1
2024-12-11,sleep_hours,3.768017988744333,-1
2025-02-10,sleep_hours,3.0,-1
2025-02-12,sleep_hours,10.69874748037829,-1
2025-02-20,sleep_hours,11.20810239607542,-1
2025-02-23,sleep_hours,3.72505240257649,-1
2025-03-20,sleep_hours,10.706086165419006,-1
2025-03-22,sleep_hours,10.241547444664503,-1
2025-03-24,sleep_hours,3.541187086670716,-1
2025-03-28,sleep_hours,10.038304903752822,-1
2025-03-31,sleep_hours,3.4856082124971133,-1
2025-04-12,sleep_hours,10.80397071931112,-1
2025-04-17,sleep_hours,3.911111923027716,-1
2025-04-21,sleep_hours,9.997206200976962,-1
2025-05-02,sleep_hours,10.103720345128044,-1
2025-05-03,sleep_hours,9.93865385024137,-1
2025-05-10,sleep_hours,10.480122778026058,-1
2025-05-26,sleep_hours,10.40436614310283,-1
2025-06-29,sleep_hours,10.71650275243906,-1
2025-07-11,sleep_hours,11.070216484542575,-1
2025-07-24,sleep_hours,3.262552510253183,-1
2025-07-31,sleep_hours,10.17775864644434,-1
2025-08-10,sleep_hours,3.9380949397995,-1
2025-08-20,sleep_hours,3.95335812158802,-1
2025-08-24,sleep_hours,3.5215382896416623,-1
2024-09-27,sleep_hours,3.8839108916521337,-1
2024-10-09,sleep_hours,10.202864315709812,-1
2024-10-30,sleep_hours,4.008202763949505,-1
2024-12-27,sleep_hours,3.436207616750881,-1
2025-01-10,sleep_hours,3.1095704807106177,-1
2025-03-23,sleep_hours,3.960641562832992,-1
2025-03-27,sleep_hours,3.567109941075358,-1
2025-05-12,sleep_hours,11.07122481040062,-1
2025-05-16,sleep_hours,12.0,-1
2025-06-13,sleep_hours,10.014805217205067,-1
2025-06-21,sleep_hours,10.07462565313608,-1
2025-06-24,sleep_hours,3.1373888090588045,-1
2025-08-03,sleep_hours,10.690702714467813,-1
2025-08-18,sleep_hours,3.545393172962986,-1
2025-08-23,sleep_hours,10.77438852012538,-1
2025-08-27,sleep_hours,10.417790548059203,-1
2025-09-04,sleep_hours,10.173452902241715,-1
2025-09-05,sleep_hours,3.0,-1
2024-09-17,sleep_hours,10.090974663273071,-1
2024-09-20,sleep_hours,3.943792226859814,-1
2024-10-09,sleep_hours,10.51810917074183,-1
2024-10-27,sleep_hours,10.062033713410708,-1
2024-11-04,sleep_hours,3.381857545923095,-1
2024-12-12,sleep_hours,11.421099154037538,-1
2024-12-14,sleep_hours,10.18515622910742,-1
2025-01-16,sleep_hours,3.899247040636798,-1
2025-01-29,sleep_hours,3.2704926703260946,-1
2025-04-23,sleep_hours,10.314529972908073,-1
2025-04-27,sleep_hours,10.378525031500844,-1
2025-04-30,sleep_hours,3.8770190432384055,-1
2025-05-05,sleep_hours,3.004906196457304,-1
2025-05-13,sleep_hours,3.869940792234426,-1
2025-05-14,sleep_hours,3.5414548884056245,-1
2025-05-24,sleep_hours,10.191552400450684,-1
2025-05-26,sleep_hours,3.4807115485337965,-1
2025-07-24,sleep_hours,10.029197700605083,-1
2024-10-11,sleep_hours,9.981365462370576,-1
2024-10-23,sleep_hours,10.660144367473196,-1
2024-11-12,sleep_hours,10.730178658241606,-1
2024-11-19,sleep_hours,3.6515912411082834,-1
2024-11-25,sleep_hours,3.0149833055005963,-1
2024-12-13,sleep_hours,3.6569178397838895,-1
2024-12-30,sleep_hours,10.506506894278893,-1
2025-01-04,sleep_hours,10.673385684084964,-1
2025-01-18,sleep_hours,10.056453282967686,-1
2025-05-10,sleep_hours,3.748366192162556,-1
2025-05-13,sleep_hours,3.892284616574435,-1
2025-06-03,sleep_hours,3.165480873122056,-1
2025-06-06,sleep_hours,3.0,-1
2025-07-08,sleep_hours,3.739305144437836,-1
2025-08-07,sleep_hours,10.061941818100443,-1
2025-08-26,sleep_hours,9.995753331702309,-1
2024-09-07,sleep_hours,10.090669900178636,-1
2024-09-23,sleep_hours,10.264259467357215,-1
2024-10-05,sleep_hours,10.573980799376011,-1
2024-10-14,sleep_hours,3.876624108905122,-1
2024-11-29,sleep_hours,3.156070281355415,-1
2024-12-14,sleep_hours,3.7316887370537546,-1
2024-12-23,sleep_hours,10.816079223172617,-1
2025-01-12,sleep_hours,3.0,-1
2025-01-24,sleep_hours,10.24265899411551,-1
2025-02-12,sleep_hours,9.949990944861474,-1
2025-03-02,sleep_hours,3.7114275882144954,-1
2025-03-08,sleep_hours,3.2104749247691866,-1
2025-03-21,sleep_hours,10.006776080060687,-1
2025-04-03,sleep_hours,10.411733688978735,-1
2025-04-04,sleep_hours,10.465552930146732,-1
2025-05-11,sleep_hours,3.0,-1
2025-05-12,sleep_hours,3.423340793911718,-1
2025-06-12,sleep_hours,10.36538760059704,-1
2025-06-19,sleep_hours,10.600193476786195,-1
2025-07-09,sleep_hours,10.07970605433774,-1
2025-08-12,sleep_hours,10.733995492281244,-1
2025-08-29,sleep_hours,10.68498380881455,-1
2024-09-07,sleep_hours,10.484288531223024,-1
2024-11-13,sleep_hours,10.29077120175532,-1
2024-11-20,sleep_hours,3.3689987738159206,-1
2024-12-19,sleep_hours,11.015063644764856,-1
2024-12-30,sleep_hours,10.07629091468682,-1
2025-01-07,sleep_hours,10.877588734419618,-1
2025-02-01,sleep_hours,10.58381079564245,-1
2025-02-02,sleep_hours,10.323550382756446,-1
2025-02-19,sleep_hours,10.647900847075,-1
2025-04-09,sleep_hours,10.045114564811527,-1
2025-04-15,sleep_hours,3.4130891678501527,-1
2025-05-18,sleep_hours,10.646067217704957,-1
2025-05-26,sleep_hours,3.0,-1
2025-06-06,sleep_hours,10.58308273170991,-1
2025-06-12,sleep_hours,3.885860918416944,-1
2025-06-13,sleep_hours,11.28086948787212,-1
2025-07-03,sleep_hours,10.374768039746655,-1
2025-07-06,sleep_hours,3.7044792726014735,-1
2025-07-14,sleep_hours,11.56305990942175,-1
2025-07-25,sleep_hours,3.663914097086206,-1
2025-08-11,sleep_hours,10.305121065729768,-1
2025-08-18,sleep_hours,10.90009780924645,-1
2024-10-08,sleep_hours,3.174725551840996,-1
2024-10-09,sleep_hours,11.150179456641034,-1
2024-10-13,sleep_hours,4.006003431291968,-1
2024-10-17,sleep_hours,10.028344628367549,-1
2024-11-06,sleep_hours,10.600405951192624,-1
2024-11-10,sleep_hours,3.0,-1
2024-11-26,sleep_hours,10.49279287899422,-1
2024-12-06,sleep_hours,3.951144653939299,-1
2024-12-17,sleep_hours,3.166804625712256,-1
2024-12-19,sleep_hours,10.350310844950222,-1
2025-01-15,sleep_hours,11.415517359656656,-1
2025-02-12,sleep_hours,10.069646566118738,-1
2025-02-19,sleep_hours,9.948653306555087,-1
2025-02-21,sleep_hours,10.107725717501872,-1
2025-03-16,sleep_hours,3.0,-1
2025-03-24,sleep_hours,11.328145933413875,-1
2025-04-03,sleep_hours,9.956685605488325,-1
2025-04-19,sleep_hours,9.987803868826132,-1
2025-05-04,sleep_hours,3.0,-1
2025-06-01,sleep_hours,3.715475836433938,-1
2025-07-24,sleep_hours,10.020858489481768,-1
2025-08-01,sleep_hours,3.0,-1
2025-08-09,sleep_hours,3.84420365857409,-1
2025-08-22,sleep_hours,3.775503225056192,-1
2024-09-26,sleep_hours,3.738845357351675,-1
2024-10-09,sleep_hours,10.888845783582504,-1
2024-10-11,sleep_hours,3.0853683424503258,-1
2024-12-11,sleep_hours,10.562681694554485,-1
2024-12-25,sleep_hours,3.250470444862137,-1
2025-01-16,sleep_hours,3.0,-1
2025-02-14,sleep_hours,3.040702681644237,-1
2025-03-07,sleep_hours,11.132804079848787,-1
2025-05-01,sleep_hours,3.3464068297342022,-1
2025-05-08,sleep_hours,3.006788962998545,-1
2025-06-09,sleep_hours,3.391147032544075,-1
2025-06-26,sleep_hours,3.0,-1
2025-07-12,sleep_hours,3.5179036363349243,-1
2025-07-31,sleep_hours,3.780636032447394,-1
2025-08-10,sleep_hours,10.614219361951427,-1
2025-08-17,sleep_hours,3.0,-1
2025-08-29,sleep_hours,10.479059196843012,-1
2024-09-14,sleep_hours,10.683044582449329,-1
2024-09-16,sleep_hours,10.693731743238228,-1
2024-09-18,sleep_hours,9.983720462181136,-1
2024-10-20,sleep_hours,10.387575649455044,-1
2024-10-26,sleep_hours,10.13101313374057,-1
2024-10-30,sleep_hours,3.850974917060044,-1
2024-12-07,sleep_hours,10.322759767426655,-1
2024-12-17,sleep_hours,10.462881409497584,-1
2025-01-20,sleep_hours,10.189763399430486,-1
2025-02-09,sleep_hours,3.33633394155848,-1
2025-02-20,sleep_hours,10.587971492769324,-1
2025-03-08,sleep_hours,3.63494678026226,-1
2025-03-20,sleep_hours,10.200667244144304,-1
2025-04-02,sleep_hours,10.671362593126176,-1
2025-04-09,sleep_hours,11.05376072346624,-1
2025-04-24,sleep_hours,10.309374995921818,-1
2025-05-05,sleep_hours,11.44381549972096,-1
2025-06-10,sleep_hours,10.172242032601863,-1
2025-06-16,sleep_hours,10.3567158585767,-1
2025-07-02,sleep_hours,3.7092905087458456,-1
2025-07-25,sleep_hours,3.937585203242424,-1
2025-08-12,sleep_hours,10.048159678292349,-1
2025-09-04,sleep_hours,10.506415565826147,-1
2024-10-17,sleep_hours,10.094675988798596,-1
2024-12-05,sleep_hours,3.406682592234722,-1
2024-12-06,sleep_hours,3.567499815109996,-1
2025-02-18,sleep_hours,11.024933562075836,-1
2025-03-20,sleep_hours,11.191532209906711,-1
2025-03-23,sleep_hours,3.85815857174168,-1
2025-03-27,sleep_hours,10.052348581082748,-1
2025-04-14,sleep_hours,12.0,-1
2025-04-30,sleep_hours,3.571472594766811,-1
2025-05-04,sleep_hours,11.053497423271576,-1
2025-05-16,sleep_hours,3.0,-1
2025-06-02,sleep_hours,3.718484675638088,-1
2025-06-12,sleep_hours,11.225019664649718,-1
2025-07-04,sleep_hours,10.348591005938731,-1
2025-08-04,sleep_hours,3.6182549140486735,-1
2025-08-17,sleep_hours,3.361667985541948,-1
2025-08-20,sleep_hours,3.2673185608508275,-1
2025-08-29,sleep_hours,10.20917594229786,-1
2024-11-03,sleep_hours,10.143810088508149,-1
2024-11-08,sleep_hours,10.26392959073197,-1
2024-11-12,sleep_hours,3.945234220927853,-1
2024-11-16,sleep_hours,3.034269328259123,-1
2024-11-17,sleep_hours,3.0005854053221865,-1
2024-12-26,sleep_hours,3.733045457098771,-1
2024-12-31,sleep_hours,3.3007719624184397,-1
2025-01-05,sleep_hours,10.62464538907658,-1
2025-01-21,sleep_hours,10.854091182556733,-1
2025-01-24,sleep_hours,3.780357928511487,-1
2025-02-16,sleep_hours,3.0,-1
2025-02-19,sleep_hours,10.834640041265306,-1
2025-03-15,sleep_hours,3.0,-1
2025-03-18,sleep_hours,3.1464588819575785,-1
2025-03-20,sleep_hours,10.801786056693608,-1
2025-04-30,sleep_hours,10.035415924420109,-1
2025-05-06,sleep_hours,3.3776608819579588,-1
2025-05-26,sleep_hours,11.193536077145442,-1
2025-06-06,sleep_hours,3.7088416483310898,-1
2025-06-11,sleep_hours,11.005839051793426,-1
2025-06-27,sleep_hours,3.868567048991613,-1
2025-07-03,sleep_hours,10.199351451323288,-1
2025-07-13,sleep_hours,3.288296582007651,-1
2024-09-08,sleep_hours,10.50646686522886,-1
2024-10-10,sleep_hours,3.343709480981357,-1
2024-10-20,sleep_hours,10.0265444423021,-1
2024-11-01,sleep_hours,3.4272422003916327,-1
2024-11-08,sleep_hours,3.885418428273666,-1
2024-12-02,sleep_hours,3.3267785752500725,-1
2025-01-05,sleep_hours,10.892243776205389,-1
2025-01-18,sleep_hours,3.802812163933896,-1
2025-01-23,sleep_hours,10.227774194975144,-1
2025-02-01,sleep_hours,3.798717749247236,-1
2025-02-07,sleep_hours,10.202061309326576,-1
2025-03-12,sleep_hours,10.637974959857276,-1
2025-04-01,sleep_hours,10.179743730189411,-1
2025-04-06,sleep_hours,3.3081666898135897,-1
2025-05-09,sleep_hours,11.066561847259427,-1
2025-06-04,sleep_hours,3.0,-1
2025-06-21,sleep_hours,10.39370151825326,-1
2025-07-13,sleep_hours,3.393485576766828,-1
2025-07-14,sleep_hours,10.216866360186025,-1
2025-07-15,sleep_hours,3.0,-1
2025-07-18,sleep_hours,10.284035520553545,-1
2025-07-29,sleep_hours,3.0,-1
2025-08-05,sleep_hours,9.996930903091824,-1
2025-08-08,sleep_hours,10.052870979760232,-1
2025-08-20,sleep_hours,10.548389145987212,-1
2025-09-03,sleep_hours,10.050917606767888,-1
2024-09-22,sleep_hours,3.686302310519691,-1
2024-09-30,sleep_hours,10.46283814125925,-1
2024-11-16,sleep_hours,4.034389755330647,-1
2024-12-12,sleep_hours,10.139994898207432,-1
2025-01-06,sleep_hours,3.0,-1
2025-01-20,sleep_hours,11.088282706341396,-1
2025-02-09,sleep_hours,10.186831579160716,-1
2025-04-22,sleep_hours,10.171358186557509,-1
2025-05-25,sleep_hours,10.583584154060524,-1
2025-06-04,sleep_hours,10.380989458185727,-1
2025-07-24,sleep_hours,3.312679687456709,-1
2025-07-31,sleep_hours,3.932816294976175,-1
2025-08-20,sleep_hours,3.081153024520037,-1
2024-09-11,sleep_hours,3.084009686839118,-1
2024-09-24,sleep_hours,10.598558078302297,-1
2024-10-06,sleep_hours,10.724524405108223,-1
2024-10-12,sleep_hours,3.9108477077974895,-1
2024-10-27,sleep_hours,10.526377872865844,-1
2024-11-12,sleep_hours,3.0,-1
2024-11-26,sleep_hours,3.835757141440056,-1
2024-12-08,sleep_hours,3.663880529254452,-1
2024-12-12,sleep_hours,3.703218736139166,-1
2025-01-10,sleep_hours,3.979370433350513,-1
2025-02-05,sleep_hours,10.030484363128604,-1
2025-03-21,sleep_hours,3.1204457660344698,-1
2025-03-26,sleep_hours,3.759588344814958,-1
2025-03-28,sleep_hours,10.05188278077726,-1
2025-05-05,sleep_hours,12.0,-1
2025-05-09,sleep_hours,3.5377925418169776,-1
2025-05-17,sleep_hours,3.783086319333231,-1
2025-07-09,sleep_hours,10.391569798729911,-1
2025-08-03,sleep_hours,10.136252712135107,-1
2025-08-18,sleep_hours,10.52828033912754,-1
2025-08-24,sleep_hours,4.014802903540665,-1
2024-09-18,sleep_hours,3.0,-1
2024-10-07,sleep_hours,3.7914914688910537,-1
2024-10-08,sleep_hours,3.0,-1
2024-10-11,sleep_hours,10.283230145217468,-1
2024-10-24,sleep_hours,3.9003494023856016,-1
2024-12-03,sleep_hours,3.8801088616504975,-1
2024-12-30,sleep_hours,10.356812494078056,-1
2025-01-07,sleep_hours,3.660937665976462,-1
2025-01-19,sleep_hours,10.0922472746925,-1
2025-01-25,sleep_hours,10.800692072040189,-1
2025-01-26,sleep_hours,3.917804009922395,-1
2025-03-01,sleep_hours,4.044484504616339,-1
2025-03-27,sleep_hours,10.66418410403414,-1
2025-07-10,sleep_hours,10.827181521336412,-1
2025-07-18,sleep_hours,9.97454270988419,-1
2025-07-19,sleep_hours,3.6812223114724953,-1
2025-07-25,sleep_hours,10.00038229022096,-1
2025-07-27,sleep_hours,3.644672213853421,-1
2024-09-26,sleep_hours,3.574768868390757,-1
2024-10-03,sleep_hours,3.904118413777101,-1
2024-10-18,sleep_hours,3.7270671918279694,-1
2024-11-30,sleep_hours,10.540511698738108,-1
2025-01-08,sleep_hours,10.151956180197176,-1
2025-01-21,sleep_hours,10.333017835573925,-1
2025-01-29,sleep_hours,10.733310993291692,-1
2025-02-12,sleep_hours,3.312717962606544,-1
2025-02-23,sleep_hours,3.556373032066124,-1
2025-03-15,sleep_hours,9.934380911091544,-1
2025-03-26,sleep_hours,3.786143683141352,-1
2025-04-26,sleep_hours,11.277659582535726,-1
2025-05-05,sleep_hours,11.081028870787454,-1
2025-05-22,sleep_hours,10.395275709076644,-1
2025-05-30,sleep_hours,10.838593654272026,-1
2025-06-13,sleep_hours,10.828931270641574,-1
2025-06-16,sleep_hours,3.8430847947266216,-1
2025-06-28,sleep_hours,10.689987748934634,-1
2025-07-03,sleep_hours,10.578643064363456,-1
2025-07-17,sleep_hours,10.917299640354772,-1
2025-08-16,sleep_hours,3.0,-1
2024-09-22,sleep_hours,10.75908274399413,-1
2024-11-21,sleep_hours,3.0942405345731228,-1
2024-11-25,sleep_hours,10.9889139299672,-1
2025-02-13,sleep_hours,3.9404967893481526,-1
2025-04-05,sleep_hours,12.0,-1
2025-04-17,sleep_hours,4.024391171303774,-1
2025-04-20,sleep_hours,11.074452837811007,-1
2025-05-15,sleep_hours,12.0,-1
2025-06-07,sleep_hours,9.952158394773525,-1
2025-06-19,sleep_hours,11.067561605690535,-1
2025-06-30,sleep_hours,10.80652310194036,-1
2025-07-05,sleep_hours,10.539371279315873,-1
2025-07-21,sleep_hours,10.417835877361808,-1
2025-07-24,sleep_hours,10.000569962297591,-1
2024-10-23,sleep_hours,10.011159662073329,-1
2024-12-01,sleep_hours,10.149392932300124,-1
2024-12-16,sleep_hours,3.0,-1
2024-12-30,sleep_hours,10.162416912940376,-1
2025-01-23,sleep_hours,10.521689529365856,-1
2025-02-04,sleep_hours,3.2488326303652038,-1
2025-03-14,sleep_hours,3.930657096486983,-1
2025-03-23,sleep_hours,10.363159215047313,-1
2025-04-21,sleep_hours,3.0,-1
2025-05-22,sleep_hours,3.659993606021797,-1
2025-06-22,sleep_hours,10.9423407455939,-1
2025-06-24,sleep_hours,10.122320088260013,-1
2025-07-15,sleep_hours,3.100457858652532,-1
2025-08-18,sleep_hours,10.141212741874394,-1
2025-08-21,sleep_hours,10.881745295575731,-1
2025-08-26,sleep_hours,9.976146119951144,-1
2025-08-30,sleep_hours,9.953563983819503,-1
2025-09-01,sleep_hours,12.0,-1
2024-09-12,sleep_hours,10.733805154782075,-1
2024-09-29,sleep_hours,10.20282299860132,-1
2024-10-30,sleep_hours,3.333575124406071,-1
2025-01-06,sleep_hours,3.85640594544256,-1
2025-01-17,sleep_hours,11.252036981204704,-1
2025-01-25,sleep_hours,4.006902670397105,-1
2025-01-30,sleep_hours,9.953381267133112,-1
2025-02-15,sleep_hours,10.787883108637844,-1
2025-03-04,sleep_hours,3.720584897887184,-1
2025-03-20,sleep_hours,11.058471806058355,-1
2025-03-21,sleep_hours,11.6844861700286,-1
2025-03-22,sleep_hours,10.00319641622041,-1
2025-04-05,sleep_hours,3.840678864402138,-1
2025-05-04,sleep_hours,3.830364567870225,-1
2025-05-17,sleep_hours,3.735237390847458,-1
2025-06-20,sleep_hours,3.0,-1
2025-07-19,sleep_hours,10.236258117757846,-1
2025-08-01,sleep_hours,3.798547817088923,-1
2025-08-21,sleep_hours,3.191364463916119,-1
2025-08-31,sleep_hours,10.248056702913182,-1
2024-09-13,sleep_hours,10.516879408195308,-1
2024-09-17,sleep_hours,3.022327404618547,-1
2024-10-29,sleep_hours,3.427655584594317,-1
2024-10-30,sleep_hours,10.403155081158609,-1
2024-11-07,sleep_hours,10.852833681587896,-1
2024-11-28,sleep_hours,3.793433353672724,-1
2024-12-06,sleep_hours,10.244251119449856,-1
2024-12-17,sleep_hours,3.984268490114355,-1
2024-12-24,sleep_hours,3.2796981923007604,-1
2025-02-19,sleep_hours,3.998266491380506,-1
2025-02-27,sleep_hours,3.950784575334984,-1
2025-03-31,sleep_hours,9.972306558216475,-1
2025-04-20,sleep_hours,3.3196585697019936,-1
2025-04-30,sleep_hours,9.994037847355312,-1
2025-05-03,sleep_hours,3.866376138624344,-1
2025-05-07,sleep_hours,3.898727254985293,-1
2025-05-09,sleep_hours,3.899190009924267,-1
2025-05-21,sleep_hours,10.623325236241657,-1
2025-06-22,sleep_hours,3.209916088419972,-1
2025-07-07,sleep_hours,10.513738202843465,-1
2025-07-28,sleep_hours,10.050410510053627,-1
2025-07-29,sleep_hours,3.422374639450301,-1
2024-09-26,sleep_hours,3.0496822537970503,-1
2024-10-10,sleep_hours,3.0,-1
2024-10-21,sleep_hours,3.439473169028676,-1
2024-10-22,sleep_hours,9.946772704523775,-1
2024-10-31,sleep_hours,9.986055535837066,-1
2024-11-05,sleep_hours,10.38299887524318,-1
2024-11-13,sleep_hours,3.3314459196843127,-1
2025-01-08,sleep_hours,3.0,-1
2025-01-15,sleep_hours,3.102790787433217,-1
2025-01-23,sleep_hours,10.660968083092484,-1
2025-02-15,sleep_hours,3.4773531970964937,-1
2025-02-22,sleep_hours,10.497132714612125,-1
2025-03-01,sleep_hours,11.243533365070046,-1
2025-03-26,sleep_hours,9.946698922238944,-1
2025-05-08,sleep_hours,10.435040820052825,-1
2025-05-13,sleep_hours,3.896685695177205,-1
2025-05-30,sleep_hours,10.121825982858532,-1
2025-06-11,sleep_hours,10.031843717829863,-1
2025-07-06,sleep_hours,10.471971510998332,-1
2025-07-19,sleep_hours,3.1221151676718257,-1
2024-09-21,sleep_hours,9.999129880337788,-1
2024-10-19,sleep_hours,12.0,-1
2024-10-27,sleep_hours,3.867081702836249,-1
2024-11-09,sleep_hours,11.655919313856112,-1
2024-11-10,sleep_hours,10.622913123623096,-1
2024-12-08,sleep_hours,3.0,-1
2024-12-13,sleep_hours,11.147485627479908,-1
2025-01-03,sleep_hours,10.086690266651598,-1
2025-01-06,sleep_hours,10.828063267420534,-1
2025-01-23,sleep_hours,11.40970747804854,-1
2025-02-05,sleep_hours,10.58920336039348,-1
2025-02-12,sleep_hours,3.803869098164695,-1
2025-03-27,sleep_hours,3.601881177008531,-1
2025-05-01,sleep_hours,10.011394991802703,-1
2025-05-20,sleep_hours,10.23431174532707,-1
2025-05-21,sleep_hours,10.222465681358964,-1
2025-06-03,sleep_hours,3.903617433839844,-1
2025-07-06,sleep_hours,3.77220909684354,-1
2025-07-20,sleep_hours,11.147775806147164,-1
2025-07-25,sleep_hours,3.555132061006936,-1
2024-10-14,sleep_hours,4.036036447708057,-1
2024-12-01,sleep_hours,10.409701888013764,-1
2025-01-24,sleep_hours,10.578468987114965,-1
2025-02-02,sleep_hours,12.0,-1
2025-02-18,sleep_hours,3.115373491412096,-1
2025-02-26,sleep_hours,3.0,-1
2025-03-08,sleep_hours,3.4846591629961354,-1
2025-05-07,sleep_hours,3.806759363533732,-1
2025-05-23,sleep_hours,3.4647138041442087,-1
2025-05-25,sleep_hours,10.127041991662558,-1
2025-06-14,sleep_hours,10.517977788619262,-1
2025-06-22,sleep_hours,10.61801276723073,-1
2025-07-03,sleep_hours,3.5133157444544576,-1
2025-07-12,sleep_hours,10.688064835774403,-1
2025-08-20,sleep_hours,3.196175365765251,-1
2025-08-21,sleep_hours,3.0,-1
2024-09-12,sleep_hours,3.0,-1
2024-09-25,sleep_hours,10.30096978595358,-1
2024-12-13,sleep_hours,10.456699022475576,-1
2024-12-17,sleep_hours,9.950368744902132,-1
2024-12-24,sleep_hours,3.0,-1
2025-01-18,sleep_hours,10.298468797692689,-1
2025-02-01,sleep_hours,3.555063190136548,-1
2025-03-15,sleep_hours,10.196567044430356,-1
2025-03-31,sleep_hours,3.881028472491441,-1
2025-05-09,sleep_hours,11.002010266928178,-1
2025-06-03,sleep_hours,10.425873784116126,-1
2025-06-07,sleep_hours,10.239279218771244,-1
2025-07-02,sleep_hours,10.605849056528356,-1
2025-07-27,sleep_hours,4.019675885173401,-1
2025-08-05,sleep_hours,3.793627765723225,-1
2024-10-12,sleep_hours,3.3418771922765287,-1
2024-12-22,sleep_hours,10.404722938727955,-1
2025-01-06,sleep_hours,10.34346092842291,-1
2025-01-11,sleep_hours,3.129024624567487,-1
2025-01-29,sleep_hours,3.983585102502987,-1
2025-03-09,sleep_hours,3.247740752228482,-1
2025-04-24,sleep_hours,3.0605129549619816,-1
2025-05-06,sleep_hours,3.7247132040768496,-1
2025-05-11,sleep_hours,10.63961040579979,-1
2025-05-21,sleep_hours,10.220990551161815,-1
2025-05-27,sleep_hours,3.854314010510437,-1
2025-06-09,sleep_hours,10.123810115126634,-1
2025-06-10,sleep_hours,10.316601429137208,-1
2025-07-26,sleep_hours,11.147840675972194,-1
2025-08-15,sleep_hours,10.019662373894246,-1
2024-09-29,sleep_hours,3.1758089051124943,-1
2024-10-04,sleep_hours,10.427341037599373,-1
2024-10-12,sleep_hours,10.075573752603528,-1
2024-10-13,sleep_hours,11.380127389906889,-1
2024-10-17,sleep_hours,10.535928263802036,-1
2024-10-18,sleep_hours,3.5828573978848843,-1
2024-10-27,sleep_hours,10.005186726583757,-1
2024-10-29,sleep_hours,10.36597045126386,-1
2024-10-30,sleep_hours,10.444201332154629,-1
2024-11-21,sleep_hours,3.852786176976705,-1
2024-11-23,sleep_hours,10.092829328254163,-1
2025-03-10,sleep_hours,3.401992254658471,-1
2025-03-14,sleep_hours,4.04504178832798,-1
2025-03-23,sleep_hours,10.333870666173024,-1
2025-05-08,sleep_hours,11.331105318400017,-1
2025-06-18,sleep_hours,10.047716283634106,-1
2025-07-09,sleep_hours,10.33317799969062,-1
2025-07-12,sleep_hours,11.132892880557756,-1
2025-07-25,sleep_hours,3.604474523823504,-1
2025-08-06,sleep_hours,10.29070179980173,-1
2025-08-24,sleep_hours,3.690623636989738,-1
2024-09-23,sleep_hours,10.62575827350836,-1
2024-10-02,sleep_hours,10.20587892960628,-1
2024-10-20,sleep_hours,10.03386521482532,-1
2024-10-25,sleep_hours,3.0,-1
2024-11-13,sleep_hours,3.882262720062112,-1
2024-12-18,sleep_hours,9.98554855211115,-1
2025-01-07,sleep_hours,3.8976209732711857,-1
2025-01-17,sleep_hours,4.042246106182965,-1
2025-01-29,sleep_hours,3.0,-1
2025-02-12,sleep_hours,10.012191290682072,-1
2025-02-19,sleep_hours,10.025841218826264,-1
2025-03-26,sleep_hours,10.269213312064014,-1
2025-03-30,sleep_hours,10.642335096308376,-1
2025-05-03,sleep_hours,11.162058622713127,-1
2025-05-15,sleep_hours,10.843381655787471,-1
2025-05-16,sleep_hours,3.609308631323744,-1
2025-05-31,sleep_hours,3.0,-1
2025-06-04,sleep_hours,10.010029621025414,-1
2025-06-22,sleep_hours,3.0,-1
2025-08-16,sleep_hours,9.958076466843329,-1
2025-08-21,sleep_hours,10.487008704291643,-1
2024-09-13,sleep_hours,3.707576177156544,-1
2024-10-04,sleep_hours,3.4036904934969643,-1
2024-11-01,sleep_hours,3.327934145426866,-1
2024-11-06,sleep_hours,10.586315862295027,-1
2024-11-14,sleep_hours,11.50074352197353,-1
2024-11-26,sleep_hours,10.294290552642604,-1
2024-12-14,sleep_hours,10.079901689094292,-1
2025-01-09,sleep_hours,10.705782209568884,-1
2025-01-21,sleep_hours,4.0055287297887965,-1
2025-01-30,sleep_hours,3.72436930096338,-1
2025-02-12,sleep_hours,3.0,-1
2025-02-25,sleep_hours,9.948200289476851,-1
2025-04-07,sleep_hours,3.357095822961415,-1
2025-04-12,sleep_hours,3.4802214480104543,-1
2025-05-20,sleep_hours,3.0,-1
2025-05-30,sleep_hours,10.193868680089938,-1
2025-06-29,sleep_hours,10.185047491514965,-1
2025-07-27,sleep_hours,3.7604579607359954,-1
2024-09-09,sleep_hours,3.5604201286358723,-1
2024-10-13,sleep_hours,10.662941707648674,-1
2024-10-19,sleep_hours,4.05102249588406,-1
2024-10-20,sleep_hours,3.937049752369144,-1
2024-12-03,sleep_hours,10.521151225269026,-1
2024-12-15,sleep_hours,3.896612863605143,-1
2024-12-17,sleep_hours,3.3414040736257333,-1
2024-12-19,sleep_hours,4.004161672576128,-1
2025-01-09,sleep_hours,10.022799187681368,-1
2025-01-24,sleep_hours,3.0,-1
2025-02-02,sleep_hours,3.1879384605726755,-1
2025-02-12,sleep_hours,10.417807861951886,-1
2025-03-09,sleep_hours,3.625595919543561,-1
2025-04-02,sleep_hours,10.517502156592776,-1
2025-04-03,sleep_hours,3.333844918822317,-1
2025-06-22,sleep_hours,3.760458809984483,-1
2025-06-24,sleep_hours,3.070673436509117,-1
2025-07-01,sleep_hours,10.09586347904803,-1
2025-07-09,sleep_hours,10.27771274890579,-1
2025-07-22,sleep_hours,10.509224730979636,-1
2025-09-05,sleep_hours,10.94098014629826,-1
2024-09-10,sleep_hours,10.154797124715712,-1
2024-09-12,sleep_hours,3.8238387774439646,-1
2024-09-21,sleep_hours,3.427176525087882,-1
2024-09-25,sleep_hours,10.632566698937689,-1
2024-10-05,sleep_hours,3.860922274905597,-1
2024-10-06,sleep_hours,3.4866683422065963,-1
2024-11-08,sleep_hours,3.539051356427516,-1
2024-11-10,sleep_hours,10.31734661305155,-1
2024-11-11,sleep_hours,10.567069553714486,-1
2024-11-19,sleep_hours,3.1534291688887524,-1
2024-11-20,sleep_hours,3.4403366438560417,-1
2024-12-06,sleep_hours,12.0,-1
2024-12-07,sleep_hours,10.3277194242281,-1
2024-12-20,sleep_hours,10.34481560610184,-1
2024-12-26,sleep_hours,3.742269854083183,-1
2025-01-14,sleep_hours,10.344532044159209,-1
2025-02-04,sleep_hours,10.02222334688136,-1
2025-02-14,sleep_hours,3.0,-1
2025-04-03,sleep_hours,11.309801676592944,-1
2025-05-12,sleep_hours,4.042201384974078,-1
2025-06-04,sleep_hours,9.99469560961819,-1
2025-06-09,sleep_hours,9.936882012232068,-1
2025-07-15,sleep_hours,3.0,-1
2025-07-27,sleep_hours,3.741834882854572,-1
2025-08-08,sleep_hours,3.714722460892,-1
2025-08-17,sleep_hours,10.313526431466538,-1
2024-09-09,sleep_hours,10.912602811825668,-1
2024-09-24,sleep_hours,3.0,-1
2024-10-01,sleep_hours,3.972315553231093,-1
2024-10-08,sleep_hours,3.5586339272585805,-1
2024-11-11,sleep_hours,3.631990413703945,-1
2024-11-30,sleep_hours,3.5044492483994505,-1
2024-12-27,sleep_hours,11.388993639785022,-1
2025-01-15,sleep_hours,10.034326146076252,-1
2025-02-09,sleep_hours,3.0,-1
2025-02-14,sleep_hours,11.00029931993203,-1
2025-02-24,sleep_hours,3.327992615405681,-1
2025-02-27,sleep_hours,3.0,-1
2025-03-06,sleep_hours,4.049365805387536,-1
2025-03-15,sleep_hours,10.184217493685145,-1
2025-04-10,sleep_hours,10.237575904372378,-1
2025-04-11,sleep_hours,10.127454454345834,-1
2025-05-10,sleep_hours,10.153638028550304,-1
2025-05-15,sleep_hours,3.323491839421184,-1
2025-06-16,sleep_hours,3.379761771539351,-1
2025-06-19,sleep_hours,3.3228882104745843,-1
2025-06-21,sleep_hours,3.0,-1
2025-07-07,sleep_hours,10.73814062312293,-1
2025-07-16,sleep_hours,10.047958249487468,-1
2025-07-19,sleep_hours,3.0,-1
2025-08-02,sleep_hours,10.202051562684044,-1
2024-10-03,sleep_hours,3.8061029658343055,-1
2024-10-17,sleep_hours,10.582279030571598,-1
2024-10-20,sleep_hours,4.036958721508958,-1
2024-11-04,sleep_hours,3.8414065778990665,-1
2024-11-29,sleep_hours,10.151938391421336,-1
2024-12-04,sleep_hours,3.7714257887565767,-1
2024-12-07,sleep_hours,3.5405702650710635,-1
2024-12-13,sleep_hours,10.506793055539806,-1
2024-12-21,sleep_hours,3.269641044125308,-1
2025-02-09,sleep_hours,3.981103120972554,-1
2025-04-07,sleep_hours,3.0,-1
2025-04-22,sleep_hours,3.747765298763189,-1
2025-05-25,sleep_hours,3.553021634993091,-1
2025-05-26,sleep_hours,10.237706658612913,-1
2025-06-11,sleep_hours,11.210873549328037,-1
2025-07-25,sleep_hours,10.941045218825078,-1
2025-08-08,sleep_hours,3.7665963977095696,-1
2025-08-13,sleep_hours,10.849256411587444,-1
2025-08-24,sleep_hours,4.0104612382618665,-1
2025-09-02,sleep_hours,10.113717397401476,-1
2024-09-25,sleep_hours,10.187235668249803,-1
2024-10-16,sleep_hours,11.164495889457218,-1
2024-11-14,sleep_hours,3.0,-1
2024-12-18,sleep_hours,3.756091041268523,-1
2024-12-26,sleep_hours,10.041292137450634,-1
2025-01-06,sleep_hours,10.697274334694823,-1
2025-01-12,sleep_hours,10.351590536049391,-1
2025-01-15,sleep_hours,10.509051232580063,-1
2025-01-16,sleep_hours,3.331730132828839,-1
2025-03-13,sleep_hours,3.470088733290276,-1
2025-03-17,sleep_hours,11.471789994522297,-1
2025-03-27,sleep_hours,10.286967703058952,-1
2025-05-04,sleep_hours,10.18038893827777,-1
2025-05-06,sleep_hours,3.443513295440925,-1
2025-07-08,sleep_hours,3.454908336153669,-1
2025-07-21,sleep_hours,3.0,-1
2025-07-24,sleep_hours,10.387238952331888,-1
2024-09-24,sleep_hours,3.820566934210485,-1
2024-10-11,sleep_hours,3.76815272284974,-1
2024-10-23,sleep_hours,11.192765485071892,-1
2024-12-20,sleep_hours,10.948432402639485,-1
2025-01-03,sleep_hours,3.707365486908512,-1
2025-02-08,sleep_hours,11.579221761289002,-1
2025-02-27,sleep_hours,3.695731113708504,-1
2025-04-14,sleep_hours,10.010111776533046,-1
2025-04-20,sleep_hours,10.25237672101879,-1
2025-04-23,sleep_hours,3.2457312014406234,-1
2025-04-28,sleep_hours,10.011702022566336,-1
2025-05-12,sleep_hours,10.133747763495796,-1
2025-05-19,sleep_hours,10.296401508907838,-1
2025-06-06,sleep_hours,3.751713506251857,-1
2025-06-27,sleep_hours,3.715181392453178,-1
2025-07-07,sleep_hours,3.9245963891277658,-1
2025-07-18,sleep_hours,10.371375712348868,-1
2025-08-07,sleep_hours,11.053745727193451,-1
2025-08-24,sleep_hours,3.2808477918819747,-1
2024-09-14,sleep_hours,3.9683700691509385,-1
2024-09-26,sleep_hours,3.663136444852622,-1
2024-10-01,sleep_hours,3.9830743300592006,-1
2024-10-13,sleep_hours,11.364989369240988,-1
2024-11-02,sleep_hours,3.4547102560533167,-1
2024-11-19,sleep_hours,3.888556853543121,-1
2024-12-26,sleep_hours,10.535162270215077,-1
2025-01-04,sleep_hours,10.204688917081228,-1
2025-01-14,sleep_hours,3.319425990822801,-1
2025-01-19,sleep_hours,10.365830854997522,-1
2025-03-08,sleep_hours,10.208802524987169,-1
2025-04-15,sleep_hours,3.7569229218787257,-1
2025-04-21,sleep_hours,9.987175766758604,-1
2025-05-05,sleep_hours,3.601083811355358,-1
2025-05-18,sleep_hours,3.938600075509005,-1
2025-05-21,sleep_hours,3.0,-1
2025-06-04,sleep_hours,3.4414259075656983,-1
2025-07-23,sleep_hours,4.010840545475794,-1
2025-07-26,sleep_hours,10.03948484519665,-1
2024-09-22,sleep_hours,10.23448322900488,-1
2024-09-23,sleep_hours,3.8361676105325584,-1
2024-10-21,sleep_hours,3.0254064162561525,-1
2024-11-12,sleep_hours,4.035919398728484,-1
2025-03-22,sleep_hours,4.009488306137615,-1
2025-03-23,sleep_hours,9.937491214003664,-1
2025-04-08,sleep_hours,3.7460978419487274,-1
2025-05-12,sleep_hours,3.39094255525307,-1
2025-05-29,sleep_hours,3.810217346738959,-1
2025-06-01,sleep_hours,3.9859099140145102,-1
2025-06-11,sleep_hours,3.209387227305821,-1
2025-07-03,sleep_hours,3.503219736831101,-1
2025-07-08,sleep_hours,10.61038915901448,-1
2025-07-10,sleep_hours,3.67118394131367,-1
2025-07-14,sleep_hours,3.776996572548076,-1
2024-09-08,sleep_hours,10.260267705305688,-1
2024-09-09,sleep_hours,3.7148178269778223,-1
2024-09-24,sleep_hours,3.882777742112073,-1
2024-09-30,sleep_hours,3.6273872246213,-1
2024-10-11,sleep_hours,3.710891981145174,-1
2024-11-12,sleep_hours,3.945443107188416,-1
2024-11-19,sleep_hours,3.4910395099130334,-1
2024-12-04,sleep_hours,3.145236615548414,-1
2024-12-25,sleep_hours,3.155087274143156,-1
2024-12-26,sleep_hours,3.693219897446265,-1
2025-01-29,sleep_hours,10.077759536959457,-1
2025-02-12,sleep_hours,3.0,-1
2025-02-14,sleep_hours,10.623463273315052,-1
2025-03-04,sleep_hours,3.32395025573841,-1
2025-03-24,sleep_hours,3.0,-1
2025-04-13,sleep_hours,3.0,-1
2025-04-30,sleep_hours,3.3576788392927424,-1
2025-05-04,sleep_hours,3.856199373599047,-1
2025-06-16,sleep_hours,3.899365707459929,-1
2025-07-23,sleep_hours,9.999865273290071,-1
2025-08-05,sleep_hours,3.114203277367688,-1
2025-08-11,sleep_hours,4.004156930932001,-1
2025-08-17,sleep_hours,10.400555133989418,-1
2025-09-03,sleep_hours,10.385617597671985,-1
2024-09-08,sleep_hours,3.8940817529882,-1
2024-10-01,sleep_hours,3.4127418679154293,-1
2024-10-08,sleep_hours,10.435713597370636,-1
2024-11-06,sleep_hours,3.954282769267751,-1
2024-11-13,sleep_hours,3.41095314472072,-1
2025-01-22,sleep_hours,10.58961542826469,-1
2025-02-01,sleep_hours,3.8327712678266375,-1
2025-02-11,sleep_hours,10.48353257320283,-1
2025-03-03,sleep_hours,3.918907841224328,-1
2025-03-07,sleep_hours,10.062916790897487,-1
2025-03-13,sleep_hours,10.058106758593285,-1
2025-04-16,sleep_hours,10.307140866254764,-1
2025-04-22,sleep_hours,3.824646862992922,-1
2025-05-28,sleep_hours,3.5397620836712087,-1
2025-06-03,sleep_hours,10.399291464560358,-1
2025-06-07,sleep_hours,10.15988245219634,-1
2025-06-23,sleep_hours,10.442056690073786,-1
2025-06-26,sleep_hours,3.817039336863372,-1
2025-07-16,sleep_hours,3.314291647712447,-1
2025-08-14,sleep_hours,9.97977769092046,-1
2024-09-14,sleep_hours,3.3314264160947697,-1
2024-09-29,sleep_hours,3.0,-1
2024-10-13,sleep_hours,4.0505989556480735,-1
2024-10-22,sleep_hours,10.861003009058251,-1
2024-11-11,sleep_hours,10.507187619596856,-1
2024-12-21,sleep_hours,3.35233034315255,-1
2024-12-23,sleep_hours,3.088529392156867,-1
2025-01-26,sleep_hours,10.506815263688434,-1
2025-02-28,sleep_hours,11.00147502305969,-1
2025-04-04,sleep_hours,11.161036246130692,-1
2025-04-21,sleep_hours,3.6464576725300586,-1
2025-05-14,sleep_hours,3.0,-1
2025-05-21,sleep_hours,3.593223959534434,-1
2025-06-05,sleep_hours,10.425553755284904,-1
2025-06-21,sleep_hours,10.170325466022224,-1
2025-07-12,sleep_hours,10.454028384883316,-1
2025-07-18,sleep_hours,10.303791954739054,-1
2025-08-15,sleep_hours,3.0,-1
2025-09-04,sleep_hours,3.45348489834417,-1
2024-09-27,sleep_hours,3.62578031086498,-1
2024-10-03,sleep_hours,3.0,-1
2024-10-11,sleep_hours,10.003951263153034,-1
2024-11-04,sleep_hours,3.579280326030592,-1
2025-02-08,sleep_hours,11.51395780962924,-1
2025-02-21,sleep_hours,3.0,-1
2025-04-02,sleep_hours,10.664313157892115,-1
2025-04-07,sleep_hours,3.5433966704716493,-1
2025-04-19,sleep_hours,3.975796300891944,-1
2025-05-02,sleep_hours,10.1387654375968,-1
2025-05-18,sleep_hours,9.982767742165228,-1
2025-06-06,sleep_hours,3.908003295309837,-1
2025-07-11,sleep_hours,3.745718842767962,-1
2025-07-15,sleep_hours,3.850214549339953,-1
2025-08-05,sleep_hours,10.739186109341205,-1
2025-08-07,sleep_hours,3.7150499805334847,-1
2025-08-13,sleep_hours,3.0,-1
2024-09-06,sleep_hours,3.983837982093198,-1
2024-09-07,sleep_hours,3.5138502641648355,-1
2024-09-23,sleep_hours,11.483482402555891,-1
2024-11-08,sleep_hours,10.00793827063988,-1
2024-12-21,sleep_hours,10.130326730076437,-1
2025-02-15,sleep_hours,3.0641676901213204,-1
2025-03-22,sleep_hours,10.051730223290166,-1
2025-03-31,sleep_hours,3.522119483684398,-1
2025-04-09,sleep_hours,3.896560032169707,-1
2025-04-29,sleep_hours,3.6511412519082542,-1
2025-05-23,sleep_hours,3.194785491349041,-1
2025-05-25,sleep_hours,10.088343439171716,-1
2025-06-12,sleep_hours,10.358434832002452,-1
2025-08-15,sleep_hours,3.0161430819161503,-1
2025-08-28,sleep_hours,10.66696421365077,-1
2024-09-07,sleep_hours,3.0002924677603424,-1
2024-09-10,sleep_hours,3.60112987800892,-1
2024-10-06,sleep_hours,3.593614547674953,-1
2024-10-14,sleep_hours,10.343484803990965,-1
2024-10-20,sleep_hours,11.04349466947183,-1
2024-11-07,sleep_hours,3.949475386746431,-1
2024-11-15,sleep_hours,4.022852310664812,-1
2024-11-25,sleep_hours,9.934989225426728,-1
2025-01-03,sleep_hours,3.0,-1
2025-01-24,sleep_hours,10.174392889502371,-1
2025-01-27,sleep_hours,3.627850025668766,-1
2025-02-04,sleep_hours,10.011153092780836,-1
2025-02-11,sleep_hours,3.0653979016012123,-1
2025-02-13,sleep_hours,4.021535202699578,-1
2025-02-28,sleep_hours,3.5772857460002587,-1
2025-03-14,sleep_hours,3.859312665962371,-1
2025-03-29,sleep_hours,3.0,-1
2025-04-01,sleep_hours,10.193642481649544,-1
2025-04-05,sleep_hours,3.7898093917017768,-1
2025-04-06,sleep_hours,4.00525337903935,-1
2025-04-15,sleep_hours,3.0,-1
2025-04-27,sleep_hours,10.299453897912295,-1
2025-06-09,sleep_hours,10.747630762330283,-1
2025-06-23,sleep_hours,3.5368516554198526,-1
2025-06-29,sleep_hours,9.947406348958182,-1
2025-08-05,sleep_hours,10.270082001469756,-1
2025-08-19,sleep_hours,3.8277451374208367,-1
2025-08-27,sleep_hours,3.3476749912941868,-1
2024-09-09,sleep_hours,3.505986807484252,-1
2024-09-19,sleep_hours,9.932359231487808,-1
2024-09-21,sleep_hours,10.049908660901092,-1
2024-11-03,sleep_hours,3.8495785428678966,-1
2024-11-05,sleep_hours,3.438017214941842,-1
2024-11-10,sleep_hours,3.0,-1
2024-11-23,sleep_hours,10.563637254930851,-1
2024-12-23,sleep_hours,3.810171949045421,-1
2024-12-29,sleep_hours,10.805462655092192,-1
2025-01-16,sleep_hours,10.347610513513724,-1
2025-02-03,sleep_hours,11.278997012595047,-1
2025-02-17,sleep_hours,10.126284566788287,-1
2025-04-04,sleep_hours,10.541753487160376,-1
2025-04-25,sleep_hours,3.6740563222256446,-1
2025-05-17,sleep_hours,10.861254046189371,-1
2025-05-19,sleep_hours,10.048721162470798,-1
2025-06-15,sleep_hours,10.176951763104858,-1
2025-06-20,sleep_hours,3.365806038947708,-1
2025-06-24,sleep_hours,10.451581961298274,-1
2025-07-22,sleep_hours,11.34319408753774,-1
2025-08-02,sleep_hours,10.100025374427585,-1
2025-08-11,sleep_hours,11.399494066410664,-1
2024-10-04,sleep_hours,11.463589903149147,-1
2024-10-24,sleep_hours,10.346671138705185,-1
2024-11-06,sleep_hours,10.190979457390972,-1
2024-12-27,sleep_hours,3.655586285332326,-1
2025-01-24,sleep_hours,3.326688212181504,-1
2025-02-26,sleep_hours,10.745305884178542,-1
2025-04-03,sleep_hours,10.626869421839018,-1
2025-04-20,sleep_hours,3.875564909001544,-1
2025-05-26,sleep_hours,10.437744626715968,-1
2025-05-31,sleep_hours,3.5864634624373952,-1
2025-06-04,sleep_hours,10.909976632212022,-1
2025-06-10,sleep_hours,10.312107652402144,-1
2025-06-27,sleep_hours,3.9503111022142905,-1
2025-07-04,sleep_hours,3.2811869496371084,-1
2025-07-28,sleep_hours,3.4779023150871917,-1
2025-08-02,sleep_hours,10.35107842608904,-1
2025-08-17,sleep_hours,10.832655121457323,-1
2025-09-05,sleep_hours,10.995752716712168,-1
2024-09-27,sleep_hours,11.942998138836426,-1
2025-01-14,sleep_hours,10.009966041287583,-1
2025-01-16,sleep_hours,10.688233079038673,-1
2025-01-18,sleep_hours,10.167482693561604,-1
2025-02-19,sleep_hours,3.9994324066369353,-1
2025-02-20,sleep_hours,11.934287071405668,-1
2025-03-13,sleep_hours,3.948021225160879,-1
2025-03-14,sleep_hours,10.982741978958469,-1
2025-03-21,sleep_hours,3.0,-1
2025-03-28,sleep_hours,3.4427990848824277,-1
2025-04-17,sleep_hours,10.107127824683603,-1
2025-05-11,sleep_hours,3.960462729469248,-1
2025-05-21,sleep_hours,10.197428845678408,-1
2025-05-28,sleep_hours,3.7794994088614873,-1
2025-06-09,sleep_hours,10.277751084213309,-1
2025-07-05,sleep_hours,3.037778655384461,-1
2025-07-19,sleep_hours,10.58639442543704,-1
2024-09-14,sleep_hours,11.106229689326964,-1
2024-09-23,sleep_hours,3.0555322918068937,-1
2024-10-09,sleep_hours,3.1155130450796538,-1
2024-11-15,sleep_hours,3.7382645268931114,-1
2024-11-16,sleep_hours,10.268822720322266,-1
2024-11-21,sleep_hours,10.608082493028675,-1
2024-11-22,sleep_hours,10.246928879387694,-1
2024-11-25,sleep_hours,9.997782261691205,-1
2024-12-17,sleep_hours,10.209488523980614,-1
2024-12-24,sleep_hours,10.210064746197393,-1
2025-01-16,sleep_hours,3.250749328303856,-1
2025-03-16,sleep_hours,3.760318208710089,-1
2025-03-19,sleep_hours,3.0,-1
2025-05-13,sleep_hours,10.702326828745212,-1
2025-05-26,sleep_hours,10.100733788768734,-1
2025-06-04,sleep_hours,10.066573886691366,-1
2025-06-06,sleep_hours,11.19625483963608,-1
2025-07-09,sleep_hours,3.906030345714689,-1
2025-07-12,sleep_hours,10.755013865252142,-1
2025-07-21,sleep_hours,3.979403119123442,-1
2025-07-29,sleep_hours,10.51999754932299,-1
2025-08-02,sleep_hours,3.5262261053840263,-1
2025-08-09,sleep_hours,3.785352455532751,-1
2025-08-13,sleep_hours,3.916973155851961,-1
2025-08-31,sleep_hours,10.270495916302144,-1
2024-09-26,sleep_hours,10.265324662613766,-1
2024-10-17,sleep_hours,10.113616989266587,-1
2024-11-07,sleep_hours,3.89727780600976,-1
2024-12-13,sleep_hours,10.653400385782271,-1
2025-01-17,sleep_hours,3.9794985480855902,-1
2025-01-23,sleep_hours,12.0,-1
2025-02-07,sleep_hours,11.988873904413142,-1
2025-03-09,sleep_hours,10.001470461003448,-1
2025-03-12,sleep_hours,3.4908349483883443,-1
2025-04-07,sleep_hours,4.038536848737416,-1
2025-04-09,sleep_hours,3.154991837807912,-1
2025-04-11,sleep_hours,3.397934933875899,-1
2025-04-18,sleep_hours,3.6372647572149335,-1
2025-05-28,sleep_hours,10.425094970024771,-1
2025-06-18,sleep_hours,10.233195108001476,-1
2025-07-31,sleep_hours,3.0,-1
2025-08-12,sleep_hours,10.236810522263792,-1
2025-08-16,sleep_hours,3.41406569048006,-1
2025-08-23,sleep_hours,3.0,-1
2024-09-06,sleep_hours,10.07806415327228,-1
2024-10-02,sleep_hours,3.0,-1
2024-10-10,sleep_hours,9.973738459920115,-1
2024-11-13,sleep_hours,10.212345255523728,-1
2024-11-24,sleep_hours,9.94103682449464,-1
2024-12-03,sleep_hours,3.851100773167094,-1
2025-02-28,sleep_hours,10.43054778436877,-1
2025-04-08,sleep_hours,10.3363395309444,-1
2025-04-30,sleep_hours,9.996203317528996,-1
2025-05-05,sleep_hours,11.494171163883156,-1
2025-05-16,sleep_hours,3.553372642388452,-1
2025-06-24,sleep_hours,3.82244812991087,-1
2025-07-25,sleep_hours,9.96039955907048,-1
2025-09-05,sleep_hours,9.940844640047182,-1
2024-10-06,sleep_hours,10.220571448636385,-1
2024-10-27,sleep_hours,3.996940778222846,-1
2024-11-01,sleep_hours,3.840269402919087,-1
2024-11-09,sleep_hours,10.717304286231904,-1
2024-11-14,sleep_hours,9.984566078887276,-1
2024-12-28,sleep_hours,3.5138052221435285,-1
2025-01-03,sleep_hours,3.989860871456783,-1
2025-01-23,sleep_hours,3.077566306023414,-1
2025-02-28,sleep_hours,11.658779915782272,-1
2025-03-07,sleep_hours,10.357436734969887,-1
2025-04-24,sleep_hours,3.71690472947074,-1
2025-05-19,sleep_hours,10.77513791033023,-1
2025-05-22,sleep_hours,3.592388509187248,-1
2025-07-07,sleep_hours,3.752048553458144,-1
2025-08-17,sleep_hours,10.078703337211316,-1
2025-08-28,sleep_hours,3.598566594100963,-1
2025-09-03,sleep_hours,3.7277016340954887,-1
2024-09-19,sleep_hours,3.1783460795781324,-1
2024-10-08,sleep_hours,3.7703110738717776,-1
2024-10-20,sleep_hours,3.839673654806908,-1
2025-01-07,sleep_hours,3.809427007579284,-1
2025-02-09,sleep_hours,3.0,-1
2025-03-09,sleep_hours,11.626451603986943,-1
2025-03-28,sleep_hours,3.9235255937607816,-1
2025-04-18,sleep_hours,11.425555317474911,-1
2025-05-16,sleep_hours,3.714427004854152,-1
2025-06-01,sleep_hours,3.9918670546793886,-1
2025-06-15,sleep_hours,3.148935014138447,-1
2025-06-19,sleep_hours,3.4301504572082333,-1
2025-06-28,sleep_hours,4.000590416653985,-1
2025-07-12,sleep_hours,3.761229843764101,-1
2025-08-01,sleep_hours,10.589181513574186,-1
2024-09-23,sleep_hours,11.583748562998304,-1
2024-09-26,sleep_hours,10.213066820089402,-1
2024-09-30,sleep_hours,10.131990708492143,-1
2024-10-29,sleep_hours,3.612239022269277,-1
2024-11-16,sleep_hours,4.046977786874376,-1
2024-11-25,sleep_hours,10.635178256155076,-1
2024-12-30,sleep_hours,10.442822804614451,-1
2025-01-05,sleep_hours,10.888362188218531,-1
2025-01-19,sleep_hours,10.56461947767043,-1
2025-01-23,sleep_hours,3.8371915768967138,-1
2025-01-26,sleep_hours,3.7158119998227166,-1
2025-02-02,sleep_hours,10.976354534618803,-1
2025-02-24,sleep_hours,4.010113442678288,-1
2025-03-08,sleep_hours,3.0,-1
2025-03-09,sleep_hours,11.508868797422004,-1
2025-03-16,sleep_hours,10.756788810576166,-1
2025-04-05,sleep_hours,3.595886749774711,-1
2025-04-18,sleep_hours,3.0,-1
2025-04-27,sleep_hours,3.520372990225129,-1
2025-05-23,sleep_hours,10.31418675193676,-1
2025-07-04,sleep_hours,3.7987876058888608,-1
2025-07-21,sleep_hours,10.067005990313278,-1
2025-07-23,sleep_hours,11.448745635881272,-1
2024-09-19,sleep_hours,3.471718724215263,-1
2024-10-31,sleep_hours,4.054943672176653,-1
2024-11-29,sleep_hours,3.2253048163395297,-1
2025-01-26,sleep_hours,10.287612214413446,-1
2025-03-01,sleep_hours,10.248368553152812,-1
2025-03-18,sleep_hours,3.892957996032348,-1
2025-03-21,sleep_hours,3.785700167196994,-1
2025-03-27,sleep_hours,3.748220038577691,-1
2025-04-25,sleep_hours,9.985980491349505,-1
2025-05-07,sleep_hours,3.1472997025763902,-1
2025-05-16,sleep_hours,3.9296898068846,-1
2025-05-22,sleep_hours,10.47831156309212,-1
2025-05-23,sleep_hours,3.450241512125284,-1
2025-06-17,sleep_hours,3.5021943506324504,-1
2025-07-12,sleep_hours,10.731505259958542,-1
2025-07-24,sleep_hours,10.009219232805032,-1
2025-07-28,sleep_hours,10.478818199221838,-1
2025-08-12,sleep_hours,3.822461328263372,-1
2025-08-19,sleep_hours,10.698195707527836,-1
2025-08-29,sleep_hours,10.261029540658024,-1
2024-11-14,sleep_hours,10.126468602197168,-1
2024-11-30,sleep_hours,3.78260749300981,-1
2025-01-09,sleep_hours,10.217235864993713,-1
2025-01-21,sleep_hours,3.8772383758729534,-1
2025-02-07,sleep_hours,3.4354284401361377,-1
2025-02-26,sleep_hours,3.05496090557202,-1
2025-03-06,sleep_hours,3.80643438167933,-1
2025-03-12,sleep_hours,3.320332175109136,-1
2025-03-17,sleep_hours,10.664528718948937,-1
2025-05-07,sleep_hours,10.150061003528522,-1
2025-05-09,sleep_hours,3.762630726876197,-1
2025-05-17,sleep_hours,11.135231017330415,-1
2025-06-21,sleep_hours,3.808822849185884,-1
2025-07-05,sleep_hours,3.7569789171449353,-1
2025-08-23,sleep_hours,3.798631966047631,-1
2025-08-27,sleep_hours,10.843720273029684,-1
2025-09-01,sleep_hours,3.58486287264476,-1
2024-10-29,sleep_hours,3.5419526045437086,-1
2024-11-08,sleep_hours,10.326682816443151,-1
2024-11-10,sleep_hours,10.306635268081235,-1
2024-11-12,sleep_hours,3.7546073825405504,-1
2024-11-20,sleep_hours,3.579990874930477,-1
2025-01-02,sleep_hours,3.8222718065363503,-1
2025-01-14,sleep_hours,3.830431768314321,-1
2025-01-20,sleep_hours,10.513090576942256,-1
2025-02-07,sleep_hours,3.5807781164859294,-1
2025-02-19,sleep_hours,3.0,-1
2025-03-16,sleep_hours,4.005314903124235,-1
2025-03-28,sleep_hours,3.868949215860361,-1
2025-04-30,sleep_hours,12.0,-1
2025-06-08,sleep_hours,4.054930901052704,-1
2025-08-02,sleep_hours,10.193715893380716,-1
2025-08-11,sleep_hours,3.378179535581837,-1
2025-08-30,sleep_hours,3.5481589749129303,-1
2024-09-10,sleep_hours,9.949408091679697,-1
2024-10-04,sleep_hours,3.62097929546058,-1
2024-10-27,sleep_hours,10.073080042756692,-1
2024-11-04,sleep_hours,9.944944800184825,-1
2025-02-14,sleep_hours,12.0,-1
2025-03-26,sleep_hours,4.033893619161422,-1
2025-03-28,sleep_hours,10.206451381147168,-1
2025-04-18,sleep_hours,3.847296807818252,-1
2025-07-26,sleep_hours,3.80725283250526,-1
2025-08-01,sleep_hours,3.0,-1
2025-08-02,sleep_hours,3.944642497897151,-1
2025-08-13,sleep_hours,3.0,-1
2025-08-31,sleep_hours,3.989620827922052,-1
2024-09-07,sleep_hours,3.6039611006590615,-1
2024-09-27,sleep_hours,3.9852806067325184,-1
2024-10-19,sleep_hours,10.2204265950894,-1
2024-10-20,sleep_hours,3.776614750686664,-1
2024-11-15,sleep_hours,3.0,-1
2024-11-17,sleep_hours,4.049477762920576,-1
2024-12-09,sleep_hours,3.932313895174504,-1
2024-12-27,sleep_hours,3.359936188890979,-1
2025-01-15,sleep_hours,3.937766049280282,-1
2025-02-03,sleep_hours,10.037626689651956,-1
2025-02-16,sleep_hours,3.827765051874908,-1
2025-02-18,sleep_hours,10.413114909900845,-1
2025-02-19,sleep_hours,10.241522686265116,-1
2025-03-23,sleep_hours,10.112754027168132,-1
2025-03-25,sleep_hours,10.665370119620237,-1
2025-04-16,sleep_hours,3.1672883536692766,-1
2025-05-25,sleep_hours,10.455157689532028,-1
2025-05-30,sleep_hours,3.827935422570416,-1
2025-07-31,sleep_hours,10.531547709006151,-1
2025-09-02,sleep_hours,10.025012216933082,-1
2024-09-10,sleep_hours,10.503479292703206,-1
2024-09-11,sleep_hours,10.742902140351438,-1
2024-11-16,sleep_hours,10.34473338855885,-1
2024-11-23,sleep_hours,10.17854980375963,-1
2024-12-11,sleep_hours,10.066756733348504,-1
2024-12-21,sleep_hours,3.302117676477687,-1
2025-01-10,sleep_hours,3.821992937331829,-1
2025-01-28,sleep_hours,3.6036733416503353,-1
2025-02-09,sleep_hours,3.801008376398708,-1
2025-02-17,sleep_hours,3.9321965551703526,-1
2025-02-20,sleep_hours,3.935548900258824,-1
2025-03-07,sleep_hours,3.6354477780037984,-1
2025-04-10,sleep_hours,3.24779189987836,-1
2025-04-23,sleep_hours,3.0185172379547263,-1
2025-05-13,sleep_hours,3.822011260676285,-1
2025-06-09,sleep_hours,3.9374352044533394,-1
2025-06-30,sleep_hours,9.987943423812776,-1
2025-07-05,sleep_hours,10.359479951834787,-1
2025-07-06,sleep_hours,10.18222222109139,-1
2025-07-15,sleep_hours,10.548111956111308,-1
2025-08-07,sleep_hours,10.062503259518646,-1
2025-08-13,sleep_hours,3.968711336470937,-1
2024-09-18,sleep_hours,10.252430605103513,-1
2024-10-24,sleep_hours,10.745719620286692,-1
2024-11-07,sleep_hours,3.945049102313451,-1
2024-12-11,sleep_hours,3.9784404872297454,-1
2024-12-29,sleep_hours,10.903568913447586,-1
2025-01-02,sleep_hours,3.959357128707812,-1
2025-01-22,sleep_hours,10.18578408230205,-1
2025-01-28,sleep_hours,10.482446941207227,-1
2025-05-08,sleep_hours,10.957017168724516,-1
2025-06-12,sleep_hours,4.038208820171944,-1
2025-08-03,sleep_hours,4.015624034288688,-1
2025-08-31,sleep_hours,3.919074357276149,-1
2024-10-04,sleep_hours,10.211706633926145,-1
2024-10-06,sleep_hours,9.968229537453372,-1
2024-10-18,sleep_hours,11.172621674144846,-1
2024-10-21,sleep_hours,10.81391731035059,-1
2024-11-01,sleep_hours,10.190188217103904,-1
2024-11-14,sleep_hours,10.047656535299122,-1
2024-12-02,sleep_hours,3.0,-1
2024-12-11,sleep_hours,10.62767921821264,-1
2024-12-15,sleep_hours,11.8431479681013,-1
2024-12-21,sleep_hours,3.9264868814971834,-1
2024-12-27,sleep_hours,11.805629161571504,-1
2025-01-13,sleep_hours,3.5562168721393075,-1
2025-02-06,sleep_hours,3.8429068967088735,-1
2025-02-10,sleep_hours,10.58833782795037,-1
2025-02-24,sleep_hours,9.966904152782435,-1
2025-02-27,sleep_hours,9.93545699391852,-1
2025-03-06,sleep_hours,10.611572718312612,-1
2025-03-19,sleep_hours,11.119686828237787,-1
2025-03-23,sleep_hours,10.255784968807156,-1
2025-03-27,sleep_hours,10.40181404534017,-1
2025-04-05,sleep_hours,10.221523268759803,-1
2025-04-09,sleep_hours,9.944849467658209,-1
2025-04-27,sleep_hours,11.193574690718664,-1
2025-05-17,sleep_hours,11.165938360199169,-1
2025-05-20,sleep_hours,3.414530181136655,-1
2025-05-29,sleep_hours,10.75381244488502,-1
2025-06-16,sleep_hours,10.521393943511944,-1
2025-06-18,sleep_hours,3.167045812026569,-1
2025-08-01,sleep_hours,3.6044364626828513,-1
2025-08-12,sleep_hours,10.684276490338297,-1
2024-09-22,sleep_hours,10.115980205574536,-1
2024-10-25,sleep_hours,10.235261604495204,-1
2024-10-26,sleep_hours,10.16846808677895,-1
2024-11-09,sleep_hours,3.5613766412650385,-1
2024-11-23,sleep_hours,3.0,-1
2024-12-05,sleep_hours,10.017269536290232,-1
2025-02-04,sleep_hours,3.760333509934389,-1
2025-03-03,sleep_hours,3.669525982452166,-1
2025-03-30,sleep_hours,3.5822160821741766,-1
2025-04-03,sleep_hours,11.037812705498077,-1
2025-06-04,sleep_hours,10.299078723303117,-1
2025-06-13,sleep_hours,10.04048374362766,-1
2025-07-01,sleep_hours,3.0,-1
2025-07-03,sleep_hours,10.207068680743683,-1
2025-07-06,sleep_hours,10.20494776557267,-1
2025-07-16,sleep_hours,11.865543225048388,-1
2024-12-07,sleep_hours,3.0,-1
2024-12-12,sleep_hours,3.782875168259325,-1
2025-02-25,sleep_hours,3.0,-1
2025-03-02,sleep_hours,3.401891075452589,-1
2025-04-12,sleep_hours,3.841166618311424,-1
2025-07-18,sleep_hours,10.170335646558929,-1
2025-08-03,sleep_hours,3.83717623488556,-1
2025-08-04,sleep_hours,3.531358431463578,-1
2025-08-06,sleep_hours,10.055664117033071,-1
2024-10-12,sleep_hours,3.9434866921177782,-1
2024-10-30,sleep_hours,10.157154560383557,-1
2024-11-17,sleep_hours,3.846212052247429,-1
2024-12-18,sleep_hours,3.7386711062458255,-1
2024-12-19,sleep_hours,3.0,-1
2025-01-15,sleep_hours,3.973093467935077,-1
2025-01-20,sleep_hours,10.198064772014938,-1
2025-01-23,sleep_hours,11.084479689921183,-1
2025-01-30,sleep_hours,3.771306393415637,-1
2025-02-12,sleep_hours,3.732974760013698,-1
2025-03-15,sleep_hours,10.171018310673109,-1
2025-03-21,sleep_hours,4.000409402868028,-1
2025-03-30,sleep_hours,10.63955727529879,-1
2025-03-31,sleep_hours,3.612083544712504,-1
2025-04-05,sleep_hours,3.745307038375987,-1
2025-04-16,sleep_hours,3.0,-1
2025-05-30,sleep_hours,3.669291901152449,-1
2025-06-04,sleep_hours,3.877247281892243,-1
2025-06-06,sleep_hours,3.673678076037544,-1
2025-06-30,sleep_hours,10.02658859615439,-1
2025-07-02,sleep_hours,4.002191160343269,-1
2025-07-06,sleep_hours,10.816660795923998,-1
2025-07-25,sleep_hours,10.300809602160356,-1
2025-08-23,sleep_hours,11.137425888453777,-1
2025-08-30,sleep_hours,9.948351765009065,-1
2024-09-18,sleep_hours,3.957206799574392,-1
2024-10-22,sleep_hours,11.572241268074707,-1
2024-12-07,sleep_hours,11.128014799783225,-1
2024-12-21,sleep_hours,4.0457458125073575,-1
2025-01-03,sleep_hours,3.3416231630987543,-1
2025-02-22,sleep_hours,4.0043563577995,-1
2025-02-25,sleep_hours,3.908302631976148,-1
2025-03-05,sleep_hours,10.80605080524546,-1
2025-03-12,sleep_hours,10.535080872244016,-1
2025-04-05,sleep_hours,3.685224611537655,-1
2025-04-23,sleep_hours,10.061334002467362,-1
2025-04-24,sleep_hours,3.377801989474825,-1
2025-05-11,sleep_hours,4.039993642206321,-1
2025-06-06,sleep_hours,3.6510005734932447,-1
2025-07-06,sleep_hours,10.325507835138216,-1
2025-08-26,sleep_hours,10.75875091561933,-1
2024-09-23,sleep_hours,10.434420623046222,-1
2024-10-07,sleep_hours,10.699272756981037,-1
2024-10-10,sleep_hours,3.855043953376164,-1
2024-10-16,sleep_hours,10.99347325974625,-1
2024-11-04,sleep_hours,4.043802219318703,-1
2024-11-16,sleep_hours,3.553204439766776,-1
2024-12-06,sleep_hours,3.98734342999449,-1
2024-12-25,sleep_hours,3.5139299983923125,-1
2025-01-15,sleep_hours,11.15226624313808,-1
2025-02-11,sleep_hours,10.027511916587736,-1
2025-02-26,sleep_hours,3.9881779300141194,-1
2025-03-03,sleep_hours,3.831513599580063,-1
2025-03-20,sleep_hours,3.0777126172868305,-1
2025-04-02,sleep_hours,10.182703759090185,-1
2025-04-26,sleep_hours,9.948887105878134,-1
2025-06-23,sleep_hours,3.064673114051202,-1
2025-07-09,sleep_hours,3.298679348601542,-1
2025-07-15,sleep_hours,10.07251209949721,-1
2025-08-28,sleep_hours,3.77034635071957,-1
2024-09-20,sleep_hours,11.258359537151104,-1
2024-10-23,sleep_hours,3.921913305233452,-1
2024-10-26,sleep_hours,3.186342073352271,-1
2024-11-25,sleep_hours,10.052430041934931,-1
2025-01-19,sleep_hours,10.003196051011043,-1
2025-02-28,sleep_hours,3.667721247857748,-1
2025-03-18,sleep_hours,11.369680927341824,-1
2025-03-20,sleep_hours,11.638545203434669,-1
2025-04-17,sleep_hours,10.468783639432372,-1
2025-04-25,sleep_hours,10.96995328794631,-1
2025-04-26,sleep_hours,10.53056182751464,-1
2025-04-30,sleep_hours,10.070600734346916,-1
2025-05-08,sleep_hours,3.703683821462018,-1
2025-05-29,sleep_hours,10.327290919428188,-1
2025-06-19,sleep_hours,3.570501842380172,-1
2025-06-27,sleep_hours,10.992658450864184,-1
2025-08-07,sleep_hours,10.068906733879292,-1
2025-08-13,sleep_hours,10.395166542384535,-1
2025-08-20,sleep_hours,11.365125436948448,-1
2024-10-04,sleep_hours,3.017433333239389,-1
2024-10-22,sleep_hours,3.654095701900396,-1
2024-11-15,sleep_hours,10.77874064961956,-1
2024-11-18,sleep_hours,10.362327827968116,-1
2025-01-07,sleep_hours,10.012481816673674,-1
2025-01-11,sleep_hours,9.932655113081552,-1
2025-01-20,sleep_hours,10.27982054361594,-1
2025-01-25,sleep_hours,10.03042513527021,-1
2025-02-03,sleep_hours,10.15183224731076,-1
2025-02-11,sleep_hours,10.006557259176668,-1
2025-02-20,sleep_hours,10.531283458306838,-1
2025-03-13,sleep_hours,3.3200884036558422,-1
2025-03-31,sleep_hours,3.0,-1
2025-04-04,sleep_hours,3.0,-1
2025-04-30,sleep_hours,10.146893599061386,-1
2025-05-14,sleep_hours,10.253249400472065,-1
2025-05-17,sleep_hours,10.661329426753818,-1
2025-06-18,sleep_hours,9.984070411127906,-1
2025-06-19,sleep_hours,9.936424691258726,-1
2025-07-22,sleep_hours,10.921479875404987,-1
2025-08-09,sleep_hours,10.918710708625207,-1
2025-08-12,sleep_hours,3.777198569228892,-1
2025-08-31,sleep_hours,3.7953725344995215,-1
2024-10-20,sleep_hours,11.37372606353354,-1
2024-11-04,sleep_hours,3.7178683010532376,-1
2024-11-22,sleep_hours,3.291112326742013,-1
2024-12-09,sleep_hours,3.522740228995572,-1
2025-01-14,sleep_hours,10.793008078734037,-1
2025-01-23,sleep_hours,3.712372202215252,-1
2025-02-05,sleep_hours,10.15864471674641,-1
2025-02-20,sleep_hours,10.04715662148466,-1
2025-02-28,sleep_hours,3.846172082100893,-1
2025-03-28,sleep_hours,3.021715568970529,-1
2025-05-01,sleep_hours,3.839132257494655,-1
2025-05-28,sleep_hours,3.882806327300101,-1
2025-07-30,sleep_hours,10.594359154476937,-1
2025-07-31,sleep_hours,3.765425879807424,-1
2025-08-08,sleep_hours,9.94028664656137,-1
2024-10-20,sleep_hours,3.656237945041141,-1
2024-10-26,sleep_hours,3.928814612667051,-1
2024-10-30,sleep_hours,10.040099626023462,-1
2024-12-26,sleep_hours,3.655221074418663,-1
2025-01-07,sleep_hours,10.133255977843156,-1
2025-01-08,sleep_hours,3.8080716045183847,-1
2025-01-09,sleep_hours,3.9428091729193486,-1
2025-01-29,sleep_hours,3.0585689660588624,-1
2025-04-04,sleep_hours,11.65162147283193,-1
2025-04-10,sleep_hours,3.588454159932178,-1
2025-05-06,sleep_hours,11.242076060097268,-1
2025-05-07,sleep_hours,10.04025196841258,-1
2025-05-28,sleep_hours,3.629866443450824,-1
2025-05-31,sleep_hours,3.6444099616452026,-1
2025-06-03,sleep_hours,10.197818558668958,-1
2025-06-11,sleep_hours,10.2451808412957,-1
2025-07-17,sleep_hours,10.151511395508212,-1
2025-07-23,sleep_hours,3.019200222219792,-1
2025-07-25,sleep_hours,10.038136963986997,-1
2025-07-27,sleep_hours,4.052504965140294,-1
2025-07-30,sleep_hours,3.821716240519162,-1
2025-08-09,sleep_hours,3.2779646145061885,-1
2025-08-20,sleep_hours,10.26746282801481,-1
2024-09-17,sleep_hours,3.9575950304990912,-1
2024-10-13,sleep_hours,3.1098804197049428,-1
2024-11-02,sleep_hours,3.296483216686803,-1
2024-11-08,sleep_hours,10.642893359078174,-1
2025-01-23,sleep_hours,3.465320913864938,-1
2025-02-10,sleep_hours,10.063967743710595,-1
2025-03-04,sleep_hours,3.84832861957332,-1
2025-03-20,sleep_hours,4.042054479385637,-1
2025-03-28,sleep_hours,10.015063538002655,-1
2025-06-01,sleep_hours,3.782578823653012,-1
2025-06-22,sleep_hours,3.5737013690605544,-1
2025-07-13,sleep_hours,3.952225871505673,-1
2025-08-16,sleep_hours,3.726568625361148,-1
2025-08-18,sleep_hours,10.788874853798216,-1
2024-10-08,sleep_hours,3.2363146826313667,-1
2024-10-10,sleep_hours,3.394904507998204,-1
2024-11-19,sleep_hours,10.415126889267626,-1
2024-12-02,sleep_hours,3.3220806585067155,-1
2024-12-24,sleep_hours,3.0,-1
2025-01-03,sleep_hours,3.273379634405357,-1
2025-01-20,sleep_hours,3.999869994307635,-1
2025-01-22,sleep_hours,3.6517115244702585,-1
2025-01-26,sleep_hours,3.912904192683308,-1
2025-03-21,sleep_hours,10.901592769391057,-1
2025-04-09,sleep_hours,10.231733758692595,-1
2025-04-13,sleep_hours,4.019202577245528,-1
2025-04-19,sleep_hours,4.041712818870491,-1
2025-05-12,sleep_hours,3.4658029262703343,-1
2025-05-21,sleep_hours,10.561358090269785,-1
2025-05-22,sleep_hours,3.0,-1
2025-06-20,sleep_hours,9.95699761090308,-1
2025-06-24,sleep_hours,3.8924202549895,-1
2025-07-06,sleep_hours,3.718532731072312,-1
2025-07-13,sleep_hours,9.94520303972999,-1
2025-07-17,sleep_hours,3.104316356030642,-1
2025-07-26,sleep_hours,3.41404980995557,-1
2025-08-07,sleep_hours,10.555122014115533,-1
2025-08-14,sleep_hours,3.0,-1
2025-09-04,sleep_hours,10.431883224741783,-1
2024-09-17,sleep_hours,3.702080449495233,-1
2024-11-02,sleep_hours,3.0,-1
2024-11-05,sleep_hours,3.8828790950031102,-1
2024-11-23,sleep_hours,3.0,-1
2024-12-04,sleep_hours,10.407190233876069,-1
2024-12-30,sleep_hours,10.234959092633474,-1
2025-01-08,sleep_hours,3.3769432981313297,-1
2025-01-16,sleep_hours,10.68519985576955,-1
2025-01-28,sleep_hours,3.0,-1
2025-01-30,sleep_hours,10.03292978855763,-1
2025-02-02,sleep_hours,10.007551709575209,-1
2025-03-02,sleep_hours,4.054243037340978,-1
2025-04-17,sleep_hours,10.006551874235658,-1
2025-05-25,sleep_hours,3.936554510682809,-1
2025-06-18,sleep_hours,9.966956027523564,-1
2025-07-19,sleep_hours,10.52938160949164,-1
2025-08-23,sleep_hours,10.270633505227632,-1
2024-09-10,sleep_hours,3.939489133809409,-1
2024-11-11,sleep_hours,10.357091034185142,-1
2024-12-09,sleep_hours,3.52918981744288,-1
2025-03-28,sleep_hours,10.15692975946316,-1
2025-05-07,sleep_hours,3.563083278384465,-1
2025-05-31,sleep_hours,3.379252806338436,-1
2025-06-06,sleep_hours,11.085061596404362,-1
2025-06-25,sleep_hours,3.394157807824609,-1
2024-09-19,sleep_hours,11.259599185450073,-1
2024-10-15,sleep_hours,3.199555855061662,-1
2024-10-19,sleep_hours,10.488629157942656,-1
2024-11-07,sleep_hours,10.595443837290311,-1
2024-11-25,sleep_hours,10.39430432712966,-1
2025-01-30,sleep_hours,3.881357315502218,-1
2025-02-11,sleep_hours,3.646882635357962,-1
2025-02-18,sleep_hours,10.428218185563956,-1
2025-03-06,sleep_hours,3.818691543718959,-1
2025-03-24,sleep_hours,3.0,-1
2025-04-07,sleep_hours,10.14060021272944,-1
2025-04-13,sleep_hours,10.368916337314165,-1
2025-04-20,sleep_hours,3.839709623331738,-1
2025-04-27,sleep_hours,10.213490637275797,-1
2025-06-20,sleep_hours,3.9745467432575534,-1
2025-07-02,sleep_hours,11.386566551045776,-1
2025-07-26,sleep_hours,3.345092232370833,-1
2024-09-14,sleep_hours,10.07260742672127,-1
2024-11-10,sleep_hours,10.379374494951865,-1
2024-11-20,sleep_hours,11.11947176116825,-1
2024-11-26,sleep_hours,3.5095485977531222,-1
2024-12-08,sleep_hours,10.74243970752464,-1
2024-12-14,sleep_hours,3.966656514213685,-1
2024-12-19,sleep_hours,3.0,-1
2024-12-22,sleep_hours,10.546649351314766,-1
2025-01-09,sleep_hours,9.949761139862044,-1
2025-01-21,sleep_hours,10.715126141291831,-1
2025-03-14,sleep_hours,4.037719687929761,-1
2025-03-16,sleep_hours,3.488038773814833,-1
2025-04-10,sleep_hours,3.2888259471388714,-1
2025-04-21,sleep_hours,3.0,-1
2025-04-30,sleep_hours,3.027851111341988,-1
2025-05-07,sleep_hours,10.37632354989382,-1
2025-05-24,sleep_hours,10.330030392574042,-1
2025-08-23,sleep_hours,3.955626722124906,-1
2025-08-24,sleep_hours,3.8924364401686367,-1
2024-10-13,sleep_hours,3.650883732680621,-1
2024-11-12,sleep_hours,3.7401979602755286,-1
2024-11-15,sleep_hours,10.650881060153829,-1
2024-11-19,sleep_hours,3.2660915090084583,-1
2024-12-09,sleep_hours,11.02699321582385,-1
2025-01-06,sleep_hours,3.378722535084588,-1
2025-01-20,sleep_hours,10.42471144479376,-1
2025-01-27,sleep_hours,10.513616746674554,-1
2025-04-09,sleep_hours,3.709944706874032,-1
2025-04-22,sleep_hours,3.736042090852696,-1
2025-05-06,sleep_hours,3.946659730604055,-1
2025-06-25,sleep_hours,3.463777557833205,-1
2025-06-29,sleep_hours,3.4255341629061533,-1
2025-06-30,sleep_hours,4.041150366651682,-1
2025-07-13,sleep_hours,3.3526922785011832,-1
2025-07-20,sleep_hours,9.994585936276597,-1
2025-08-12,sleep_hours,9.957196818011052,-1
2025-08-21,sleep_hours,3.688323182708518,-1
2024-10-16,sleep_hours,9.990850789012915,-1
2024-10-27,sleep_hours,10.377941284419808,-1
2024-11-04,sleep_hours,10.160314808947287,-1
2024-11-09,sleep_hours,4.0449405784758525,-1
2024-12-06,sleep_hours,3.933914261786433,-1
2025-01-22,sleep_hours,3.237188118052377,-1
2025-01-26,sleep_hours,3.471010121530917,-1
2025-02-15,sleep_hours,3.389909997430978,-1
2025-02-17,sleep_hours,10.88868203096023,-1
2025-02-18,sleep_hours,3.0722432035498226,-1
2025-03-07,sleep_hours,10.505640250661015,-1
2025-04-04,sleep_hours,10.470899211089948,-1
2025-05-22,sleep_hours,10.00449509644403,-1
2025-06-04,sleep_hours,9.996549799458393,-1
2025-06-09,sleep_hours,3.523450339578932,-1
2025-06-12,sleep_hours,3.0,-1
2025-06-26,sleep_hours,3.8918946622483848,-1
2025-08-17,sleep_hours,10.01824257053592,-1
2024-09-07,sleep_hours,10.003306670492432,-1
2024-09-16,sleep_hours,3.988772454584321,-1
2024-10-11,sleep_hours,3.7000032474446383,-1
2024-11-01,sleep_hours,10.866839080532571,-1
2024-11-26,sleep_hours,10.194087615076096,-1
2024-11-28,sleep_hours,3.54547587104463,-1
2024-12-07,sleep_hours,10.84250567122178,-1
2024-12-09,sleep_hours,3.0,-1
2024-12-23,sleep_hours,3.472509956182619,-1
2025-01-02,sleep_hours,3.811236075160777,-1
2025-01-13,sleep_hours,3.10985253600064,-1
2025-01-23,sleep_hours,10.509336986161436,-1
2025-02-10,sleep_hours,10.297397068781974,-1
2025-02-28,sleep_hours,3.0,-1
2025-03-29,sleep_hours,3.417761216594198,-1
2025-05-08,sleep_hours,10.290223198055076,-1
2025-05-14,sleep_hours,12.0,-1
2025-05-25,sleep_hours,10.037354622177851,-1
2025-06-09,sleep_hours,4.006807691947811,-1
2025-06-12,sleep_hours,10.397126037780488,-1
2025-08-27,sleep_hours,10.108636637433271,-1
2025-08-29,sleep_hours,3.7907535836813695,-1
2025-09-02,sleep_hours,10.397101872171277,-1
2024-10-19,sleep_hours,3.0,-1
2024-11-09,sleep_hours,3.926356207067281,-1
2024-12-03,sleep_hours,10.602136820682595,-1
2024-12-04,sleep_hours,10.284906870652955,-1
2024-12-06,sleep_hours,3.0,-1
2024-12-12,sleep_hours,3.0150188656131727,-1
2024-12-26,sleep_hours,10.116901154234885,-1
2024-12-29,sleep_hours,4.0124626996623896,-1
2025-01-05,sleep_hours,10.278437003043678,-1
2025-01-21,sleep_hours,10.427235248397686,-1
2025-02-02,sleep_hours,3.1194626442308584,-1
2025-02-17,sleep_hours,11.695742421806706,-1
2025-03-12,sleep_hours,3.404680028574422,-1
2025-03-16,sleep_hours,11.014473732471243,-1
2025-04-19,sleep_hours,10.138121932722884,-1
2025-04-25,sleep_hours,10.026966961120468,-1
2025-05-05,sleep_hours,3.0,-1
2025-05-15,sleep_hours,3.0,-1
2025-05-30,sleep_hours,10.241374343002942,-1
2025-05-31,sleep_hours,3.556014851220301,-1
2025-07-31,sleep_hours,10.074199364569502,-1
2025-08-12,sleep_hours,10.110519688517986,-1
2025-08-23,sleep_hours,3.952338092308281,-1
2024-10-15,sleep_hours,9.932088807143115,-1
2024-12-06,sleep_hours,3.6600010589978407,-1
2024-12-15,sleep_hours,3.0650056065542985,-1
2024-12-16,sleep_hours,9.931988886643396,-1
2025-01-28,sleep_hours,10.902961905590177,-1
2025-02-11,sleep_hours,3.823973620632806,-1
2025-02-20,sleep_hours,3.5360271702138784,-1
2025-03-06,sleep_hours,3.588645944584448,-1
2025-03-07,sleep_hours,10.008402280964583,-1
2025-03-24,sleep_hours,3.608333425479442,-1
2025-04-28,sleep_hours,3.986666295689328,-1
2025-05-27,sleep_hours,3.912597096067413,-1
2025-06-08,sleep_hours,3.0,-1
2025-06-30,sleep_hours,3.657699926347687,-1
2025-08-02,sleep_hours,3.5855889760260946,-1
2025-08-31,sleep_hours,10.126110291617852,-1
2024-09-26,sleep_hours,4.024663183160334,-1
2024-10-16,sleep_hours,3.393034068934204,-1
2024-10-23,sleep_hours,10.097399684427176,-1
2024-12-24,sleep_hours,9.993841302387724,-1
2024-12-27,sleep_hours,3.0,-1
2025-01-01,sleep_hours,10.379249394919272,-1
2025-01-03,sleep_hours,3.4639811701728824,-1
2025-02-13,sleep_hours,3.833496017156846,-1
2025-02-27,sleep_hours,3.722200287335017,-1
2025-03-26,sleep_hours,12.0,-1
2025-04-23,sleep_hours,10.210492134168426,-1
2025-08-17,sleep_hours,10.660498395852166,-1
2024-09-21,sleep_hours,3.0,-1
2024-10-06,sleep_hours,4.04672436922385,-1
2024-12-03,sleep_hours,10.484829549088223,-1
2024-12-18,sleep_hours,4.0553339458502045,-1
2025-03-04,sleep_hours,4.007317577072884,-1
2025-03-19,sleep_hours,10.464502751764346,-1
2025-03-25,sleep_hours,3.691014075011722,-1
2025-03-26,sleep_hours,11.613670249558512,-1
2025-04-23,sleep_hours,11.26889407302122,-1
2025-05-01,sleep_hours,4.053473828131067,-1
2025-05-20,sleep_hours,3.0,-1
2025-06-14,sleep_hours,3.3730483041591217,-1
2025-06-29,sleep_hours,10.801820588587246,-1
2025-07-12,sleep_hours,3.0,-1
2025-07-23,sleep_hours,10.681293394555237,-1
2025-08-19,sleep_hours,3.851240288513021,-1
2025-08-24,sleep_hours,10.636959414888384,-1
2024-09-07,sleep_hours,9.969501827223215,-1
2024-09-27,sleep_hours,10.902153280046376,-1
2024-10-16,sleep_hours,3.4166809284060884,-1
2024-10-25,sleep_hours,3.2504655190415583,-1
2024-10-27,sleep_hours,10.299770666754467,-1
2024-12-05,sleep_hours,10.914200525434664,-1
2024-12-06,sleep_hours,3.788210802816165,-1
2024-12-08,sleep_hours,10.489837694028608,-1
2024-12-16,sleep_hours,3.873703654309148,-1
2024-12-18,sleep_hours,3.546469818478068,-1
2025-01-24,sleep_hours,10.254511563067773,-1
2025-02-06,sleep_hours,10.3879599431585,-1
2025-03-04,sleep_hours,3.533949633109753,-1
2025-03-18,sleep_hours,10.569918700083504,-1
2025-03-20,sleep_hours,10.337523390284945,-1
2025-04-23,sleep_hours,10.776425801606552,-1
2025-05-11,sleep_hours,9.992467573772055,-1
2025-05-23,sleep_hours,10.529032214350668,-1
2025-06-04,sleep_hours,10.445826168754612,-1
2025-06-27,sleep_hours,10.51030470567012,-1
2025-07-23,sleep_hours,9.938465685791572,-1
2025-08-29,sleep_hours,11.87910281286522,-1
2025-08-30,sleep_hours,10.025160649292069,-1
2024-09-06,sleep_hours,3.480572864296413,-1
2024-11-07,sleep_hours,3.0,-1
2024-12-18,sleep_hours,3.95376591884382,-1
2024-12-20,sleep_hours,3.524697612299532,-1
2025-01-28,sleep_hours,3.9345174880242224,-1
2025-01-30,sleep_hours,3.0,-1
2025-03-17,sleep_hours,3.930294314767484,-1
2025-03-18,sleep_hours,9.94629150864546,-1
2025-03-23,sleep_hours,3.758048273654365,-1
2025-05-17,sleep_hours,3.868450156160102,-1
2025-05-20,sleep_hours,3.9801714183506673,-1
2025-05-31,sleep_hours,3.483369471914432,-1
2025-06-18,sleep_hours,10.042668279179605,-1
2025-07-26,sleep_hours,10.561685051850205,-1
2025-07-30,sleep_hours,10.17994298477822,-1
2025-08-01,sleep_hours,9.988250994972104,-1
2025-08-10,sleep_hours,10.09239936712488,-1
2024-10-15,sleep_hours,10.795721007912034,-1
2024-10-27,sleep_hours,3.4083680920142214,-1
2024-11-04,sleep_hours,3.5170344536323204,-1
2025-02-12,sleep_hours,3.9216655237095774,-1
2025-02-14,sleep_hours,10.07627229117355,-1
2025-04-03,sleep_hours,11.616859577703496,-1
2025-04-15,sleep_hours,10.30267340829542,-1
2025-06-24,sleep_hours,3.985885897086024,-1
2025-06-28,sleep_hours,3.5611737981646705,-1
2025-07-25,sleep_hours,3.0,-1
2025-08-09,sleep_hours,3.565055314229346,-1
2025-08-13,sleep_hours,4.006499465715747,-1
2025-08-17,sleep_hours,3.4702690341009594,-1
2025-08-23,sleep_hours,10.310080477087109,-1
2024-09-09,sleep_hours,10.664580788882748,-1
2024-10-08,sleep_hours,10.269513590729812,-1
2024-10-19,sleep_hours,3.711830575393587,-1
2025-01-03,sleep_hours,3.632776031097305,-1
2025-02-08,sleep_hours,3.665539097249342,-1
2025-03-02,sleep_hours,3.3823385233828454,-1
2025-03-03,sleep_hours,3.263986346033696,-1
2025-04-15,sleep_hours,3.938381212982229,-1
2025-05-02,sleep_hours,10.453016646052108,-1
2025-06-07,sleep_hours,10.746061304725089,-1
2025-06-10,sleep_hours,3.15176171011457,-1
2024-09-08,sleep_hours,3.772687531546228,-1
2024-10-01,sleep_hours,3.6749205026476393,-1
2024-10-19,sleep_hours,3.566037772530354,-1
2024-10-30,sleep_hours,3.98301634148961,-1
2024-10-31,sleep_hours,3.2808184360563537,-1
2024-11-08,sleep_hours,3.5822260351248008,-1
2024-11-22,sleep_hours,10.464946043641444,-1
2024-11-23,sleep_hours,10.587539846510785,-1
2024-12-23,sleep_hours,10.150042287618044,-1
2025-01-25,sleep_hours,10.334688848828984,-1
2025-01-31,sleep_hours,3.358670298697379,-1
2025-02-23,sleep_hours,3.0,-1
2025-04-08,sleep_hours,3.9698551064501286,-1
2025-05-17,sleep_hours,10.374716552025529,-1
2025-06-03,sleep_hours,3.840752370364533,-1
2025-06-11,sleep_hours,3.0,-1
2025-07-01,sleep_hours,3.0,-1
2024-09-12,sleep_hours,3.9657071199674823,-1
2024-09-20,sleep_hours,10.19196992050068,-1
2024-10-10,sleep_hours,3.660519841716048,-1
2024-11-09,sleep_hours,3.6876606376101977,-1
2024-11-30,sleep_hours,3.789852034986045,-1
2024-12-13,sleep_hours,3.0,-1
2024-12-23,sleep_hours,3.741571053703037,-1
2024-12-25,sleep_hours,3.529222696955064,-1
2024-12-27,sleep_hours,10.218469802952638,-1
2024-12-31,sleep_hours,3.558309473263842,-1
2025-01-17,sleep_hours,9.948579789405397,-1
2025-01-23,sleep_hours,3.5204108481630567,-1
2025-01-26,sleep_hours,10.129755445884866,-1
2025-04-02,sleep_hours,10.28055722738618,-1
2025-05-10,sleep_hours,3.536929672143017,-1
2025-05-12,sleep_hours,10.69950408705933,-1
2025-06-22,sleep_hours,11.713188309628103,-1
2025-06-29,sleep_hours,3.0,-1
2025-07-11,sleep_hours,11.205210490310776,-1
2025-07-27,sleep_hours,4.0030116346442295,-1
2025-08-24,sleep_hours,3.0,-1
2024-09-24,sleep_hours,3.9839348780535695,-1
2024-10-28,sleep_hours,3.462426921787119,-1
2024-11-07,sleep_hours,3.0,-1
2024-11-15,sleep_hours,3.0,-1
2024-11-16,sleep_hours,11.455045746223831,-1
2025-01-07,sleep_hours,3.441851191127812,-1
2025-01-13,sleep_hours,3.268801085226869,-1
2025-01-21,sleep_hours,10.89402337486085,-1
2025-01-31,sleep_hours,11.193045732719805,-1
2025-02-28,sleep_hours,10.797529869002954,-1
2025-04-01,sleep_hours,3.920271880644888,-1
2025-04-05,sleep_hours,10.684975056829945,-1
2025-05-04,sleep_hours,3.54080693971406,-1
2025-05-08,sleep_hours,10.240308433961436,-1
2025-06-04,sleep_hours,10.59610185962102,-1
2025-07-20,sleep_hours,3.7583144450935326,-1
2025-09-03,sleep_hours,3.950267621569406,-1
2024-11-18,sleep_hours,3.583735114470856,-1
2024-11-28,sleep_hours,10.950961193094606,-1
2024-12-27,sleep_hours,3.6527741133170473,-1
2025-02-20,sleep_hours,10.428664725812649,-1
2025-04-04,sleep_hours,3.4574669257984123,-1
2025-04-08,sleep_hours,3.342710646682268,-1
2025-04-11,sleep_hours,3.0,-1
2025-04-28,sleep_hours,10.051961463462924,-1
2025-05-04,sleep_hours,9.932831653129996,-1
2025-05-14,sleep_hours,10.153761438045247,-1
2025-06-12,sleep_hours,3.20507892490492,-1
2025-06-17,sleep_hours,3.3570440585731647,-1
2025-07-12,sleep_hours,3.0,-1
2025-07-25,sleep_hours,10.10187348806132,-1
2025-08-21,sleep_hours,10.8080255208706,-1
2024-10-12,sleep_hours,3.976747321823008,-1
2024-10-14,sleep_hours,10.477430640823002,-1
2024-10-23,sleep_hours,3.3780657448477607,-1
2024-12-15,sleep_hours,9.957282798872104,-1
2025-04-09,sleep_hours,3.2969236115066467,-1
2025-04-11,sleep_hours,10.51229617958703,-1
2025-04-22,sleep_hours,3.54451037421415,-1
2025-04-24,sleep_hours,10.164709089016384,-1
2025-06-07,sleep_hours,10.11301421220108,-1
2025-06-13,sleep_hours,3.6718375242312407,-1
2025-06-16,sleep_hours,3.674202469392697,-1
2025-07-31,sleep_hours,3.0,-1
2025-08-13,sleep_hours,3.532825180996806,-1
2025-08-27,sleep_hours,3.6861922054979495,-1
2024-11-10,sleep_hours,3.7134890754920606,-1
2024-11-30,sleep_hours,10.746467168415707,-1
2024-12-14,sleep_hours,10.490278548032736,-1
2024-12-26,sleep_hours,11.133506220992729,-1
2025-01-21,sleep_hours,3.896610825039507,-1
2025-02-11,sleep_hours,3.7538642157823774,-1
2025-04-06,sleep_hours,10.051804336906532,-1
2025-04-25,sleep_hours,11.487413494357526,-1
2025-06-16,sleep_hours,10.304693861188955,-1
2025-07-01,sleep_hours,3.0,-1
2025-07-09,sleep_hours,10.294334701230053,-1
2025-07-19,sleep_hours,9.93315921007857,-1
2025-08-05,sleep_hours,10.03518889123891,-1
2025-09-03,sleep_hours,10.45074003591583,-1
2024-09-12,sleep_hours,10.190631446104526,-1
2024-09-18,sleep_hours,11.765790363333586,-1
2024-09-22,sleep_hours,3.052721192075494,-1
2024-09-30,sleep_hours,3.887502845588665,-1
2024-10-09,sleep_hours,3.0,-1
2024-10-10,sleep_hours,3.587948221672601,-1
2024-11-21,sleep_hours,3.0,-1
2024-11-29,sleep_hours,9.969310888716125,-1
2024-12-24,sleep_hours,3.461625200859913,-1
2025-01-25,sleep_hours,10.736689866930568,-1
2025-01-26,sleep_hours,10.190903616234255,-1
2025-01-27,sleep_hours,3.762401195910486,-1
2025-02-07,sleep_hours,10.206986767167608,-1
2025-02-24,sleep_hours,3.5490705102400586,-1
2025-02-26,sleep_hours,3.0,-1
2024-09-08,sleep_hours,3.890045914988974,-1
2024-11-23,sleep_hours,3.8755819075779057,-1
2024-12-09,sleep_hours,10.280240220922742,-1
2025-01-07,sleep_hours,10.65226451476861,-1
2025-01-12,sleep_hours,3.0,-1
2025-02-02,sleep_hours,10.814270434918972,-1
2025-04-01,sleep_hours,4.014321627768704,-1
2025-04-30,sleep_hours,10.39674933953548,-1
2025-05-01,sleep_hours,10.650931086288915,-1
2025-05-16,sleep_hours,10.2522048921879,-1
2025-07-09,sleep_hours,3.877510757129037,-1
2025-07-17,sleep_hours,10.21217375323921,-1
2025-07-19,sleep_hours,3.0873052077040235,-1
2025-08-17,sleep_hours,4.0427836003982245,-1
2024-09-17,sleep_hours,3.605132212996656,-1
2024-09-22,sleep_hours,3.91718151935287,-1
2024-10-18,sleep_hours,9.969663235317526,-1
2024-10-21,sleep_hours,3.0,-1
2024-11-11,sleep_hours,3.0,-1
2024-11-24,sleep_hours,3.0,-1
2024-12-17,sleep_hours,3.0,-1
2024-12-19,sleep_hours,3.923819569405993,-1
2025-01-22,sleep_hours,10.633936330925565,-1
2025-02-12,sleep_hours,10.289104735132447,-1
2025-03-09,sleep_hours,3.717459277025807,-1
2025-03-30,sleep_hours,3.91715853408108,-1
2025-04-25,sleep_hours,10.882240842419176,-1
2025-07-20,sleep_hours,3.0,-1
2024-10-19,sleep_hours,10.16714395082213,-1
2024-11-19,sleep_hours,3.94627071474463,-1
2024-11-22,sleep_hours,3.840136181672972,-1
2024-12-31,sleep_hours,3.787844658322653,-1
2025-01-18,sleep_hours,10.79170335378152,-1
2025-04-03,sleep_hours,3.6767577212642255,-1
2025-04-07,sleep_hours,10.993492245615842,-1
2025-05-28,sleep_hours,9.95584895316222,-1
2025-06-02,sleep_hours,3.9980287464412942,-1
2025-06-17,sleep_hours,10.68818456077255,-1
2025-07-05,sleep_hours,3.6898175695018742,-1
2025-07-17,sleep_hours,3.813226375366686,-1
2025-07-22,sleep_hours,10.024952649875305,-1
2025-08-20,sleep_hours,3.3508854444907348,-1
2024-10-06,sleep_hours,3.0071439682454715,-1
2025-01-12,sleep_hours,10.231097469556818,-1
2025-03-01,sleep_hours,3.0,-1
2025-03-12,sleep_hours,11.089151094556891,-1
2025-03-17,sleep_hours,10.12476213889933,-1
2025-03-20,sleep_hours,11.011575633153996,-1
2025-04-03,sleep_hours,3.0,-1
2025-04-18,sleep_hours,10.09311810610588,-1
2025-04-22,sleep_hours,10.55509588957903,-1
2025-04-28,sleep_hours,3.0,-1
2025-06-16,sleep_hours,10.065055123459214,-1
2025-06-18,sleep_hours,3.876377290399735,-1
2025-06-24,sleep_hours,3.635833354142611,-1
2025-07-22,sleep_hours,3.1581631061355027,-1
2025-08-08,sleep_hours,3.4612047039634666,-1
2024-09-09,sleep_hours,10.493537439011948,-1
2024-09-14,sleep_hours,11.20250486862911,-1
2024-12-20,sleep_hours,10.963729145082109,-1
2025-01-08,sleep_hours,10.867585286754736,-1
2025-01-17,sleep_hours,4.02163004152573,-1
2025-03-09,sleep_hours,10.038000733225704,-1
2025-03-27,sleep_hours,3.8991944080720833,-1
2025-04-03,sleep_hours,10.370975381678956,-1
2025-04-17,sleep_hours,4.041211023887538,-1
2025-05-13,sleep_hours,3.591088565385025,-1
2025-06-03,sleep_hours,10.13997560144186,-1
2025-07-29,sleep_hours,10.484388258314514,-1
2025-08-20,sleep_hours,10.287574618643593,-1
2024-09-07,sleep_hours,3.0,-1
2024-09-16,sleep_hours,10.9023707222526,-1
2024-09-17,sleep_hours,11.788473824798178,-1
2024-10-21,sleep_hours,10.757863299295432,-1
2024-11-02,sleep_hours,3.989357103230936,-1
2024-11-14,sleep_hours,3.723457652057614,-1
2024-11-16,sleep_hours,3.846264811163872,-1
2024-11-21,sleep_hours,3.854393423186664,-1
2025-02-03,sleep_hours,3.587558210195949,-1
2025-02-11,sleep_hours,11.186123650671076,-1
2025-02-15,sleep_hours,3.774971289169515,-1
2025-03-09,sleep_hours,3.592190501663,-1
2025-04-09,sleep_hours,3.17729550908383,-1
2025-04-13,sleep_hours,3.0,-1
2025-05-04,sleep_hours,3.0,-1
2025-05-22,sleep_hours,10.190198809071353,-1
2025-05-23,sleep_hours,3.8265382531931142,-1
2025-06-15,sleep_hours,3.9262810912682617,-1
2025-06-25,sleep_hours,11.0700169267114,-1
2025-07-02,sleep_hours,11.616962200685988,-1
2025-07-11,sleep_hours,9.987041150022362,-1
2025-07-17,sleep_hours,4.021180778275577,-1
2024-10-05,sleep_hours,3.0,-1
2024-10-12,sleep_hours,3.94576913757373,-1
2024-10-28,sleep_hours,10.14836391527135,-1
2024-11-06,sleep_hours,3.1436218344009195,-1
2024-11-17,sleep_hours,10.586669328086344,-1
2024-11-26,sleep_hours,3.983444951112412,-1
2025-01-25,sleep_hours,10.455216001463748,-1
2025-03-30,sleep_hours,10.031052158461351,-1
2025-07-11,sleep_hours,3.0,-1
2025-08-08,sleep_hours,10.92612366541389,-1
2025-08-29,sleep_hours,3.933014252818847,-1
2024-10-12,sleep_hours,3.758788834128086,-1
2024-12-04,sleep_hours,3.6328835156232,-1
2025-01-11,sleep_hours,10.29095599275381,-1
2025-01-31,sleep_hours,3.446472084976618,-1
2025-03-10,sleep_hours,3.0,-1
2025-04-08,sleep_hours,10.285353824873894,-1
2025-04-18,sleep_hours,3.0,-1
2025-05-17,sleep_hours,10.241444817763778,-1
2025-06-15,sleep_hours,10.144487350933938,-1
2025-06-25,sleep_hours,3.4072656146411884,-1
2025-08-07,sleep_hours,10.0278474511517,-1
2025-08-11,sleep_hours,10.200776285400224,-1
2025-08-28,sleep_hours,10.283967593336618,-1
2025-09-02,sleep_hours,3.6708097564478654,-1
2024-09-27,sleep_hours,3.2160491991918563,-1
2024-10-16,sleep_hours,3.223132090066549,-1
2024-10-30,sleep_hours,10.99646154790004,-1
2024-12-13,sleep_hours,9.984305534482052,-1
2025-01-28,sleep_hours,3.2977217161781054,-1
2025-02-01,sleep_hours,10.299179956679058,-1
2025-02-04,sleep_hours,10.112611391642549,-1
2025-02-19,sleep_hours,10.3080146680242,-1
2025-03-25,sleep_hours,10.290911835581058,-1
2025-03-26,sleep_hours,3.6172703970707536,-1
2025-05-17,sleep_hours,10.534760216948207,-1
2025-05-20,sleep_hours,10.407481694860206,-1
2025-06-02,sleep_hours,3.7491772779816768,-1
2025-06-17,sleep_hours,3.404422272672556,-1
2024-09-06,sleep_hours,10.18066241837261,-1
2024-09-14,sleep_hours,10.737518886101649,-1
2024-09-24,sleep_hours,9.966196413778489,-1
2024-10-25,sleep_hours,10.850873273391317,-1
2024-11-07,sleep_hours,4.042035394251952,-1
2024-12-23,sleep_hours,3.635615530790498,-1
2025-01-05,sleep_hours,3.0,-1
2025-01-10,sleep_hours,3.0,-1
2025-01-11,sleep_hours,3.0,-1
2025-01-22,sleep_hours,3.603294150477713,-1
2025-02-06,sleep_hours,3.1769391316295463,-1
2025-02-27,sleep_hours,10.000624463917411,-1
2025-04-29,sleep_hours,3.979912851137355,-1
2025-05-09,sleep_hours,3.717099221603312,-1
2025-05-12,sleep_hours,3.8219798385813455,-1
2025-06-03,sleep_hours,3.516513106862928,-1
2025-06-25,sleep_hours,10.06787125578621,-1
2025-08-16,sleep_hours,10.20641797489124,-1
2025-08-30,sleep_hours,3.6787344492246254,-1
2025-09-01,sleep_hours,3.8567817863896687,-1
2024-09-13,sleep_hours,9.96651289696609,-1
2024-10-16,sleep_hours,3.0,-1
2024-10-24,sleep_hours,10.080796178523055,-1
2024-11-22,sleep_hours,10.757637866979543,-1
2024-11-23,sleep_hours,11.200139672198608,-1
2024-12-28,sleep_hours,3.115541604002492,-1
2025-01-17,sleep_hours,10.07200678987692,-1
2025-01-22,sleep_hours,10.65533185416696,-1
2025-03-16,sleep_hours,9.95416731465389,-1
2025-04-03,sleep_hours,3.0,-1
2025-04-16,sleep_hours,11.36480061327286,-1
2025-05-06,sleep_hours,3.0,-1
2025-05-20,sleep_hours,10.004532166980496,-1
2025-05-26,sleep_hours,3.2114365073199767,-1
2025-06-02,sleep_hours,10.353877749555853,-1
2024-09-29,sleep_hours,10.797738904511183,-1
2024-11-17,sleep_hours,3.80176928284172,-1
2024-11-24,sleep_hours,10.372048262589605,-1
2024-11-29,sleep_hours,10.7113460259539,-1
2025-01-14,sleep_hours,3.78349114836533,-1
2025-02-13,sleep_hours,3.925251641708952,-1
2025-03-19,sleep_hours,9.996908617692192,-1
2025-03-20,sleep_hours,3.819290784588672,-1
2025-04-30,sleep_hours,9.993427868555996,-1
2025-06-02,sleep_hours,10.509266732996586,-1
2025-07-11,sleep_hours,10.252298803964525,-1
2025-07-19,sleep_hours,3.006371966786836,-1
2024-09-13,sleep_hours,9.937952009088198,-1
2024-10-27,sleep_hours,3.9485004847071945,-1
2024-11-27,sleep_hours,3.7108415304519617,-1
2024-12-25,sleep_hours,3.818710024687444,-1
2025-01-25,sleep_hours,11.164474344768095,-1
2025-02-22,sleep_hours,3.0328412433643304,-1
2025-02-24,sleep_hours,10.99844284723348,-1
2025-03-10,sleep_hours,10.5575903504747,-1
2025-03-18,sleep_hours,10.145855510441326,-1
2025-03-19,sleep_hours,11.39903289360451,-1
2025-03-25,sleep_hours,3.0,-1
2025-03-29,sleep_hours,3.901625805051015,-1
2025-04-27,sleep_hours,10.458499864274144,-1
2025-05-04,sleep_hours,10.38505607776394,-1
2025-05-12,sleep_hours,10.095291351732095,-1
2025-05-20,sleep_hours,9.970249226289576,-1
2025-05-30,sleep_hours,3.0,-1
2025-07-02,sleep_hours,3.852378152578778,-1
2024-10-02,sleep_hours,10.16914877035359,-1
2024-10-10,sleep_hours,10.630352975214512,-1
2024-11-08,sleep_hours,11.017214096923972,-1
2024-11-16,sleep_hours,3.734680408700896,-1
2025-01-09,sleep_hours,10.247708178110033,-1
2025-04-04,sleep_hours,10.655908673976016,-1
2025-04-10,sleep_hours,3.900350088451553,-1
2025-04-14,sleep_hours,10.094312286953146,-1
2025-06-26,sleep_hours,11.593145709488963,-1
2025-07-10,sleep_hours,3.6139927011346,-1
2025-07-27,sleep_hours,3.904874602609526,-1
2025-08-09,sleep_hours,10.576164563553984,-1
2025-08-10,sleep_hours,11.810091766405236,-1
2025-08-21,sleep_hours,3.540054940827392,-1
2025-08-26,sleep_hours,11.296638151471798,-1
2025-08-30,sleep_hours,3.483860860427176,-1
2025-09-03,sleep_hours,10.023316305965924,-1
2024-09-10,sleep_hours,3.1602505017651064,-1
2024-09-26,sleep_hours,4.018292874303782,-1
2024-10-02,sleep_hours,10.451461255723869,-1
2024-10-05,sleep_hours,3.545722513241931,-1
2024-10-31,sleep_hours,10.001539064659692,-1
2025-01-25,sleep_hours,3.8925593437947184,-1
2025-05-15,sleep_hours,3.5915462558846456,-1
2025-07-03,sleep_hours,4.00423374002488,-1
2025-08-16,sleep_hours,9.945953217391065,-1
2024-09-08,sleep_hours,10.057683423690577,-1
2024-09-15,sleep_hours,10.11794751756079,-1
2024-09-30,sleep_hours,3.0,-1
2024-10-09,sleep_hours,10.676220901897288,-1
2024-11-15,sleep_hours,10.129982110758853,-1
2024-11-26,sleep_hours,4.006201733481704,-1
2024-12-08,sleep_hours,9.9919307057507,-1
2024-12-17,sleep_hours,3.9157701384264887,-1
2024-12-25,sleep_hours,4.014914319914601,-1
2025-01-07,sleep_hours,11.065020045401855,-1
2025-02-01,sleep_hours,3.0,-1
2025-02-10,sleep_hours,10.023538537732804,-1
2025-02-22,sleep_hours,10.257557089002123,-1
2025-04-11,sleep_hours,10.102597826971117,-1
2025-04-16,sleep_hours,9.960150330473304,-1
2025-04-24,sleep_hours,3.0,-1
2025-05-07,sleep_hours,3.5095908233080264,-1
2025-05-17,sleep_hours,9.940606918914654,-1
2025-05-25,sleep_hours,4.0394206038294005,-1
2025-06-04,sleep_hours,10.08246058927973,-1
2025-06-09,sleep_hours,9.970304643035425,-1
2025-06-15,sleep_hours,3.0,-1
2025-07-16,sleep_hours,3.633737129865148,-1
2025-08-16,sleep_hours,11.671846658298175,-1
2025-08-17,sleep_hours,3.533027686349504,-1
2025-08-18,sleep_hours,3.0665076266828555,-1
2025-08-20,sleep_hours,3.982595316029232,-1
2025-09-01,sleep_hours,3.516886408220929,-1
2024-09-08,sleep_hours,3.0,-1
2024-09-30,sleep_hours,3.0,-1
2024-10-17,sleep_hours,3.0,-1
2024-11-23,sleep_hours,3.6402693643106736,-1
2024-11-30,sleep_hours,10.20022773590062,-1
2025-02-02,sleep_hours,3.4798231867041887,-1
2025-02-10,sleep_hours,3.0,-1
2025-02-28,sleep_hours,3.0304376424168256,-1
2025-06-07,sleep_hours,3.0,-1
2025-07-16,sleep_hours,3.0,-1
2025-08-02,sleep_hours,3.980346812499017,-1
2025-08-03,sleep_hours,10.475523297380278,-1
2025-08-12,sleep_hours,3.470453338119502,-1
2024-09-27,sleep_hours,10.76679874791502,-1
2024-10-24,sleep_hours,10.53233671594063,-1
2024-10-29,sleep_hours,3.0,-1
2024-12-07,sleep_hours,10.098502178955837,-1
2025-01-26,sleep_hours,10.514094707894245,-1
2025-01-28,sleep_hours,9.95325167767578,-1
2025-02-01,sleep_hours,3.326873386234732,-1
2025-02-08,sleep_hours,3.616355656324093,-1
2025-02-11,sleep_hours,3.4167138300599795,-1
2025-03-26,sleep_hours,10.926770898439251,-1
2025-04-07,sleep_hours,10.28679347720847,-1
2025-04-10,sleep_hours,3.842025687716294,-1
2025-05-02,sleep_hours,3.0,-1
2025-05-07,sleep_hours,11.150241809473496,-1
2025-05-20,sleep_hours,3.2983713669993096,-1
2025-06-16,sleep_hours,10.445193714666637,-1
2025-08-27,sleep_hours,10.36087940991592,-1
2024-09-17,sleep_hours,10.15353527464517,-1
2024-11-24,sleep_hours,11.191343092372165,-1
2025-01-13,sleep_hours,3.3918352288953613,-1
2025-01-22,sleep_hours,3.0,-1
2025-01-23,sleep_hours,3.158101708565942,-1
2025-01-26,sleep_hours,3.0,-1
2025-02-11,sleep_hours,10.824293514018482,-1
2025-02-14,sleep_hours,3.0,-1
2025-02-16,sleep_hours,10.073629451522654,-1
2025-02-20,sleep_hours,9.974273554175197,-1
2025-03-15,sleep_hours,10.071344993895323,-1
2025-03-19,sleep_hours,3.3298406544233217,-1
2025-03-24,sleep_hours,10.229511037572824,-1
2025-03-29,sleep_hours,3.97658275181173,-1
2025-05-03,sleep_hours,4.041036197322313,-1
2025-05-13,sleep_hours,10.298598102688684,-1
2025-05-17,sleep_hours,3.498620448785577,-1
2025-06-11,sleep_hours,10.15757065789083,-1
2025-06-22,sleep_hours,3.0,-1
2025-06-25,sleep_hours,10.54600220403908,-1
2025-07-20,sleep_hours,3.0,-1
2025-08-12,sleep_hours,3.785380723229593,-1
2025-08-19,sleep_hours,3.8578593877996648,-1
2024-09-12,sleep_hours,4.008762885239307,-1
2024-09-15,sleep_hours,3.926733150291943,-1
2024-10-18,sleep_hours,10.10733996472748,-1
2024-12-04,sleep_hours,3.991373748467813,-1
2024-12-20,sleep_hours,3.401106044596727,-1
2024-12-30,sleep_hours,9.97462943682972,-1
2025-01-09,sleep_hours,3.0,-1
2025-01-13,sleep_hours,3.038618420020523,-1
2025-01-18,sleep_hours,10.656950336982185,-1
2025-02-09,sleep_hours,3.901243863188871,-1
2025-02-13,sleep_hours,3.0,-1
2025-03-08,sleep_hours,10.150378740072496,-1
2025-04-04,sleep_hours,3.628243697201836,-1
2025-04-09,sleep_hours,10.23388184631693,-1
2025-04-30,sleep_hours,10.089685614428888,-1
2025-05-17,sleep_hours,3.8860690590808815,-1
2025-06-01,sleep_hours,10.091073728506604,-1
2025-06-16,sleep_hours,3.0,-1
2025-07-20,sleep_hours,10.5062560867614,-1
2025-07-22,sleep_hours,11.242686850182352,-1
2025-08-13,sleep_hours,4.03777102592748,-1
2025-08-18,sleep_hours,9.9521600242482,-1
2025-08-30,sleep_hours,11.025445594989325,-1
2024-09-16,sleep_hours,10.117078528753346,-1
2024-10-13,sleep_hours,10.07913380611469,-1
2024-12-06,sleep_hours,3.3541622221105003,-1
2024-12-14,sleep_hours,3.65070184804808,-1
2024-12-30,sleep_hours,3.5288019172674767,-1
2025-01-06,sleep_hours,3.206893945572008,-1
2025-04-12,sleep_hours,10.3353853593576,-1
2025-04-25,sleep_hours,3.0,-1
2025-05-16,sleep_hours,10.918956402751752,-1
2025-06-03,sleep_hours,3.84579826588934,-1
2025-06-24,sleep_hours,11.03823370750974,-1
2025-07-04,sleep_hours,3.0,-1
2025-07-22,sleep_hours,10.798459636434506,-1
2025-08-07,sleep_hours,10.00131717912259,-1
2024-09-07,sleep_hours,3.0,-1
2024-10-10,sleep_hours,10.054497683697791,-1
2024-10-12,sleep_hours,3.795678614567604,-1
2024-10-17,sleep_hours,3.0,-1
2024-10-25,sleep_hours,10.406818582601844,-1
2025-01-02,sleep_hours,3.982027661303452,-1
2025-01-06,sleep_hours,10.59607799992605,-1
2025-01-16,sleep_hours,11.080262576217407,-1
2025-01-18,sleep_hours,10.14833161382553,-1
2025-03-24,sleep_hours,10.507096719000897,-1
2025-04-23,sleep_hours,3.0,-1
2025-05-03,sleep_hours,3.911756668233062,-1
2025-05-28,sleep_hours,3.352443519273775,-1
2025-06-13,sleep_hours,3.298549889166381,-1
2025-08-16,sleep_hours,3.373721461918354,-1
2025-09-02,sleep_hours,3.41446810662947,-1
2024-09-27,sleep_hours,9.98987559287284,-1
2024-10-01,sleep_hours,10.642785227589563,-1
2024-10-14,sleep_hours,10.31045491450254,-1
2024-10-19,sleep_hours,3.0,-1
2024-11-01,sleep_hours,3.828076234355748,-1
2024-11-11,sleep_hours,3.708296541502667,-1
2024-12-04,sleep_hours,10.044244754550611,-1
2024-12-27,sleep_hours,3.0,-1
2025-01-05,sleep_hours,3.0,-1
2025-01-15,sleep_hours,10.931856461768245,-1
2025-02-09,sleep_hours,3.9477339740305393,-1
2025-02-15,sleep_hours,3.6477403938642303,-1
2025-02-18,sleep_hours,10.808095885820356,-1
2025-03-03,sleep_hours,10.295720698731571,-1
2025-03-29,sleep_hours,10.759329088559836,-1
2025-04-16,sleep_hours,4.001293017978192,-1
2025-04-17,sleep_hours,11.685118472848458,-1
2025-05-10,sleep_hours,3.388578417527821,-1
2025-05-19,sleep_hours,10.012651104531908,-1
2025-05-26,sleep_hours,3.864893260184017,-1
2025-06-07,sleep_hours,10.981451559518591,-1
2025-07-04,sleep_hours,3.0,-1
2025-07-23,sleep_hours,3.8719398214199607,-1
2025-08-24,sleep_hours,3.990094563133756,-1
2025-08-26,sleep_hours,3.9987612678111706,-1
2025-09-01,sleep_hours,11.14765684806437,-1
2024-09-16,sleep_hours,3.692861453294993,-1
2024-09-30,sleep_hours,3.731739299948223,-1
2024-10-04,sleep_hours,10.644998700636648,-1
2024-10-08,sleep_hours,10.380847559152194,-1
2024-10-12,sleep_hours,10.605047571506445,-1
2024-12-21,sleep_hours,10.18518392112662,-1
2025-01-09,sleep_hours,3.89204387038116,-1
2025-02-15,sleep_hours,11.400567722530226,-1
2025-02-21,sleep_hours,4.047895599139891,-1
2025-03-02,sleep_hours,10.88450329329695,-1
2025-03-09,sleep_hours,3.0,-1
2025-03-12,sleep_hours,4.035863732538294,-1
2025-04-08,sleep_hours,3.0,-1
2025-04-14,sleep_hours,3.265360941771366,-1
2025-04-18,sleep_hours,10.561193579858012,-1
2025-05-14,sleep_hours,10.412167953192366,-1
2025-05-19,sleep_hours,12.0,-1
2025-05-20,sleep_hours,3.998394063817917,-1
2025-05-31,sleep_hours,10.83966391634909,-1
2025-06-18,sleep_hours,3.478398978764184,-1
2025-07-04,sleep_hours,3.4830049769223743,-1
2025-07-14,sleep_hours,3.6949693941353177,-1
2025-08-04,sleep_hours,10.594313662613192,-1
2025-08-18,sleep_hours,3.5347767500582647,-1
2025-08-21,sleep_hours,3.611509945269029,-1
2025-08-24,sleep_hours,3.0,-1
2025-09-05,sleep_hours,10.117230946189864,-1
2024-11-10,sleep_hours,10.567898977431533,-1
2024-11-17,sleep_hours,9.99310091342216,-1
2024-12-22,sleep_hours,3.4369393227313454,-1
2024-12-30,sleep_hours,3.0,-1
2024-12-31,sleep_hours,10.073005729868754,-1
2025-01-25,sleep_hours,3.66016661927383,-1
2025-03-03,sleep_hours,3.418182731451383,-1
2025-03-22,sleep_hours,10.202463815495342,-1
2025-04-05,sleep_hours,10.708068763171813,-1
2025-04-06,sleep_hours,4.053205721003392,-1
2025-04-29,sleep_hours,10.294641923833089,-1
2025-05-02,sleep_hours,3.81208557383792,-1
2025-05-17,sleep_hours,10.436398479479218,-1
2025-07-18,sleep_hours,3.854735402478131,-1
2025-07-27,sleep_hours,3.8862201284945503,-1
2025-08-11,sleep_hours,10.657719817508056,-1
2024-09-20,sleep_hours,4.005558171044834,-1
2024-09-28,sleep_hours,10.452226750262918,-1
2024-09-29,sleep_hours,11.107201835478463,-1
2024-10-04,sleep_hours,3.641673778935026,-1
2024-10-21,sleep_hours,10.15894681530328,-1
2024-11-02,sleep_hours,3.653655191766761,-1
2024-12-03,sleep_hours,10.573417060356238,-1
2024-12-27,sleep_hours,3.94958796479294,-1
2025-02-13,sleep_hours,11.413541086148454,-1
2025-03-25,sleep_hours,10.002209164719938,-1
2025-04-30,sleep_hours,10.384287171674284,-1
2025-05-04,sleep_hours,3.3155404604494736,-1
2025-05-24,sleep_hours,3.347050818045944,-1
2025-06-12,sleep_hours,3.538359309457855,-1
2025-07-05,sleep_hours,10.003053664361309,-1
2025-08-24,sleep_hours,10.32274933421038,-1
2025-08-25,sleep_hours,3.0,-1
2025-08-27,sleep_hours,3.579834122492291,-1
2024-09-28,sleep_hours,4.010062254929057,-1
2024-10-20,sleep_hours,3.0,-1
2024-11-12,sleep_hours,4.003812568013528,-1
2024-11-29,sleep_hours,10.086689194639876,-1
2024-12-06,sleep_hours,4.0143278647283775,-1
2024-12-07,sleep_hours,10.250812677441562,-1
2025-01-02,sleep_hours,10.187496190885044,-1
2025-03-05,sleep_hours,10.80997376513566,-1
2025-03-10,sleep_hours,3.3510297172469032,-1
2025-03-15,sleep_hours,3.964876992841616,-1
2025-03-22,sleep_hours,3.3724433368235083,-1
2025-05-06,sleep_hours,3.03331165092969,-1
2025-05-08,sleep_hours,11.6410283294621,-1
2025-06-15,sleep_hours,3.748954289421471,-1
2025-07-09,sleep_hours,9.989339793417924,-1
2025-07-16,sleep_hours,10.951989685847884,-1
2025-07-24,sleep_hours,10.928178768010824,-1
2025-08-05,sleep_hours,10.107199132732209,-1
2025-08-29,sleep_hours,10.772596458699237,-1
2025-09-04,sleep_hours,10.106701243861298,-1
2024-09-12,sleep_hours,10.279250452478106,-1
2024-09-16,sleep_hours,3.907667799185777,-1
2024-09-20,sleep_hours,10.8038073224167,-1
2024-09-30,sleep_hours,3.943436514157489,-1
2024-10-29,sleep_hours,3.0,-1
2024-11-05,sleep_hours,3.327892299052094,-1
2024-12-08,sleep_hours,10.645865690033045,-1
2024-12-21,sleep_hours,11.202310953220865,-1
2024-12-25,sleep_hours,10.09272272869136,-1
2025-01-01,sleep_hours,3.349609934997482,-1
2025-01-29,sleep_hours,3.450517420308965,-1
2025-03-01,sleep_hours,3.842483514808536,-1
2025-03-16,sleep_hours,11.288291763133586,-1
2025-03-19,sleep_hours,3.980921597626865,-1
2025-03-25,sleep_hours,4.042025079374428,-1
2025-04-01,sleep_hours,10.267093298357784,-1
2025-05-31,sleep_hours,10.536303266570314,-1
2024-09-10,sleep_hours,3.604921780596609,-1
2024-09-12,sleep_hours,10.570610977187116,-1
2024-10-02,sleep_hours,3.54097911294504,-1
2024-10-11,sleep_hours,10.908803082538562,-1
2024-10-13,sleep_hours,3.7157849846099618,-1
2024-11-04,sleep_hours,3.9814704635802425,-1
2024-11-19,sleep_hours,3.61004653807808,-1
2024-12-16,sleep_hours,3.90392629866343,-1
2025-01-26,sleep_hours,10.032298366643785,-1
2025-02-10,sleep_hours,10.048612517171936,-1
2025-05-24,sleep_hours,10.27525422920699,-1
2025-06-22,sleep_hours,3.516566724524768,-1
2025-07-25,sleep_hours,10.02531096842116,-1
2025-08-03,sleep_hours,10.496621955057112,-1
2025-08-12,sleep_hours,10.507085984581288,-1
2025-08-28,sleep_hours,3.456229851956585,-1
2024-09-22,sleep_hours,9.956713076334434,-1
2024-10-10,sleep_hours,10.1019345342207,-1
2024-10-22,sleep_hours,3.916867389914781,-1
2024-12-13,sleep_hours,3.0,-1
2024-12-22,sleep_hours,9.994222471438375,-1
2025-01-02,sleep_hours,11.726450218688525,-1
2025-01-19,sleep_hours,3.49621910646772,-1
2025-01-22,sleep_hours,10.20971605879394,-1
2025-02-05,sleep_hours,3.312651024634055,-1
2025-03-01,sleep_hours,3.0,-1
2025-03-02,sleep_hours,10.097662188850514,-1
2025-03-09,sleep_hours,10.060295658565456,-1
2025-03-20,sleep_hours,3.667071740394878,-1
2025-05-22,sleep_hours,3.438697600856673,-1
2025-06-02,sleep_hours,11.403617020147829,-1
2025-07-19,sleep_hours,3.0,-1
2025-08-02,sleep_hours,10.856770637542605,-1
2025-08-10,sleep_hours,3.9914820574952734,-1
2024-11-13,sleep_hours,12.0,-1
2024-12-04,sleep_hours,3.0441455665453656,-1
2024-12-05,sleep_hours,10.417753429665488,-1
2025-01-19,sleep_hours,10.225795633066337,-1
2025-02-16,sleep_hours,3.097728683604697,-1
2025-03-04,sleep_hours,3.303706302091123,-1
2025-03-16,sleep_hours,10.72948505641649,-1
2025-04-22,sleep_hours,10.79070589763598,-1
2025-04-27,sleep_hours,11.026873291074496,-1
2025-05-01,sleep_hours,9.958462461612177,-1
2025-05-12,sleep_hours,11.828674916966795,-1
2025-05-13,sleep_hours,4.016453045712134,-1
2025-05-16,sleep_hours,3.260106337446522,-1
2025-05-29,sleep_hours,10.955691082617232,-1
2025-06-28,sleep_hours,10.49230398617496,-1
2025-07-14,sleep_hours,10.256593130833554,-1
2025-07-20,sleep_hours,9.970161052872172,-1
2025-08-13,sleep_hours,11.04898760678509,-1
2025-08-14,sleep_hours,10.61716923851165,-1
2024-10-03,sleep_hours,11.129877257483,-1
2024-10-10,sleep_hours,3.781280238114138,-1
2024-10-11,sleep_hours,3.2869886615661,-1
2024-10-19,sleep_hours,3.2510841384255142,-1
2024-10-31,sleep_hours,10.327222142259078,-1
2024-12-23,sleep_hours,3.5691659162125013,-1
2025-02-12,sleep_hours,3.7116484674814414,-1
2025-03-02,sleep_hours,10.855659284661602,-1
2025-03-10,sleep_hours,3.4601454436029075,-1
2025-03-13,sleep_hours,10.493168689235876,-1
2025-03-15,sleep_hours,10.601565575629772,-1
2025-04-04,sleep_hours,11.78982905540344,-1
2025-04-24,sleep_hours,10.228601814433397,-1
2025-06-24,sleep_hours,10.829585483282411,-1
2025-07-05,sleep_hours,9.971935937711452,-1
2025-07-29,sleep_hours,3.802765752404695,-1
2025-07-31,sleep_hours,10.13218578122217,-1
2025-08-02,sleep_hours,3.6729232180937608,-1
2025-08-16,sleep_hours,11.12438741931993,-1
2025-08-30,sleep_hours,3.579682780118242,-1
2024-09-29,sleep_hours,3.826091130171809,-1
2024-10-23,sleep_hours,3.905754516622231,-1
2024-11-09,sleep_hours,11.992511880761326,-1
2024-12-08,sleep_hours,10.071301937096507,-1
2024-12-12,sleep_hours,3.543642217241896,-1
2024-12-20,sleep_hours,10.55766574939342,-1
2025-01-06,sleep_hours,3.0,-1
2025-01-19,sleep_hours,10.651367809454204,-1
2025-01-24,sleep_hours,3.5275893021163727,-1
2025-02-04,sleep_hours,10.619639414209296,-1
2025-02-18,sleep_hours,10.73871861379656,-1
2025-03-01,sleep_hours,11.749007972812706,-1
2025-04-11,sleep_hours,3.597158107950896,-1
2025-04-18,sleep_hours,9.956937759239366,-1
2025-04-28,sleep_hours,10.252854333267198,-1
2025-04-30,sleep_hours,3.0,-1
2025-06-11,sleep_hours,3.614412091963853,-1
2025-06-25,sleep_hours,10.117631489299413,-1
2025-07-28,sleep_hours,3.50025743353459,-1
2025-07-31,sleep_hours,3.0,-1
2025-08-14,sleep_hours,10.727302241965331,-1
2025-08-25,sleep_hours,11.382696674224906,-1
2025-08-26,sleep_hours,3.618591504537444,-1
2024-11-07,sleep_hours,3.6919800904324913,-1
2024-11-12,sleep_hours,10.922985726798604,-1
2024-12-26,sleep_hours,3.1436605873711185,-1
2025-01-15,sleep_hours,3.0,-1
2025-02-02,sleep_hours,10.296816858053628,-1
2025-03-24,sleep_hours,10.158449865234545,-1
2025-04-06,sleep_hours,10.417209387333706,-1
2025-05-12,sleep_hours,3.944228516863877,-1
2025-05-30,sleep_hours,9.976031573176202,-1
2025-06-09,sleep_hours,10.84890979103364,-1
2025-06-28,sleep_hours,10.432981025439318,-1
2025-07-04,sleep_hours,4.016501193362279,-1
2025-08-06,sleep_hours,10.462594119939368,-1
2025-08-26,sleep_hours,10.001851262479938,-1
2025-08-27,sleep_hours,10.380085447436723,-1
2025-08-30,sleep_hours,10.06292164480698,-1
2025-09-03,sleep_hours,10.45196812229135,-1
2024-09-09,sleep_hours,3.226223274403454,-1
2024-12-05,sleep_hours,10.022307598752867,-1
2024-12-16,sleep_hours,3.652439854024864,-1
2024-12-18,sleep_hours,3.3777038444561907,-1
2025-02-27,sleep_hours,10.272846238228851,-1
2025-03-10,sleep_hours,10.376729294058563,-1
2025-03-27,sleep_hours,10.010494277762708,-1
2025-04-16,sleep_hours,10.043388012028627,-1
2025-05-07,sleep_hours,12.0,-1
2025-05-27,sleep_hours,10.454909685057071,-1
2025-06-05,sleep_hours,10.004343486495136,-1
2025-06-10,sleep_hours,10.235304373991273,-1
2025-06-17,sleep_hours,3.994261584386132,-1
2025-07-13,sleep_hours,10.285744727562427,-1
2025-07-30,sleep_hours,3.9862099574200127,-1
2025-08-29,sleep_hours,11.335423490561144,-1
2024-09-15,sleep_hours,3.713889726006971,-1
2024-11-22,sleep_hours,11.634196431365542,-1
2025-01-22,sleep_hours,3.734253864224578,-1
2025-01-24,sleep_hours,3.886869392906969,-1
2025-02-13,sleep_hours,10.201089709889144,-1
2025-03-01,sleep_hours,3.640809938275361,-1
2025-03-04,sleep_hours,3.0,-1
2025-03-17,sleep_hours,3.96983915755478,-1
2025-04-20,sleep_hours,3.0,-1
2025-05-17,sleep_hours,3.567806123794826,-1
2025-06-09,sleep_hours,3.841745128777053,-1
2025-06-28,sleep_hours,10.172204459953685,-1
2025-07-26,sleep_hours,3.4282621234088664,-1
2024-10-14,sleep_hours,10.089445063119886,-1
2024-10-23,sleep_hours,3.9751811312922447,-1
2024-10-24,sleep_hours,10.338739370852068,-1
2024-12-10,sleep_hours,10.110525746445552,-1
2024-12-14,sleep_hours,10.07869448606296,-1
2025-01-03,sleep_hours,4.008864358175295,-1
2025-01-06,sleep_hours,10.456147474276417,-1
2025-02-09,sleep_hours,10.168031583579172,-1
2025-03-29,sleep_hours,10.080782552980525,-1
2025-04-24,sleep_hours,10.160599606297886,-1
2025-04-25,sleep_hours,3.2270078493560064,-1
2025-05-28,sleep_hours,10.636893287876283,-1
2025-06-02,sleep_hours,3.0,-1
2025-07-14,sleep_hours,3.0958435807861515,-1
2024-09-19,sleep_hours,10.467058251168009,-1
2024-12-05,sleep_hours,3.4621060640542103,-1
2025-02-08,sleep_hours,10.5645729036291,-1
2025-02-12,sleep_hours,3.0,-1
2025-02-23,sleep_hours,9.984708130429883,-1
2025-02-28,sleep_hours,10.397893858465354,-1
2025-05-19,sleep_hours,10.03721748403746,-1
2025-06-09,sleep_hours,11.168295407772206,-1
2025-06-20,sleep_hours,9.947145072237497,-1
2025-06-22,sleep_hours,10.280204218732916,-1
2025-06-25,sleep_hours,10.322185526726306,-1
2025-08-07,sleep_hours,3.845951108667931,-1
2024-09-16,sleep_hours,11.465816789322291,-1
2024-09-19,sleep_hours,10.75359747101854,-1
2024-10-20,sleep_hours,10.20287639669355,-1
2024-11-11,sleep_hours,11.275948099982283,-1
2024-12-25,sleep_hours,3.5990937597970127,-1
2024-12-28,sleep_hours,11.70569206722832,-1
2025-01-09,sleep_hours,3.780288618267066,-1
2025-01-18,sleep_hours,10.326423641333848,-1
2025-03-24,sleep_hours,11.979067112015386,-1
2025-04-12,sleep_hours,3.9082429991645937,-1
2025-04-22,sleep_hours,10.297577283022752,-1
2025-04-27,sleep_hours,10.214319616486216,-1
2025-04-28,sleep_hours,10.922586038403397,-1
2025-05-06,sleep_hours,10.114178302221523,-1
2025-08-08,sleep_hours,10.281964372195302,-1
2025-09-04,sleep_hours,9.975093087515734,-1
2024-09-11,sleep_hours,3.2535347184700782,-1
2024-10-03,sleep_hours,3.467798450405656,-1
2024-10-18,sleep_hours,3.584775387026712,-1
2024-11-30,sleep_hours,10.353137928277333,-1
2024-12-22,sleep_hours,10.014257111220736,-1
2024-12-30,sleep_hours,3.938350844895663,-1
2025-01-12,sleep_hours,3.992617493580568,-1
2025-01-14,sleep_hours,3.6665273057566177,-1
2025-01-18,sleep_hours,9.954487493945171,-1
2025-04-18,sleep_hours,3.0,-1
2025-04-21,sleep_hours,3.9713574293520097,-1
2025-04-22,sleep_hours,3.850481693611818,-1
2025-05-03,sleep_hours,10.261083409198497,-1
2025-05-07,sleep_hours,10.407000987464848,-1
2025-05-24,sleep_hours,9.939898042241424,-1
2025-07-18,sleep_hours,3.0,-1
2025-08-10,sleep_hours,3.732581762335028,-1
2025-08-17,sleep_hours,3.13665123385374,-1
2025-08-19,sleep_hours,10.531251550003576,-1
2025-08-22,sleep_hours,3.9714215083134983,-1
2025-08-27,sleep_hours,3.4113919797867767,-1
2024-09-25,sleep_hours,3.9428666106181662,-1
2024-09-27,sleep_hours,3.664899600785364,-1
2024-10-06,sleep_hours,10.484787365191162,-1
2024-10-13,sleep_hours,3.0,-1
2024-11-02,sleep_hours,3.0,-1
2024-11-07,sleep_hours,10.301708874511853,-1
2024-11-17,sleep_hours,11.148493410448204,-1
2024-12-04,sleep_hours,10.191624100239924,-1
2024-12-12,sleep_hours,3.999201140029416,-1
2025-01-10,sleep_hours,3.98599474656266,-1
2025-01-18,sleep_hours,10.817681071331306,-1
2025-01-22,sleep_hours,3.702279159961571,-1
2025-01-30,sleep_hours,3.4360198529628945,-1
2025-02-12,sleep_hours,3.236823477834196,-1
2025-03-07,sleep_hours,10.616090866718125,-1
2025-04-06,sleep_hours,3.0,-1
2025-05-05,sleep_hours,3.135802792559881,-1
2025-06-29,sleep_hours,10.122869905938757,-1
2025-07-08,sleep_hours,10.042964417180364,-1
2025-09-04,sleep_hours,10.48074308815994,-1
2024-09-18,sleep_hours,3.749420544118045,-1
2024-10-10,sleep_hours,3.7182535704007567,-1
2024-11-24,sleep_hours,10.596270333813251,-1
2025-01-07,sleep_hours,11.17266750236452,-1
2025-01-09,sleep_hours,3.9721515463506014,-1
2025-01-28,sleep_hours,10.54768788966469,-1
2025-02-12,sleep_hours,3.568742219488481,-1
2025-03-16,sleep_hours,10.724477267986702,-1
2025-03-31,sleep_hours,10.235786370109228,-1
2025-07-02,sleep_hours,3.694863488919124,-1
2025-07-13,sleep_hours,3.377252527415539,-1
2025-08-12,sleep_hours,9.940680258064168,-1
2024-09-23,sleep_hours,10.800046333733809,-1
2024-10-15,sleep_hours,10.06742902906097,-1
2024-10-28,sleep_hours,9.955113853570785,-1
2024-12-02,sleep_hours,3.929349824023874,-1
2024-12-17,sleep_hours,3.902304741058135,-1
2025-01-06,sleep_hours,10.281389066489544,-1
2025-01-18,sleep_hours,9.999685037920765,-1
2025-01-30,sleep_hours,3.2899679799584742,-1
2025-02-01,sleep_hours,10.188758229973908,-1
2025-02-08,sleep_hours,10.373706071149538,-1
2025-04-04,sleep_hours,10.198019919625631,-1
2025-04-12,sleep_hours,10.82838296987866,-1
2025-04-26,sleep_hours,11.675328755093933,-1
2025-05-16,sleep_hours,10.377629802779198,-1
2025-05-21,sleep_hours,3.240763829155347,-1
2025-06-06,sleep_hours,10.578642062289545,-1
2025-06-25,sleep_hours,10.149687834165055,-1
2025-07-29,sleep_hours,4.016115679813062,-1
2025-08-04,sleep_hours,10.2422730717486,-1
2025-08-19,sleep_hours,3.0,-1
2025-08-31,sleep_hours,10.28065372880254,-1
2024-09-20,sleep_hours,10.18195106835692,-1
2024-10-18,sleep_hours,10.344453185023347,-1
2024-12-08,sleep_hours,10.777836414303447,-1
2024-12-25,sleep_hours,4.015677907427432,-1
2025-01-09,sleep_hours,3.0724727142308392,-1
2025-02-01,sleep_hours,3.4544229976463354,-1
2025-02-16,sleep_hours,10.337623663786529,-1
2025-03-06,sleep_hours,3.334939158421205,-1
2025-05-25,sleep_hours,3.1555410625721163,-1
2025-06-04,sleep_hours,3.8017943609620666,-1
2025-06-20,sleep_hours,3.768074036983777,-1
2025-06-21,sleep_hours,3.545085746532198,-1
2025-07-11,sleep_hours,3.490990648646261,-1
2025-07-16,sleep_hours,3.2679833467268797,-1
2025-08-01,sleep_hours,3.9197629548295545,-1
2025-08-28,sleep_hours,3.3813331290683,-1
2024-09-26,sleep_hours,10.014781018954231,-1
2024-10-05,sleep_hours,10.568504312203633,-1
2024-10-08,sleep_hours,3.3265960748794243,-1
2024-10-11,sleep_hours,3.704855871116679,-1
2024-10-12,sleep_hours,3.7778883117017674,-1
2024-10-25,sleep_hours,3.239117245284138,-1
2024-11-23,sleep_hours,10.184603377555664,-1
2024-11-24,sleep_hours,3.914789759183352,-1
2024-12-06,sleep_hours,3.990496202194144,-1
2025-02-20,sleep_hours,11.277308922527446,-1
2025-04-03,sleep_hours,3.0,-1
2025-04-05,sleep_hours,3.39085016371842,-1
2025-05-11,sleep_hours,3.0,-1
2025-05-14,sleep_hours,3.807918221948852,-1
2025-05-28,sleep_hours,3.943858308714229,-1
2025-06-15,sleep_hours,3.487278372496176,-1
2025-06-23,sleep_hours,3.778591090077129,-1
2025-06-29,sleep_hours,3.0,-1
2025-07-18,sleep_hours,10.299404255525456,-1
2024-11-06,sleep_hours,4.038633833038045,-1
2024-11-21,sleep_hours,10.056038414352816,-1
2024-12-05,sleep_hours,10.551897661134454,-1
2024-12-09,sleep_hours,10.032728257297606,-1
2025-01-18,sleep_hours,3.1618267055809444,-1
2025-02-13,sleep_hours,4.041199128430783,-1
2025-02-21,sleep_hours,3.0907833809043987,-1
2025-04-14,sleep_hours,3.825213879553493,-1
2025-04-23,sleep_hours,10.042439917370162,-1
2025-08-01,sleep_hours,10.092355341481314,-1
2025-08-04,sleep_hours,3.84964123463582,-1
2025-08-14,sleep_hours,10.57145077916157,-1
2025-08-17,sleep_hours,10.66315661828797,-1
2024-09-22,sleep_hours,3.9148329622332234,-1
2024-10-08,sleep_hours,3.83752717383877,-1
2024-12-08,sleep_hours,3.0,-1
2024-12-23,sleep_hours,3.9729042572751303,-1
2025-01-02,sleep_hours,10.982210327594771,-1
2025-02-02,sleep_hours,10.614956127767949,-1
2025-04-05,sleep_hours,10.83779658938621,-1
2025-04-20,sleep_hours,3.941086929999479,-1
2025-06-14,sleep_hours,3.55083564986145,-1
2025-07-03,sleep_hours,10.222835698908275,-1
2025-07-14,sleep_hours,11.034286420426197,-1
2025-08-20,sleep_hours,3.321539412184438,-1
2024-09-27,sleep_hours,3.885570606324647,-1
2024-10-16,sleep_hours,10.491899613786488,-1
2024-10-25,sleep_hours,3.0,-1
2024-12-21,sleep_hours,10.475458423370402,-1
2024-12-24,sleep_hours,11.232868480015531,-1
2025-01-03,sleep_hours,10.223142720551298,-1
2025-01-20,sleep_hours,3.2343724388635238,-1
2025-01-21,sleep_hours,10.67591888652078,-1
2025-02-11,sleep_hours,3.0,-1
2025-04-12,sleep_hours,11.95922059661864,-1
2025-06-02,sleep_hours,10.347144549781513,-1
2025-06-25,sleep_hours,11.076412005265029,-1
2025-08-10,sleep_hours,11.658167186972769,-1
2024-10-06,sleep_hours,9.94542453697562,-1
2024-11-01,sleep_hours,10.031695808903086,-1
2024-12-03,sleep_hours,4.036329539845671,-1
2025-01-18,sleep_hours,3.995910326310944,-1
2025-01-24,sleep_hours,11.18551404334011,-1
2025-01-30,sleep_hours,10.150966957925156,-1
2025-02-04,sleep_hours,3.8601025771754944,-1
2025-02-10,sleep_hours,3.574184115671402,-1
2025-03-08,sleep_hours,10.082910681837234,-1
2025-04-02,sleep_hours,9.962649294692982,-1
2025-05-22,sleep_hours,10.570348999373492,-1
2025-07-08,sleep_hours,10.323812056414418,-1
2025-07-31,sleep_hours,3.2133203808034736,-1
2024-09-18,sleep_hours,3.2369316070039584,-1
2024-12-05,sleep_hours,10.55138027984396,-1
2025-01-05,sleep_hours,3.62425253877249,-1
2025-01-21,sleep_hours,10.649423069636311,-1
2025-03-07,sleep_hours,9.984110144142743,-1
2025-03-22,sleep_hours,10.269921977505875,-1
2025-04-02,sleep_hours,11.000383259907569,-1
2025-04-04,sleep_hours,3.984472442419781,-1
2025-04-20,sleep_hours,10.635093631713303,-1
2025-05-29,sleep_hours,10.05165033778869,-1
2025-06-23,sleep_hours,3.0,-1
2025-08-29,sleep_hours,4.0488157924173365,-1
2025-08-31,sleep_hours,3.2875381400735124,-1
2025-09-01,sleep_hours,10.320795731129849,-1
2024-09-11,sleep_hours,3.6163426059129744,-1
2024-09-23,sleep_hours,11.391468984891343,-1
2024-09-25,sleep_hours,3.077780203790655,-1
2024-10-09,sleep_hours,10.331625510088555,-1
2024-10-20,sleep_hours,3.0,-1
2024-10-27,sleep_hours,10.167065402822054,-1
2024-10-31,sleep_hours,10.252842843788786,-1
2024-11-30,sleep_hours,10.92093077719241,-1
2024-12-04,sleep_hours,3.6562293506367056,-1
2024-12-20,sleep_hours,10.394368462092949,-1
2024-12-31,sleep_hours,10.68731951481341,-1
2025-01-05,sleep_hours,11.3055881881184,-1
2025-01-27,sleep_hours,3.652926549110132,-1
2025-02-20,sleep_hours,3.975573883756727,-1
2025-02-26,sleep_hours,10.063158660676796,-1
2025-04-09,sleep_hours,10.425977068970427,-1
2025-04-18,sleep_hours,3.0,-1
2025-05-06,sleep_hours,9.958891654911431,-1
2025-07-18,sleep_hours,3.0,-1
2025-07-19,sleep_hours,11.243281915692636,-1
2025-08-05,sleep_hours,3.850048790429924,-1
2025-08-15,sleep_hours,9.974076314052017,-1
2025-08-22,sleep_hours,3.175788682814473,-1
2025-09-03,sleep_hours,3.600148841366968,-1
2024-10-01,sleep_hours,10.661220758458551,-1
2024-10-07,sleep_hours,3.665383788852684,-1
2024-11-24,sleep_hours,11.334599861112544,-1
2024-12-06,sleep_hours,4.038558731144803,-1
2024-12-10,sleep_hours,3.805653214384074,-1
2025-01-03,sleep_hours,3.460056385223745,-1
2025-01-13,sleep_hours,11.047444663144198,-1
2025-01-19,sleep_hours,3.653069711579697,-1
2025-01-27,sleep_hours,10.158459903643127,-1
2025-01-29,sleep_hours,10.110714172130994,-1
2025-02-07,sleep_hours,3.0,-1
2025-03-08,sleep_hours,12.0,-1
2025-03-25,sleep_hours,10.012739096031382,-1
2025-04-18,sleep_hours,3.0,-1
2025-05-27,sleep_hours,3.0,-1
2025-06-18,sleep_hours,3.226687949851394,-1
2025-06-21,sleep_hours,3.0,-1
2025-07-04,sleep_hours,3.6374916765411305,-1
2025-07-14,sleep_hours,3.00123819254976,-1
2025-08-20,sleep_hours,10.187998491563508,-1
2025-08-30,sleep_hours,3.9895333119818,-1
2024-09-08,sleep_hours,3.987588760314811,-1
2024-09-16,sleep_hours,10.103867230726014,-1
2024-10-03,sleep_hours,3.619263861187486,-1
2024-10-14,sleep_hours,3.372868359451069,-1
2024-11-17,sleep_hours,4.023622168139879,-1
2024-11-18,sleep_hours,10.259122956100216,-1
2024-12-01,sleep_hours,3.481968586321184,-1
2024-12-02,sleep_hours,10.086485101159278,-1
2024-12-07,sleep_hours,12.0,-1
2024-12-18,sleep_hours,3.678420907105191,-1
2024-12-26,sleep_hours,10.241369402500483,-1
2025-01-06,sleep_hours,11.22154821925706,-1
2025-02-24,sleep_hours,3.0,-1
2025-03-17,sleep_hours,10.944871753786895,-1
2025-05-20,sleep_hours,10.003520981367895,-1
2025-05-28,sleep_hours,10.214826406496805,-1
2025-07-26,sleep_hours,3.387338077719247,-1
2025-08-11,sleep_hours,10.222663188896068,-1
2024-09-07,sleep_hours,3.3637902807796545,-1
2024-10-02,sleep_hours,4.043309105919919,-1
2024-10-14,sleep_hours,3.96395969207706,-1
2024-11-06,sleep_hours,3.395941990709506,-1
2024-11-21,sleep_hours,3.0,-1
2024-11-26,sleep_hours,3.5881649454105684,-1
2024-11-27,sleep_hours,3.0,-1
2024-12-05,sleep_hours,3.754754950142675,-1
2024-12-21,sleep_hours,3.1936118983577866,-1
2024-12-22,sleep_hours,3.0,-1
2025-01-05,sleep_hours,3.97330057645033,-1
2025-01-08,sleep_hours,12.0,-1
2025-01-26,sleep_hours,10.785754095973555,-1
2025-01-27,sleep_hours,10.06568299242387,-1
2025-02-07,sleep_hours,3.754323242302603,-1
2025-03-04,sleep_hours,3.640915410082281,-1
2025-03-19,sleep_hours,3.8818225869447134,-1
2025-04-27,sleep_hours,3.0,-1
2025-05-05,sleep_hours,4.053544738299558,-1
2025-05-23,sleep_hours,9.959050899060514,-1
2025-06-28,sleep_hours,10.083984425919006,-1
2025-07-03,sleep_hours,3.49132820441697,-1
2025-07-17,sleep_hours,3.0,-1
2025-07-18,sleep_hours,10.172748924183823,-1
2025-07-21,sleep_hours,10.29396015620194,-1
2025-08-14,sleep_hours,3.0,-1
2025-08-24,sleep_hours,4.05526796872299,-1
2025-08-31,sleep_hours,10.300058905182508,-1
2024-09-19,sleep_hours,3.3935136129960752,-1
2024-10-18,sleep_hours,9.940620731112665,-1
2024-11-17,sleep_hours,3.065927854250144,-1
2024-12-24,sleep_hours,10.043745632738052,-1
2025-01-12,sleep_hours,10.44972479362253,-1
2025-01-29,sleep_hours,3.9252661294164097,-1
2025-02-04,sleep_hours,10.403328052167767,-1
2025-03-05,sleep_hours,3.787446185001801,-1
2025-03-12,sleep_hours,10.79434715027866,-1
2025-04-27,sleep_hours,3.0,-1
2025-05-07,sleep_hours,3.9829000111279393,-1
2025-06-04,sleep_hours,10.519239410514317,-1
2025-06-20,sleep_hours,11.057087015443482,-1
2025-08-04,sleep_hours,3.754270894391488,-1
2024-10-22,sleep_hours,3.783446035183068,-1
2024-10-28,sleep_hours,3.5925170808396256,-1
2024-11-09,sleep_hours,3.0,-1
2024-12-05,sleep_hours,10.281297546258571,-1
2024-12-31,sleep_hours,10.461231205985206,-1
2025-01-17,sleep_hours,3.28504090585197,-1
2025-02-09,sleep_hours,10.464423222352808,-1
2025-02-18,sleep_hours,3.153873129964856,-1
2025-03-13,sleep_hours,9.9392830439163,-1
2025-03-26,sleep_hours,10.137273401012225,-1
2025-03-28,sleep_hours,3.990590774888929,-1
2025-04-14,sleep_hours,10.044838413478852,-1
2025-06-03,sleep_hours,3.384139436585306,-1
2025-07-03,sleep_hours,3.319501074247684,-1
2025-07-18,sleep_hours,11.136749679958374,-1
2024-09-17,sleep_hours,10.632375454545995,-1
2024-10-05,sleep_hours,3.8929056866911775,-1
2024-10-10,sleep_hours,3.009976213243296,-1
2024-10-11,sleep_hours,3.786570055129583,-1
2024-12-05,sleep_hours,10.352473576653404,-1
2024-12-06,sleep_hours,3.7367924381083975,-1
2024-12-07,sleep_hours,3.82006874567526,-1
2024-12-16,sleep_hours,10.649698839908766,-1
2024-12-30,sleep_hours,3.8209871587369264,-1
2025-01-04,sleep_hours,3.0,-1
2025-01-16,sleep_hours,10.457773610899128,-1
2025-01-27,sleep_hours,10.886031890903675,-1
2025-02-04,sleep_hours,3.748597406850794,-1
2025-02-19,sleep_hours,3.3571122126674746,-1
2025-03-16,sleep_hours,3.826267025024675,-1
2025-03-21,sleep_hours,3.519862536403731,-1
2025-04-09,sleep_hours,10.7782495684907,-1
2025-04-19,sleep_hours,10.44159912836647,-1
2025-04-30,sleep_hours,9.968390892629175,-1
2025-06-02,sleep_hours,10.343361688675646,-1
2025-06-12,sleep_hours,3.213485881047053,-1
2025-06-29,sleep_hours,3.508711768216315,-1
2025-08-13,sleep_hours,3.782322101124158,-1
2024-09-08,sleep_hours,11.526771328772664,-1
2024-09-13,sleep_hours,10.20446476481023,-1
2024-09-17,sleep_hours,11.35538813287062,-1
2024-11-25,sleep_hours,10.785552095649097,-1
2024-12-03,sleep_hours,3.936182954050537,-1
2024-12-20,sleep_hours,4.010558658747239,-1
2025-01-18,sleep_hours,10.485265955995263,-1
2025-01-23,sleep_hours,10.476271601537942,-1
2025-02-07,sleep_hours,3.747256047107899,-1
2025-02-16,sleep_hours,10.826954864266476,-1
2025-03-06,sleep_hours,9.946264880213976,-1
2025-05-06,sleep_hours,10.33236832449376,-1
2025-05-10,sleep_hours,10.225765843931732,-1
2025-06-15,sleep_hours,10.0125203128257,-1
2025-06-30,sleep_hours,10.231918118263788,-1
2025-08-18,sleep_hours,3.932953041625648,-1
2025-09-02,sleep_hours,3.6033577975705926,-1
2024-09-15,sleep_hours,3.0,-1
2024-10-21,sleep_hours,3.938805248871161,-1
2024-12-21,sleep_hours,10.21640641073828,-1
2024-12-24,sleep_hours,3.522975570860109,-1
2024-12-25,sleep_hours,10.186125156335306,-1
2025-02-03,sleep_hours,3.734165795792872,-1
2025-02-26,sleep_hours,3.971671442888006,-1
2025-03-01,sleep_hours,11.013687214582976,-1
2025-03-08,sleep_hours,3.0,-1
2025-03-19,sleep_hours,3.0,-1
2025-04-05,sleep_hours,3.0,-1
2025-04-18,sleep_hours,3.362381622289876,-1
2025-04-27,sleep_hours,3.0391097897049826,-1
2025-05-23,sleep_hours,3.062907072914278,-1
2025-06-08,sleep_hours,10.001672378568838,-1
2025-06-17,sleep_hours,3.672026290698539,-1
2025-07-05,sleep_hours,3.690639188617725,-1
2025-07-12,sleep_hours,4.012293077258345,-1
2025-07-14,sleep_hours,3.0,-1
2025-08-07,sleep_hours,10.072516595070546,-1
2024-10-03,sleep_hours,10.185227221419572,-1
2024-10-11,sleep_hours,3.660303991921325,-1
2025-02-10,sleep_hours,10.02770620239816,-1
2025-02-18,sleep_hours,10.460475603698743,-1
2025-02-24,sleep_hours,3.0,-1
2025-04-04,sleep_hours,3.0,-1
2025-05-18,sleep_hours,10.76733362798706,-1
2025-05-19,sleep_hours,3.8670436732037383,-1
2025-05-31,sleep_hours,10.824183526835697,-1
2025-06-12,sleep_hours,3.929008349646088,-1
2025-06-16,sleep_hours,10.143365643510185,-1
2025-06-22,sleep_hours,3.58799601824911,-1
2025-06-29,sleep_hours,3.897735566424834,-1
2025-07-04,sleep_hours,4.021754795806202,-1
2025-07-07,sleep_hours,9.96811122832638,-1
2025-07-18,sleep_hours,3.0,-1
2024-09-08,sleep_hours,10.6967254168312,-1
2024-09-19,sleep_hours,3.8048063840434847,-1
2024-10-25,sleep_hours,4.019609235389632,-1
2024-10-31,sleep_hours,11.676509634409951,-1
2024-11-06,sleep_hours,3.59500528895014,-1
2024-11-19,sleep_hours,3.112321242733234,-1
2024-12-06,sleep_hours,10.360948078051438,-1
2024-12-13,sleep_hours,3.9174488580395246,-1
2024-12-18,sleep_hours,3.781577000913429,-1
2025-02-09,sleep_hours,10.062139696434588,-1
2025-02-16,sleep_hours,10.020401766968993,-1
2025-03-29,sleep_hours,10.22390514644852,-1
2025-04-02,sleep_hours,10.522322861194477,-1
2025-04-12,sleep_hours,3.890089314802496,-1
2025-04-28,sleep_hours,3.264094800299741,-1
2025-05-17,sleep_hours,3.0,-1
2025-06-16,sleep_hours,11.185549726649883,-1
2025-07-02,sleep_hours,10.256128543208847,-1
2025-07-08,sleep_hours,3.3726907480624666,-1
2025-07-09,sleep_hours,3.701979018253817,-1
2025-07-14,sleep_hours,3.5699864316424,-1
2025-07-23,sleep_hours,3.703846487828179,-1
2024-09-06,sleep_hours,3.0,-1
2024-09-07,sleep_hours,3.964786715203929,-1
2024-10-19,sleep_hours,3.913169943199128,-1
2024-11-02,sleep_hours,3.938503852826474,-1
2024-11-12,sleep_hours,10.101055898987774,-1
2025-02-13,sleep_hours,3.501038657827088,-1
2025-02-26,sleep_hours,3.225768308447932,-1
2025-03-06,sleep_hours,10.025324872004823,-1
2025-03-15,sleep_hours,3.8919202869813128,-1
2025-05-19,sleep_hours,3.0,-1
2025-05-22,sleep_hours,10.061380392905406,-1
2025-05-25,sleep_hours,3.5883569642089586,-1
2025-05-26,sleep_hours,3.818543796126199,-1
2025-06-19,sleep_hours,3.677872361047012,-1
2025-06-30,sleep_hours,10.387466919078408,-1
2025-07-03,sleep_hours,4.010566696900886,-1
2025-07-08,sleep_hours,10.990262213818523,-1
2025-07-17,sleep_hours,10.146240503774932,-1
2025-07-20,sleep_hours,9.954977594385667,-1
2025-08-22,sleep_hours,3.753946544339313,-1
2025-08-27,sleep_hours,10.054460648938807,-1
2025-08-28,sleep_hours,10.215842106948427,-1
2024-10-21,sleep_hours,3.5962670355450337,-1
2024-10-26,sleep_hours,3.0,-1
2024-10-27,sleep_hours,11.269592021179031,-1
2024-11-05,sleep_hours,10.491665410786858,-1
2025-01-28,sleep_hours,10.5571764640218,-1
2025-03-05,sleep_hours,3.4897314754392195,-1
2025-03-27,sleep_hours,3.1114551442847374,-1
2025-04-10,sleep_hours,3.986146755667236,-1
2025-05-07,sleep_hours,10.388761625019486,-1
2025-05-16,sleep_hours,3.9910796738333314,-1
2025-06-05,sleep_hours,12.0,-1
2025-07-10,sleep_hours,10.994401837746787,-1
2025-08-02,sleep_hours,10.677929652601216,-1
2025-08-11,sleep_hours,10.241908724845956,-1
2025-08-15,sleep_hours,9.987938043859115,-1
2024-11-09,sleep_hours,4.012515108499818,-1
2025-01-06,sleep_hours,11.37875506390358,-1
2025-01-10,sleep_hours,10.049558584823409,-1
2025-01-23,sleep_hours,4.008368380137243,-1
2025-01-28,sleep_hours,10.063026152266143,-1
2025-02-02,sleep_hours,10.79636847312234,-1
2025-05-01,sleep_hours,3.911637428563899,-1
2025-05-30,sleep_hours,9.987122426419754,-1
2025-06-22,sleep_hours,10.720687824830314,-1
2025-07-03,sleep_hours,3.811743692256056,-1
2025-07-17,sleep_hours,10.269729451711203,-1
2025-07-24,sleep_hours,10.860517182381074,-1
2025-08-23,sleep_hours,3.8377960347199407,-1
2024-09-19,sleep_hours,3.0,-1
2024-09-24,sleep_hours,10.709680652059388,-1
2024-10-26,sleep_hours,10.198547302437593,-1
2024-11-03,sleep_hours,11.006963902535697,-1
2024-12-19,sleep_hours,11.245467240605764,-1
2024-12-23,sleep_hours,3.0,-1
2025-01-25,sleep_hours,10.612251688659198,-1
2025-02-05,sleep_hours,3.0773867854643786,-1
2025-02-12,sleep_hours,3.172335627158554,-1
2025-03-24,sleep_hours,10.657972951757074,-1
2025-04-02,sleep_hours,3.229917449267503,-1
2025-04-27,sleep_hours,10.155032880812952,-1
2025-05-04,sleep_hours,3.885627595094843,-1
2025-06-02,sleep_hours,3.991172084254667,-1
2025-07-14,sleep_hours,10.094067303476727,-1
2025-07-25,sleep_hours,10.50047396013175,-1
2025-08-02,sleep_hours,3.49437906140936,-1
2024-09-11,sleep_hours,3.1184570827316627,-1
2024-09-18,sleep_hours,3.1686749352983528,-1
2024-09-22,sleep_hours,3.929841125185396,-1
2024-10-25,sleep_hours,3.532987704932851,-1
2024-11-08,sleep_hours,10.223428200851554,-1
2024-11-13,sleep_hours,3.703696436572548,-1
2025-01-16,sleep_hours,10.420927438212118,-1
2025-01-20,sleep_hours,10.038707410031597,-1
2025-01-25,sleep_hours,11.078993849913852,-1
2025-03-17,sleep_hours,3.0,-1
2025-03-26,sleep_hours,10.628260644849242,-1
2025-05-05,sleep_hours,3.2981803068815227,-1
2025-05-08,sleep_hours,11.856445686069776,-1
2025-05-14,sleep_hours,3.3693564341659585,-1
2025-05-26,sleep_hours,9.972079630750445,-1
2025-06-01,sleep_hours,3.0,-1
2025-06-23,sleep_hours,3.2519604020112327,-1
2025-06-24,sleep_hours,10.162379627660332,-1
2025-06-30,sleep_hours,3.8431918623533488,-1
2024-10-05,sleep_hours,3.0,-1
2024-10-19,sleep_hours,11.435762484255651,-1
2024-10-20,sleep_hours,10.945923592009136,-1
2024-11-28,sleep_hours,9.979219118460897,-1
2025-01-08,sleep_hours,3.972942112861964,-1
2025-01-16,sleep_hours,3.951688420396243,-1
2025-01-20,sleep_hours,3.3742506731156583,-1
2025-01-28,sleep_hours,10.508112524404222,-1
2025-02-16,sleep_hours,4.021979190386153,-1
2025-03-13,sleep_hours,3.0,-1
2025-04-11,sleep_hours,3.0,-1
2025-05-07,sleep_hours,3.9668208423565874,-1
2025-06-17,sleep_hours,3.977211945644192,-1
2025-06-27,sleep_hours,3.610656449405001,-1
2024-09-28,sleep_hours,4.040743961591836,-1
2024-10-11,sleep_hours,3.9766956182316897,-1
2024-11-09,sleep_hours,3.222797948247563,-1
2024-11-26,sleep_hours,11.222557768676037,-1
2024-11-28,sleep_hours,11.092972824345932,-1
2024-12-25,sleep_hours,3.0,-1
2025-01-18,sleep_hours,3.737152650191841,-1
2025-02-25,sleep_hours,10.350325780587518,-1
2025-03-03,sleep_hours,3.2827457287602275,-1
2025-03-11,sleep_hours,3.7578474899580394,-1
2025-03-20,sleep_hours,10.25802361763513,-1
2025-03-25,sleep_hours,3.0,-1
2025-04-09,sleep_hours,10.016656884141472,-1
2025-05-17,sleep_hours,3.860078465219184,-1
2025-07-02,sleep_hours,10.238708185926436,-1
2025-07-05,sleep_hours,10.942678621601988,-1
2025-08-15,sleep_hours,10.939162077340743,-1
2024-10-29,sleep_hours,3.0642182536854508,-1
2024-10-31,sleep_hours,3.0,-1
2024-11-04,sleep_hours,11.549378823050574,-1
2024-11-25,sleep_hours,10.036293339175511,-1
2024-11-26,sleep_hours,10.670559666815358,-1
2025-01-21,sleep_hours,11.185655099224306,-1
2025-02-08,sleep_hours,11.691635312218144,-1
2025-02-23,sleep_hours,3.716657021735164,-1
2025-03-16,sleep_hours,3.969935303274876,-1
2025-03-28,sleep_hours,9.99728904230385,-1
2025-04-29,sleep_hours,10.421716280961004,-1
2025-05-21,sleep_hours,3.938641507018549,-1
2025-06-17,sleep_hours,3.1141108986967323,-1
2025-06-28,sleep_hours,3.4123676504452414,-1
2025-07-08,sleep_hours,3.3043568884445538,-1
2025-08-27,sleep_hours,10.437915198360717,-1
2025-08-30,sleep_hours,3.963299825634152,-1
2024-10-05,sleep_hours,10.036026844564391,-1
2024-10-26,sleep_hours,3.684193634710308,-1
2024-11-10,sleep_hours,10.066048000057824,-1
2024-11-25,sleep_hours,10.08839621490038,-1
2024-11-27,sleep_hours,10.145330027466056,-1
2024-11-30,sleep_hours,10.961607182554426,-1
2024-12-22,sleep_hours,3.0,-1
2025-01-07,sleep_hours,10.028933653105833,-1
2025-01-14,sleep_hours,10.020340146190058,-1
2025-02-25,sleep_hours,3.1553030499261165,-1
2025-03-27,sleep_hours,10.498516675318694,-1
2025-04-22,sleep_hours,3.2622907164027426,-1
2025-04-23,sleep_hours,11.050565881373783,-1
2025-06-14,sleep_hours,3.9047408378957273,-1
2025-06-28,sleep_hours,3.0561640624865394,-1
2025-07-10,sleep_hours,11.740235264770938,-1
2025-08-03,sleep_hours,10.34072515000669,-1
2025-08-17,sleep_hours,9.971593986219403,-1
2024-11-02,sleep_hours,3.5088385902172425,-1
2024-11-09,sleep_hours,3.6840191263545656,-1
2024-12-01,sleep_hours,10.010159910337991,-1
2024-12-06,sleep_hours,3.518277629794667,-1
2025-01-21,sleep_hours,10.01032892539126,-1
2025-03-27,sleep_hours,3.0,-1
2025-04-16,sleep_hours,10.390165558287569,-1
2025-04-24,sleep_hours,10.43805656059712,-1
2025-05-01,sleep_hours,10.858960089707182,-1
2025-05-15,sleep_hours,3.895446111968827,-1
2025-06-02,sleep_hours,11.370674885886714,-1
2025-06-12,sleep_hours,10.080721010251256,-1
2025-08-09,sleep_hours,3.0,-1
2025-08-12,sleep_hours,3.0,-1
2025-08-28,sleep_hours,10.14015674557798,-1
2025-09-01,sleep_hours,3.409826479679097,-1
2024-10-06,sleep_hours,10.436855928893856,-1
2024-10-13,sleep_hours,3.0,-1
2024-10-30,sleep_hours,10.086291574682498,-1
2025-01-08,sleep_hours,3.764259522495343,-1
2025-02-07,sleep_hours,10.092406217629035,-1
2025-03-27,sleep_hours,3.8112822761213487,-1
2025-04-01,sleep_hours,3.931430793159299,-1
2025-05-24,sleep_hours,11.607834447624384,-1
2025-05-27,sleep_hours,3.0,-1
2025-05-30,sleep_hours,3.372134813055154,-1
2025-06-07,sleep_hours,10.490604671174644,-1
2025-06-12,sleep_hours,10.524595548628326,-1
2025-07-14,sleep_hours,3.793033386624906,-1
2025-07-26,sleep_hours,10.00709493588694,-1
2025-08-14,sleep_hours,10.006296812268967,-1
2025-08-17,sleep_hours,3.1725282532182906,-1
2024-10-15,sleep_hours,3.899820089896467,-1
2024-10-24,sleep_hours,10.331897339518196,-1
2024-12-19,sleep_hours,10.401964607732353,-1
2025-04-11,sleep_hours,12.0,-1
2025-05-09,sleep_hours,10.92065496262153,-1
2025-05-13,sleep_hours,10.81533426761415,-1
2025-05-24,sleep_hours,3.726693805893494,-1
2025-06-02,sleep_hours,10.13428585606686,-1
2025-06-11,sleep_hours,3.2870401764808017,-1
2025-06-30,sleep_hours,10.107821580272146,-1
2025-07-29,sleep_hours,10.56627571064474,-1
2025-08-30,sleep_hours,10.912694400836092,-1
2024-10-06,sleep_hours,4.009723129583082,-1
2024-10-11,sleep_hours,3.0,-1
2024-10-13,sleep_hours,3.645865283110881,-1
2024-10-19,sleep_hours,10.833683857154927,-1
2024-11-04,sleep_hours,3.963105797480455,-1
2024-12-07,sleep_hours,3.671634727950056,-1
2024-12-13,sleep_hours,10.302960145216002,-1
2025-01-30,sleep_hours,10.087843903198689,-1
2025-02-04,sleep_hours,3.6804826312962047,-1
2025-02-07,sleep_hours,3.4967122869349563,-1
2025-02-22,sleep_hours,3.877766433939815,-1
2025-03-13,sleep_hours,3.0,-1
2025-04-11,sleep_hours,10.260818537806918,-1
2025-04-30,sleep_hours,11.402283912883004,-1
2025-05-17,sleep_hours,3.676327800878532,-1
2025-06-07,sleep_hours,3.038283929510277,-1
2025-07-03,sleep_hours,4.044196534495149,-1
2025-07-08,sleep_hours,3.99837431653154,-1
2025-07-17,sleep_hours,3.0,-1
2025-08-19,sleep_hours,3.6969464562770726,-1
2024-11-04,sleep_hours,3.963917853726949,-1
2024-11-12,sleep_hours,10.279994771095769,-1
2024-12-14,sleep_hours,11.080487088124352,-1
2024-12-28,sleep_hours,10.564836757454524,-1
2025-02-03,sleep_hours,3.0,-1
2025-02-15,sleep_hours,10.964512930477404,-1
2025-02-20,sleep_hours,3.529543738788853,-1
2025-04-01,sleep_hours,9.950035616814796,-1
2025-04-04,sleep_hours,10.412494946328705,-1
2025-04-18,sleep_hours,10.421972620687178,-1
2025-04-23,sleep_hours,3.9407293035026254,-1
2025-05-09,sleep_hours,3.0,-1
2025-05-10,sleep_hours,11.354307117501296,-1
2025-05-26,sleep_hours,11.003911592012118,-1
2025-06-05,sleep_hours,3.7857880505307664,-1
2025-08-03,sleep_hours,3.3735517509601003,-1
2025-08-10,sleep_hours,3.0,-1
2025-08-17,sleep_hours,3.799560241295476,-1
2025-08-30,sleep_hours,9.949839510432604,-1
2024-09-21,sleep_hours,3.915409061987386,-1
2024-09-29,sleep_hours,3.627609755022786,-1
2024-10-15,sleep_hours,11.140469758131308,-1
2024-11-02,sleep_hours,10.134680392791497,-1
2024-12-06,sleep_hours,10.957345861997164,-1
2024-12-14,sleep_hours,4.008642759930444,-1
2025-01-02,sleep_hours,3.686514649066157,-1
2025-01-31,sleep_hours,3.1768483250549187,-1
2025-02-13,sleep_hours,3.02230044779842,-1
2025-02-16,sleep_hours,3.499051954229323,-1
2025-02-22,sleep_hours,10.42454601433286,-1
2025-03-15,sleep_hours,3.49737595761903,-1
2025-04-06,sleep_hours,3.0,-1
2025-05-17,sleep_hours,3.0,-1
2025-06-18,sleep_hours,3.818718273792965,-1
2025-07-12,sleep_hours,10.085626247373911,-1
2025-07-25,sleep_hours,3.0,-1
2025-08-26,sleep_hours,10.47307481731936,-1
2024-10-24,sleep_hours,10.707541050014614,-1
2024-11-14,sleep_hours,4.0131696109818105,-1
2025-02-01,sleep_hours,3.0,-1
2025-02-17,sleep_hours,3.0395719226333755,-1
2025-03-12,sleep_hours,3.439486241886395,-1
2025-03-13,sleep_hours,3.674702615723592,-1
2025-03-14,sleep_hours,11.432744045788304,-1
2025-03-26,sleep_hours,4.0333708031828985,-1
2025-03-30,sleep_hours,3.7544231983708047,-1
2025-05-21,sleep_hours,10.588889119595034,-1
2025-06-12,sleep_hours,10.502846550228124,-1
2025-07-03,sleep_hours,3.9435815631178985,-1
2025-07-13,sleep_hours,4.011134690722736,-1
2025-08-27,sleep_hours,3.649466308981032,-1
2025-09-04,sleep_hours,10.315852372598878,-1
2025-09-05,sleep_hours,10.29195160986584,-1
2024-09-15,sleep_hours,3.955572032804154,-1
2024-09-26,sleep_hours,3.968824329338173,-1
2024-09-28,sleep_hours,3.0,-1
2024-10-09,sleep_hours,3.707885372715735,-1
2024-11-08,sleep_hours,3.983690614798692,-1
2024-11-09,sleep_hours,10.162088826973648,-1
2024-11-25,sleep_hours,10.613217319341349,-1
2024-11-30,sleep_hours,9.984450604240507,-1
2024-12-11,sleep_hours,3.903232493730914,-1
2024-12-13,sleep_hours,3.0,-1
2025-02-17,sleep_hours,10.312936545413924,-1
2025-03-17,sleep_hours,10.080974066776864,-1
2025-05-14,sleep_hours,3.781347147589469,-1
2025-05-18,sleep_hours,3.793274907748447,-1
2025-05-29,sleep_hours,3.961003947550659,-1
2025-08-13,sleep_hours,11.046688946030528,-1
2024-09-20,sleep_hours,11.480513494312795,-1
2024-10-06,sleep_hours,3.6811237579159615,-1
2024-10-31,sleep_hours,3.938526796730201,-1
2024-11-02,sleep_hours,10.200685794570164,-1
2024-11-07,sleep_hours,10.502696185192333,-1
2024-11-10,sleep_hours,3.7852528435331054,-1
2024-12-17,sleep_hours,10.82829089092642,-1
2024-12-22,sleep_hours,10.52274529387542,-1
2024-12-25,sleep_hours,9.933467317756175,-1
2025-01-20,sleep_hours,10.068107707631968,-1
2025-01-21,sleep_hours,10.566321626102836,-1
2025-01-27,sleep_hours,3.963227382713245,-1
2025-02-11,sleep_hours,10.329300952984992,-1
2025-03-10,sleep_hours,11.517820318481036,-1
2025-03-19,sleep_hours,10.850459403230362,-1
2025-04-19,sleep_hours,10.79333309674575,-1
2025-04-27,sleep_hours,10.2368307327196,-1
2025-05-03,sleep_hours,3.359017606251354,-1
2025-05-17,sleep_hours,10.977987069850654,-1
2025-05-24,sleep_hours,10.844406852602289,-1
2025-05-29,sleep_hours,9.997265468002558,-1
2025-06-14,sleep_hours,10.110094835883729,-1
2025-07-08,sleep_hours,10.51445417232998,-1
2025-07-31,sleep_hours,9.97369400977611,-1
2025-08-11,sleep_hours,3.914157954315068,-1
2025-08-18,sleep_hours,3.991180552603665,-1
2024-09-23,sleep_hours,10.20707505257574,-1
2024-10-10,sleep_hours,10.168129786721536,-1
2024-10-22,sleep_hours,3.238775151235916,-1
2024-11-01,sleep_hours,3.383494355604085,-1
2024-11-06,sleep_hours,9.966877685250484,-1
2024-11-14,sleep_hours,10.303611783874844,-1
2024-12-01,sleep_hours,3.272248379587536,-1
2024-12-09,sleep_hours,11.477209350542951,-1
2025-01-03,sleep_hours,3.8760929468478023,-1
2025-01-11,sleep_hours,10.524342849404842,-1
2025-01-18,sleep_hours,10.30929348059694,-1
2025-01-24,sleep_hours,11.210838600335698,-1
2025-02-09,sleep_hours,3.959244615881567,-1
2025-03-27,sleep_hours,3.0816810451525942,-1
2025-03-28,sleep_hours,10.153460834346404,-1
2025-03-29,sleep_hours,4.0068432470154765,-1
2025-04-26,sleep_hours,3.527690307578796,-1
2025-04-30,sleep_hours,3.0,-1
2025-05-01,sleep_hours,10.212809611898988,-1
2025-07-04,sleep_hours,10.933043454536843,-1
2025-07-27,sleep_hours,10.493005537858275,-1
2025-08-01,sleep_hours,3.975489745532321,-1
2024-09-21,sleep_hours,3.589674247009425,-1
2024-11-18,sleep_hours,10.297627412862983,-1
2024-11-19,sleep_hours,10.206715404928657,-1
2024-11-20,sleep_hours,3.0,-1
2024-12-07,sleep_hours,10.908154489326208,-1
2024-12-13,sleep_hours,3.0,-1
2025-02-11,sleep_hours,10.077983870615396,-1
2025-03-03,sleep_hours,3.992720286592205,-1
2025-03-22,sleep_hours,3.880299262188047,-1
2025-03-26,sleep_hours,3.5981080167313118,-1
2025-03-30,sleep_hours,10.44562574418953,-1
2025-04-21,sleep_hours,3.801140805482529,-1
2025-05-12,sleep_hours,3.255726677317321,-1
2025-05-18,sleep_hours,3.0,-1
2025-06-11,sleep_hours,10.484693525360187,-1
2025-06-15,sleep_hours,3.756517827371245,-1
2025-08-21,sleep_hours,3.723410989847197,-1
2024-09-14,sleep_hours,3.2018928705268506,-1
2024-10-16,sleep_hours,3.9791559424451055,-1
2024-12-08,sleep_hours,10.244906253835854,-1
2024-12-21,sleep_hours,3.0,-1
2025-01-14,sleep_hours,3.854909792253421,-1
2025-01-23,sleep_hours,3.0,-1
2025-02-17,sleep_hours,3.4179252899824046,-1
2025-04-28,sleep_hours,10.335258383966655,-1
2025-05-13,sleep_hours,4.016376122012256,-1
2025-06-20,sleep_hours,10.427519913167256,-1
2025-08-05,sleep_hours,3.9260452961135455,-1
2025-08-22,sleep_hours,10.065816309329882,-1
2024-10-11,sleep_hours,3.3523298779801767,-1
2024-12-07,sleep_hours,11.227558699949592,-1
2025-03-17,sleep_hours,10.82527518042945,-1
2025-03-19,sleep_hours,3.919305623678154,-1
2025-05-26,sleep_hours,11.124133665632517,-1
2025-05-29,sleep_hours,11.803398351124809,-1
2025-05-30,sleep_hours,3.7605701275486174,-1
2025-06-06,sleep_hours,10.152561220395318,-1
2024-11-11,sleep_hours,10.467964949713842,-1
2024-11-14,sleep_hours,3.317307872420638,-1
2024-11-15,sleep_hours,9.95594994031653,-1
2024-11-26,sleep_hours,4.000419043844553,-1
2024-12-08,sleep_hours,4.010277870537328,-1
2024-12-27,sleep_hours,3.027383591287568,-1
2024-12-29,sleep_hours,3.544242955662045,-1
2025-01-03,sleep_hours,3.0,-1
2025-01-04,sleep_hours,3.171120703512625,-1
2025-01-15,sleep_hours,9.937575149139828,-1
2025-02-06,sleep_hours,3.1180373304323723,-1
2025-03-04,sleep_hours,3.909380363355647,-1
2025-05-14,sleep_hours,11.204689429405754,-1
2025-06-29,sleep_hours,3.380412691799489,-1
2025-08-02,sleep_hours,10.17803564556406,-1
2025-08-04,sleep_hours,3.6918236749187807,-1
2025-08-19,sleep_hours,11.033420001881703,-1
2024-11-08,sleep_hours,3.0,-1
2024-12-23,sleep_hours,10.143730812004003,-1
2025-01-02,sleep_hours,11.625254300207713,-1
2025-01-27,sleep_hours,3.514886741990748,-1
2025-02-23,sleep_hours,3.310215758698349,-1
2025-04-13,sleep_hours,3.0145510697065614,-1
2025-04-29,sleep_hours,4.007622140656161,-1
2025-05-13,sleep_hours,10.678217558760746,-1
2025-06-05,sleep_hours,10.336077596956184,-1
2025-06-06,sleep_hours,3.992002929202715,-1
2025-06-17,sleep_hours,3.898088415467451,-1
2025-06-21,sleep_hours,3.740870372898338,-1
2025-07-07,sleep_hours,3.932674280764873,-1
2025-07-10,sleep_hours,10.106064496704526,-1
2025-08-16,sleep_hours,4.035525345996727,-1
2024-11-22,sleep_hours,10.42869923725329,-1
2024-11-28,sleep_hours,3.0,-1
2024-12-14,sleep_hours,10.067310872093586,-1
2025-01-24,sleep_hours,10.032288781060364,-1
2025-01-27,sleep_hours,3.524403777129685,-1
2025-01-28,sleep_hours,3.5742197287157484,-1
2025-02-02,sleep_hours,10.236772647469252,-1
2025-02-20,sleep_hours,10.008106193779058,-1
2025-03-01,sleep_hours,10.662250163361463,-1
2025-03-20,sleep_hours,10.388605154396242,-1
2025-04-11,sleep_hours,10.233142772694912,-1
2025-04-18,sleep_hours,3.308930520455279,-1
2025-04-22,sleep_hours,10.40123387603252,-1
2025-05-04,sleep_hours,3.751885413647592,-1
2025-06-11,sleep_hours,4.044332750345607,-1
2025-08-07,sleep_hours,3.0,-1
2024-09-15,sleep_hours,3.7547214323529783,-1
2024-09-16,sleep_hours,3.4429123483231088,-1
2024-10-21,sleep_hours,9.959522772624004,-1
2024-10-26,sleep_hours,10.12514929461232,-1
2024-12-06,sleep_hours,10.00335195360154,-1
2024-12-14,sleep_hours,11.136364549108206,-1
2025-02-18,sleep_hours,10.32940075911806,-1
2025-03-24,sleep_hours,10.803745882224632,-1
2025-05-07,sleep_hours,3.813805780154149,-1
2025-05-20,sleep_hours,3.448292009058929,-1
2025-05-22,sleep_hours,10.763729997113336,-1
2025-05-26,sleep_hours,10.215979237403658,-1
2025-07-12,sleep_hours,11.280888543178214,-1
2025-07-30,sleep_hours,3.8319818704833137,-1
2025-08-06,sleep_hours,10.1132117551459,-1
2025-08-20,sleep_hours,3.0,-1
2025-08-25,sleep_hours,3.668145624510882,-1
2024-10-05,sleep_hours,10.082249486080473,-1
2024-11-21,sleep_hours,3.307293691144057,-1
2024-11-29,sleep_hours,3.062663230321751,-1
2024-12-10,sleep_hours,10.303958738145658,-1
2024-12-12,sleep_hours,11.165637920271688,-1
2025-01-01,sleep_hours,3.6491956002271495,-1
2025-01-09,sleep_hours,10.069982583900572,-1
2025-01-29,sleep_hours,11.691867915408496,-1
2025-03-01,sleep_hours,10.96100318946857,-1
2025-03-18,sleep_hours,3.847647775231173,-1
2025-06-09,sleep_hours,11.039424787655966,-1
2025-06-14,sleep_hours,3.99091496198418,-1
2025-08-10,sleep_hours,3.784303884841053,-1
2025-08-24,sleep_hours,3.371524391022624,-1
2024-09-09,sleep_hours,10.88880848296484,-1
2024-10-13,sleep_hours,10.06646393923683,-1
2024-12-07,sleep_hours,3.0,-1
2025-01-07,sleep_hours,3.949799811118651,-1
2025-01-29,sleep_hours,3.56223440577897,-1
2025-02-01,sleep_hours,10.07501448519137,-1
2025-02-14,sleep_hours,3.971841010814929,-1
2025-03-10,sleep_hours,10.81516123604695,-1
2025-05-03,sleep_hours,3.856026923225648,-1
2025-05-29,sleep_hours,10.418288618852625,-1
2025-06-30,sleep_hours,10.750938297473416,-1
2025-07-31,sleep_hours,10.798032563660977,-1
2025-09-04,sleep_hours,3.762601032057708,-1
2024-09-07,sleep_hours,10.97254197993272,-1
2024-10-18,sleep_hours,10.200370072560666,-1
2024-11-25,sleep_hours,3.3854292823768644,-1
2024-12-08,sleep_hours,11.025525468678168,-1
2024-12-29,sleep_hours,10.462430637020423,-1
2025-01-26,sleep_hours,10.300584355107713,-1
2025-03-20,sleep_hours,10.825531385567077,-1
2025-04-13,sleep_hours,10.002784986510068,-1
2025-04-30,sleep_hours,10.36113597365297,-1
2025-05-25,sleep_hours,3.9000048012549313,-1
2025-06-01,sleep_hours,10.131090549289231,-1
2025-07-16,sleep_hours,10.290288028233196,-1
2025-07-23,sleep_hours,10.28450018630719,-1
2025-08-01,sleep_hours,3.0,-1
2025-08-04,sleep_hours,3.502612996858688,-1
2025-08-09,sleep_hours,3.527088955796096,-1
2024-09-24,sleep_hours,10.413202220113092,-1
2024-10-17,sleep_hours,10.103793767121084,-1
2024-10-19,sleep_hours,3.804772815841024,-1
2024-11-30,sleep_hours,10.187976462383446,-1
2025-01-05,sleep_hours,10.082703874866205,-1
2025-01-27,sleep_hours,10.284412698464129,-1
2025-04-21,sleep_hours,10.53118951717389,-1
2025-05-13,sleep_hours,10.46142588507671,-1
2025-05-17,sleep_hours,3.999532545780226,-1
2025-05-21,sleep_hours,3.0,-1
2025-06-05,sleep_hours,9.994633623673916,-1
2025-06-14,sleep_hours,3.731877959708388,-1
2025-06-20,sleep_hours,3.748878846715732,-1
2025-06-24,sleep_hours,10.54723489924888,-1
2025-07-21,sleep_hours,3.112037267063241,-1
2025-07-23,sleep_hours,3.90959586353488,-1
2025-07-27,sleep_hours,3.480270990249844,-1
2025-08-29,sleep_hours,10.34017697602598,-1
2025-08-30,sleep_hours,3.0,-1
2024-09-10,sleep_hours,3.9411381025106818,-1
2024-09-13,sleep_hours,3.2704566478364843,-1
2024-10-14,sleep_hours,9.982732134941523,-1
2024-10-19,sleep_hours,11.20000567637934,-1
2024-11-14,sleep_hours,3.8364800217552872,-1
2024-11-25,sleep_hours,3.7424830927349033,-1
2024-12-08,sleep_hours,10.62837708298888,-1
2024-12-30,sleep_hours,11.160912944155148,-1
2025-01-13,sleep_hours,9.995001360992656,-1
2025-01-30,sleep_hours,10.85638922778864,-1
2025-02-20,sleep_hours,11.05205710379453,-1
2025-02-25,sleep_hours,3.0,-1
2025-03-05,sleep_hours,10.542402067272183,-1
2025-03-14,sleep_hours,3.512301213119686,-1
2025-03-20,sleep_hours,3.4214012209291944,-1
2025-04-27,sleep_hours,10.21616763370465,-1
2025-06-09,sleep_hours,3.2517899885811885,-1
2025-06-18,sleep_hours,3.266333965127637,-1
2025-07-20,sleep_hours,3.3375502565342208,-1
2025-08-01,sleep_hours,10.156317377304234,-1
2025-08-19,sleep_hours,10.77430915606362,-1
2024-09-17,sleep_hours,10.865237697306522,-1
2024-09-26,sleep_hours,3.682549552040881,-1
2024-10-09,sleep_hours,3.6875916363720886,-1
2024-11-05,sleep_hours,3.156738388996096,-1
2024-11-10,sleep_hours,10.011862395075314,-1
2024-11-16,sleep_hours,3.162323325487713,-1
2024-11-21,sleep_hours,3.0843088474050546,-1
2024-12-16,sleep_hours,10.688860102359108,-1
2025-02-23,sleep_hours,10.728576218285498,-1
2025-03-06,sleep_hours,10.20057238973741,-1
2025-03-22,sleep_hours,10.23010604914978,-1
2025-03-24,sleep_hours,10.08833142084286,-1
2025-03-29,sleep_hours,10.23478909185011,-1
2025-05-01,sleep_hours,3.203967189046301,-1
2025-05-29,sleep_hours,10.383047714765883,-1
2025-06-11,sleep_hours,10.1045950632053,-1
2025-06-23,sleep_hours,3.6229291214916888,-1
2025-07-02,sleep_hours,3.1114774776364085,-1
2025-07-19,sleep_hours,3.898689010620629,-1
2025-07-22,sleep_hours,10.111834350718183,-1
2024-10-10,sleep_hours,10.26260237718986,-1
2024-10-13,sleep_hours,3.1540881179809865,-1
2024-10-20,sleep_hours,3.426415962458175,-1
2024-10-31,sleep_hours,4.0468458946728205,-1
2024-11-14,sleep_hours,3.4058597694327277,-1
2024-12-15,sleep_hours,10.146519503071644,-1
2025-01-14,sleep_hours,10.030180835811088,-1
2025-02-27,sleep_hours,10.297130596003257,-1
2025-03-04,sleep_hours,3.0,-1
2025-04-04,sleep_hours,3.3909531558351143,-1
2025-04-12,sleep_hours,3.777560774962709,-1
2025-05-02,sleep_hours,3.960793506104905,-1
2025-05-25,sleep_hours,3.499749176853551,-1
2025-06-30,sleep_hours,10.12362519134848,-1
2025-07-10,sleep_hours,3.9192948702256913,-1
2025-07-16,sleep_hours,10.700556066158764,-1
2024-09-15,sleep_hours,9.992927582202697,-1
2024-09-16,sleep_hours,4.054144634219618,-1
2024-09-17,sleep_hours,3.115468598459437,-1
2024-09-22,sleep_hours,3.980941380234953,-1
2024-10-09,sleep_hours,3.996111184074045,-1
2024-10-22,sleep_hours,3.384297326864659,-1
2024-11-03,sleep_hours,4.048114245665571,-1
2024-11-23,sleep_hours,3.0,-1
2024-11-25,sleep_hours,9.988773643710656,-1
2024-11-26,sleep_hours,10.293460659508526,-1
2024-12-08,sleep_hours,10.440104654718752,-1
2024-12-11,sleep_hours,9.982748229245509,-1
2025-01-03,sleep_hours,11.894129347543291,-1
2025-01-07,sleep_hours,9.961247137291169,-1
2025-03-11,sleep_hours,10.086119477962251,-1
2025-03-26,sleep_hours,10.390740542144371,-1
2025-04-25,sleep_hours,10.983792452590176,-1
2025-05-01,sleep_hours,3.582865316110654,-1
2025-05-26,sleep_hours,10.6553194427564,-1
2025-06-05,sleep_hours,10.586723576172918,-1
2025-06-16,sleep_hours,10.056194688173232,-1
2025-06-26,sleep_hours,10.628549324827311,-1
2025-07-08,sleep_hours,3.700816244750482,-1
2025-07-15,sleep_hours,3.4912976974686045,-1
2025-07-21,sleep_hours,11.116704372333668,-1
2025-07-23,sleep_hours,10.284299612598522,-1
2024-10-05,sleep_hours,3.834061522467258,-1
2024-10-13,sleep_hours,3.0,-1
2024-10-23,sleep_hours,3.823157445350669,-1
2024-11-20,sleep_hours,10.138439066827567,-1
2024-12-13,sleep_hours,11.415343046861867,-1
2024-12-23,sleep_hours,10.126956480468351,-1
2025-02-10,sleep_hours,10.561752108889458,-1
2025-02-15,sleep_hours,3.0,-1
2025-02-18,sleep_hours,3.431935917868709,-1
2025-02-22,sleep_hours,10.349301605572078,-1
2025-05-24,sleep_hours,3.539590579142502,-1
2025-05-26,sleep_hours,11.506282292877616,-1
2025-07-21,sleep_hours,3.3458040322763427,-1
2025-08-22,sleep_hours,10.004316470950087,-1
2024-09-13,sleep_hours,4.025261478761759,-1
2024-09-18,sleep_hours,10.004691705060344,-1
2024-09-21,sleep_hours,10.309974908320136,-1
2024-10-03,sleep_hours,10.563836740002476,-1
2024-10-05,sleep_hours,3.2966509603546164,-1
2024-11-16,sleep_hours,11.022923606287868,-1
2024-12-09,sleep_hours,4.04753733200076,-1
2024-12-23,sleep_hours,3.093489669364229,-1
2025-01-29,sleep_hours,3.660781456704971,-1
2025-02-28,sleep_hours,10.303109262646537,-1
2025-03-02,sleep_hours,10.296815132472576,-1
2025-03-04,sleep_hours,9.97492463117822,-1
2025-03-27,sleep_hours,3.335832582629488,-1
2025-03-31,sleep_hours,3.853492191624449,-1
2025-05-28,sleep_hours,10.216948580907744,-1
2025-07-18,sleep_hours,10.02571334452484,-1
2025-07-21,sleep_hours,3.024955417536137,-1
2024-09-25,sleep_hours,3.6273447108531656,-1
2024-10-13,sleep_hours,3.305918857432128,-1
2024-11-02,sleep_hours,10.616899973141985,-1
2024-11-07,sleep_hours,10.074944096799424,-1
2024-11-18,sleep_hours,10.849952146985284,-1
2025-01-15,sleep_hours,10.422438613699304,-1
2025-01-17,sleep_hours,10.229064522907793,-1
2025-01-25,sleep_hours,3.0,-1
2025-02-06,sleep_hours,10.481993049914134,-1
2025-04-12,sleep_hours,3.868567978628184,-1
2025-04-22,sleep_hours,3.5017431675017807,-1
2025-05-01,sleep_hours,10.132887555215335,-1
2025-05-13,sleep_hours,3.760945958311868,-1
2025-06-03,sleep_hours,10.217738379744798,-1
2025-06-21,sleep_hours,10.03177578520966,-1
2025-07-06,sleep_hours,10.99409478717572,-1
2024-09-11,sleep_hours,10.047739058362996,-1
2024-11-12,sleep_hours,10.018032107769772,-1
2025-02-12,sleep_hours,10.08826522244974,-1
2025-03-17,sleep_hours,10.864151069404368,-1
2025-03-18,sleep_hours,3.4808642238743066,-1
2025-03-25,sleep_hours,10.782337560609111,-1
2025-04-29,sleep_hours,3.2654718528969395,-1
2025-05-02,sleep_hours,9.989929637338948,-1
2025-05-29,sleep_hours,3.3350274216593254,-1
2025-07-12,sleep_hours,10.1051065456364,-1
2025-08-03,sleep_hours,10.493091119186309,-1
2025-08-21,sleep_hours,10.558387069598252,-1
2025-08-30,sleep_hours,3.515871611062214,-1
2025-09-05,sleep_hours,3.596828229325689,-1
2024-09-07,sleep_hours,10.002526431123856,-1
2024-09-11,sleep_hours,3.637811622485269,-1
2024-10-13,sleep_hours,3.9900730657257655,-1
2024-10-16,sleep_hours,10.11317274819818,-1
2024-10-19,sleep_hours,10.671026211484628,-1
2024-10-25,sleep_hours,3.7793116125152415,-1
2024-11-02,sleep_hours,10.259705591254686,-1
2024-11-13,sleep_hours,3.4762027457311646,-1
2024-11-14,sleep_hours,10.245949284655248,-1
2024-12-19,sleep_hours,3.1681085215331573,-1
2025-01-02,sleep_hours,4.045149287411253,-1
2025-01-03,sleep_hours,11.049038320908176,-1
2025-01-21,sleep_hours,11.228769041910107,-1
2025-02-03,sleep_hours,3.899076427646255,-1
2025-02-04,sleep_hours,3.877245666326818,-1
2025-03-04,sleep_hours,9.982533237338489,-1
2025-03-09,sleep_hours,4.012069771290092,-1
2025-03-25,sleep_hours,3.0,-1
2025-04-02,sleep_hours,10.031015821246196,-1
2025-04-23,sleep_hours,3.841691641747601,-1
2025-05-14,sleep_hours,10.366553317180148,-1
2025-06-08,sleep_hours,10.255203984363607,-1
2025-06-24,sleep_hours,9.95246058805557,-1
2025-07-16,sleep_hours,3.9173316202739583,-1
2025-07-23,sleep_hours,3.7026820830959633,-1
2025-08-23,sleep_hours,10.210516756647158,-1
2025-09-05,sleep_hours,10.081729282055171,-1
2024-09-28,sleep_hours,10.272402417833051,-1
2024-09-30,sleep_hours,10.38270648315292,-1
2024-11-18,sleep_hours,10.074122078340611,-1
2024-11-24,sleep_hours,3.9012942264726034,-1
2024-12-14,sleep_hours,12.0,-1
2025-01-01,sleep_hours,3.5367391549896863,-1
2025-01-17,sleep_hours,3.819138812448312,-1
2025-01-19,sleep_hours,3.784428133171722,-1
2025-01-22,sleep_hours,3.0,-1
2025-04-15,sleep_hours,3.9810099284246014,-1
2025-04-24,sleep_hours,3.5411894985009176,-1
2025-06-15,sleep_hours,3.9360251085985167,-1
2025-06-21,sleep_hours,11.683202051806964,-1
2025-07-12,sleep_hours,10.091165856622826,-1
2025-07-14,sleep_hours,10.806450175727292,-1
2025-07-20,sleep_hours,11.108591267590294,-1
2025-08-01,sleep_hours,3.815375797966775,-1
2025-08-30,sleep_hours,10.313415412696312,-1
2024-10-27,sleep_hours,3.74134326490806,-1
2024-11-07,sleep_hours,10.110057831581845,-1
2024-12-06,sleep_hours,10.030704055532109,-1
2025-01-06,sleep_hours,3.477291399428424,-1
2025-01-09,sleep_hours,3.5421563003101517,-1
2025-01-25,sleep_hours,10.313474852886342,-1
2025-01-26,sleep_hours,10.094880460613954,-1
2025-02-09,sleep_hours,3.981792723748367,-1
2025-02-13,sleep_hours,9.952799297817096,-1
2025-02-16,sleep_hours,11.168483476022358,-1
2025-05-11,sleep_hours,3.5988708897130257,-1
2025-05-23,sleep_hours,10.531720606166632,-1
2025-06-28,sleep_hours,3.33933678696066,-1
2025-07-05,sleep_hours,10.324126856540914,-1
2025-07-07,sleep_hours,10.224542922250295,-1
2024-09-27,sleep_hours,3.8059367669786175,-1
2024-10-10,sleep_hours,10.199828048180333,-1
2024-11-04,sleep_hours,3.953379672135485,-1
2024-11-07,sleep_hours,3.329772172047007,-1
2024-11-26,sleep_hours,3.5833002625997654,-1
2025-01-13,sleep_hours,3.0,-1
2025-01-17,sleep_hours,3.2945438595235035,-1
2025-02-26,sleep_hours,3.0,-1
2025-04-02,sleep_hours,3.881828295014587,-1
2025-04-15,sleep_hours,10.076603739231812,-1
2025-05-06,sleep_hours,3.8790350189718703,-1
2025-05-15,sleep_hours,11.28797616185515,-1
2025-05-28,sleep_hours,10.063328331779555,-1
2025-06-06,sleep_hours,3.793711045109536,-1
2025-06-09,sleep_hours,3.865328583955489,-1
2025-06-14,sleep_hours,3.852878805884028,-1
2025-07-12,sleep_hours,11.743460320195112,-1
2025-07-17,sleep_hours,3.870857553505771,-1
2025-07-28,sleep_hours,3.750117400321929,-1
2025-09-05,sleep_hours,10.103368726783993,-1
2024-10-28,sleep_hours,10.814432531096736,-1
2024-11-12,sleep_hours,3.9445768732426623,-1
2024-11-14,sleep_hours,3.3344922748567214,-1
2025-02-02,sleep_hours,10.35896180802025,-1
2025-02-13,sleep_hours,10.603549295108678,-1
2025-03-06,sleep_hours,10.112444611223468,-1
2025-04-13,sleep_hours,10.176733913008896,-1
2025-04-16,sleep_hours,3.817164782666448,-1
2025-04-20,sleep_hours,10.185322190149408,-1
2025-04-23,sleep_hours,10.119737870313353,-1
2025-04-24,sleep_hours,10.039837102256309,-1
2025-04-26,sleep_hours,3.436024232627552,-1
2025-05-10,sleep_hours,10.782176020550038,-1
2025-05-16,sleep_hours,10.543280361911815,-1
2025-05-17,sleep_hours,3.3710423726070875,-1
2025-06-03,sleep_hours,10.002077596092244,-1
2025-07-19,sleep_hours,10.641132987454483,-1
2025-07-29,sleep_hours,3.3247010105049317,-1
2025-08-14,sleep_hours,4.033936497362419,-1
2024-10-04,sleep_hours,4.052416062175592,-1
2024-11-01,sleep_hours,4.016114218906409,-1
2024-11-10,sleep_hours,3.738577866617751,-1
2024-12-18,sleep_hours,11.053702460791596,-1
2024-12-19,sleep_hours,3.5463903825263285,-1
2024-12-27,sleep_hours,10.041763117776863,-1
2025-01-28,sleep_hours,3.872702608700567,-1
2025-02-16,sleep_hours,3.982713715433067,-1
2025-03-13,sleep_hours,3.75921805626545,-1
2025-03-14,sleep_hours,4.005656771374672,-1
2025-04-16,sleep_hours,10.300216373380632,-1
2025-05-12,sleep_hours,3.2560582192590592,-1
2025-05-17,sleep_hours,3.627842532303406,-1
2025-07-11,sleep_hours,3.232591979572348,-1
2025-08-05,sleep_hours,3.632988995558909,-1
2025-08-16,sleep_hours,10.151292924827544,-1
2025-08-20,sleep_hours,3.596341388451037,-1
2024-09-14,sleep_hours,10.159235491800334,-1
2024-09-16,sleep_hours,9.959036289691372,-1
2024-09-29,sleep_hours,10.093922171497155,-1
2024-10-07,sleep_hours,10.01138848924705,-1
2024-10-14,sleep_hours,10.785267510593322,-1
2024-10-27,sleep_hours,11.130026446624436,-1
2024-11-08,sleep_hours,10.095571390471273,-1
2024-11-13,sleep_hours,10.499565452284005,-1
2025-01-04,sleep_hours,3.6530879098335856,-1
2025-03-14,sleep_hours,3.0,-1
2025-04-06,sleep_hours,3.0,-1
2025-04-10,sleep_hours,3.0,-1
2025-05-01,sleep_hours,10.302904559148008,-1
2025-05-28,sleep_hours,3.4174315722931583,-1
2025-06-04,sleep_hours,3.968337471401186,-1
2025-06-23,sleep_hours,10.082001622233388,-1
2025-07-27,sleep_hours,3.0,-1
2025-08-03,sleep_hours,3.0,-1
2024-09-07,sleep_hours,10.108532487198746,-1
2024-09-10,sleep_hours,3.5387065485433298,-1
2024-09-19,sleep_hours,10.215177237122536,-1
2024-11-06,sleep_hours,3.5577126675592923,-1
2024-11-07,sleep_hours,9.937561292742467,-1
2024-12-06,sleep_hours,10.38667252885097,-1
2024-12-29,sleep_hours,3.977041127482662,-1
2025-03-19,sleep_hours,10.287766527269213,-1
2025-03-30,sleep_hours,3.9181162860184298,-1
2025-04-08,sleep_hours,3.943924091703191,-1
2025-05-01,sleep_hours,3.212168132301615,-1
2025-05-24,sleep_hours,10.884524763329097,-1
2025-06-06,sleep_hours,3.0,-1
2025-06-28,sleep_hours,11.094041605851434,-1
2025-07-19,sleep_hours,3.4168104629089675,-1
2025-07-23,sleep_hours,10.300088324319436,-1
2025-07-30,sleep_hours,10.4838889788085,-1
2024-09-20,sleep_hours,3.822967928451223,-1
2024-10-08,sleep_hours,10.187115944774472,-1
2024-10-18,sleep_hours,10.829658968698082,-1
2024-10-24,sleep_hours,3.737667041371539,-1
2024-11-09,sleep_hours,10.125942345648038,-1
2024-12-01,sleep_hours,10.226226936777811,-1
2024-12-30,sleep_hours,10.252920203573524,-1
2025-01-26,sleep_hours,3.996971444099732,-1
2025-02-03,sleep_hours,10.184666150098671,-1
2025-02-04,sleep_hours,10.2984812591224,-1
2025-02-27,sleep_hours,3.6012097720442195,-1
2025-03-07,sleep_hours,10.810124207591011,-1
2025-05-01,sleep_hours,10.166258602115027,-1
2025-05-17,sleep_hours,11.556163178620602,-1
2025-05-26,sleep_hours,10.997968710366072,-1
2025-05-29,sleep_hours,4.03655398886709,-1
2025-05-30,sleep_hours,11.032425936866632,-1
2025-06-11,sleep_hours,10.038916866953068,-1
2025-08-26,sleep_hours,4.053839931197261,-1
2024-09-11,sleep_hours,3.0,-1
2024-10-18,sleep_hours,10.457597350227848,-1
2024-11-02,sleep_hours,10.383260886644848,-1
2024-11-03,sleep_hours,9.949226057024667,-1
2024-11-09,sleep_hours,9.95015500639654,-1
2025-01-02,sleep_hours,4.038890056809184,-1
2025-03-21,sleep_hours,3.9061295233139264,-1
2025-03-24,sleep_hours,3.0,-1
2025-03-31,sleep_hours,10.179863539735102,-1
2025-04-05,sleep_hours,10.027580237504718,-1
2025-05-19,sleep_hours,3.228816099932444,-1
2025-05-26,sleep_hours,3.0,-1
2025-06-05,sleep_hours,10.622236975309017,-1
2025-06-14,sleep_hours,10.27846878784606,-1
2025-06-21,sleep_hours,10.87483247295625,-1
2025-07-04,sleep_hours,10.509017959128474,-1
2025-07-14,sleep_hours,11.258560149479584,-1
2025-07-15,sleep_hours,10.577191857600432,-1
2025-08-18,sleep_hours,10.202629222390666,-1
2025-09-01,sleep_hours,4.016928063408481,-1
2024-09-08,sleep_hours,10.54550562648415,-1
2024-09-21,sleep_hours,3.472301620838961,-1
2025-01-09,sleep_hours,12.0,-1
2025-01-25,sleep_hours,10.02676904409662,-1
2025-02-12,sleep_hours,4.001427937160644,-1
2025-03-03,sleep_hours,3.433862790772012,-1
2025-05-20,sleep_hours,10.293794451807145,-1
2025-06-06,sleep_hours,10.1872040507894,-1
2025-06-25,sleep_hours,10.300694933260996,-1
2025-08-23,sleep_hours,10.551043878843416,-1
2024-10-13,sleep_hours,3.878551757864767,-1
2024-11-10,sleep_hours,3.919772057637033,-1
2024-11-24,sleep_hours,3.774696579127665,-1
2024-11-27,sleep_hours,3.750640028709749,-1
2025-01-12,sleep_hours,9.971902478692511,-1
2025-01-29,sleep_hours,3.466759614051259,-1
2025-03-03,sleep_hours,3.0,-1
2025-04-15,sleep_hours,10.303367397866063,-1
2025-05-06,sleep_hours,3.773424760994135,-1
2025-05-07,sleep_hours,3.515362498914259,-1
2025-06-16,sleep_hours,12.0,-1
2025-06-25,sleep_hours,11.170140462628966,-1
2025-07-18,sleep_hours,10.988698875148833,-1
2025-08-01,sleep_hours,3.931271952156108,-1
2025-09-01,sleep_hours,10.853994520336444,-1
2024-09-20,sleep_hours,3.0,-1
2024-10-15,sleep_hours,10.68503195808853,-1
2024-12-23,sleep_hours,9.997714362447295,-1
2025-01-04,sleep_hours,10.050581862380984,-1
2025-01-17,sleep_hours,3.0,-1
2025-03-15,sleep_hours,3.646552339272045,-1
2025-05-09,sleep_hours,3.454656959449383,-1
2025-06-28,sleep_hours,10.041305430654656,-1
2025-07-09,sleep_hours,3.597468898531293,-1
2025-07-11,sleep_hours,10.708232683342796,-1
2024-09-14,sleep_hours,3.0,-1
2024-11-20,sleep_hours,10.39371160392368,-1
2024-12-21,sleep_hours,10.357859250482178,-1
2025-01-08,sleep_hours,10.113004854144217,-1
2025-01-19,sleep_hours,3.7387810413614377,-1
2025-01-21,sleep_hours,9.998061972055874,-1
2025-02-20,sleep_hours,3.868680856139375,-1
2025-03-12,sleep_hours,4.015456241569449,-1
2025-04-09,sleep_hours,3.792124504874273,-1
2025-04-13,sleep_hours,3.2974842462583256,-1
2025-05-08,sleep_hours,3.806127457987009,-1
2025-05-09,sleep_hours,10.352025721018476,-1
2025-06-02,sleep_hours,10.818354712831928,-1
2025-06-19,sleep_hours,3.4018893942071373,-1
2025-06-30,sleep_hours,10.295646023521616,-1
2025-07-01,sleep_hours,3.53773835343863,-1
2025-07-07,sleep_hours,10.240116923140874,-1
2025-07-17,sleep_hours,4.004032072321158,-1
2025-08-08,sleep_hours,10.632931485405916,-1
2025-08-10,sleep_hours,10.824889982996469,-1
2025-08-19,sleep_hours,3.0,-1
2025-08-28,sleep_hours,10.773305421665016,-1
2025-09-01,sleep_hours,3.843451173536038,-1
2024-09-17,sleep_hours,4.045038889527001,-1
2024-11-06,sleep_hours,3.617636324841171,-1
2024-12-08,sleep_hours,10.732438197472568,-1
2024-12-13,sleep_hours,10.04344541951136,-1
2025-01-23,sleep_hours,3.487738965583124,-1
2025-02-19,sleep_hours,10.587155117920164,-1
2025-05-07,sleep_hours,10.567691806821896,-1
2025-05-13,sleep_hours,10.906040694780048,-1
2024-09-06,sleep_hours,3.198898981883161,-1
2024-09-07,sleep_hours,4.008864497772198,-1
2024-10-28,sleep_hours,3.8044465762239312,-1
2024-11-25,sleep_hours,3.0,-1
2024-12-03,sleep_hours,10.543217356260712,-1
2024-12-08,sleep_hours,3.9953214599758056,-1
2024-12-23,sleep_hours,3.0,-1
2025-01-02,sleep_hours,10.724759916261572,-1
2025-01-19,sleep_hours,3.424717935193412,-1
2025-02-05,sleep_hours,9.98393005125075,-1
2025-03-07,sleep_hours,10.8239784943794,-1
2025-03-13,sleep_hours,10.799390095475284,-1
2025-04-16,sleep_hours,3.60005619524919,-1
2025-04-20,sleep_hours,10.506335791422128,-1
2025-05-19,sleep_hours,3.470141704075877,-1
2025-06-03,sleep_hours,10.118783494144555,-1
2025-06-04,sleep_hours,10.613206865699045,-1
2025-07-05,sleep_hours,4.04731459387491,-1
2025-07-14,sleep_hours,10.447104531450512,-1
2025-09-01,sleep_hours,10.197700130963211,-1
2024-09-07,sleep_hours,3.4436594787214854,-1
2024-09-20,sleep_hours,9.95826637224642,-1
2024-09-24,sleep_hours,3.376979873435888,-1
2024-10-05,sleep_hours,3.993409165418985,-1
2024-10-19,sleep_hours,10.230260413032743,-1
2024-11-05,sleep_hours,9.939655827815384,-1
2025-01-04,sleep_hours,4.019161677952602,-1
2025-01-15,sleep_hours,10.23947569060685,-1
2025-02-20,sleep_hours,10.13585830381647,-1
2025-02-25,sleep_hours,3.0,-1
2025-03-09,sleep_hours,11.14484722300788,-1
2025-03-11,sleep_hours,10.16432048374996,-1
2025-04-27,sleep_hours,10.256559245071251,-1
2025-05-02,sleep_hours,3.836926017754976,-1
2025-06-17,sleep_hours,11.743799715817218,-1
2025-07-02,sleep_hours,3.885410058814813,-1
2025-07-15,sleep_hours,3.6345203756801774,-1
2025-07-25,sleep_hours,3.0,-1
2025-07-26,sleep_hours,10.046848604313777,-1
2025-07-29,sleep_hours,11.20863324060022,-1
2025-08-06,sleep_hours,3.0,-1
2024-09-11,sleep_hours,10.061744424844775,-1
2024-09-24,sleep_hours,3.364028661286006,-1
2024-09-25,sleep_hours,10.41719390092123,-1
2024-10-02,sleep_hours,10.941691049372718,-1
2024-10-23,sleep_hours,10.46186117243587,-1
2024-12-06,sleep_hours,11.246025162910462,-1
2024-12-07,sleep_hours,9.991298980133887,-1
2024-12-24,sleep_hours,10.495346103156445,-1
2025-01-03,sleep_hours,10.290747630211328,-1
2025-01-14,sleep_hours,3.85754289558487,-1
2025-01-23,sleep_hours,10.282523602377855,-1
2025-02-12,sleep_hours,10.78572211321937,-1
2025-03-02,sleep_hours,3.616977289282914,-1
2025-04-18,sleep_hours,10.595585240208427,-1
2025-04-23,sleep_hours,3.0,-1
2025-05-06,sleep_hours,10.57039964091663,-1
2025-05-20,sleep_hours,3.882142769785826,-1
2025-07-09,sleep_hours,11.0994044831838,-1
2025-07-17,sleep_hours,10.4474337625191,-1
2025-07-25,sleep_hours,9.951736514637144,-1
2025-08-20,sleep_hours,3.764752331150978,-1
2025-08-22,sleep_hours,3.426937920944209,-1
2024-09-07,sleep_hours,10.76375907124218,-1
2024-10-02,sleep_hours,10.620534100805612,-1
2024-11-19,sleep_hours,10.36944999901536,-1
2024-11-24,sleep_hours,3.778130639902256,-1
2025-01-07,sleep_hours,3.4106470353524827,-1
2025-01-10,sleep_hours,10.058837939988472,-1
2025-01-29,sleep_hours,10.18563845699511,-1
2025-02-04,sleep_hours,3.687113371574961,-1
2025-02-15,sleep_hours,10.168399673345066,-1
2025-02-27,sleep_hours,3.3908186991199285,-1
2025-03-24,sleep_hours,10.460775010368195,-1
2025-04-15,sleep_hours,11.550650763314884,-1
2025-04-25,sleep_hours,3.1007912881634745,-1
2025-05-04,sleep_hours,3.5348872664563507,-1
2025-05-11,sleep_hours,10.3023132262973,-1
2025-05-15,sleep_hours,3.156253226124961,-1
2025-06-04,sleep_hours,3.632093029697284,-1
2025-06-08,sleep_hours,3.0,-1
2025-06-18,sleep_hours,3.2557142082618604,-1
2025-08-17,sleep_hours,10.46481103823271,-1
2025-08-23,sleep_hours,3.7624776737736823,-1
2024-10-17,sleep_hours,3.0,-1
2024-11-05,sleep_hours,3.547675744278732,-1
2024-11-09,sleep_hours,10.446496553945671,-1
2024-11-19,sleep_hours,10.020289789893958,-1
2024-11-23,sleep_hours,10.047536961426848,-1
2024-11-30,sleep_hours,3.499485784772542,-1
2025-01-24,sleep_hours,3.0,-1
2025-01-30,sleep_hours,10.399890528193982,-1
2025-03-08,sleep_hours,10.258307759435834,-1
2025-04-05,sleep_hours,3.701173502856314,-1
2025-04-06,sleep_hours,10.05208121715763,-1
2025-05-29,sleep_hours,3.0,-1
2025-06-07,sleep_hours,11.569508150112783,-1
2025-06-23,sleep_hours,3.174806536111683,-1
2025-07-01,sleep_hours,3.4373208725053663,-1
2025-08-02,sleep_hours,10.408052910714751,-1
2025-08-17,sleep_hours,4.037214663344038,-1
2025-08-18,sleep_hours,10.6592745306078,-1
2025-08-27,sleep_hours,9.968147355318951,-1
2025-09-01,sleep_hours,3.997302121786357,-1
2025-09-02,sleep_hours,10.051027259341112,-1
2024-09-28,sleep_hours,10.003750657935292,-1
2024-10-25,sleep_hours,3.3796513834616477,-1
2024-11-27,sleep_hours,3.31999160061618,-1
2024-12-03,sleep_hours,10.517462941973974,-1
2025-02-07,sleep_hours,3.742525554194817,-1
2025-02-22,sleep_hours,3.5332860244485587,-1
2025-02-28,sleep_hours,3.471536734973477,-1
2025-04-11,sleep_hours,3.112255763498892,-1
2025-05-01,sleep_hours,3.562663509442019,-1
2025-06-08,sleep_hours,10.387411068732444,-1
2025-06-11,sleep_hours,3.893974475789892,-1
2025-07-09,sleep_hours,3.239441562805447,-1
2025-07-15,sleep_hours,10.967328060059158,-1
2025-07-28,sleep_hours,11.183282397092617,-1
2025-08-04,sleep_hours,3.70892662455592,-1
2025-08-05,sleep_hours,3.117540116162279,-1
2024-09-18,sleep_hours,3.2658133980209128,-1
2024-10-11,sleep_hours,3.95717084661782,-1
2024-10-18,sleep_hours,3.929929382851952,-1
2024-10-27,sleep_hours,10.591971482828669,-1
2024-11-17,sleep_hours,10.158402126217544,-1
2024-11-26,sleep_hours,3.0,-1
2024-12-01,sleep_hours,3.0,-1
2024-12-03,sleep_hours,10.18945266242986,-1
2024-12-14,sleep_hours,3.0,-1
2025-01-03,sleep_hours,4.003165806069695,-1
2025-01-15,sleep_hours,10.790969803452866,-1
2025-01-16,sleep_hours,9.997336762348576,-1
2025-03-24,sleep_hours,3.0,-1
2025-03-25,sleep_hours,11.459770991287543,-1
2025-03-26,sleep_hours,3.3407635977496786,-1
2025-03-30,sleep_hours,11.153657549372555,-1
2025-04-14,sleep_hours,9.958246004451146,-1
2025-04-27,sleep_hours,3.625825082534385,-1
2025-05-21,sleep_hours,3.259501516074608,-1
2025-05-24,sleep_hours,3.916962726656412,-1
2025-06-22,sleep_hours,11.059376119128348,-1
2025-07-02,sleep_hours,4.038689973320249,-1
2025-08-05,sleep_hours,9.97531341539912,-1
2025-08-16,sleep_hours,4.046631555132951,-1
2025-08-20,sleep_hours,10.445103457039398,-1
2025-09-04,sleep_hours,10.24463163454785,-1
2025-09-05,sleep_hours,3.766387909177899,-1
2024-09-07,sleep_hours,10.31584393890198,-1
2025-01-14,sleep_hours,3.479610401548494,-1
2025-02-08,sleep_hours,3.8957951379508295,-1
2025-04-08,sleep_hours,10.55310798769571,-1
2025-06-13,sleep_hours,3.3998789627202566,-1
2025-06-28,sleep_hours,11.031269342332925,-1
2025-08-08,sleep_hours,10.624331526200288,-1
2025-08-17,sleep_hours,10.54081995806944,-1
2024-09-16,sleep_hours,9.954735825221595,-1
2024-09-23,sleep_hours,3.6466392206056,-1
2024-11-02,sleep_hours,3.7235923318059134,-1
2024-11-23,sleep_hours,10.674962989362456,-1
2024-11-25,sleep_hours,10.740213587228617,-1
2024-12-14,sleep_hours,11.2209726909575,-1
2024-12-16,sleep_hours,10.490868680032143,-1
2024-12-25,sleep_hours,3.593814315958996,-1
2024-12-26,sleep_hours,11.974253288710075,-1
2025-01-13,sleep_hours,3.659456216735121,-1
2025-03-08,sleep_hours,3.974378125198301,-1
2025-05-09,sleep_hours,3.458555091137626,-1
2025-05-30,sleep_hours,3.9997484854475,-1
2025-06-07,sleep_hours,3.0,-1
2025-06-29,sleep_hours,3.9383940600148097,-1
2025-06-30,sleep_hours,3.0,-1
2024-09-21,sleep_hours,11.16121553873236,-1
2024-10-07,sleep_hours,10.08255501845064,-1
2024-11-02,sleep_hours,3.0,-1
2024-11-08,sleep_hours,3.960203818206315,-1
2024-11-09,sleep_hours,3.9934599350601294,-1
2025-01-05,sleep_hours,10.19519078597487,-1
2025-02-11,sleep_hours,10.775607790437212,-1
2025-02-20,sleep_hours,3.2276189822591626,-1
2025-03-07,sleep_hours,3.90583482263114,-1
2025-03-22,sleep_hours,3.964698897998323,-1
2025-03-23,sleep_hours,3.6883337722975034,-1
2025-03-29,sleep_hours,10.093847661615069,-1
2025-05-06,sleep_hours,3.933923392262807,-1
2025-07-01,sleep_hours,11.41841922588186,-1
2025-07-26,sleep_hours,3.898444952274101,-1
2025-08-29,sleep_hours,3.050580018532325,-1
2024-09-14,sleep_hours,4.044952460755841,-1
2024-10-02,sleep_hours,3.6939918474364255,-1
2025-02-17,sleep_hours,3.7651475196684174,-1
2025-03-01,sleep_hours,10.665454060863054,-1
2025-03-16,sleep_hours,10.826305760427708,-1
2025-03-28,sleep_hours,3.887122399563794,-1
2025-04-07,sleep_hours,3.9115774856394583,-1
2025-04-27,sleep_hours,3.5898824843663952,-1
2025-05-17,sleep_hours,4.055192813960099,-1
2025-05-20,sleep_hours,3.223147357122076,-1
2025-06-14,sleep_hours,11.138195793291422,-1
2025-08-08,sleep_hours,10.08278517002153,-1
2025-08-21,sleep_hours,10.515252610655294,-1
2025-09-03,sleep_hours,3.721209950385795,-1
2024-09-10,sleep_hours,9.980697044831132,-1
2024-10-01,sleep_hours,10.08541729247313,-1
2024-10-04,sleep_hours,11.073849007330503,-1
2024-10-17,sleep_hours,10.52145574914782,-1
2024-10-30,sleep_hours,4.051815486108234,-1
2024-10-31,sleep_hours,3.8605927575006014,-1
2024-11-15,sleep_hours,3.766173566868415,-1
2024-11-28,sleep_hours,10.084192089368372,-1
2025-01-20,sleep_hours,3.933703988364589,-1
2025-03-18,sleep_hours,3.664714102143741,-1
2025-03-19,sleep_hours,3.9692375548285312,-1
2025-03-29,sleep_hours,11.39440306494241,-1
2025-04-06,sleep_hours,10.150818797470269,-1
2025-04-08,sleep_hours,10.818239898839815,-1
2025-04-21,sleep_hours,3.2435291612601143,-1
2025-04-25,sleep_hours,10.321932025972025,-1
2025-04-26,sleep_hours,3.870840395435917,-1
2025-05-04,sleep_hours,3.781605535511889,-1
2025-05-09,sleep_hours,11.219483272804414,-1
2025-05-20,sleep_hours,11.859409956580324,-1
2025-06-25,sleep_hours,3.0,-1
2025-08-14,sleep_hours,3.204517205032695,-1
2025-09-03,sleep_hours,9.989685511300571,-1
2024-09-22,sleep_hours,10.368428964896037,-1
2024-10-05,sleep_hours,10.41713669438004,-1
2025-01-21,sleep_hours,3.850120652190121,-1
2025-01-28,sleep_hours,3.397216238219418,-1
2025-02-09,sleep_hours,10.264111705498532,-1
2025-02-20,sleep_hours,10.115805100088886,-1
2025-03-13,sleep_hours,3.887467644762606,-1
2025-03-24,sleep_hours,11.276797910974686,-1
2025-03-30,sleep_hours,10.013177502486531,-1
2025-04-04,sleep_hours,4.024684553281121,-1
2025-05-01,sleep_hours,10.43075137818622,-1
2025-06-27,sleep_hours,10.876038773310109,-1
2025-06-28,sleep_hours,10.040079022301672,-1
2025-07-04,sleep_hours,10.261377328140275,-1
2025-07-05,sleep_hours,3.7846620164231455,-1
2025-07-17,sleep_hours,10.401864273896305,-1
2025-08-13,sleep_hours,10.898412040994293,-1
2025-08-19,sleep_hours,4.001051645056156,-1
2025-08-28,sleep_hours,3.990446120682393,-1
2024-09-23,sleep_hours,10.720176303308795,-1
2024-09-25,sleep_hours,3.9032778589493855,-1
2024-09-28,sleep_hours,10.702824129383796,-1
2024-09-30,sleep_hours,3.4686542134228384,-1
2024-10-06,sleep_hours,10.39284722832688,-1
2024-10-19,sleep_hours,10.054208615902985,-1
2024-10-24,sleep_hours,3.928903127646717,-1
2024-11-30,sleep_hours,10.572321745324132,-1
2024-12-20,sleep_hours,3.380148943687659,-1
2025-01-15,sleep_hours,10.833554099203898,-1
2025-01-21,sleep_hours,10.514584478167016,-1
2025-01-28,sleep_hours,3.5762342612193416,-1
2025-02-06,sleep_hours,11.364022922497565,-1
2025-02-15,sleep_hours,3.498283592705019,-1
2025-02-25,sleep_hours,10.086826603712431,-1
2025-02-27,sleep_hours,3.0,-1
2025-03-06,sleep_hours,10.232590208176726,-1
2025-03-09,sleep_hours,9.970956113734475,-1
2025-03-14,sleep_hours,3.947447213505482,-1
2025-03-17,sleep_hours,4.004861332532428,-1
2025-03-18,sleep_hours,3.9578116570896182,-1
2025-03-26,sleep_hours,10.357122601018936,-1
2025-04-04,sleep_hours,3.547255366228871,-1
2025-04-06,sleep_hours,4.0204443545301904,-1
2025-04-24,sleep_hours,10.04177804775528,-1
2025-04-28,sleep_hours,10.520710739466336,-1
2025-06-13,sleep_hours,10.265915110535936,-1
2025-07-13,sleep_hours,10.384812025588856,-1
2025-07-30,sleep_hours,10.303208045332386,-1
2025-08-11,sleep_hours,10.51275407376921,-1
2025-09-03,sleep_hours,10.41730611194991,-1
2024-09-23,sleep_hours,3.678658607741209,-1
2024-10-27,sleep_hours,10.034669551131408,-1
2024-11-01,sleep_hours,10.045761236590767,-1
2024-11-12,sleep_hours,10.220857560771888,-1
2024-11-16,sleep_hours,9.98097923105281,-1
2024-12-23,sleep_hours,4.011291918551555,-1
2025-01-10,sleep_hours,10.352042532668277,-1
2025-02-23,sleep_hours,3.7555418491670993,-1
2025-05-18,sleep_hours,3.0,-1
2025-05-22,sleep_hours,4.016104386094728,-1
2025-07-09,sleep_hours,10.161322208514324,-1
2025-07-30,sleep_hours,11.246162988811244,-1
2025-08-21,sleep_hours,10.645886317589817,-1
2024-09-19,sleep_hours,10.095284313479423,-1
2024-10-17,sleep_hours,10.025798066295692,-1
2024-12-19,sleep_hours,9.967682056491531,-1
2025-02-10,sleep_hours,3.6005363174167253,-1
2025-03-15,sleep_hours,3.849773927261401,-1
2025-03-16,sleep_hours,10.11287614311738,-1
2025-04-22,sleep_hours,3.378010817210413,-1
2025-04-28,sleep_hours,10.580482358651144,-1
2025-05-03,sleep_hours,10.395901698252649,-1
2025-05-06,sleep_hours,3.7627571509832034,-1
2025-05-20,sleep_hours,10.494287364194722,-1
2025-06-23,sleep_hours,3.962165169304636,-1
2025-07-05,sleep_hours,3.249744200489105,-1
2024-09-20,sleep_hours,10.691899827133575,-1
2024-09-28,sleep_hours,3.826494434081257,-1
2024-10-21,sleep_hours,4.020606672672964,-1
2024-11-03,sleep_hours,3.0,-1
2024-12-05,sleep_hours,4.046417456532039,-1
2024-12-19,sleep_hours,3.973945832028007,-1
2025-01-02,sleep_hours,4.014725977607863,-1
2025-02-11,sleep_hours,11.36786744362321,-1
2025-02-17,sleep_hours,3.0,-1
2025-04-18,sleep_hours,10.3304536931909,-1
2025-05-05,sleep_hours,10.184479104855392,-1
2025-05-07,sleep_hours,3.885160612081537,-1
2025-05-19,sleep_hours,10.191427961766916,-1
2025-05-27,sleep_hours,3.000014137718699,-1
2025-06-12,sleep_hours,3.0,-1
2025-07-23,sleep_hours,10.71684539077859,-1
2025-07-28,sleep_hours,3.0,-1
2024-09-13,sleep_hours,10.568313056532862,-1
2024-10-23,sleep_hours,3.814802411679808,-1
2024-11-30,sleep_hours,10.384645864653695,-1
2025-01-02,sleep_hours,10.90993145128302,-1
2025-01-08,sleep_hours,10.253575415417394,-1
2025-01-29,sleep_hours,10.224458504563437,-1
2025-02-02,sleep_hours,3.935910814403628,-1
2025-03-07,sleep_hours,11.405678835400998,-1
2025-04-11,sleep_hours,11.760833592328266,-1
2025-04-23,sleep_hours,3.5360450522912146,-1
2025-05-20,sleep_hours,3.681507256566938,-1
2025-06-09,sleep_hours,3.6039349065277007,-1
2025-06-26,sleep_hours,3.7143574621009696,-1
2025-07-11,sleep_hours,10.04019603412664,-1
2025-07-27,sleep_hours,3.543446680224668,-1
2025-08-18,sleep_hours,10.14479573346121,-1
2025-08-24,sleep_hours,3.794007840208367,-1
2024-10-13,sleep_hours,10.3273018378396,-1
2024-10-21,sleep_hours,10.110990582474074,-1
2024-11-09,sleep_hours,3.8973131611576566,-1
2024-12-04,sleep_hours,9.944757509970842,-1
2025-01-29,sleep_hours,3.637059050824832,-1
2025-02-26,sleep_hours,3.319253979993677,-1
2025-05-05,sleep_hours,11.552723077342286,-1
2025-05-19,sleep_hours,10.253043996307287,-1
2025-05-24,sleep_hours,9.955584495433186,-1
2025-07-08,sleep_hours,3.0,-1
2025-08-08,sleep_hours,10.025912385655989,-1
2025-08-29,sleep_hours,3.3903732955726573,-1
2024-09-24,sleep_hours,3.5362090184974067,-1
2024-10-12,sleep_hours,3.901109406114588,-1
2024-11-05,sleep_hours,10.185631999349509,-1
2024-11-06,sleep_hours,10.007603623016031,-1
2024-11-09,sleep_hours,3.9032834512608456,-1
2024-11-15,sleep_hours,10.823968306837152,-1
2024-12-20,sleep_hours,3.648860124815724,-1
2025-02-20,sleep_hours,3.9975896633300048,-1
2025-02-22,sleep_hours,3.0,-1
2025-02-26,sleep_hours,10.96637348471095,-1
2025-04-09,sleep_hours,9.955679485170778,-1
2025-04-23,sleep_hours,10.282993176591336,-1
2025-04-25,sleep_hours,10.30878729244736,-1
2025-04-27,sleep_hours,10.364386704056033,-1
2025-05-10,sleep_hours,3.893340593183676,-1
2025-05-18,sleep_hours,10.067352850584737,-1
2025-06-24,sleep_hours,3.0,-1
2025-06-26,sleep_hours,3.789177078932496,-1
2025-07-07,sleep_hours,11.534359927208747,-1
2025-07-31,sleep_hours,11.612588133685064,-1
2025-08-20,sleep_hours,10.369831245590731,-1
2024-09-09,sleep_hours,3.510888864477981,-1
2024-11-06,sleep_hours,9.936513206152473,-1
2024-11-10,sleep_hours,10.40102888507846,-1
2024-11-21,sleep_hours,3.9918097916395383,-1
2024-11-22,sleep_hours,10.72768281356116,-1
2024-12-01,sleep_hours,3.659288162456602,-1
2024-12-11,sleep_hours,10.098661249731704,-1
2025-02-28,sleep_hours,10.660783795041658,-1
2025-03-09,sleep_hours,10.85599400056077,-1
2025-03-12,sleep_hours,4.016939618878216,-1
2025-03-28,sleep_hours,10.113259392848974,-1
2025-04-09,sleep_hours,4.050158443625048,-1
2025-04-30,sleep_hours,9.951272712564272,-1
2025-05-03,sleep_hours,9.989465444761848,-1
2025-05-11,sleep_hours,3.0,-1
2025-05-12,sleep_hours,3.9254627877340655,-1
2025-08-28,sleep_hours,3.219119213204092,-1
2025-09-02,sleep_hours,9.937865705035575,-1
2024-10-09,sleep_hours,3.994548104984585,-1
2024-10-27,sleep_hours,3.165761329390598,-1
2024-11-20,sleep_hours,10.121566641934988,-1
2024-11-21,sleep_hours,3.859489291978592,-1
2024-11-26,sleep_hours,11.000643682632584,-1
2024-12-29,sleep_hours,10.164176418587722,-1
2025-03-26,sleep_hours,10.214061805452944,-1
2025-05-02,sleep_hours,10.191139753693644,-1
2025-05-05,sleep_hours,3.8327589457184175,-1
2025-07-05,sleep_hours,3.0,-1
2025-08-27,sleep_hours,3.560771634835234,-1
2025-08-30,sleep_hours,10.822776620756237,-1
2024-09-06,sleep_hours,10.629655276431889,-1
2024-09-10,sleep_hours,10.83042720665352,-1
2024-09-15,sleep_hours,10.664327885330362,-1
2024-10-28,sleep_hours,10.515234951574351,-1
2024-11-19,sleep_hours,10.236279072897387,-1
2024-11-21,sleep_hours,10.170502592628516,-1
2025-01-23,sleep_hours,3.849051911332253,-1
2025-01-30,sleep_hours,10.182250295728103,-1
2025-02-14,sleep_hours,3.7839861747277217,-1
2025-04-17,sleep_hours,10.028074026862049,-1
2025-05-24,sleep_hours,3.0,-1
2025-06-14,sleep_hours,3.653841906504775,-1
2025-06-26,sleep_hours,4.022385306008114,-1
2025-07-22,sleep_hours,3.0,-1
2025-07-29,sleep_hours,3.3045734621654512,-1
2025-08-22,sleep_hours,3.186547126713495,-1
2025-09-02,sleep_hours,3.8933531650948128,-1
2024-10-02,sleep_hours,3.528641498267576,-1
2024-10-15,sleep_hours,10.012719414607236,-1
2024-10-16,sleep_hours,10.098794579421778,-1
2024-10-21,sleep_hours,3.0,-1
2024-11-06,sleep_hours,3.1293371661958167,-1
2024-12-02,sleep_hours,10.047432331653068,-1
2024-12-24,sleep_hours,10.491062574721017,-1
2025-02-06,sleep_hours,3.4978146609622573,-1
2025-02-17,sleep_hours,10.350404325851766,-1
2025-04-02,sleep_hours,3.4658909273113605,-1
2025-04-20,sleep_hours,4.038578501912914,-1
2025-05-12,sleep_hours,10.52169952640268,-1
2025-06-05,sleep_hours,3.654100647375178,-1
2025-06-16,sleep_hours,3.2725902004112983,-1
2025-07-07,sleep_hours,10.037887065010064,-1
2025-08-02,sleep_hours,10.144841956548644,-1
2025-08-15,sleep_hours,3.587830826975143,-1
2025-08-23,sleep_hours,10.18665231428249,-1
2025-09-02,sleep_hours,3.387380076744772,-1
2024-10-11,sleep_hours,3.0245878537995954,-1
2024-11-01,sleep_hours,10.144732440770271,-1
2024-12-05,sleep_hours,3.1161720605619427,-1
2024-12-11,sleep_hours,10.074642702798709,-1
2024-12-12,sleep_hours,10.029184835396196,-1
2024-12-14,sleep_hours,10.071403011481603,-1
2024-12-28,sleep_hours,10.72533491502412,-1
2025-01-22,sleep_hours,10.945810090168642,-1
2025-01-24,sleep_hours,10.5300507975818,-1
2025-01-28,sleep_hours,10.674306696713588,-1
2025-03-07,sleep_hours,10.260776099849489,-1
2025-03-17,sleep_hours,3.201238605547584,-1
2025-03-28,sleep_hours,10.27910195370642,-1
2025-05-26,sleep_hours,3.0,-1
2025-07-10,sleep_hours,10.045173065951376,-1
2025-07-13,sleep_hours,10.25776869931522,-1
2025-08-20,sleep_hours,3.0,-1
2025-08-30,sleep_hours,3.296363211402352,-1
2024-10-28,sleep_hours,3.965093269618814,-1
2024-11-04,sleep_hours,3.0925908818417245,-1
2024-11-14,sleep_hours,10.254500913872375,-1
2024-11-30,sleep_hours,10.35146296490969,-1
2024-12-27,sleep_hours,3.929961262230372,-1
2025-02-02,sleep_hours,12.0,-1
2025-02-07,sleep_hours,3.624248802222814,-1
2025-02-19,sleep_hours,3.859636014239516,-1
2025-03-26,sleep_hours,10.283959107482994,-1
2025-05-18,sleep_hours,11.570784781048909,-1
2025-05-26,sleep_hours,10.100720665159267,-1
2025-06-07,sleep_hours,3.145288657563108,-1
2025-06-22,sleep_hours,3.694024983777699,-1
2025-06-23,sleep_hours,9.973449579055597,-1
2025-07-05,sleep_hours,3.670584921733529,-1
2025-07-06,sleep_hours,3.0,-1
2025-08-18,sleep_hours,10.869730469782334,-1
2024-09-07,sleep_hours,12.0,-1
2024-09-21,sleep_hours,3.8821962411526494,-1
2024-10-23,sleep_hours,10.224504188593825,-1
2024-12-26,sleep_hours,3.9340383213965286,-1
2024-12-27,sleep_hours,3.524317602014185,-1
2025-01-05,sleep_hours,12.0,-1
2025-03-31,sleep_hours,3.895088743708292,-1
2025-04-02,sleep_hours,3.566531892459661,-1
2025-04-08,sleep_hours,3.2044941269700997,-1
2025-05-24,sleep_hours,3.2404815068435835,-1
2025-05-29,sleep_hours,11.160553094647998,-1
2025-06-02,sleep_hours,10.88838557023782,-1
2025-07-08,sleep_hours,10.193248796082402,-1
2025-07-26,sleep_hours,10.394540579822625,-1
2025-08-05,sleep_hours,10.203901872929848,-1
2025-08-17,sleep_hours,10.162054276882309,-1
2024-09-19,sleep_hours,3.7651644641855366,-1
2024-10-28,sleep_hours,3.7472421710888657,-1
2024-10-30,sleep_hours,10.497055849035648,-1
2025-02-22,sleep_hours,4.007370980790513,-1
2025-04-12,sleep_hours,10.21354578933205,-1
2025-05-02,sleep_hours,3.640342199916876,-1
2025-06-28,sleep_hours,11.058183016412755,-1
2025-07-14,sleep_hours,3.6668092432280814,-1
2025-07-17,sleep_hours,3.808893276717634,-1
2025-08-02,sleep_hours,10.789452549900664,-1
2024-09-21,sleep_hours,10.127375528956112,-1
2024-10-03,sleep_hours,10.482274145122402,-1
2024-10-16,sleep_hours,10.029287016640987,-1
2024-11-11,sleep_hours,9.953829892415532,-1
2024-11-20,sleep_hours,10.005571983048382,-1
2024-11-27,sleep_hours,10.299121794389116,-1
2024-12-05,sleep_hours,10.081450363247049,-1
2024-12-19,sleep_hours,3.0,-1
2024-12-24,sleep_hours,3.966511340095266,-1
2025-02-27,sleep_hours,3.0,-1
2025-05-03,sleep_hours,3.977348923593666,-1
2024-09-17,sleep_hours,11.024557303114529,-1
2024-09-20,sleep_hours,10.238997379953954,-1
2024-10-07,sleep_hours,10.169081813039735,-1
2024-11-25,sleep_hours,3.3255778270033147,-1
2025-01-02,sleep_hours,3.0,-1
2025-02-03,sleep_hours,3.2558778025304447,-1
2025-02-10,sleep_hours,3.2403477201488027,-1
2025-02-24,sleep_hours,10.34222789485788,-1
2025-02-25,sleep_hours,10.017344641137552,-1
2025-03-18,sleep_hours,10.617940348958706,-1
2025-03-26,sleep_hours,3.0,-1
2025-03-27,sleep_hours,3.931357824180205,-1
2025-04-26,sleep_hours,3.3711221563830494,-1
2025-04-30,sleep_hours,10.083337955064852,-1
2025-05-11,sleep_hours,10.050596161740575,-1
2025-05-28,sleep_hours,3.0,-1
2025-07-17,sleep_hours,10.558018043364726,-1
2025-07-31,sleep_hours,3.856558334957412,-1
2025-08-02,sleep_hours,3.0,-1
2025-08-14,sleep_hours,3.968390699190828,-1
2025-08-20,sleep_hours,3.923387987505345,-1
2024-09-13,sleep_hours,10.04258638548346,-1
2024-10-08,sleep_hours,3.709455730945525,-1
2024-10-17,sleep_hours,3.6070382504409726,-1
2024-11-15,sleep_hours,3.351181349722477,-1
2024-11-28,sleep_hours,10.080769783300497,-1
2025-02-14,sleep_hours,10.421307385786228,-1
2025-03-07,sleep_hours,10.07457970769152,-1
2025-03-20,sleep_hours,3.0,-1
2025-04-10,sleep_hours,10.25628270139033,-1
2025-05-12,sleep_hours,3.702113261442899,-1
2025-06-11,sleep_hours,3.478412269115826,-1
2025-06-14,sleep_hours,10.08733161211838,-1
2025-06-18,sleep_hours,3.9336087458373616,-1
2025-06-29,sleep_hours,10.390254390230474,-1
2025-07-05,sleep_hours,3.9715706173217535,-1
2025-07-26,sleep_hours,10.30174753872135,-1
2024-09-15,sleep_hours,10.658826662710156,-1
2024-10-24,sleep_hours,9.997153514225056,-1
2024-11-02,sleep_hours,3.0,-1
2024-11-03,sleep_hours,3.0,-1
2025-03-31,sleep_hours,10.00156264188804,-1
2025-04-30,sleep_hours,11.63961708720062,-1
2025-05-02,sleep_hours,10.209602613950535,-1
2025-06-16,sleep_hours,3.8065753518946432,-1
2025-06-21,sleep_hours,3.815881596410701,-1
2025-07-11,sleep_hours,3.913662169551507,-1
2025-08-02,sleep_hours,3.0,-1
2025-08-03,sleep_hours,3.0273577017981355,-1
2025-09-01,sleep_hours,3.691458635732877,-1
2025-09-02,sleep_hours,10.848353566688967,-1
2024-09-06,sleep_hours,10.433628822204383,-1
2024-09-14,sleep_hours,10.052037824974231,-1
2024-10-17,sleep_hours,10.129633455882916,-1
2024-11-02,sleep_hours,10.69989311325343,-1
2024-12-06,sleep_hours,3.252478338030839,-1
2024-12-26,sleep_hours,10.206997865546478,-1
2025-01-30,sleep_hours,10.895159105584437,-1
2025-03-10,sleep_hours,3.571683017192121,-1
2025-03-11,sleep_hours,11.227420834871078,-1
2025-04-03,sleep_hours,10.568915973275743,-1
2025-06-07,sleep_hours,11.134792716898405,-1
2025-06-20,sleep_hours,11.089877070647534,-1
2025-07-05,sleep_hours,10.130204196307549,-1
2025-07-11,sleep_hours,3.8260253922018954,-1
2025-07-15,sleep_hours,10.12800531039165,-1
2025-07-16,sleep_hours,10.270080090732865,-1
2025-08-06,sleep_hours,3.5321863406166703,-1
2024-09-15,sleep_hours,10.394519333556406,-1
2024-10-04,sleep_hours,4.006653640146041,-1
2024-10-10,sleep_hours,3.561437968207694,-1
2024-10-23,sleep_hours,10.378690672938408,-1
2024-10-31,sleep_hours,10.012851149590896,-1
2024-11-16,sleep_hours,3.526186705214601,-1
2024-11-21,sleep_hours,3.728340778605472,-1
2024-11-29,sleep_hours,3.412687519147615,-1
2024-12-22,sleep_hours,10.344984115041992,-1
2024-12-29,sleep_hours,9.93902626157776,-1
2025-01-10,sleep_hours,3.3633813172640226,-1
2025-01-11,sleep_hours,10.54197957761188,-1
2025-01-15,sleep_hours,10.061738054406405,-1
2025-01-25,sleep_hours,10.30691702193394,-1
2025-02-05,sleep_hours,10.013592082894302,-1
2025-02-28,sleep_hours,10.48158442244318,-1
2025-03-07,sleep_hours,10.002740182315222,-1
2025-03-09,sleep_hours,10.434615219968958,-1
2025-03-26,sleep_hours,9.984624583636814,-1
2025-04-16,sleep_hours,3.546897746276,-1
2025-05-05,sleep_hours,10.814535445060043,-1
2025-05-22,sleep_hours,3.884860370292944,-1
2025-05-26,sleep_hours,10.14716253934803,-1
2025-07-23,sleep_hours,11.604299311306184,-1
2025-08-14,sleep_hours,3.606044368309026,-1
2025-08-22,sleep_hours,11.178896106599858,-1
2024-09-17,sleep_hours,3.685106500770568,-1
2024-10-08,sleep_hours,9.960994265227887,-1
2024-10-14,sleep_hours,10.001015180553772,-1
2024-11-12,sleep_hours,4.003031642588356,-1
2024-12-17,sleep_hours,3.0,-1
2024-12-26,sleep_hours,9.978878735786534,-1
2025-01-08,sleep_hours,3.536872561167689,-1
2025-01-10,sleep_hours,3.5770694774623286,-1
2025-01-13,sleep_hours,11.003631643613636,-1
2025-01-16,sleep_hours,3.739077400185925,-1
2025-03-27,sleep_hours,10.286331001186172,-1
2025-04-20,sleep_hours,3.577752450715555,-1
2025-04-23,sleep_hours,11.327029604794152,-1
2025-05-15,sleep_hours,10.756990928749234,-1
2025-05-18,sleep_hours,3.4052603273929694,-1
2025-06-03,sleep_hours,3.729628299312324,-1
2025-06-19,sleep_hours,3.918336875964089,-1
2025-07-10,sleep_hours,4.005766203906819,-1
2025-07-23,sleep_hours,10.128264547616531,-1
2025-08-04,sleep_hours,11.302952500269464,-1
2025-08-19,sleep_hours,3.977095511139985,-1
2024-09-19,sleep_hours,10.237955040364088,-1
2024-09-27,sleep_hours,3.925853375685605,-1
2024-11-03,sleep_hours,3.5302536218151626,-1
2024-11-05,sleep_hours,9.995661440269863,-1
2024-12-06,sleep_hours,9.995013657954742,-1
2025-01-07,sleep_hours,11.918836934437252,-1
2025-01-21,sleep_hours,3.681679286158829,-1
2025-02-26,sleep_hours,10.23692046930121,-1
2025-03-03,sleep_hours,10.311764924745248,-1
2025-03-16,sleep_hours,11.914379426737828,-1
2025-03-18,sleep_hours,10.236195947941294,-1
2025-03-19,sleep_hours,10.349327580433116,-1
2025-04-18,sleep_hours,11.068043370074346,-1
2025-04-20,sleep_hours,3.302773498905336,-1
2025-06-05,sleep_hours,3.919889504263464,-1
2025-06-17,sleep_hours,3.0,-1
2025-06-20,sleep_hours,10.795481348608025,-1
2025-07-05,sleep_hours,10.510099156004689,-1
2025-07-30,sleep_hours,10.69285595345244,-1
2025-08-07,sleep_hours,3.0,-1
2025-08-10,sleep_hours,3.8145695875906585,-1
2024-09-10,sleep_hours,3.9141660783681926,-1
2024-09-22,sleep_hours,10.163617536435105,-1
2024-11-02,sleep_hours,10.073872593803276,-1
2024-11-23,sleep_hours,10.976384598159203,-1
2025-01-21,sleep_hours,11.410255761239265,-1
2025-02-02,sleep_hours,3.0,-1
2025-02-12,sleep_hours,3.3952529687384327,-1
2025-02-26,sleep_hours,9.976909018014643,-1
2025-03-23,sleep_hours,3.120662535508127,-1
2025-04-03,sleep_hours,3.953526408600396,-1
2025-04-21,sleep_hours,11.01369204783457,-1
2025-04-27,sleep_hours,10.65184420214525,-1
2025-06-19,sleep_hours,3.727061803120689,-1
2025-06-27,sleep_hours,3.28095068366418,-1
2025-07-01,sleep_hours,9.967467008851466,-1
2025-07-25,sleep_hours,3.364943328095043,-1
2025-08-16,sleep_hours,9.966488131021514,-1
2024-09-06,sleep_hours,3.937597777309539,-1
2024-09-22,sleep_hours,10.98254286930373,-1
2024-09-30,sleep_hours,4.0202127416331725,-1
2024-10-07,sleep_hours,3.985495986492445,-1
2024-10-26,sleep_hours,10.911673620220192,-1
2024-10-27,sleep_hours,10.034761774390825,-1
2024-11-02,sleep_hours,10.096445497077196,-1
2024-12-29,sleep_hours,3.914568124916581,-1
2024-12-30,sleep_hours,10.665533823820883,-1
2025-02-03,sleep_hours,3.502549840070679,-1
2025-03-17,sleep_hours,3.0,-1
2025-03-26,sleep_hours,10.918515871675169,-1
2025-07-23,sleep_hours,3.0,-1
2025-08-10,sleep_hours,10.01652097601771,-1
2025-08-21,sleep_hours,3.6866883062622833,-1
2025-09-04,sleep_hours,4.035803235462112,-1
2025-09-05,sleep_hours,3.3530623906148045,-1
2024-09-09,sleep_hours,3.3948596835407123,-1
2024-10-12,sleep_hours,10.277836984904038,-1
2024-10-22,sleep_hours,3.857592518301609,-1
2024-10-26,sleep_hours,10.608848408224546,-1
2024-10-27,sleep_hours,3.0,-1
2024-11-03,sleep_hours,3.0,-1
2024-11-10,sleep_hours,3.2027711642576717,-1
2024-11-27,sleep_hours,4.049257249275119,-1
2024-12-16,sleep_hours,10.401637096820174,-1
2024-12-22,sleep_hours,3.860649354325448,-1
2024-12-24,sleep_hours,3.995796291198332,-1
2025-01-19,sleep_hours,9.940897066300844,-1
2025-01-28,sleep_hours,10.261648531985788,-1
2025-01-31,sleep_hours,11.042890365917565,-1
2025-02-09,sleep_hours,3.453217479255234,-1
2025-02-12,sleep_hours,3.215901572813036,-1
2025-03-06,sleep_hours,10.528253016299942,-1
2025-03-07,sleep_hours,10.244846167723964,-1
2025-03-10,sleep_hours,10.321647992977244,-1
2025-03-23,sleep_hours,3.4911430203809006,-1
2025-04-05,sleep_hours,3.600945418796747,-1
2025-06-12,sleep_hours,3.668739564921289,-1
2025-07-06,sleep_hours,3.300236839707461,-1
2025-07-13,sleep_hours,10.077539958990124,-1
2025-07-23,sleep_hours,10.356867738132864,-1
2025-08-13,sleep_hours,10.876698001855202,-1
2025-08-22,sleep_hours,3.859755656660794,-1
2024-09-16,sleep_hours,4.039041106246796,-1
2024-09-21,sleep_hours,3.656323363597671,-1
2024-10-05,sleep_hours,10.011444369539362,-1
2024-11-10,sleep_hours,3.7106565789720394,-1
2024-11-13,sleep_hours,3.8816406881755503,-1
2024-11-18,sleep_hours,3.451969630138233,-1
2024-11-24,sleep_hours,10.467304581750042,-1
2024-12-21,sleep_hours,4.007331509653874,-1
2024-12-22,sleep_hours,11.050983117165268,-1
2025-01-08,sleep_hours,10.550007996384684,-1
2025-02-06,sleep_hours,11.95992249659973,-1
2025-02-19,sleep_hours,10.005067324126149,-1
2025-03-09,sleep_hours,10.272343026892424,-1
2025-03-10,sleep_hours,3.0,-1
2025-04-09,sleep_hours,3.995946906101671,-1
2025-04-10,sleep_hours,3.0,-1
2025-05-15,sleep_hours,3.83272934996151,-1
2025-06-21,sleep_hours,10.167731562034106,-1
2025-07-13,sleep_hours,3.197642208881059,-1
2025-07-15,sleep_hours,10.082932992735628,-1
2024-09-09,sleep_hours,10.32333555660341,-1
2024-10-02,sleep_hours,4.018021145370782,-1
2024-10-18,sleep_hours,3.7790103022593766,-1
2024-12-28,sleep_hours,3.0410254386120616,-1
2025-01-20,sleep_hours,3.918779327116603,-1
2025-01-27,sleep_hours,3.592435421675903,-1
2025-02-02,sleep_hours,4.005074993229041,-1
2025-02-10,sleep_hours,11.053526596826476,-1
2025-03-19,sleep_hours,3.919194332948867,-1
2025-03-26,sleep_hours,9.974499860437785,-1
2025-04-04,sleep_hours,3.5155300775780924,-1
2025-04-08,sleep_hours,4.011355012626877,-1
2025-04-16,sleep_hours,3.4760841368814592,-1
2025-04-21,sleep_hours,3.62373818100397,-1
2025-05-21,sleep_hours,9.960487247562185,-1
2025-06-27,sleep_hours,3.689423422048861,-1
2025-07-05,sleep_hours,3.0,-1
2025-07-16,sleep_hours,10.756635560529237,-1
2025-08-24,sleep_hours,3.767152755186976,-1
2024-09-14,sleep_hours,10.155415713391868,-1
2024-09-16,sleep_hours,10.326983615379334,-1
2024-11-15,sleep_hours,10.033522245206338,-1
2024-11-16,sleep_hours,11.52695761085267,-1
2025-01-13,sleep_hours,10.249784537071683,-1
2025-01-17,sleep_hours,10.206354089877651,-1
2025-03-03,sleep_hours,10.015484814849438,-1
2025-03-05,sleep_hours,3.0,-1
2025-05-04,sleep_hours,3.688921160657997,-1
2025-05-05,sleep_hours,10.622184618802711,-1
2025-06-11,sleep_hours,10.281160748237202,-1
2025-06-12,sleep_hours,10.230612813035371,-1
2025-06-13,sleep_hours,10.581436559800805,-1
2025-07-31,sleep_hours,3.9242372434052673,-1
2025-08-15,sleep_hours,10.614637736091558,-1
2025-08-17,sleep_hours,3.237529688760504,-1
2024-11-01,sleep_hours,3.0197803185813044,-1
2024-12-27,sleep_hours,10.275578635532993,-1
2025-01-09,sleep_hours,10.398180593442133,-1
2025-02-10,sleep_hours,3.5691299554236213,-1
2025-02-25,sleep_hours,11.00120534991449,-1
2025-04-16,sleep_hours,3.974074262105981,-1
2025-05-08,sleep_hours,3.9347080973736994,-1
2025-06-27,sleep_hours,4.053817242178917,-1
2025-07-01,sleep_hours,11.019581018360784,-1
2025-07-11,sleep_hours,10.359250204564225,-1
2025-08-10,sleep_hours,10.297095092750736,-1
2025-08-21,sleep_hours,3.998768013827412,-1
2025-08-27,sleep_hours,10.34180071578092,-1
2025-09-03,sleep_hours,10.160563297451336,-1
2024-09-21,sleep_hours,3.690213253777371,-1
2024-10-30,sleep_hours,11.410956993508584,-1
2024-12-24,sleep_hours,10.580353111451624,-1
2024-12-25,sleep_hours,10.56357607760726,-1
2024-12-31,sleep_hours,4.006678898763759,-1
2025-01-25,sleep_hours,3.5521470025993267,-1
2025-01-31,sleep_hours,3.9501615076616217,-1
2025-02-04,sleep_hours,10.083798413180295,-1
2025-02-06,sleep_hours,3.6458512526985833,-1
2025-03-04,sleep_hours,3.8343573984872767,-1
2025-03-05,sleep_hours,3.5875133586208685,-1
2025-03-28,sleep_hours,3.5621828236242195,-1
2025-04-12,sleep_hours,10.554802042333666,-1
2025-04-25,sleep_hours,10.047401232615895,-1
2025-07-21,sleep_hours,4.041667274818058,-1
2025-08-04,sleep_hours,3.616761129873467,-1
2025-08-16,sleep_hours,3.031180390666844,-1
2025-08-20,sleep_hours,10.859983341201945,-1
2025-08-28,sleep_hours,3.0638707297821743,-1
2025-08-31,sleep_hours,3.659560375963552,-1
2024-09-23,sleep_hours,3.969676470292369,-1
2024-09-24,sleep_hours,3.912962102669713,-1
2024-10-03,sleep_hours,3.4268619278705974,-1
2024-11-24,sleep_hours,3.796467479478951,-1
2025-01-05,sleep_hours,9.98511106707178,-1
2025-01-15,sleep_hours,4.019659292145716,-1
2025-01-19,sleep_hours,10.965079281435106,-1
2025-02-27,sleep_hours,11.84675049051378,-1
2025-03-11,sleep_hours,3.254889019870236,-1
2025-03-27,sleep_hours,3.638621741146963,-1
2025-03-31,sleep_hours,10.22031325218248,-1
2025-04-18,sleep_hours,3.367527009814282,-1
2025-04-19,sleep_hours,3.521821707312657,-1
2025-05-16,sleep_hours,10.162665884564614,-1
2025-05-31,sleep_hours,3.1024597407101613,-1
2025-06-03,sleep_hours,10.367494770683932,-1
2025-06-29,sleep_hours,10.65323447150738,-1
2025-07-10,sleep_hours,3.659212092908711,-1
2025-07-31,sleep_hours,10.318645459346142,-1
2025-08-11,sleep_hours,3.909981935462001,-1
2025-08-18,sleep_hours,10.252493322578236,-1
2024-09-10,sleep_hours,10.5638804406937,-1
2024-09-14,sleep_hours,3.372453382219448,-1
2024-10-08,sleep_hours,3.5958636206559214,-1
2024-10-10,sleep_hours,9.937229003597558,-1
2024-10-14,sleep_hours,3.6883671645653857,-1
2024-10-28,sleep_hours,10.28184694040656,-1
2025-01-20,sleep_hours,3.1763609975648297,-1
2025-01-24,sleep_hours,3.286901559462933,-1
2025-01-26,sleep_hours,10.745682442472662,-1
2025-02-10,sleep_hours,3.957599446779201,-1
2025-05-09,sleep_hours,11.056225872357304,-1
2025-05-11,sleep_hours,3.736397307964652,-1
2025-05-15,sleep_hours,3.261401201992973,-1
2025-06-05,sleep_hours,10.39534914790607,-1
2025-06-09,sleep_hours,11.589788536495698,-1
2025-06-11,sleep_hours,11.911387050948964,-1
2025-07-27,sleep_hours,3.0,-1
2024-10-25,sleep_hours,11.461821716462564,-1
2024-11-13,sleep_hours,3.776409798940028,-1
2024-11-25,sleep_hours,10.08623783867641,-1
2024-12-03,sleep_hours,3.987081242349654,-1
2025-01-18,sleep_hours,3.6124515134163313,-1
2025-03-26,sleep_hours,3.0,-1
2025-04-10,sleep_hours,10.530920017551727,-1
2025-04-27,sleep_hours,10.919575146697063,-1
2025-04-29,sleep_hours,3.670262284090344,-1
2025-05-04,sleep_hours,10.955922530606404,-1
2025-05-05,sleep_hours,3.478247394024083,-1
2025-05-13,sleep_hours,3.356116788376636,-1
2025-06-04,sleep_hours,9.947455371673083,-1
2025-08-25,sleep_hours,10.72515997433138,-1
2025-09-01,sleep_hours,10.346111619235234,-1
2024-10-05,sleep_hours,11.017193669446142,-1
2024-10-10,sleep_hours,3.4268533408013147,-1
2024-10-12,sleep_hours,3.7955843979796606,-1
2024-10-17,sleep_hours,10.21685472439326,-1
2024-10-18,sleep_hours,10.334249624219757,-1
2024-11-07,sleep_hours,11.85859137429285,-1
2024-11-17,sleep_hours,3.38426295670698,-1
2024-11-24,sleep_hours,11.965844671762902,-1
2024-12-20,sleep_hours,11.99526496021734,-1
2024-12-25,sleep_hours,3.130616854183979,-1
2025-01-19,sleep_hours,3.605290964830841,-1
2025-02-08,sleep_hours,10.063349864918893,-1
2025-03-06,sleep_hours,3.490357322001576,-1
2025-04-10,sleep_hours,10.1728421034112,-1
2025-05-16,sleep_hours,10.068213945241409,-1
2025-05-29,sleep_hours,10.962827742702082,-1
2025-06-23,sleep_hours,3.340516842164908,-1
2025-08-07,sleep_hours,10.099514322734157,-1
2024-10-05,sleep_hours,4.0230027308787255,-1
2024-10-31,sleep_hours,10.223978292353484,-1
2024-11-03,sleep_hours,11.078941613403092,-1
2024-11-25,sleep_hours,10.76909078092035,-1
2024-11-30,sleep_hours,10.170070933265292,-1
2024-12-18,sleep_hours,3.0,-1
2024-12-22,sleep_hours,10.53363237982913,-1
2025-01-20,sleep_hours,10.28021373937944,-1
2025-01-28,sleep_hours,10.369515460703994,-1
2025-02-23,sleep_hours,10.050331266051206,-1
2025-03-18,sleep_hours,10.610027608613796,-1
2025-04-03,sleep_hours,3.0,-1
2025-04-08,sleep_hours,3.369557598374156,-1
2025-05-10,sleep_hours,10.02789628539426,-1
2025-05-19,sleep_hours,10.552727485523846,-1
2025-06-12,sleep_hours,9.945116287034564,-1
2025-06-17,sleep_hours,3.121960199968868,-1
2025-06-26,sleep_hours,3.083485114512687,-1
2025-07-09,sleep_hours,3.6000888448531305,-1
2025-08-23,sleep_hours,3.885275098365983,-1
2025-09-01,sleep_hours,3.439163468965325,-1
2024-09-18,sleep_hours,10.588981155738647,-1
2024-09-27,sleep_hours,3.543587296803961,-1
2024-09-30,sleep_hours,3.855831447956846,-1
2024-10-30,sleep_hours,10.121506213458794,-1
2024-11-18,sleep_hours,10.439237148812524,-1
2024-11-21,sleep_hours,10.097928268937544,-1
2024-11-26,sleep_hours,3.100133672597964,-1
2024-12-19,sleep_hours,9.984951108767133,-1
2025-02-08,sleep_hours,10.914006806564617,-1
2025-05-04,sleep_hours,3.285936908828324,-1
2025-05-23,sleep_hours,4.024623464665105,-1
2025-06-11,sleep_hours,10.237666211922727,-1
2025-06-23,sleep_hours,3.704637430431598,-1
2025-07-02,sleep_hours,3.851772843166337,-1
2025-08-10,sleep_hours,10.84332632457382,-1
2025-08-11,sleep_hours,10.58661621829027,-1
2025-09-03,sleep_hours,3.0,-1
2024-10-17,sleep_hours,10.262349016039906,-1
2024-10-23,sleep_hours,10.81942207151549,-1
2024-11-13,sleep_hours,10.116350939634518,-1
2024-12-05,sleep_hours,3.7281283384307966,-1
2024-12-08,sleep_hours,10.304294941522349,-1
2025-01-10,sleep_hours,10.653124231677555,-1
2025-01-23,sleep_hours,3.8829281301728034,-1
2025-03-12,sleep_hours,3.274233772647446,-1
2025-04-27,sleep_hours,9.99093216203556,-1
2025-05-02,sleep_hours,10.41520355277074,-1
2025-06-27,sleep_hours,3.8310531223501063,-1
2025-07-09,sleep_hours,10.770549616610342,-1
2025-08-23,sleep_hours,10.127592620220147,-1
2024-09-15,sleep_hours,10.063453180112305,-1
2024-09-20,sleep_hours,3.0,-1
2024-10-03,sleep_hours,3.980558005323959,-1
2024-10-14,sleep_hours,10.36711952707019,-1
2024-11-30,sleep_hours,3.4588518314195698,-1
2024-12-10,sleep_hours,3.0,-1
2025-02-05,sleep_hours,10.201634719843383,-1
2025-02-13,sleep_hours,10.029577490411306,-1
2025-03-06,sleep_hours,9.93338242157188,-1
2025-03-13,sleep_hours,10.149504463421716,-1
2025-03-14,sleep_hours,10.153454796266978,-1
2025-03-18,sleep_hours,3.641868772077381,-1
2025-03-26,sleep_hours,3.993474743753435,-1
2025-04-01,sleep_hours,3.727437060155429,-1
2025-06-26,sleep_hours,10.851794035118171,-1
2025-07-11,sleep_hours,3.0,-1
2025-07-16,sleep_hours,10.41977378907355,-1
2025-08-21,sleep_hours,10.306667835473736,-1
2025-08-24,sleep_hours,3.582746330134232,-1
2025-09-04,sleep_hours,3.5572645255698108,-1
2024-09-14,sleep_hours,10.643994071734877,-1
2024-10-07,sleep_hours,11.143346605468178,-1
2024-10-08,sleep_hours,10.63953397151848,-1
2024-10-14,sleep_hours,10.0417444206097,-1
2024-10-24,sleep_hours,10.289199880548487,-1
2024-11-04,sleep_hours,10.117196092121333,-1
2024-11-12,sleep_hours,10.168443983424089,-1
2024-11-19,sleep_hours,11.426691810863709,-1
2024-12-13,sleep_hours,3.931420562958016,-1
2024-12-17,sleep_hours,10.62145845558457,-1
2025-01-05,sleep_hours,3.4293792170061765,-1
2025-01-18,sleep_hours,3.0,-1
2025-03-02,sleep_hours,10.040111693959355,-1
2025-03-05,sleep_hours,3.828731470291541,-1
2025-03-24,sleep_hours,10.12220649822463,-1
2025-04-13,sleep_hours,4.050413138585585,-1
2025-04-23,sleep_hours,10.393349836941091,-1
2025-05-29,sleep_hours,10.376724126213364,-1
2025-06-18,sleep_hours,3.917590146991397,-1
2025-06-29,sleep_hours,10.384403659869989,-1
2025-07-04,sleep_hours,10.103867696072353,-1
2025-08-02,sleep_hours,10.203695662364549,-1
2025-08-28,sleep_hours,3.888979306590031,-1
2025-08-29,sleep_hours,3.922216571647752,-1
2025-09-03,sleep_hours,3.984406703182066,-1
2024-10-09,sleep_hours,10.04616648451255,-1
2024-10-12,sleep_hours,9.934173029497469,-1
2024-11-08,sleep_hours,3.9796613805519314,-1
2024-11-23,sleep_hours,10.106209485055114,-1
2024-12-26,sleep_hours,3.8723981694849465,-1
2025-01-31,sleep_hours,3.140182181346597,-1
2025-02-11,sleep_hours,3.991152722301297,-1
2025-02-18,sleep_hours,3.990626069367335,-1
2025-02-24,sleep_hours,3.0821533305102014,-1
2025-03-03,sleep_hours,10.796703573247918,-1
2025-03-16,sleep_hours,3.7746810037181255,-1
2025-03-23,sleep_hours,11.57291192413749,-1
2025-04-08,sleep_hours,4.0021354993117,-1
2025-04-09,sleep_hours,3.0,-1
2025-05-23,sleep_hours,3.8749264376814634,-1
2025-05-30,sleep_hours,3.6610670737196944,-1
2025-06-10,sleep_hours,10.362893096331929,-1
2025-06-23,sleep_hours,3.562751037844566,-1
2025-07-26,sleep_hours,9.97758517104068,-1
2025-08-02,sleep_hours,10.31669787827076,-1
2025-08-15,sleep_hours,3.0,-1
2024-09-10,sleep_hours,9.998810840538074,-1
2024-09-18,sleep_hours,3.782109366322794,-1
2024-11-09,sleep_hours,3.8810274202631354,-1
2024-11-10,sleep_hours,10.333420140579282,-1
2024-11-23,sleep_hours,3.493848452276656,-1
2024-11-26,sleep_hours,10.52873569030768,-1
2024-12-08,sleep_hours,3.0,-1
2025-01-10,sleep_hours,4.049040311658137,-1
2025-01-20,sleep_hours,10.52002840467935,-1
2025-01-26,sleep_hours,10.21430275591656,-1
2025-02-02,sleep_hours,3.2757499563905075,-1
2025-02-16,sleep_hours,10.952369329319504,-1
2025-02-21,sleep_hours,3.0,-1
2025-03-15,sleep_hours,10.803817785489008,-1
2025-03-19,sleep_hours,3.9166919690182223,-1
2025-03-20,sleep_hours,3.235609459507596,-1
2025-03-31,sleep_hours,10.304501818119531,-1
2025-04-11,sleep_hours,10.142374345987257,-1
2025-05-15,sleep_hours,3.37308636503118,-1
2025-05-28,sleep_hours,10.891895558959371,-1
2025-05-29,sleep_hours,10.691522170730266,-1
2025-06-13,sleep_hours,10.514304965165174,-1
2025-06-16,sleep_hours,10.890885451651991,-1
2025-07-23,sleep_hours,3.5012884284055,-1
2025-08-29,sleep_hours,3.592892804964117,-1
2025-08-30,sleep_hours,4.009039525115488,-1
2025-09-05,sleep_hours,9.98753389182801,-1
2024-09-07,sleep_hours,3.299259946212464,-1
2024-11-24,sleep_hours,9.971784535990349,-1
2024-12-05,sleep_hours,3.3563494092666435,-1
2024-12-25,sleep_hours,10.76415455257252,-1
2024-12-30,sleep_hours,10.001360037395964,-1
2025-01-06,sleep_hours,3.147660441651273,-1
2025-01-10,sleep_hours,3.1540882485387898,-1
2025-01-14,sleep_hours,10.058260857393774,-1
2025-02-01,sleep_hours,10.420695463306153,-1
2025-03-26,sleep_hours,3.848202770178289,-1
2025-04-18,sleep_hours,9.949685192709662,-1
2025-04-19,sleep_hours,3.530758285109015,-1
2025-05-11,sleep_hours,10.893430948389408,-1
2025-05-12,sleep_hours,3.207411057281572,-1
2025-05-17,sleep_hours,11.146659903623275,-1
2025-06-17,sleep_hours,10.77603370571562,-1
2025-07-04,sleep_hours,3.758375297115675,-1
2025-07-20,sleep_hours,10.083786680670425,-1
2025-07-26,sleep_hours,10.0094862351351,-1
2025-08-20,sleep_hours,10.386236869071857,-1
2025-08-21,sleep_hours,10.15054944773295,-1
2025-09-01,sleep_hours,3.615596212722594,-1
2024-09-12,sleep_hours,3.778026930263924,-1
2024-09-13,sleep_hours,3.40733222624275,-1
2024-10-02,sleep_hours,10.927690280651625,-1
2024-11-13,sleep_hours,3.083965450658173,-1
2025-01-16,sleep_hours,3.0,-1
2025-02-04,sleep_hours,10.615926661724968,-1
2025-02-21,sleep_hours,3.7259328918698422,-1
2025-03-11,sleep_hours,3.853044743397512,-1
2025-03-27,sleep_hours,3.2665285156769635,-1
2025-04-10,sleep_hours,10.08230526386158,-1
2025-04-19,sleep_hours,10.312477862863128,-1
2025-05-04,sleep_hours,3.2898983481434527,-1
2025-05-14,sleep_hours,10.36953620526031,-1
2025-07-19,sleep_hours,12.0,-1
2025-08-03,sleep_hours,10.455916562114185,-1
2025-08-08,sleep_hours,10.445497613300947,-1
2024-09-08,sleep_hours,3.1420716941434232,-1
2024-09-12,sleep_hours,3.8472771081671526,-1
2024-10-31,sleep_hours,3.828149350834077,-1
2024-12-16,sleep_hours,3.854612969474385,-1
2024-12-17,sleep_hours,10.687301918435224,-1
2024-12-21,sleep_hours,3.0,-1
2025-03-22,sleep_hours,3.3773072286982546,-1
2025-03-28,sleep_hours,10.754383278285395,-1
2025-04-03,sleep_hours,10.333077235936472,-1
2025-06-03,sleep_hours,10.31182546806243,-1
2025-06-29,sleep_hours,3.0,-1
2025-06-30,sleep_hours,11.135221062965284,-1
2025-07-13,sleep_hours,3.0,-1
2025-07-29,sleep_hours,3.936467813997015,-1
2025-08-31,sleep_hours,3.3521627514764134,-1
2024-11-23,sleep_hours,10.849184543594903,-1
2024-11-24,sleep_hours,3.115378659916208,-1
2024-11-28,sleep_hours,3.3005848104569093,-1
2024-12-31,sleep_hours,3.8867350660696234,-1
2025-02-02,sleep_hours,3.402716599480184,-1
2025-03-24,sleep_hours,3.923052044192067,-1
2025-04-26,sleep_hours,4.049100013031325,-1
2025-05-24,sleep_hours,10.512452382159104,-1
2025-06-27,sleep_hours,3.656951864725623,-1
2025-07-03,sleep_hours,10.605910266715556,-1
2025-07-29,sleep_hours,3.7772551472208553,-1
2025-08-03,sleep_hours,10.717855126146548,-1
2024-11-03,sleep_hours,11.528580396835718,-1
2024-11-16,sleep_hours,3.478668685898914,-1
2024-11-18,sleep_hours,3.168119078868419,-1
2024-11-22,sleep_hours,3.4080218392533204,-1
2024-12-05,sleep_hours,10.169944274860368,-1
2024-12-16,sleep_hours,3.6059881826275824,-1
2024-12-22,sleep_hours,3.499992596267961,-1
2024-12-25,sleep_hours,10.687551230474032,-1
2025-01-12,sleep_hours,3.7309146217635054,-1
2025-01-14,sleep_hours,3.896192744989161,-1
2025-02-11,sleep_hours,3.472280963246151,-1
2025-02-19,sleep_hours,9.99021086325621,-1
2025-03-08,sleep_hours,4.021297005417313,-1
2025-04-02,sleep_hours,3.0,-1
2025-04-16,sleep_hours,3.7431097904355024,-1
2025-05-01,sleep_hours,3.6471695065408345,-1
2025-06-20,sleep_hours,10.013232534639313,-1
2025-07-31,sleep_hours,3.687942663920993,-1
2025-08-20,sleep_hours,10.976429183673194,-1
2025-08-25,sleep_hours,3.852419226321432,-1
2025-08-26,sleep_hours,10.940728428936046,-1
2024-09-06,sleep_hours,3.0,-1
2024-09-19,sleep_hours,3.12111188543721,-1
2024-10-01,sleep_hours,11.120865838436696,-1
2024-10-16,sleep_hours,10.51378515970782,-1
2024-12-06,sleep_hours,3.0,-1
2024-12-29,sleep_hours,10.112633606861468,-1
2025-01-24,sleep_hours,3.677333015822121,-1
2025-01-31,sleep_hours,3.848203881502899,-1
2025-02-11,sleep_hours,10.767579496492662,-1
2025-02-18,sleep_hours,10.967516086987573,-1
2025-02-23,sleep_hours,9.984851818540731,-1
2025-03-11,sleep_hours,10.084751753666067,-1
2025-05-06,sleep_hours,3.6007198563849734,-1
2025-05-07,sleep_hours,11.304718705556423,-1
2025-05-15,sleep_hours,3.0,-1
2025-06-10,sleep_hours,3.1051634018073035,-1
2025-06-29,sleep_hours,10.582566665796822,-1
2025-08-18,sleep_hours,10.3788266865296,-1
2025-08-21,sleep_hours,3.181592284022845,-1
2025-08-31,sleep_hours,10.12664635603878,-1
2024-09-07,sleep_hours,3.960491100978031,-1
2024-10-18,sleep_hours,10.475647544147115,-1
2024-10-20,sleep_hours,10.124494549227126,-1
2024-10-30,sleep_hours,10.041511661768228,-1
2024-11-06,sleep_hours,10.010675483119975,-1
2024-12-27,sleep_hours,3.8369632123386506,-1
2024-12-31,sleep_hours,3.9575617947361073,-1
2025-01-03,sleep_hours,3.712622662511365,-1
2025-01-14,sleep_hours,3.65626995889229,-1
2025-04-01,sleep_hours,11.128200117373932,-1
2025-04-11,sleep_hours,11.006313490779052,-1
2025-04-15,sleep_hours,3.9457987155964265,-1
2025-05-18,sleep_hours,3.9260771226908218,-1
2025-05-23,sleep_hours,3.51791073703017,-1
2025-06-01,sleep_hours,3.1334834426099114,-1
2025-06-15,sleep_hours,10.760621268522788,-1
2025-06-19,sleep_hours,10.237751890417307,-1
2025-07-16,sleep_hours,3.0,-1
2025-07-31,sleep_hours,10.198117014119312,-1
2025-08-12,sleep_hours,9.99757662355814,-1
2025-08-16,sleep_hours,3.0,-1
2024-09-17,sleep_hours,3.6438952164883256,-1
2024-09-18,sleep_hours,10.031816547383452,-1
2024-09-20,sleep_hours,3.8608963955648297,-1
2024-11-19,sleep_hours,3.067175359336656,-1
2024-12-26,sleep_hours,3.8159786946497736,-1
2024-12-30,sleep_hours,11.2733451401211,-1
2025-01-05,sleep_hours,10.385831702731217,-1
2025-01-07,sleep_hours,10.9715845487038,-1
2025-01-26,sleep_hours,9.950241919685546,-1
2025-01-28,sleep_hours,10.053249476673418,-1
2025-02-14,sleep_hours,10.293502902590888,-1
2025-02-16,sleep_hours,10.80205976195353,-1
2025-02-26,sleep_hours,10.267473116081922,-1
2025-03-06,sleep_hours,10.502881556985663,-1
2025-04-14,sleep_hours,10.221741102912809,-1
2025-04-20,sleep_hours,11.308681935533794,-1
2025-05-17,sleep_hours,10.626952055255584,-1
2025-06-10,sleep_hours,3.6317715328599016,-1
2025-06-27,sleep_hours,10.234556472982703,-1
2025-06-30,sleep_hours,3.9211028039756872,-1
2025-08-08,sleep_hours,3.828700215350844,-1
2025-08-09,sleep_hours,3.537615341124255,-1
2024-09-06,sleep_hours,11.172377749936796,-1
2024-10-02,sleep_hours,3.602758127435929,-1
2024-10-09,sleep_hours,12.0,-1
2024-11-18,sleep_hours,3.742005574061029,-1
2024-12-02,sleep_hours,3.177609998845233,-1
2025-01-30,sleep_hours,3.0,-1
2025-02-14,sleep_hours,10.305552760378678,-1
2025-04-02,sleep_hours,3.760129808556528,-1
2025-04-20,sleep_hours,3.0,-1
2025-05-06,sleep_hours,10.218646624719836,-1
2025-05-15,sleep_hours,10.57637504386642,-1
2025-05-30,sleep_hours,3.5258742223475474,-1
2025-06-10,sleep_hours,11.193740464102024,-1
2025-07-07,sleep_hours,10.10734455239512,-1
2024-09-19,sleep_hours,10.82596105065512,-1
2024-09-21,sleep_hours,9.976615451557588,-1
2024-10-04,sleep_hours,10.92478354891252,-1
2024-10-14,sleep_hours,10.205106350641294,-1
2024-10-22,sleep_hours,10.309010571546915,-1
2024-11-08,sleep_hours,3.0,-1
2024-11-20,sleep_hours,3.8201002762932106,-1
2024-12-01,sleep_hours,10.741607566042296,-1
2024-12-11,sleep_hours,3.996742129718264,-1
2025-01-04,sleep_hours,9.99130413458957,-1
2025-01-09,sleep_hours,10.901224625201715,-1
2025-01-10,sleep_hours,10.35061198382342,-1
2025-01-22,sleep_hours,10.908284164493388,-1
2025-02-13,sleep_hours,11.338620670747895,-1
2025-02-21,sleep_hours,12.0,-1
2025-04-01,sleep_hours,11.782382573264051,-1
2025-04-03,sleep_hours,10.264855469377354,-1
2025-04-13,sleep_hours,11.101485985008086,-1
2025-04-24,sleep_hours,10.47197985171372,-1
2025-04-27,sleep_hours,10.328910472370254,-1
2025-06-12,sleep_hours,3.0,-1
2025-06-19,sleep_hours,10.157773348082475,-1
2025-06-23,sleep_hours,12.0,-1
2025-07-22,sleep_hours,9.982720379943704,-1
2025-07-26,sleep_hours,3.741969487730471,-1
2025-07-30,sleep_hours,10.73509376454242,-1
2025-08-11,sleep_hours,9.99961977809378,-1
2024-11-14,sleep_hours,3.3383569715631527,-1
2024-11-22,sleep_hours,3.855029275066393,-1
2024-12-19,sleep_hours,4.002309667192787,-1
2025-02-01,sleep_hours,3.559592729758707,-1
2025-02-10,sleep_hours,3.6889615548232575,-1
2025-04-02,sleep_hours,10.860803228573,-1
2025-04-15,sleep_hours,3.8790277452204167,-1
2025-06-02,sleep_hours,10.162493524304104,-1
2025-06-07,sleep_hours,3.0,-1
2025-06-10,sleep_hours,3.840537576757849,-1
2025-07-02,sleep_hours,3.9698462132795855,-1
2025-07-17,sleep_hours,3.0,-1
2025-07-19,sleep_hours,10.092605104430437,-1
2025-08-10,sleep_hours,3.4605583208625554,-1
2025-08-26,sleep_hours,10.196431596410935,-1
2024-11-09,sleep_hours,10.58859606469923,-1
2024-12-03,sleep_hours,10.089610540034233,-1
2024-12-05,sleep_hours,10.31425086651146,-1
2024-12-11,sleep_hours,10.966314662367328,-1
2024-12-27,sleep_hours,3.645823216019653,-1
2025-01-04,sleep_hours,10.410556210718305,-1
2025-02-27,sleep_hours,9.97444563910965,-1
2025-02-28,sleep_hours,10.69867752516099,-1
2025-03-21,sleep_hours,10.928560143747664,-1
2025-06-13,sleep_hours,3.933122286064659,-1
2025-07-05,sleep_hours,3.826881486793837,-1
2024-09-07,sleep_hours,10.02827723595809,-1
2024-10-02,sleep_hours,10.518163350495094,-1
2024-10-22,sleep_hours,3.605713700562237,-1
2024-10-27,sleep_hours,3.476470358284514,-1
2024-11-29,sleep_hours,10.147139604080374,-1
2024-12-07,sleep_hours,10.58060868613146,-1
2024-12-13,sleep_hours,10.053520907460369,-1
2024-12-18,sleep_hours,3.0,-1
2024-12-22,sleep_hours,3.9609140692543177,-1
2025-01-19,sleep_hours,3.656856915805649,-1
2025-02-17,sleep_hours,10.490116236767433,-1
2025-03-19,sleep_hours,10.652217569373832,-1
2025-04-29,sleep_hours,3.0,-1
2025-05-01,sleep_hours,4.003159761556001,-1
2025-05-02,sleep_hours,3.523616619111486,-1
2025-06-08,sleep_hours,3.0,-1
2025-06-10,sleep_hours,3.0,-1
2025-06-15,sleep_hours,10.06968482958355,-1
2025-07-01,sleep_hours,3.931455046571537,-1
2025-08-01,sleep_hours,10.627533388516609,-1
2025-08-17,sleep_hours,3.0,-1
2025-08-29,sleep_hours,10.292240901939635,-1
2024-09-13,sleep_hours,3.0,-1
2024-09-14,sleep_hours,3.751623666972516,-1
2024-09-20,sleep_hours,3.0,-1
2024-09-29,sleep_hours,3.61497803792494,-1
2024-10-08,sleep_hours,10.079031203368457,-1
2024-11-01,sleep_hours,3.2791309897863608,-1
2024-11-09,sleep_hours,3.300948434964143,-1
2024-11-15,sleep_hours,3.904595533668671,-1
2024-11-19,sleep_hours,11.134168986928554,-1
2024-12-27,sleep_hours,3.795458928878309,-1
2025-01-20,sleep_hours,3.821678919390457,-1
2025-03-16,sleep_hours,10.525470980838769,-1
2025-03-22,sleep_hours,10.05804570816666,-1
2025-03-30,sleep_hours,11.5492170923205,-1
2025-05-14,sleep_hours,10.330359071396158,-1
2025-05-25,sleep_hours,3.8726360286642887,-1
2025-06-21,sleep_hours,10.275291549320634,-1
2025-07-29,sleep_hours,10.379234714337944,-1
2025-08-06,sleep_hours,3.810739023099475,-1
2025-08-13,sleep_hours,3.020183329864076,-1
2024-09-08,sleep_hours,3.2545136077986867,-1
2024-09-21,sleep_hours,10.69706907445796,-1
2024-10-04,sleep_hours,3.9447253729929455,-1
2024-10-06,sleep_hours,3.8367560881715175,-1
2024-10-07,sleep_hours,3.0,-1
2024-12-09,sleep_hours,10.364052863446116,-1
2024-12-11,sleep_hours,10.09811096299213,-1
2024-12-20,sleep_hours,12.0,-1
2024-12-26,sleep_hours,3.424927612427669,-1
2024-12-27,sleep_hours,3.7122434757970897,-1
2024-12-31,sleep_hours,10.540654616691029,-1
2025-01-04,sleep_hours,9.952756812641818,-1
2025-01-20,sleep_hours,10.628187884444683,-1
2025-02-18,sleep_hours,10.519666100487695,-1
2025-05-04,sleep_hours,10.148598688332935,-1
2025-06-07,sleep_hours,3.3832018858574937,-1
2025-06-11,sleep_hours,10.46601750442662,-1
2025-06-25,sleep_hours,10.160879412120975,-1
2025-07-04,sleep_hours,10.162027073094931,-1
2025-07-06,sleep_hours,10.28661442562246,-1
2025-07-20,sleep_hours,10.49050274709641,-1
2025-08-07,sleep_hours,10.26132228763976,-1
2025-08-10,sleep_hours,3.957612168399233,-1
2025-08-13,sleep_hours,10.321012825244969,-1
2025-08-22,sleep_hours,4.015887981147444,-1
2025-09-02,sleep_hours,3.9366091159375856,-1
2025-09-04,sleep_hours,10.696105716752404,-1
2025-09-05,sleep_hours,3.1797332761409507,-1
2024-09-13,sleep_hours,3.555535863625039,-1
2024-09-17,sleep_hours,3.889651385454978,-1
2024-09-20,sleep_hours,3.0,-1
2024-09-25,sleep_hours,3.8255578008884408,-1
2024-10-02,sleep_hours,3.8147433039139553,-1
2025-01-13,sleep_hours,9.957225671593411,-1
2025-02-08,sleep_hours,10.503680428086714,-1
2025-02-28,sleep_hours,10.732612318162357,-1
2025-03-07,sleep_hours,10.03454264674874,-1
2025-03-10,sleep_hours,3.2182370189564744,-1
2025-03-20,sleep_hours,3.95588173902112,-1
2025-04-05,sleep_hours,9.988221732580929,-1
2025-05-11,sleep_hours,3.0,-1
2025-07-05,sleep_hours,3.894067405589757,-1
2025-07-08,sleep_hours,3.250452281101877,-1
2025-07-28,sleep_hours,3.619510044417432,-1
2025-08-17,sleep_hours,3.1460054378205533,-1
2025-09-04,sleep_hours,10.005171849204002,-1
2024-09-14,sleep_hours,3.1913884306183604,-1
2024-10-05,sleep_hours,3.251662230857636,-1
2024-10-09,sleep_hours,3.0,-1
2024-10-27,sleep_hours,10.096167390922728,-1
2024-11-30,sleep_hours,3.0,-1
2024-12-20,sleep_hours,3.4877446960529017,-1
2024-12-29,sleep_hours,3.643826400494509,-1
2025-01-18,sleep_hours,3.9146620066481432,-1
2025-04-10,sleep_hours,10.712903959874598,-1
2025-04-13,sleep_hours,3.487080721916569,-1
2025-06-16,sleep_hours,3.876399693967161,-1
2025-06-20,sleep_hours,3.4277499521812462,-1
2025-06-22,sleep_hours,3.634069283014326,-1
2025-07-27,sleep_hours,10.035473582316309,-1
2025-08-21,sleep_hours,10.000718922532482,-1
2024-10-02,sleep_hours,10.890575167747102,-1
2024-10-08,sleep_hours,3.1604997822626,-1
2024-10-10,sleep_hours,11.256024346431786,-1
2024-10-13,sleep_hours,10.597924429782656,-1
2024-10-15,sleep_hours,3.640716471581229,-1
2024-11-19,sleep_hours,10.342115856831896,-1
2024-11-22,sleep_hours,10.488890303744856,-1
2024-11-25,sleep_hours,11.252465588776197,-1
2024-12-09,sleep_hours,10.918176062644417,-1
2024-12-21,sleep_hours,10.546698979313792,-1
2025-01-07,sleep_hours,10.778621800323076,-1
2025-01-11,sleep_hours,3.926138840168576,-1
2025-01-30,sleep_hours,10.213020818786958,-1
2025-02-26,sleep_hours,10.131537503272828,-1
2025-04-05,sleep_hours,11.250730217796766,-1
2025-05-12,sleep_hours,3.862477040008621,-1
2025-07-03,sleep_hours,11.025049647294482,-1
2025-07-06,sleep_hours,10.435039358124463,-1
2025-07-16,sleep_hours,10.045718007634797,-1
2025-08-17,sleep_hours,4.053092176771921,-1
2024-09-08,sleep_hours,3.0,-1
2024-10-01,sleep_hours,10.148807498698831,-1
2024-10-08,sleep_hours,3.755339280920954,-1
2024-11-25,sleep_hours,4.013004784452519,-1
2024-12-18,sleep_hours,10.357125248573237,-1
2025-01-02,sleep_hours,10.690014557304304,-1
2025-01-11,sleep_hours,9.949994914887569,-1
2025-02-18,sleep_hours,3.5854143588692886,-1
2025-03-27,sleep_hours,3.6529557660265697,-1
2025-05-25,sleep_hours,10.388686057579086,-1
2025-05-28,sleep_hours,4.0416296088372485,-1
2025-06-11,sleep_hours,9.980239319599283,-1
2025-06-27,sleep_hours,10.071234234526075,-1
2025-07-05,sleep_hours,11.15086447266722,-1
2025-07-22,sleep_hours,3.0,-1
2025-07-31,sleep_hours,3.4455290418941056,-1
2025-08-03,sleep_hours,3.2114470089907554,-1
2025-08-06,sleep_hours,10.184135446993812,-1
2025-08-17,sleep_hours,4.048111898952103,-1
2024-09-23,sleep_hours,3.123675972575085,-1
2024-10-14,sleep_hours,10.789286349241042,-1
2024-10-28,sleep_hours,3.788525504614789,-1
2024-11-17,sleep_hours,3.8259371514463982,-1
2024-12-02,sleep_hours,3.8192507012884422,-1
2024-12-16,sleep_hours,4.023069330995659,-1
2024-12-20,sleep_hours,11.347604433159034,-1
2025-01-01,sleep_hours,10.136070242377754,-1
2025-01-05,sleep_hours,12.0,-1
2025-01-18,sleep_hours,9.985167953456028,-1
2025-01-28,sleep_hours,9.959057755144103,-1
2025-02-09,sleep_hours,3.6501795295717914,-1
2025-03-01,sleep_hours,10.146460530785632,-1
2025-03-13,sleep_hours,10.257947909414328,-1
2025-04-25,sleep_hours,10.322127155559771,-1
2025-04-29,sleep_hours,10.082738732848451,-1
2025-05-28,sleep_hours,3.949590113907446,-1
2025-06-16,sleep_hours,10.06782048956229,-1
2025-06-19,sleep_hours,3.607246347042984,-1
2025-07-06,sleep_hours,10.13828096233173,-1
2025-07-22,sleep_hours,3.0,-1
2025-08-04,sleep_hours,9.978982896547784,-1
2024-09-13,sleep_hours,10.266347367967194,-1
2024-10-07,sleep_hours,10.515430610147932,-1
2024-10-08,sleep_hours,10.752731043466104,-1
2024-10-22,sleep_hours,11.599466739445637,-1
2024-10-30,sleep_hours,3.2474252184586705,-1
2024-11-16,sleep_hours,3.0,-1
2024-12-01,sleep_hours,9.977502917665683,-1
2024-12-30,sleep_hours,10.145231417006658,-1
2025-02-27,sleep_hours,10.000478296457109,-1
2025-04-23,sleep_hours,3.9248062573824583,-1
2025-05-06,sleep_hours,3.9855125439446426,-1
2025-05-10,sleep_hours,4.004420074272142,-1
2025-07-14,sleep_hours,10.490306361921682,-1
2025-08-03,sleep_hours,4.013996593717635,-1
2025-08-21,sleep_hours,3.0,-1
2025-08-30,sleep_hours,10.000737209375323,-1
2024-09-08,sleep_hours,11.121199911612042,-1
2024-09-21,sleep_hours,10.27214599333143,-1
2024-11-15,sleep_hours,10.105581330841144,-1
2024-11-22,sleep_hours,3.4645301541991933,-1
2024-12-24,sleep_hours,10.005549307366048,-1
2024-12-31,sleep_hours,3.8787539066993135,-1
2025-01-06,sleep_hours,3.548051118976492,-1
2025-01-12,sleep_hours,3.576022317799889,-1
2025-03-13,sleep_hours,3.455732054386621,-1
2025-05-23,sleep_hours,10.065578078772631,-1
2025-06-06,sleep_hours,4.043773743758327,-1
2025-06-07,sleep_hours,10.035516458408097,-1
2025-06-11,sleep_hours,4.033748349276385,-1
2025-06-12,sleep_hours,10.615125131197722,-1
2025-06-16,sleep_hours,10.246881575576658,-1
2025-08-02,sleep_hours,4.008042887947411,-1
2025-08-04,sleep_hours,10.122871115212014,-1
2025-08-05,sleep_hours,9.935343088018277,-1
2025-09-02,sleep_hours,9.967591141628006,-1
2024-09-21,sleep_hours,3.008431637876522,-1
2024-10-08,sleep_hours,9.973242862107966,-1
2024-11-03,sleep_hours,3.0,-1
2024-11-27,sleep_hours,10.072249707836312,-1
2025-01-03,sleep_hours,3.7356987425794665,-1
2025-01-12,sleep_hours,10.06328387107065,-1
2025-01-30,sleep_hours,10.051791490947096,-1
2025-02-24,sleep_hours,10.061046890647994,-1
2025-04-10,sleep_hours,11.44366018224366,-1
2025-06-25,sleep_hours,3.6801149986919497,-1
2025-07-18,sleep_hours,4.003533035808334,-1
2025-07-27,sleep_hours,4.051641675642778,-1
2025-08-10,sleep_hours,3.031983099575985,-1
2025-08-17,sleep_hours,11.469334250824858,-1
2025-09-03,sleep_hours,3.452100265278613,-1
2024-09-08,sleep_hours,3.3460390109244447,-1
2024-09-14,sleep_hours,4.013081716460276,-1
2024-10-18,sleep_hours,3.044500632439179,-1
2024-10-23,sleep_hours,10.410387866363196,-1
2024-10-25,sleep_hours,10.279203353726077,-1
2024-12-07,sleep_hours,10.840869752165016,-1
2024-12-25,sleep_hours,3.0,-1
2025-01-02,sleep_hours,3.8760835867251537,-1
2025-01-23,sleep_hours,10.149010563874011,-1
2025-02-14,sleep_hours,10.193487006263016,-1
2025-02-20,sleep_hours,10.774482477440085,-1
2025-02-22,sleep_hours,10.061627018997164,-1
2025-03-15,sleep_hours,3.22901679114141,-1
2025-04-21,sleep_hours,3.8196080900650857,-1
2025-06-03,sleep_hours,3.5093953793662376,-1
2025-06-06,sleep_hours,11.147886559340478,-1
2025-07-10,sleep_hours,10.1120045645753,-1
2025-08-04,sleep_hours,3.640328013094808,-1
2025-08-09,sleep_hours,10.817338991168931,-1
2025-08-12,sleep_hours,10.407437474273715,-1
2025-08-19,sleep_hours,3.8665812665090975,-1
2025-08-31,sleep_hours,9.971348973916044,-1
2025-09-05,sleep_hours,3.967026626520652,-1
2024-10-21,sleep_hours,10.395436703759708,-1
2024-10-23,sleep_hours,9.998602573852509,-1
2024-11-01,sleep_hours,10.605577895988088,-1
2024-11-04,sleep_hours,4.0244521469299706,-1
2024-12-15,sleep_hours,10.57041877879266,-1
2024-12-20,sleep_hours,10.482244906255463,-1
2025-01-15,sleep_hours,3.64861782404356,-1
2025-01-21,sleep_hours,3.0,-1
2025-02-01,sleep_hours,10.982611887061973,-1
2025-02-09,sleep_hours,11.219852644287894,-1
2025-04-09,sleep_hours,3.267144957843702,-1
2025-04-12,sleep_hours,12.0,-1
2025-05-04,sleep_hours,3.509365353445213,-1
2025-06-18,sleep_hours,3.691520690255488,-1
2025-07-11,sleep_hours,9.97113170581917,-1
2025-08-13,sleep_hours,4.0158666294517005,-1
2025-08-14,sleep_hours,11.847523566627462,-1
2025-09-01,sleep_hours,10.211580809421744,-1
2024-09-08,sleep_hours,10.642615881232084,-1
2024-10-02,sleep_hours,3.8492288064104856,-1
2024-10-06,sleep_hours,10.231920470571634,-1
2024-10-21,sleep_hours,3.833329385760624,-1
2024-10-22,sleep_hours,3.5071652067850985,-1
2024-11-10,sleep_hours,3.0,-1
2024-12-15,sleep_hours,10.948956307638326,-1
2024-12-16,sleep_hours,10.15763803680959,-1
2024-12-25,sleep_hours,10.850685106087116,-1
2024-12-30,sleep_hours,11.474178471178409,-1
2025-02-05,sleep_hours,10.609503652306632,-1
2025-02-08,sleep_hours,3.2240289669363418,-1
2025-02-15,sleep_hours,9.957898404407445,-1
2025-02-27,sleep_hours,10.48667240439225,-1
2025-03-09,sleep_hours,11.103489635297322,-1
2025-05-10,sleep_hours,10.313690877325328,-1
2025-05-16,sleep_hours,10.737079494539216,-1
2025-05-26,sleep_hours,10.47548265816236,-1
2025-07-08,sleep_hours,10.122836581388482,-1
2025-08-14,sleep_hours,10.465009044370756,-1
2025-09-01,sleep_hours,10.0062764153595,-1
2024-09-14,sleep_hours,4.0534021406029925,-1
2024-09-27,sleep_hours,10.71326358152296,-1
2024-10-06,sleep_hours,3.0,-1
2024-10-24,sleep_hours,10.249075128034134,-1
2024-10-28,sleep_hours,10.164588194543004,-1
2024-12-06,sleep_hours,10.627347536463148,-1
2025-01-04,sleep_hours,3.868225571902025,-1
2025-02-14,sleep_hours,3.368547767295365,-1
2025-02-16,sleep_hours,3.649750311310096,-1
2025-03-22,sleep_hours,10.186326500684263,-1
2025-03-31,sleep_hours,10.019973261451636,-1
2025-05-01,sleep_hours,3.367188255564296,-1
2025-05-04,sleep_hours,3.404079173535856,-1
2025-05-13,sleep_hours,3.3819433165334205,-1
2025-05-18,sleep_hours,3.8276497089586896,-1
2025-05-22,sleep_hours,3.543161490888144,-1
2025-05-28,sleep_hours,10.431624850582406,-1
2025-05-30,sleep_hours,10.020663835213904,-1
2025-06-26,sleep_hours,11.069924725805564,-1
2025-07-22,sleep_hours,3.5990685717562267,-1
2025-07-23,sleep_hours,3.963977623326652,-1
2025-08-08,sleep_hours,3.911241050776014,-1
2025-08-18,sleep_hours,3.307185785222571,-1
2025-08-25,sleep_hours,10.075052277933676,-1
2024-09-28,sleep_hours,3.9061940521934697,-1
2024-11-10,sleep_hours,9.975719998343695,-1
2024-11-25,sleep_hours,3.888186245148339,-1
2025-01-06,sleep_hours,3.9752628218295776,-1
2025-01-13,sleep_hours,10.630567591775607,-1
2025-01-25,sleep_hours,10.138479898056463,-1
2025-02-13,sleep_hours,10.11567193396209,-1
2025-04-20,sleep_hours,10.252190278210309,-1
2025-05-22,sleep_hours,3.5068085692148845,-1
2025-05-23,sleep_hours,10.125751396486862,-1
2025-06-07,sleep_hours,4.047665377243359,-1
2025-06-19,sleep_hours,3.295694106697657,-1
2024-09-18,sleep_hours,11.20084580785834,-1
2024-09-29,sleep_hours,3.807953790451003,-1
2024-10-22,sleep_hours,3.215717054640603,-1
2024-10-26,sleep_hours,10.850265865466486,-1
2024-11-06,sleep_hours,3.515744892679115,-1
2024-11-07,sleep_hours,3.916264501870392,-1
2024-11-08,sleep_hours,10.617504500808934,-1
2024-11-16,sleep_hours,3.126861187068326,-1
2024-12-17,sleep_hours,3.167346232106436,-1
2025-01-14,sleep_hours,3.253967220396298,-1
2025-02-03,sleep_hours,3.627661947604605,-1
2025-02-15,sleep_hours,3.938683599952818,-1
2025-03-15,sleep_hours,3.0,-1
2025-04-08,sleep_hours,9.935729327098922,-1
2025-04-27,sleep_hours,3.0,-1
2025-05-23,sleep_hours,11.435193101205186,-1
2025-05-26,sleep_hours,10.591500874049792,-1
2025-06-15,sleep_hours,3.0,-1
2025-06-28,sleep_hours,10.584307751548517,-1
2025-07-16,sleep_hours,10.34026466330113,-1
2025-07-20,sleep_hours,10.57913232151882,-1
2025-08-13,sleep_hours,11.110148033599112,-1
2025-08-16,sleep_hours,10.3423354879178,-1
2025-09-01,sleep_hours,10.848394219078404,-1
2024-09-08,sleep_hours,3.0,-1
2024-09-12,sleep_hours,3.1191177939015624,-1
2024-11-24,sleep_hours,3.9677944336538697,-1
2024-11-28,sleep_hours,10.108652187839027,-1
2025-01-11,sleep_hours,10.751643182968143,-1
2025-02-21,sleep_hours,3.459364226292749,-1
2025-04-02,sleep_hours,3.666359863529845,-1
2025-04-26,sleep_hours,3.736746490445769,-1
2025-04-29,sleep_hours,11.015656674163084,-1
2025-07-10,sleep_hours,3.079320036039425,-1
2025-07-29,sleep_hours,3.2635336088367124,-1
2024-09-06,sleep_hours,3.9113464988197824,-1
2024-10-06,sleep_hours,4.047522100746803,-1
2024-10-30,sleep_hours,3.8611194264433286,-1
2024-11-01,sleep_hours,3.643850022136779,-1
2024-12-27,sleep_hours,10.08771998287972,-1
2025-02-10,sleep_hours,10.116424104148928,-1
2025-03-03,sleep_hours,10.685067219310197,-1
2025-03-07,sleep_hours,3.641374820451107,-1
2025-03-11,sleep_hours,10.009953576533428,-1
2025-04-17,sleep_hours,10.495616534998293,-1
2025-04-21,sleep_hours,11.492295400192589,-1
2025-05-17,sleep_hours,3.737147937474997,-1
2025-06-06,sleep_hours,4.035680191296695,-1
2025-07-18,sleep_hours,3.979440325563487,-1
2025-08-11,sleep_hours,10.00982359646122,-1
2025-08-14,sleep_hours,3.864075174537157,-1
2025-08-19,sleep_hours,11.15566766461523,-1
2025-09-01,sleep_hours,12.0,-1
2024-11-08,sleep_hours,3.822168434504647,-1
2024-11-24,sleep_hours,9.958079950891104,-1
2024-11-28,sleep_hours,3.3943292481694733,-1
2024-12-03,sleep_hours,10.894711290892891,-1
2024-12-18,sleep_hours,3.4914285398617912,-1
2024-12-20,sleep_hours,3.995096675399112,-1
2025-01-07,sleep_hours,10.058927298947824,-1
2025-01-17,sleep_hours,10.19303843434784,-1
2025-01-25,sleep_hours,3.0,-1
2025-04-09,sleep_hours,3.986618783557103,-1
2025-06-09,sleep_hours,10.83293917736682,-1
2025-06-11,sleep_hours,3.057744226579728,-1
2025-06-12,sleep_hours,3.613675552470868,-1
2025-07-27,sleep_hours,3.831408758280013,-1
2025-07-28,sleep_hours,10.021898453418515,-1
2025-08-12,sleep_hours,3.9948523938796328,-1
2025-08-25,sleep_hours,10.807857416740031,-1
2024-10-22,sleep_hours,10.587229260272682,-1
2024-11-30,sleep_hours,3.0,-1
2024-12-05,sleep_hours,11.286956533876523,-1
2025-02-06,sleep_hours,3.036409002690189,-1
2025-03-13,sleep_hours,3.7091465927946254,-1
2025-03-27,sleep_hours,10.365518345105173,-1
2025-03-29,sleep_hours,11.468776950308325,-1
2025-06-12,sleep_hours,4.044135578317748,-1
2025-06-21,sleep_hours,10.299170725261176,-1
2025-07-01,sleep_hours,10.279168312210455,-1
2025-07-17,sleep_hours,3.5367384619170577,-1
2025-07-19,sleep_hours,3.0,-1
2025-08-05,sleep_hours,3.975383258466999,-1
2024-09-21,sleep_hours,10.18847094797758,-1
2024-10-06,sleep_hours,3.681245526691837,-1
2024-12-27,sleep_hours,3.0,-1
2025-01-13,sleep_hours,3.0,-1
2025-01-22,sleep_hours,9.984002131777634,-1
2025-01-28,sleep_hours,3.3242062451449463,-1
2025-02-06,sleep_hours,10.96646377242636,-1
2025-02-13,sleep_hours,3.61452606222038,-1
2025-02-17,sleep_hours,10.602590847762482,-1
2025-03-23,sleep_hours,10.757713728669884,-1
2025-04-05,sleep_hours,10.69965299406639,-1
2025-04-07,sleep_hours,3.87914781874134,-1
2025-04-23,sleep_hours,3.390073622295076,-1
2025-06-17,sleep_hours,10.261881870057524,-1
2025-06-29,sleep_hours,3.9075034120290297,-1
2025-08-11,sleep_hours,9.994911287149204,-1
2025-08-18,sleep_hours,10.876006924036536,-1
2025-08-24,sleep_hours,3.1307656501069294,-1
2025-09-02,sleep_hours,3.5183329471908587,-1
2024-09-19,sleep_hours,10.895645220071154,-1
2024-09-27,sleep_hours,3.37903402046185,-1
2024-10-18,sleep_hours,3.8071446850371817,-1
2024-11-20,sleep_hours,10.26663497319211,-1
2024-12-08,sleep_hours,10.086138250364932,-1
2024-12-25,sleep_hours,10.597446744681331,-1
2025-01-02,sleep_hours,3.5971773197957715,-1
2025-01-15,sleep_hours,11.716662323857,-1
2025-01-24,sleep_hours,11.083722358084064,-1
2025-02-19,sleep_hours,3.0,-1
2025-02-26,sleep_hours,11.550252562963266,-1
2025-03-06,sleep_hours,10.4349680484229,-1
2025-03-20,sleep_hours,3.403664979028349,-1
2025-03-29,sleep_hours,3.890879201113343,-1
2025-05-22,sleep_hours,11.117345007897327,-1
2025-06-01,sleep_hours,4.023575648209043,-1
2025-06-29,sleep_hours,10.318906084585535,-1
2025-08-07,sleep_hours,4.01566916011152,-1
2025-08-10,sleep_hours,3.782759215588393,-1
2025-08-23,sleep_hours,3.2352931252302524,-1
2025-09-05,sleep_hours,3.9767764686556406,-1
2024-09-07,sleep_hours,10.41241664092489,-1
2024-12-05,sleep_hours,3.3408363503789413,-1
2024-12-30,sleep_hours,10.186174012269502,-1
2025-01-10,sleep_hours,3.0,-1
2025-02-07,sleep_hours,3.028204637931887,-1
2025-02-18,sleep_hours,3.96166838442046,-1
2025-03-28,sleep_hours,11.282001914986148,-1
2025-04-01,sleep_hours,10.564010566223107,-1
2025-04-16,sleep_hours,3.051450749381711,-1
2025-04-21,sleep_hours,10.15387099065352,-1
2025-05-04,sleep_hours,3.423023439114213,-1
2025-05-06,sleep_hours,3.958965486015866,-1
2025-05-17,sleep_hours,10.65237378481768,-1
2025-06-04,sleep_hours,3.0,-1
2025-07-11,sleep_hours,3.989669969919698,-1
2025-07-21,sleep_hours,4.034681609100502,-1
2024-10-14,sleep_hours,3.7423721752695926,-1
2024-12-05,sleep_hours,10.909096136644898,-1
2025-01-04,sleep_hours,10.078980499598607,-1
2025-01-08,sleep_hours,10.81527668698881,-1
2025-01-12,sleep_hours,10.377347501996145,-1
2025-02-09,sleep_hours,11.172348999560278,-1
2025-02-11,sleep_hours,3.0,-1
2025-02-17,sleep_hours,3.0,-1
2025-03-27,sleep_hours,3.841463405344216,-1
2025-04-06,sleep_hours,3.0,-1
2025-05-08,sleep_hours,10.604627610721868,-1
2025-05-12,sleep_hours,11.28526208126749,-1
2025-06-19,sleep_hours,10.017942082575829,-1
2025-07-05,sleep_hours,3.0,-1
2025-08-08,sleep_hours,10.136837070067092,-1
2025-09-01,sleep_hours,3.0,-1
2024-09-12,sleep_hours,3.916277420108589,-1
2024-11-03,sleep_hours,11.1485738848516,-1
2024-12-07,sleep_hours,10.003930855850868,-1
2024-12-21,sleep_hours,10.29206880330414,-1
2025-01-15,sleep_hours,10.042236789965507,-1
2025-01-25,sleep_hours,3.9084227350145575,-1
2025-02-27,sleep_hours,10.539336467572191,-1
2025-03-02,sleep_hours,3.0,-1
2025-03-26,sleep_hours,12.0,-1
2025-04-07,sleep_hours,10.404751147720145,-1
2025-04-16,sleep_hours,10.837170695716718,-1
2025-05-10,sleep_hours,3.733691303917469,-1
2025-05-29,sleep_hours,3.6954978042247526,-1
2025-06-09,sleep_hours,3.380606635848475,-1
2025-06-19,sleep_hours,3.662232676012264,-1
2025-07-17,sleep_hours,3.845250654452532,-1
2025-07-21,sleep_hours,10.418959431430116,-1
2025-07-24,sleep_hours,3.448691307644097,-1
2025-07-28,sleep_hours,10.83912245630453,-1
2024-10-16,sleep_hours,10.092728779048128,-1
2024-10-18,sleep_hours,10.532034049110935,-1
2024-10-20,sleep_hours,12.0,-1
2024-11-07,sleep_hours,10.428472417907429,-1
2024-12-10,sleep_hours,3.5556932408213164,-1
2024-12-18,sleep_hours,10.63854733495582,-1
2024-12-19,sleep_hours,9.938088361497895,-1
2025-01-04,sleep_hours,10.756325631949856,-1
2025-01-06,sleep_hours,10.33727218909236,-1
2025-02-01,sleep_hours,3.3192348853502267,-1
2025-02-02,sleep_hours,3.0,-1
2025-03-21,sleep_hours,10.206117957679233,-1
2025-04-05,sleep_hours,3.891719921717457,-1
2025-04-29,sleep_hours,3.616080830783069,-1
2025-04-30,sleep_hours,3.0,-1
2025-05-17,sleep_hours,3.7497837597495822,-1
2025-06-06,sleep_hours,10.41025545654373,-1
2025-06-18,sleep_hours,3.0,-1
2025-06-19,sleep_hours,10.855265270423525,-1
2025-07-12,sleep_hours,3.7204863314135705,-1
2024-10-18,sleep_hours,10.019268273673418,-1
2024-11-12,sleep_hours,9.977674532188091,-1
2024-12-22,sleep_hours,10.45006163395614,-1
2025-01-10,sleep_hours,10.294273246697088,-1
2025-01-28,sleep_hours,10.445391111405712,-1
2025-02-25,sleep_hours,3.9358723751367455,-1
2025-02-27,sleep_hours,3.0983568487703352,-1
2025-03-14,sleep_hours,10.138058279327712,-1
2025-04-04,sleep_hours,10.709072374449915,-1
2025-04-08,sleep_hours,4.002517990283386,-1
2025-04-17,sleep_hours,10.13859324939692,-1
2025-04-19,sleep_hours,10.145708238671562,-1
2025-05-11,sleep_hours,3.8896262108757993,-1
2025-07-17,sleep_hours,10.57377374209175,-1
2025-08-13,sleep_hours,11.17217089909784,-1
2024-09-17,sleep_hours,3.0,-1
2024-09-29,sleep_hours,10.24225215135927,-1
2024-10-22,sleep_hours,10.566406372748126,-1
2024-10-29,sleep_hours,10.521832058561149,-1
2024-11-04,sleep_hours,3.832092452462621,-1
2024-11-19,sleep_hours,10.438909409535238,-1
2024-11-20,sleep_hours,10.325378039191031,-1
2024-11-24,sleep_hours,11.222165124332864,-1
2025-01-02,sleep_hours,3.92079119736077,-1
2025-01-04,sleep_hours,3.908498524053897,-1
2025-01-31,sleep_hours,3.0,-1
2025-02-01,sleep_hours,3.929259355166251,-1
2025-03-08,sleep_hours,3.87337150674405,-1
2025-04-07,sleep_hours,3.92579729483931,-1
2025-04-09,sleep_hours,10.618185661371252,-1
2025-04-22,sleep_hours,10.32238378221585,-1
2025-06-15,sleep_hours,3.2641904522508205,-1
2025-06-25,sleep_hours,3.699263886794676,-1
2025-07-06,sleep_hours,9.968204966359096,-1
2025-07-09,sleep_hours,10.927313997552966,-1
2025-07-12,sleep_hours,3.898281004351664,-1
2025-08-07,sleep_hours,3.899584941307447,-1
2024-09-24,sleep_hours,3.465083464652076,-1
2024-09-30,sleep_hours,9.977423738491929,-1
2024-11-27,sleep_hours,3.44409349234052,-1
2025-01-12,sleep_hours,10.36606227138907,-1
2025-01-27,sleep_hours,10.762694180039045,-1
2025-02-02,sleep_hours,3.692111720323249,-1
2025-04-10,sleep_hours,3.0,-1
2025-05-10,sleep_hours,3.7006222708310417,-1
2025-05-23,sleep_hours,11.166220945209632,-1
2025-06-24,sleep_hours,3.657455284379312,-1
2025-06-30,sleep_hours,11.381943391058195,-1
2025-07-05,sleep_hours,11.898536670308683,-1
2025-07-31,sleep_hours,3.723987900117197,-1
2025-08-14,sleep_hours,10.746985097634164,-1
2024-09-13,sleep_hours,3.7974676230010633,-1
2024-10-15,sleep_hours,3.0,-1
2024-11-01,sleep_hours,3.3200938147942427,-1
2024-11-09,sleep_hours,10.13502446634649,-1
2024-11-11,sleep_hours,10.512882445427351,-1
2024-11-18,sleep_hours,10.335498444663951,-1
2024-11-24,sleep_hours,10.563176859255648,-1
2024-11-29,sleep_hours,9.974423576152333,-1
2024-12-03,sleep_hours,9.998515280893962,-1
2024-12-08,sleep_hours,3.898156881471314,-1
2024-12-27,sleep_hours,10.005157043047957,-1
2024-12-30,sleep_hours,3.0,-1
2025-01-06,sleep_hours,3.847294720291424,-1
2025-01-07,sleep_hours,3.843691909310797,-1
2025-01-11,sleep_hours,3.998849979126498,-1
2025-01-16,sleep_hours,9.973270513975494,-1
2025-02-16,sleep_hours,10.160369059501647,-1
2025-03-08,sleep_hours,10.11417335881008,-1
2025-03-17,sleep_hours,10.043819400173792,-1
2025-04-11,sleep_hours,3.899395309730432,-1
2025-06-16,sleep_hours,3.0,-1
2025-08-08,sleep_hours,3.0,-1
2025-09-05,sleep_hours,10.42962705726444,-1
2024-09-09,sleep_hours,3.471309571173136,-1
2024-09-26,sleep_hours,3.6803110257446408,-1
2024-09-30,sleep_hours,3.0,-1
2024-10-03,sleep_hours,3.5511102758860136,-1
2024-10-29,sleep_hours,10.33508807287686,-1
2024-11-05,sleep_hours,3.722570720996092,-1
2024-11-08,sleep_hours,10.28432433046645,-1
2024-11-09,sleep_hours,10.22335930611673,-1
2024-11-23,sleep_hours,9.952370022119254,-1
2024-12-07,sleep_hours,3.923330476647825,-1
2025-01-06,sleep_hours,3.7984145660496167,-1
2025-01-15,sleep_hours,9.957171319298864,-1
2025-03-07,sleep_hours,10.185957637847944,-1
2025-03-13,sleep_hours,10.751746099549385,-1
2025-03-27,sleep_hours,10.073917055954588,-1
2025-03-29,sleep_hours,3.901117351935143,-1
2025-04-13,sleep_hours,3.984875789629581,-1
2025-04-15,sleep_hours,10.377563119043806,-1
2025-05-02,sleep_hours,3.9807542804016056,-1
2025-05-31,sleep_hours,3.920132800707181,-1
2025-06-18,sleep_hours,10.709668211070776,-1
2025-06-23,sleep_hours,10.782092097858644,-1
2025-06-26,sleep_hours,11.5437987756382,-1
2025-07-10,sleep_hours,11.113758653092107,-1
2025-07-25,sleep_hours,3.8449111494241217,-1
2025-07-28,sleep_hours,10.265905948447188,-1
2024-11-04,sleep_hours,10.2405211682502,-1
2024-11-10,sleep_hours,10.299643471481172,-1
2024-11-16,sleep_hours,10.274640207952206,-1
2024-12-06,sleep_hours,11.176103953129136,-1
2024-12-10,sleep_hours,3.94864143971545,-1
2024-12-11,sleep_hours,3.978600960237407,-1
2025-01-14,sleep_hours,10.496080048424036,-1
2025-02-01,sleep_hours,10.21549089146653,-1
2025-02-10,sleep_hours,3.437322143575458,-1
2025-02-17,sleep_hours,10.768983796433805,-1
2025-03-14,sleep_hours,3.616778680701352,-1
2025-04-03,sleep_hours,11.708262544242055,-1
2025-04-16,sleep_hours,3.6925636627587273,-1
2025-05-01,sleep_hours,3.471905306741114,-1
2025-05-04,sleep_hours,3.0,-1
2025-05-30,sleep_hours,3.870526939017396,-1
2025-06-26,sleep_hours,10.200587770235972,-1
2025-07-12,sleep_hours,3.682598381259576,-1
2025-07-30,sleep_hours,10.13396605484727,-1
2025-08-28,sleep_hours,3.635354332817676,-1
2025-08-30,sleep_hours,10.214212254392171,-1
2024-09-10,sleep_hours,4.042048689574511,-1
2024-10-22,sleep_hours,9.931822967551902,-1
2024-11-18,sleep_hours,10.808083016857308,-1
2024-11-30,sleep_hours,10.728199333203309,-1
2024-12-12,sleep_hours,3.0,-1
2024-12-14,sleep_hours,3.0,-1
2025-02-02,sleep_hours,10.08404702579877,-1
2025-02-09,sleep_hours,3.8903008435308495,-1
2025-02-15,sleep_hours,3.0,-1
2025-04-07,sleep_hours,3.9700937603342368,-1
2025-04-22,sleep_hours,10.93212875281764,-1
2025-05-02,sleep_hours,10.082847707403143,-1
2025-05-12,sleep_hours,3.0,-1
2025-05-15,sleep_hours,10.334878395883646,-1
2025-05-31,sleep_hours,3.0,-1
2025-06-04,sleep_hours,3.8631164011446177,-1
2025-06-06,sleep_hours,10.57906263824834,-1
2025-06-24,sleep_hours,10.145679885567986,-1
2025-08-09,sleep_hours,3.904910035040193,-1
2025-08-14,sleep_hours,3.835660317388232,-1
2025-08-24,sleep_hours,3.0,-1
2024-09-24,sleep_hours,3.982299112340121,-1
2024-09-26,sleep_hours,10.186096993246316,-1
2024-10-02,sleep_hours,3.106091515529209,-1
2024-10-09,sleep_hours,10.73854916317314,-1
2024-10-20,sleep_hours,9.9451461072913,-1
2024-10-31,sleep_hours,10.9596000759438,-1
2024-12-13,sleep_hours,10.459349485086204,-1
2024-12-24,sleep_hours,9.970622831596833,-1
2025-01-08,sleep_hours,10.246126909612633,-1
2025-01-14,sleep_hours,10.023639392820948,-1
2025-03-12,sleep_hours,3.5058420945441124,-1
2025-03-29,sleep_hours,10.731698528323404,-1
2025-04-25,sleep_hours,3.0,-1
2025-05-10,sleep_hours,3.361202051265649,-1
2025-05-25,sleep_hours,3.956103884116562,-1
2025-06-05,sleep_hours,10.018310126201015,-1
2025-06-11,sleep_hours,9.94058271109249,-1
2025-07-12,sleep_hours,10.2085444965134,-1
2025-07-13,sleep_hours,11.375560337817806,-1
2025-08-10,sleep_hours,3.2740853469890423,-1
2025-08-31,sleep_hours,10.053274394326577,-1
2024-09-13,sleep_hours,3.701660220452781,-1
2024-10-04,sleep_hours,3.1173651497493107,-1
2024-10-30,sleep_hours,10.119355668976814,-1
2024-12-16,sleep_hours,3.429557215899748,-1
2024-12-22,sleep_hours,11.56896407599245,-1
2025-01-03,sleep_hours,11.357141697106384,-1
2025-01-26,sleep_hours,3.0,-1
2025-01-30,sleep_hours,9.978982259024216,-1
2025-02-09,sleep_hours,3.1456686200411488,-1
2025-02-10,sleep_hours,10.039612353684642,-1
2025-03-08,sleep_hours,10.197192323003842,-1
2025-03-11,sleep_hours,3.0,-1
2025-03-13,sleep_hours,3.9801895672986194,-1
2025-03-21,sleep_hours,10.139505617626146,-1
2025-03-23,sleep_hours,3.802268975584768,-1
2025-04-02,sleep_hours,3.9311236629052537,-1
2025-04-12,sleep_hours,4.037230330281147,-1
2025-05-07,sleep_hours,3.0774399465413174,-1
2025-06-09,sleep_hours,3.0,-1
2025-06-16,sleep_hours,3.04192495300071,-1
2025-07-12,sleep_hours,11.064686919299124,-1
2025-07-30,sleep_hours,10.228506432595475,-1
2025-09-02,sleep_hours,3.0,-1
2024-10-05,sleep_hours,9.941059601402426,-1
2024-10-14,sleep_hours,4.051222007206913,-1
2024-10-29,sleep_hours,3.043889500765407,-1
2024-10-31,sleep_hours,10.074824679265909,-1
2024-11-10,sleep_hours,10.004406311170378,-1
2024-11-24,sleep_hours,10.1289706607139,-1
2024-12-09,sleep_hours,10.428753727937243,-1
2024-12-31,sleep_hours,3.4090340758680737,-1
2025-01-22,sleep_hours,10.575646629500426,-1
2025-02-05,sleep_hours,3.715950755734306,-1
2025-02-09,sleep_hours,10.428548824620096,-1
2025-03-02,sleep_hours,3.910231039672115,-1
2025-03-03,sleep_hours,3.6242417617434928,-1
2025-04-17,sleep_hours,3.405980598245123,-1
2025-04-21,sleep_hours,10.2371030410386,-1
2025-05-13,sleep_hours,10.412668922613388,-1
2025-06-03,sleep_hours,3.3543042904730687,-1
2025-06-09,sleep_hours,10.831639373248812,-1
2025-06-29,sleep_hours,3.932323707047431,-1
2025-07-22,sleep_hours,10.366469339646432,-1
2025-08-02,sleep_hours,10.452367273762013,-1
2025-08-07,sleep_hours,3.4105015545653137,-1
2024-09-21,sleep_hours,3.0,-1
2024-11-11,sleep_hours,10.522435322530782,-1
2024-12-03,sleep_hours,10.777015946978374,-1
2024-12-06,sleep_hours,10.061400126828044,-1
2024-12-17,sleep_hours,3.0,-1
2025-02-19,sleep_hours,11.559763994253023,-1
2025-05-11,sleep_hours,3.1971570135158376,-1
2025-05-20,sleep_hours,3.782439763013779,-1
2025-07-04,sleep_hours,10.027015560233853,-1
2025-07-10,sleep_hours,10.629821899712972,-1
2025-07-24,sleep_hours,3.010750315348168,-1
2025-08-09,sleep_hours,11.98986936376729,-1
2025-08-19,sleep_hours,10.016822139381,-1
2025-08-23,sleep_hours,10.353990920055974,-1
2024-09-07,sleep_hours,3.64907130767762,-1
2024-10-09,sleep_hours,3.5335777693822994,-1
2024-10-12,sleep_hours,10.057384504254715,-1
2024-11-12,sleep_hours,11.226446665284634,-1
2024-11-25,sleep_hours,3.0,-1
2024-12-09,sleep_hours,10.267512649855894,-1
2025-01-20,sleep_hours,3.0,-1
2025-02-20,sleep_hours,10.189928129040489,-1
2025-02-22,sleep_hours,10.051884535615237,-1
2025-03-06,sleep_hours,3.894325542036517,-1
2025-03-11,sleep_hours,3.163990731635506,-1
2025-04-03,sleep_hours,3.0,-1
2025-04-22,sleep_hours,12.0,-1
2025-05-21,sleep_hours,10.273041012703295,-1
2025-05-31,sleep_hours,3.60692636188807,-1
2025-06-05,sleep_hours,3.0,-1
2025-07-11,sleep_hours,3.0715241078347315,-1
2025-08-25,sleep_hours,3.872540478108241,-1
2025-08-27,sleep_hours,10.404994924832003,-1
2025-09-03,sleep_hours,3.0,-1
2024-10-16,sleep_hours,10.473042882799742,-1
2024-11-13,sleep_hours,10.573624706461697,-1
2024-11-23,sleep_hours,4.008149501318476,-1
2024-11-25,sleep_hours,3.5518806768779,-1
2024-12-23,sleep_hours,10.189048525423363,-1
2025-01-17,sleep_hours,3.1560165899444934,-1
2025-01-18,sleep_hours,3.890268619359888,-1
2025-02-05,sleep_hours,3.924890908181944,-1
2025-02-15,sleep_hours,3.74427168969078,-1
2025-02-18,sleep_hours,3.032932368333994,-1
2025-03-02,sleep_hours,3.0,-1
2025-04-13,sleep_hours,10.523021733585232,-1
2025-05-04,sleep_hours,10.628627514509695,-1
2025-05-22,sleep_hours,3.0,-1
2025-05-26,sleep_hours,3.9951370823039087,-1
2025-06-04,sleep_hours,3.5756776577856844,-1
2025-06-15,sleep_hours,3.991352796665514,-1
2025-07-05,sleep_hours,3.0,-1
2025-08-15,sleep_hours,10.53962091248411,-1
2024-09-28,sleep_hours,9.966647146561508,-1
2024-09-29,sleep_hours,10.011036455245808,-1
2024-10-12,sleep_hours,3.4002501429797194,-1
2024-10-27,sleep_hours,10.346346724069374,-1
2024-10-28,sleep_hours,3.3766824719712574,-1
2024-12-20,sleep_hours,10.2356817656115,-1
2025-01-28,sleep_hours,3.9426123772543,-1
2025-02-08,sleep_hours,10.963608628157848,-1
2025-02-15,sleep_hours,3.5700717239487387,-1
2025-03-06,sleep_hours,9.939721394395928,-1
2025-03-30,sleep_hours,3.862958126754853,-1
2025-04-17,sleep_hours,3.973785318153792,-1
2025-05-08,sleep_hours,10.33642631926896,-1
2025-05-23,sleep_hours,3.2616142177066125,-1
2025-05-27,sleep_hours,10.499419607762944,-1
2025-05-29,sleep_hours,11.429790059108246,-1
2025-05-30,sleep_hours,3.775002609647258,-1
2025-06-03,sleep_hours,10.119493650554768,-1
2025-06-17,sleep_hours,3.360468003757682,-1
2025-07-10,sleep_hours,3.796873875101204,-1
2025-07-15,sleep_hours,3.005901936143625,-1
2025-07-27,sleep_hours,10.11868662061752,-1
2024-10-06,sleep_hours,3.685332984073596,-1
2024-11-29,sleep_hours,10.71489263573605,-1
2024-12-05,sleep_hours,3.97323947548099,-1
2024-12-29,sleep_hours,4.052777548203566,-1
2025-01-02,sleep_hours,9.956478857601248,-1
2025-01-11,sleep_hours,10.670113787481773,-1
2025-01-14,sleep_hours,9.97636578153947,-1
2025-01-22,sleep_hours,3.0,-1
2025-01-26,sleep_hours,10.293691836009858,-1
2025-04-17,sleep_hours,12.0,-1
2025-04-29,sleep_hours,4.002575223653065,-1
2025-05-25,sleep_hours,10.568249787698088,-1
2025-06-24,sleep_hours,3.680878029796861,-1
2025-07-04,sleep_hours,3.0,-1
2025-07-09,sleep_hours,3.8320047846738783,-1
2025-08-27,sleep_hours,3.917040619851271,-1
2024-09-15,sleep_hours,10.00412868005012,-1
2024-11-09,sleep_hours,3.66354741679521,-1
2024-11-24,sleep_hours,3.3507416826112406,-1
2024-12-11,sleep_hours,10.383751904834408,-1
2024-12-13,sleep_hours,3.446053288338077,-1
2024-12-17,sleep_hours,9.980271533314388,-1
2025-01-28,sleep_hours,3.0,-1
2025-03-04,sleep_hours,3.295888819986546,-1
2025-03-23,sleep_hours,3.459909487291746,-1
2025-04-07,sleep_hours,3.733502540147958,-1
2025-07-19,sleep_hours,4.023150095970189,-1
2025-08-26,sleep_hours,3.771168532530755,-1
2024-09-29,sleep_hours,10.043011360178104,-1
2024-11-12,sleep_hours,10.601821674504206,-1
2024-11-21,sleep_hours,3.887427045710816,-1
2024-12-13,sleep_hours,11.261082437625031,-1
2024-12-22,sleep_hours,10.176575012710767,-1
2025-01-26,sleep_hours,10.96236065504488,-1
2025-02-22,sleep_hours,11.953455595525842,-1
2025-03-04,sleep_hours,3.584663208419299,-1
2025-03-25,sleep_hours,10.646792534452366,-1
2025-04-22,sleep_hours,3.233686875940088,-1
2025-06-05,sleep_hours,3.2406555746327737,-1
2025-06-06,sleep_hours,3.846020427642282,-1
2025-07-07,sleep_hours,10.480677248900689,-1
2025-07-09,sleep_hours,3.0661954376026648,-1
2025-07-12,sleep_hours,3.729885042386173,-1
2025-08-03,sleep_hours,10.39771703889576,-1
2025-08-23,sleep_hours,4.054187358495842,-1
2024-09-17,sleep_hours,9.993524140313507,-1
2024-09-22,sleep_hours,3.543515057197093,-1
2024-10-13,sleep_hours,3.258436696167404,-1
2024-11-02,sleep_hours,3.0,-1
2024-12-21,sleep_hours,3.923043210896278,-1
2025-02-26,sleep_hours,3.0,-1
2025-03-20,sleep_hours,3.512374009648691,-1
2025-03-23,sleep_hours,3.0,-1
2025-04-04,sleep_hours,10.31537133012618,-1
2025-04-15,sleep_hours,10.167884791484296,-1
2025-04-22,sleep_hours,3.1345030667106606,-1
2025-05-01,sleep_hours,3.319985731213716,-1
2025-05-03,sleep_hours,10.1720352200923,-1
2024-09-19,sleep_hours,10.883699107891092,-1
2024-09-29,sleep_hours,3.969531986218522,-1
2024-10-11,sleep_hours,11.649579802039304,-1
2024-10-30,sleep_hours,3.7978708459461528,-1
2024-12-06,sleep_hours,3.911181927033247,-1
2024-12-10,sleep_hours,3.0,-1
2025-02-10,sleep_hours,3.8606350397901568,-1
2025-03-17,sleep_hours,10.590844234285235,-1
2025-03-22,sleep_hours,3.913481329951257,-1
2025-03-29,sleep_hours,3.2480987591878705,-1
2025-04-04,sleep_hours,3.934684843619031,-1
2025-04-22,sleep_hours,10.377428660701824,-1
2025-05-04,sleep_hours,3.953381804135236,-1
2025-06-08,sleep_hours,3.912435244214963,-1
2025-06-24,sleep_hours,10.00785039048872,-1
2024-09-07,sleep_hours,3.910033048538568,-1
2024-09-20,sleep_hours,3.0,-1
2024-09-24,sleep_hours,10.41082614928236,-1
2024-10-19,sleep_hours,3.0,-1
2024-11-11,sleep_hours,3.8626905927526423,-1
2024-11-16,sleep_hours,10.170866361622023,-1
2024-11-22,sleep_hours,3.8904996638003,-1
2024-11-25,sleep_hours,3.746841996998396,-1
2025-01-10,sleep_hours,3.938148325551201,-1
2025-01-12,sleep_hours,11.232288875540624,-1
2025-01-16,sleep_hours,10.374761412326954,-1
2025-01-25,sleep_hours,10.3947237216447,-1
2025-02-14,sleep_hours,3.289690567006731,-1
2025-03-16,sleep_hours,10.110316722307104,-1
2025-04-02,sleep_hours,10.049627233870904,-1
2025-05-31,sleep_hours,4.040723865420038,-1
2025-06-05,sleep_hours,3.0,-1
2025-07-06,sleep_hours,10.901039190330843,-1
2025-07-12,sleep_hours,10.83020950468643,-1
2025-08-03,sleep_hours,9.986735266219537,-1
2025-08-22,sleep_hours,10.35212527946783,-1
2024-09-18,sleep_hours,3.351035975425762,-1
2024-09-19,sleep_hours,11.770015782041266,-1
2024-10-08,sleep_hours,11.066939770925591,-1
2024-10-20,sleep_hours,3.9267678907896446,-1
2024-11-15,sleep_hours,3.9738703619597056,-1
2024-11-21,sleep_hours,11.950305962861176,-1
2024-12-06,sleep_hours,10.149488603493907,-1
2025-01-02,sleep_hours,10.072380581017391,-1
2025-01-21,sleep_hours,10.506258698435207,-1
2025-01-26,sleep_hours,3.8728401706020743,-1
2025-02-26,sleep_hours,3.884137318975977,-1
2025-04-08,sleep_hours,10.210523148463071,-1
2025-04-15,sleep_hours,3.0,-1
2025-05-01,sleep_hours,10.481287442722618,-1
2025-05-19,sleep_hours,3.9951282083020505,-1
2025-06-17,sleep_hours,9.966327489015868,-1
2025-06-20,sleep_hours,3.0,-1
2025-06-26,sleep_hours,3.697981959367211,-1
2025-07-25,sleep_hours,4.045071018513875,-1
2024-09-06,sleep_hours,10.610247512386492,-1
2024-09-14,sleep_hours,3.199434992216344,-1
2024-09-15,sleep_hours,3.602125950465445,-1
2024-09-30,sleep_hours,3.9551788860880808,-1
2024-10-14,sleep_hours,3.12596845734326,-1
2024-10-30,sleep_hours,3.744226013746157,-1
2024-11-09,sleep_hours,10.14254413108765,-1
2024-11-20,sleep_hours,11.132676047188513,-1
2024-11-22,sleep_hours,3.762215543008952,-1
2024-12-17,sleep_hours,10.854720473678544,-1
2024-12-22,sleep_hours,3.973524665611903,-1
2024-12-28,sleep_hours,11.11581684142224,-1
2025-01-05,sleep_hours,3.989267213925558,-1
2025-02-17,sleep_hours,10.757102221354868,-1
2025-02-24,sleep_hours,3.0,-1
2025-03-25,sleep_hours,9.96714492265509,-1
2025-05-13,sleep_hours,3.891889500139391,-1
2025-05-29,sleep_hours,10.150007883381695,-1
2025-06-04,sleep_hours,3.7046934139806815,-1
2025-06-10,sleep_hours,10.510275703174663,-1
2025-07-03,sleep_hours,10.340729080219198,-1
2024-09-08,sleep_hours,3.0,-1
2024-09-26,sleep_hours,3.835407496119747,-1
2024-10-01,sleep_hours,11.016618344170135,-1
2024-10-07,sleep_hours,10.606972831043134,-1
2024-11-18,sleep_hours,10.00700096161641,-1
2024-11-22,sleep_hours,9.97334004813576,-1
2024-11-27,sleep_hours,3.954241476564367,-1
2024-12-15,sleep_hours,10.970766752560516,-1
2025-01-19,sleep_hours,11.435434643326202,-1
2025-01-30,sleep_hours,3.0,-1
2025-02-01,sleep_hours,3.58367288308236,-1
2025-03-11,sleep_hours,9.951689835131578,-1
2025-05-20,sleep_hours,3.791550918018517,-1
2025-07-15,sleep_hours,10.175970522295415,-1
2025-08-09,sleep_hours,10.536886583324002,-1
2024-09-15,sleep_hours,10.579602695055073,-1
2024-09-24,sleep_hours,4.020304058104052,-1
2024-11-17,sleep_hours,3.48849253635748,-1
2024-11-21,sleep_hours,10.384423977028137,-1
2024-11-30,sleep_hours,11.350586973893272,-1
2024-12-07,sleep_hours,10.305364916265608,-1
2024-12-24,sleep_hours,10.446123687469289,-1
2024-12-27,sleep_hours,11.290723254812924,-1
2024-12-28,sleep_hours,10.334829028025702,-1
2025-01-15,sleep_hours,3.3782618752630498,-1
2025-01-22,sleep_hours,3.949404879905858,-1
2025-01-27,sleep_hours,10.286239333376042,-1
2025-02-22,sleep_hours,10.353223913310249,-1
2025-04-06,sleep_hours,3.645403140797429,-1
2025-04-09,sleep_hours,3.683031486885117,-1
2025-06-03,sleep_hours,3.557617354200592,-1
2025-06-14,sleep_hours,3.333898762506357,-1
2025-07-11,sleep_hours,3.812462284965407,-1
2025-08-01,sleep_hours,3.957253791841816,-1
2025-08-13,sleep_hours,9.933298326999957,-1
2024-09-06,sleep_hours,10.171560070872992,-1
2024-09-20,sleep_hours,9.971139335669474,-1
2024-10-20,sleep_hours,10.154472821863449,-1
2024-11-05,sleep_hours,10.252214692550483,-1
2024-11-10,sleep_hours,10.492894065520556,-1
2024-12-15,sleep_hours,10.473739443900076,-1
2025-01-25,sleep_hours,10.623267935581325,-1
2025-02-10,sleep_hours,10.548013327975957,-1
2025-02-13,sleep_hours,11.017342438125786,-1
2025-02-15,sleep_hours,10.016704932595877,-1
2025-03-07,sleep_hours,3.4425267415568537,-1
2025-03-25,sleep_hours,3.635317641037916,-1
2025-04-05,sleep_hours,3.639539193172465,-1
2025-04-07,sleep_hours,10.22581254692962,-1
2025-04-08,sleep_hours,10.068340268511932,-1
2025-04-15,sleep_hours,10.167714819099478,-1
2025-04-16,sleep_hours,3.193174119280556,-1
2025-05-09,sleep_hours,9.960030111032202,-1
2025-05-12,sleep_hours,3.0,-1
2025-05-24,sleep_hours,10.098248821176128,-1
2025-05-28,sleep_hours,3.0,-1
2025-06-11,sleep_hours,3.9935327754623886,-1
2025-06-23,sleep_hours,3.9234812876963225,-1
2025-07-04,sleep_hours,10.591388454193158,-1
2025-07-06,sleep_hours,10.156890613303268,-1
2025-07-16,sleep_hours,3.9960671433939954,-1
2025-07-18,sleep_hours,10.034832565598055,-1
2025-07-31,sleep_hours,3.815434399177296,-1
2024-09-06,sleep_hours,10.013719299088736,-1
2024-09-27,sleep_hours,10.45657327476309,-1
2024-09-30,sleep_hours,3.5479188084152886,-1
2024-10-21,sleep_hours,3.0,-1
2024-11-14,sleep_hours,10.574107313694338,-1
2024-12-15,sleep_hours,10.407884005068558,-1
2025-03-01,sleep_hours,10.005308836700689,-1
2025-04-17,sleep_hours,3.9661795712318826,-1
2025-04-29,sleep_hours,3.748239603769064,-1
2025-05-09,sleep_hours,3.8613971369693783,-1
2025-05-10,sleep_hours,10.389079468407196,-1
2025-06-04,sleep_hours,3.977557287808415,-1
2025-06-26,sleep_hours,10.113598547827404,-1
2025-07-17,sleep_hours,11.494857934971126,-1
2025-07-20,sleep_hours,10.608625799501194,-1
2025-07-21,sleep_hours,3.832829138932696,-1
2025-07-30,sleep_hours,10.052943814549916,-1
2025-08-08,sleep_hours,3.71090425605807,-1
2025-08-10,sleep_hours,10.313006962640085,-1
2024-10-09,sleep_hours,3.185442878515331,-1
2024-10-11,sleep_hours,3.862530453341485,-1
2024-11-05,sleep_hours,10.63374254076265,-1
2024-11-14,sleep_hours,11.429643488747669,-1
2024-11-28,sleep_hours,10.623941140140063,-1
2024-11-30,sleep_hours,10.035036182525497,-1
2024-12-13,sleep_hours,3.0,-1
2024-12-19,sleep_hours,10.129176066470896,-1
2024-12-22,sleep_hours,3.704229779776579,-1
2025-01-09,sleep_hours,10.294454998134848,-1
2025-01-10,sleep_hours,3.967740172243776,-1
2025-01-12,sleep_hours,10.225265064496416,-1
2025-02-18,sleep_hours,3.586671505677949,-1
2025-04-08,sleep_hours,3.755236732349265,-1
2025-04-10,sleep_hours,3.058983665192754,-1
2025-04-30,sleep_hours,3.72631796834359,-1
2025-05-05,sleep_hours,3.2977864030075743,-1
2025-06-08,sleep_hours,3.770707856747252,-1
2025-07-11,sleep_hours,10.822596646021228,-1
2025-08-13,sleep_hours,3.765565475648149,-1
2024-10-24,sleep_hours,10.967039668175852,-1
2024-11-10,sleep_hours,3.856263347407485,-1
2025-01-04,sleep_hours,10.457870069653238,-1
2025-01-19,sleep_hours,10.577060092356714,-1
2025-01-22,sleep_hours,11.579498135722142,-1
2025-01-30,sleep_hours,3.449111244112636,-1
2025-03-06,sleep_hours,3.362673657341086,-1
2025-03-14,sleep_hours,3.1729977980599493,-1
2025-04-16,sleep_hours,10.230849462712223,-1
2025-04-18,sleep_hours,10.302930607726232,-1
2025-06-03,sleep_hours,3.70652181446024,-1
2025-06-13,sleep_hours,11.106172898539509,-1
2025-06-24,sleep_hours,10.685553308958257,-1
2025-08-27,sleep_hours,10.387296258536212,-1
2024-09-12,sleep_hours,3.509923708656744,-1
2024-10-03,sleep_hours,10.42197906300852,-1
2024-11-03,sleep_hours,10.910669329339914,-1
2024-11-25,sleep_hours,10.082513069948575,-1
2025-01-14,sleep_hours,11.373505912218146,-1
2025-02-26,sleep_hours,10.219011093401171,-1
2025-03-15,sleep_hours,10.148530001471794,-1
2025-03-17,sleep_hours,4.047440439444431,-1
2025-04-23,sleep_hours,3.210132212487625,-1
2025-05-03,sleep_hours,10.44978169589428,-1
2025-05-24,sleep_hours,10.055360585619972,-1
2025-07-27,sleep_hours,3.0,-1
2025-08-05,sleep_hours,3.717261766984216,-1
2024-09-08,sleep_hours,3.973534392643277,-1
2024-10-10,sleep_hours,9.997899951045811,-1
2024-10-31,sleep_hours,9.999543723366177,-1
2024-11-29,sleep_hours,10.095941974992344,-1
2024-12-06,sleep_hours,3.8556946740864575,-1
2025-01-12,sleep_hours,3.5748534874771005,-1
2025-02-01,sleep_hours,11.16000853093078,-1
2025-02-24,sleep_hours,3.0,-1
2025-03-03,sleep_hours,3.421335135356033,-1
2025-04-12,sleep_hours,10.082939711953523,-1
2025-04-15,sleep_hours,3.0,-1
2025-04-30,sleep_hours,10.060226554559083,-1
2025-06-16,sleep_hours,11.02946997510506,-1
2025-07-07,sleep_hours,3.9875961316806254,-1
2025-07-11,sleep_hours,10.315486061483648,-1
2025-07-24,sleep_hours,3.7933344851912265,-1
2025-08-26,sleep_hours,10.230307634264694,-1
2024-09-09,sleep_hours,3.6151692245792457,-1
2024-09-28,sleep_hours,10.36316854753759,-1
2024-10-15,sleep_hours,10.37059434867874,-1
2024-11-01,sleep_hours,10.454268754078369,-1
2024-11-15,sleep_hours,3.29403209568395,-1
2024-11-19,sleep_hours,10.094479457549271,-1
2024-11-24,sleep_hours,10.705846872470149,-1
2024-11-25,sleep_hours,4.046032140466167,-1
2024-12-11,sleep_hours,3.2361865364166365,-1
2024-12-13,sleep_hours,10.15979366941339,-1
2025-01-17,sleep_hours,10.613008002858756,-1
2025-01-19,sleep_hours,10.49588701055421,-1
2025-02-11,sleep_hours,3.0,-1
2025-02-25,sleep_hours,3.967967180411258,-1
2025-03-27,sleep_hours,10.430384040791004,-1
2025-04-19,sleep_hours,3.205003447952763,-1
2025-08-14,sleep_hours,12.0,-1
2025-08-21,sleep_hours,11.103039521830045,-1
2024-09-06,sleep_hours,10.049062766505768,-1
2024-09-08,sleep_hours,4.044916531648108,-1
2024-09-13,sleep_hours,3.3319114239116443,-1
2024-09-23,sleep_hours,10.225597763039762,-1
2024-10-02,sleep_hours,3.997908589343384,-1
2024-10-03,sleep_hours,9.96762657034441,-1
2024-10-05,sleep_hours,3.392430598178126,-1
2024-10-08,sleep_hours,3.3170357401637984,-1
2024-10-20,sleep_hours,3.0,-1
2024-10-25,sleep_hours,3.533174431760731,-1
2024-11-04,sleep_hours,10.82642128241649,-1
2024-11-18,sleep_hours,11.019857217586258,-1
2024-12-08,sleep_hours,11.715557423015513,-1
2025-01-02,sleep_hours,3.0,-1
2025-01-11,sleep_hours,3.900901548464349,-1
2025-02-26,sleep_hours,10.707446879177263,-1
2025-03-19,sleep_hours,10.57105273263107,-1
2025-03-25,sleep_hours,3.471838347769413,-1
2025-03-28,sleep_hours,10.1127771963776,-1
2025-04-19,sleep_hours,10.261587217461544,-1
2025-04-21,sleep_hours,3.9656136689254473,-1
2025-04-27,sleep_hours,10.25229592673332,-1
2025-04-29,sleep_hours,11.14903253399956,-1
2025-05-22,sleep_hours,4.007554497826157,-1
2025-07-17,sleep_hours,10.155476070268136,-1
2025-07-27,sleep_hours,3.1529608399058704,-1
2025-08-11,sleep_hours,10.544340834572647,-1
2024-09-06,sleep_hours,3.886278003541702,-1
2024-09-14,sleep_hours,11.438078554340663,-1
2024-09-16,sleep_hours,10.509554111016556,-1
2024-09-18,sleep_hours,10.128066324884667,-1
2024-09-30,sleep_hours,10.317648470435724,-1
2024-11-05,sleep_hours,10.059496629950704,-1
2024-11-20,sleep_hours,4.03639577544911,-1
2024-11-21,sleep_hours,3.0,-1
2024-12-10,sleep_hours,3.253129996831806,-1
2024-12-22,sleep_hours,10.335205238269197,-1
2025-01-18,sleep_hours,10.147928196329628,-1
2025-02-20,sleep_hours,9.99834192245652,-1
2025-02-26,sleep_hours,4.015823405144396,-1
2025-03-04,sleep_hours,3.0,-1
2025-03-24,sleep_hours,10.241933934586145,-1
2025-05-18,sleep_hours,10.78891409687283,-1
2025-05-30,sleep_hours,3.604205666248208,-1
2025-05-31,sleep_hours,10.217438013166811,-1
2025-06-29,sleep_hours,10.041459276800245,-1
2025-07-07,sleep_hours,3.0,-1
2025-07-21,sleep_hours,10.383471201717647,-1
2025-07-30,sleep_hours,3.9765363528037687,-1
2025-09-02,sleep_hours,10.816926825187425,-1
2024-09-24,sleep_hours,3.966992019537415,-1
2024-10-03,sleep_hours,10.854715793355217,-1
2024-10-21,sleep_hours,10.508968855221273,-1
2024-10-22,sleep_hours,10.12051832666339,-1
2024-11-16,sleep_hours,3.3296439769963277,-1
2024-12-16,sleep_hours,4.04146077149392,-1
2024-12-30,sleep_hours,11.361311241190494,-1
2025-01-24,sleep_hours,3.95585180241561,-1
2025-02-03,sleep_hours,3.092657196661688,-1
2025-03-10,sleep_hours,9.962692103945791,-1
2025-03-23,sleep_hours,10.43141408707686,-1
2025-06-18,sleep_hours,10.507960735316152,-1
2025-06-19,sleep_hours,10.688134462098311,-1
2025-07-11,sleep_hours,10.287667363572226,-1
2025-07-25,sleep_hours,4.018196033001799,-1
2025-08-07,sleep_hours,3.907259216885993,-1
2025-08-09,sleep_hours,3.81355294714473,-1
2025-09-01,sleep_hours,3.3589675915351243,-1
2024-09-06,sleep_hours,3.0,-1
2024-09-25,sleep_hours,3.172424428832436,-1
2024-10-03,sleep_hours,10.339199930141255,-1
2024-10-05,sleep_hours,10.270391187230691,-1
2024-10-22,sleep_hours,3.7439086065937897,-1
2024-11-25,sleep_hours,10.1694849010601,-1
2025-01-04,sleep_hours,10.216598870538844,-1
2025-01-15,sleep_hours,10.211829020524096,-1
2025-01-21,sleep_hours,3.989163712787609,-1
2025-02-18,sleep_hours,3.630565410643549,-1
2025-02-25,sleep_hours,10.402243655135369,-1
2025-03-13,sleep_hours,10.664764014664298,-1
2025-03-18,sleep_hours,3.286093724243904,-1
2025-03-31,sleep_hours,10.222120384558206,-1
2025-04-09,sleep_hours,10.706504708153036,-1
2025-05-01,sleep_hours,11.663809453987296,-1
2025-05-03,sleep_hours,3.666177087616669,-1
2025-05-21,sleep_hours,3.315978440691227,-1
2025-07-13,sleep_hours,10.660376456352214,-1
2025-08-09,sleep_hours,3.1135975174141874,-1
2025-09-04,sleep_hours,10.071903456210316,-1
2024-09-10,sleep_hours,10.158805794506469,-1
2024-09-18,sleep_hours,10.29537746530396,-1
2024-10-04,sleep_hours,9.98345646672645,-1
2024-10-05,sleep_hours,3.0,-1
2024-10-23,sleep_hours,10.873119551440425,-1
2024-10-24,sleep_hours,3.867597775666248,-1
2024-10-31,sleep_hours,4.046643301304076,-1
2024-11-04,sleep_hours,10.168767134625073,-1
2024-11-17,sleep_hours,3.911100144686439,-1
2024-11-18,sleep_hours,10.358199152790082,-1
2024-11-19,sleep_hours,3.7772224319206655,-1
2024-12-03,sleep_hours,10.116247806797254,-1
2024-12-18,sleep_hours,10.579097060586898,-1
2024-12-21,sleep_hours,10.215252602820918,-1
2025-01-26,sleep_hours,11.222490596520291,-1
2025-01-29,sleep_hours,10.864688462268958,-1
2025-05-25,sleep_hours,10.11264445450754,-1
2025-06-16,sleep_hours,3.327687039206512,-1
2025-06-27,sleep_hours,3.012338823888539,-1
2025-07-03,sleep_hours,4.0112319473941085,-1
2025-07-17,sleep_hours,3.515783335290376,-1
2025-07-31,sleep_hours,11.301832179076175,-1
2025-09-03,sleep_hours,3.111162919339728,-1
2024-09-12,sleep_hours,3.702333535792497,-1
2024-09-17,sleep_hours,3.807802812580765,-1
2024-10-29,sleep_hours,10.417950441188305,-1
2024-12-10,sleep_hours,10.09877569324949,-1
2025-01-07,sleep_hours,4.009344183637963,-1
2025-03-17,sleep_hours,10.054268688880722,-1
2025-03-30,sleep_hours,10.023556194499063,-1
2025-04-02,sleep_hours,3.7156248940739554,-1
2025-04-19,sleep_hours,9.96912550266905,-1
2025-05-03,sleep_hours,10.144426346455678,-1
2025-05-13,sleep_hours,3.0,-1
2025-05-25,sleep_hours,3.219436502706808,-1
2025-05-27,sleep_hours,3.722322243783743,-1
2025-06-02,sleep_hours,10.127422111107183,-1
2025-06-03,sleep_hours,3.926171877114581,-1
2025-06-17,sleep_hours,12.0,-1
2025-07-06,sleep_hours,3.910303645636853,-1
2025-07-10,sleep_hours,3.5233029549343184,-1
2025-08-13,sleep_hours,9.94748390206449,-1
2025-08-29,sleep_hours,10.15393826098922,-1
2024-09-09,sleep_hours,3.0,-1
2024-09-11,sleep_hours,10.461876065507088,-1
2024-09-24,sleep_hours,3.829237447380996,-1
2024-10-07,sleep_hours,10.886394146846891,-1
2024-10-10,sleep_hours,10.889891789525809,-1
2024-10-18,sleep_hours,10.936076793338794,-1
2024-10-30,sleep_hours,3.8923130727055177,-1
2024-11-01,sleep_hours,9.968060501891948,-1
2024-11-04,sleep_hours,3.0,-1
2024-11-18,sleep_hours,10.646458379697275,-1
2024-12-02,sleep_hours,10.677055811603465,-1
2024-12-09,sleep_hours,10.572421618098918,-1
2024-12-25,sleep_hours,3.3429401155141982,-1
2025-01-09,sleep_hours,11.101445671867696,-1
2025-01-27,sleep_hours,10.157944173147788,-1
2025-02-02,sleep_hours,10.089070109466237,-1
2025-03-28,sleep_hours,3.0,-1
2025-03-30,sleep_hours,10.811073738300918,-1
2025-05-10,sleep_hours,10.225154687380131,-1
2025-06-17,sleep_hours,10.089014209633788,-1
2025-07-11,sleep_hours,10.6588157806133,-1
2025-07-29,sleep_hours,3.0,-1
2025-07-30,sleep_hours,10.110224477285144,-1
2025-08-05,sleep_hours,10.369547606305776,-1
2024-09-15,sleep_hours,3.804776573229579,-1
2024-09-25,sleep_hours,3.9221288453636136,-1
2024-09-29,sleep_hours,3.3252627366591785,-1
2024-10-05,sleep_hours,10.377706458500416,-1
2024-10-10,sleep_hours,3.1043061590214283,-1
2024-10-12,sleep_hours,3.0,-1
2024-11-05,sleep_hours,3.96278060486888,-1
2024-11-12,sleep_hours,3.306673896136532,-1
2024-11-22,sleep_hours,10.169544399279696,-1
2024-12-06,sleep_hours,3.754986210348729,-1
2024-12-18,sleep_hours,10.47891204844644,-1
2024-12-21,sleep_hours,3.763106819856948,-1
2025-01-09,sleep_hours,3.647875697880989,-1
2025-01-22,sleep_hours,3.851192211299404,-1
2025-02-05,sleep_hours,3.63047808544333,-1
2025-02-12,sleep_hours,10.268270770588348,-1
2025-02-17,sleep_hours,10.294161092230354,-1
2025-02-26,sleep_hours,10.774139046893923,-1
2025-03-03,sleep_hours,10.052284200334311,-1
2025-03-09,sleep_hours,3.1692194466242123,-1
2025-04-05,sleep_hours,9.9399763572229,-1
2025-04-07,sleep_hours,3.977527561097928,-1
2025-04-10,sleep_hours,9.975502583025197,-1
2025-04-18,sleep_hours,3.976728348130564,-1
2025-05-28,sleep_hours,10.525076678104291,-1
2025-05-29,sleep_hours,10.65382149654978,-1
2025-06-09,sleep_hours,9.99969079612812,-1
2025-06-12,sleep_hours,10.851264021596648,-1
2025-06-20,sleep_hours,3.2148389795599503,-1
2025-07-09,sleep_hours,9.961353968589322,-1
2025-07-19,sleep_hours,3.495805492118258,-1
2025-08-07,sleep_hours,10.121220790181573,-1
2024-09-13,sleep_hours,3.2936878997962618,-1
2024-09-24,sleep_hours,3.29303030867554,-1
2024-10-10,sleep_hours,11.197252434684415,-1
2024-10-14,sleep_hours,10.150366147193338,-1
2024-10-29,sleep_hours,3.616241490217468,-1
2024-12-07,sleep_hours,10.03124522400501,-1
2024-12-29,sleep_hours,3.0374773546135776,-1
2025-01-06,sleep_hours,3.900986095938362,-1
2025-02-20,sleep_hours,11.267265013672224,-1
2025-03-19,sleep_hours,3.959864251682947,-1
2025-03-22,sleep_hours,3.833958337749944,-1
2025-04-17,sleep_hours,3.294663102050585,-1
2025-05-02,sleep_hours,4.009727966908737,-1
2025-05-17,sleep_hours,3.607063167725655,-1
2025-05-20,sleep_hours,3.441394702353372,-1
2025-05-28,sleep_hours,10.408806051610114,-1
2025-06-05,sleep_hours,10.365127665231409,-1
2025-06-06,sleep_hours,10.220491453581811,-1
2025-06-09,sleep_hours,10.379637304306105,-1
2025-07-09,sleep_hours,3.4712747439535767,-1
2025-07-31,sleep_hours,3.6668326674441785,-1
2025-09-02,sleep_hours,9.936171159153805,-1
2024-09-25,sleep_hours,3.766341250752534,-1
2024-09-29,sleep_hours,3.596816953767104,-1
2024-09-30,sleep_hours,10.311899416468124,-1
2024-10-08,sleep_hours,3.987461407707744,-1
2024-10-24,sleep_hours,10.384742916875464,-1
2024-11-15,sleep_hours,3.965797323260966,-1
2024-11-28,sleep_hours,3.0,-1
2024-12-21,sleep_hours,3.955462416413208,-1
2024-12-26,sleep_hours,3.0,-1
2025-01-08,sleep_hours,3.720671668517861,-1
2025-03-13,sleep_hours,3.93838274948625,-1
2025-03-17,sleep_hours,9.949463410922606,-1
2025-05-02,sleep_hours,3.611800787868505,-1
2025-05-16,sleep_hours,3.0,-1
2025-05-19,sleep_hours,10.308766414324015,-1
2025-06-02,sleep_hours,10.225818152652236,-1
2025-06-03,sleep_hours,10.880789459639203,-1
2025-06-11,sleep_hours,10.55562460938376,-1
2025-06-17,sleep_hours,10.778966993232377,-1
2025-07-02,sleep_hours,9.9328677305617,-1
2025-08-01,sleep_hours,11.195646691815185,-1
2025-08-28,sleep_hours,3.144736958486267,-1
2024-09-12,sleep_hours,10.647674068894457,-1
2024-09-15,sleep_hours,4.043269117849752,-1
2024-10-07,sleep_hours,9.957798962728054,-1
2024-10-27,sleep_hours,3.563185830683733,-1
2024-10-29,sleep_hours,3.791423892902648,-1
2024-12-10,sleep_hours,10.522209723887192,-1
2024-12-11,sleep_hours,11.31549913691721,-1
2025-01-04,sleep_hours,11.355915464317116,-1
2025-01-20,sleep_hours,3.791342328925592,-1
2025-01-21,sleep_hours,3.102687155408865,-1
2025-02-02,sleep_hours,10.604102200546825,-1
2025-02-15,sleep_hours,11.24673525213515,-1
2025-03-26,sleep_hours,3.404945333465207,-1
2025-04-15,sleep_hours,3.736295262093401,-1
2025-04-29,sleep_hours,3.273520655626238,-1
2025-05-06,sleep_hours,3.999394821843074,-1
2025-06-05,sleep_hours,10.15011956247764,-1
2025-06-13,sleep_hours,3.0301734903916784,-1
2025-07-24,sleep_hours,11.983728044960651,-1
2024-09-16,sleep_hours,12.0,-1
2024-09-18,sleep_hours,3.0,-1
2024-10-17,sleep_hours,10.035649874883092,-1
2024-10-18,sleep_hours,3.083963009028692,-1
2024-10-20,sleep_hours,3.704655497190276,-1
2024-11-05,sleep_hours,3.451156403690564,-1
2024-12-27,sleep_hours,10.094708891109637,-1
2025-01-25,sleep_hours,10.01069853640498,-1
2025-03-05,sleep_hours,10.399939983394557,-1
2025-03-11,sleep_hours,9.990567156911055,-1
2025-03-31,sleep_hours,4.03373830618945,-1
2025-04-12,sleep_hours,3.0,-1
2025-05-08,sleep_hours,3.464173498954634,-1
2025-06-05,sleep_hours,3.0,-1
2025-06-15,sleep_hours,10.238049229446949,-1
2025-06-22,sleep_hours,3.0,-1
2025-07-23,sleep_hours,3.0,-1
2025-08-14,sleep_hours,10.308706483830155,-1
2025-09-03,sleep_hours,11.049808739543884,-1
2025-09-05,sleep_hours,3.0804687020696893,-1
2024-09-13,sleep_hours,3.36428713534265,-1
2024-09-16,sleep_hours,10.225196017597064,-1
2024-09-18,sleep_hours,3.5619118368642084,-1
2024-09-29,sleep_hours,3.159502125909391,-1
2024-10-03,sleep_hours,10.72966759595964,-1
2024-10-19,sleep_hours,3.937666450187896,-1
2024-10-25,sleep_hours,3.911951558855699,-1
2024-11-03,sleep_hours,3.9213051077890526,-1
2024-11-25,sleep_hours,3.0,-1
2025-01-07,sleep_hours,3.3291782849939597,-1
2025-02-06,sleep_hours,10.07230318219991,-1
2025-04-16,sleep_hours,3.820895654561778,-1
2025-05-19,sleep_hours,9.984045090606706,-1
2025-05-26,sleep_hours,3.798544722453614,-1
2025-06-08,sleep_hours,10.29718502542201,-1
2025-07-20,sleep_hours,3.608502285802312,-1
2025-07-21,sleep_hours,10.295520429853056,-1
2025-09-02,sleep_hours,10.97553679552712,-1
2024-09-30,sleep_hours,10.88339823667034,-1
2024-10-20,sleep_hours,9.94838364259973,-1
2024-12-20,sleep_hours,10.11205499432548,-1
2024-12-21,sleep_hours,10.26348102533258,-1
2024-12-25,sleep_hours,3.2728104314665614,-1
2025-01-02,sleep_hours,3.7374240539572847,-1
2025-01-13,sleep_hours,3.5352479560252466,-1
2025-01-30,sleep_hours,3.399636232961252,-1
2025-02-07,sleep_hours,3.51402189651346,-1
2025-02-25,sleep_hours,10.246246747967527,-1
2025-03-05,sleep_hours,3.6807052261387296,-1
2025-03-11,sleep_hours,9.987114225914915,-1
2025-03-16,sleep_hours,9.947972919348071,-1
2025-03-28,sleep_hours,3.9124237176724943,-1
2025-03-30,sleep_hours,11.827649855632252,-1
2025-05-19,sleep_hours,3.0,-1
2025-05-24,sleep_hours,3.996156638260583,-1
2025-06-02,sleep_hours,3.764413030010648,-1
2025-06-20,sleep_hours,10.017241952349332,-1
2025-08-09,sleep_hours,3.845250991398292,-1
2024-09-11,sleep_hours,9.984875468645823,-1
2024-11-28,sleep_hours,3.791848260011346,-1
2024-12-06,sleep_hours,11.41400650855906,-1
2024-12-10,sleep_hours,3.0,-1
2024-12-15,sleep_hours,10.108751983454402,-1
2024-12-21,sleep_hours,10.42317172761586,-1
2024-12-26,sleep_hours,3.721110186680077,-1
2025-02-02,sleep_hours,3.988483875516727,-1
2025-02-17,sleep_hours,11.32086746531819,-1
2025-02-23,sleep_hours,10.424207330368237,-1
2025-02-26,sleep_hours,3.0,-1
2025-03-21,sleep_hours,3.0961835102290096,-1
2025-04-02,sleep_hours,10.013830317247582,-1
2025-04-09,sleep_hours,10.451749982868003,-1
2025-04-10,sleep_hours,3.0,-1
2025-04-21,sleep_hours,3.2759407918598025,-1
2025-05-09,sleep_hours,10.608194211637604,-1
2025-05-29,sleep_hours,3.0,-1
2025-06-03,sleep_hours,10.30165175438757,-1
2025-06-23,sleep_hours,11.01836991401128,-1
2025-07-13,sleep_hours,3.6298385289208,-1
2025-08-06,sleep_hours,9.980016229092968,-1
2025-08-08,sleep_hours,3.6726756367203497,-1
2024-09-24,sleep_hours,10.087758391232985,-1
2024-12-19,sleep_hours,3.034092739435549,-1
2025-01-06,sleep_hours,10.723962450856416,-1
2025-02-03,sleep_hours,3.0,-1
2025-02-09,sleep_hours,3.0,-1
2025-03-02,sleep_hours,3.738180411476617,-1
2025-03-26,sleep_hours,4.044757319387878,-1
2025-05-03,sleep_hours,3.732806295831888,-1
2025-06-03,sleep_hours,11.187054951993757,-1
2025-06-10,sleep_hours,3.4507780537602546,-1
2025-06-16,sleep_hours,3.1255666631990286,-1
2025-08-12,sleep_hours,3.734707699272228,-1
2025-08-14,sleep_hours,10.211186311797036,-1
2025-08-21,sleep_hours,4.019746794314077,-1
2025-09-01,sleep_hours,3.939924039443741,-1
2024-09-17,sleep_hours,3.708393491539813,-1
2024-09-26,sleep_hours,3.698375763114056,-1
2024-10-17,sleep_hours,3.0750536540721485,-1
2024-10-18,sleep_hours,3.9095051816781465,-1
2024-10-28,sleep_hours,12.0,-1
2024-11-12,sleep_hours,10.005526357437011,-1
2024-12-02,sleep_hours,3.874950511390285,-1
2024-12-25,sleep_hours,10.128624983461188,-1
2025-01-08,sleep_hours,3.7063240523363934,-1
2025-01-30,sleep_hours,10.78329081010536,-1
2025-02-06,sleep_hours,10.03083181801421,-1
2025-02-08,sleep_hours,10.173728042719336,-1
2025-04-14,sleep_hours,10.267249720272094,-1
2025-04-28,sleep_hours,10.222323556631103,-1
2025-05-13,sleep_hours,3.0,-1
2025-06-10,sleep_hours,10.10829549425238,-1
2025-06-26,sleep_hours,3.211688772433216,-1
2025-06-27,sleep_hours,3.684703923718585,-1
2025-07-01,sleep_hours,10.539075713053457,-1
2025-07-21,sleep_hours,3.830807352756548,-1
2025-08-25,sleep_hours,12.0,-1
2024-09-23,sleep_hours,11.079263923175873,-1
2024-10-17,sleep_hours,10.045757404518945,-1
2024-10-24,sleep_hours,3.263031048951629,-1
2024-12-10,sleep_hours,3.9148790496175394,-1
2024-12-11,sleep_hours,3.967685469093464,-1
2024-12-19,sleep_hours,10.340853693223949,-1
2024-12-27,sleep_hours,9.936466396364075,-1
2025-01-06,sleep_hours,3.7813174153006095,-1
2025-01-13,sleep_hours,9.97703417655872,-1
2025-03-06,sleep_hours,3.318911855539267,-1
2025-03-13,sleep_hours,3.078564835005592,-1
2025-04-30,sleep_hours,10.032907622873322,-1
2025-07-14,sleep_hours,3.88735536786036,-1
2025-07-15,sleep_hours,3.903260634288421,-1
2025-07-19,sleep_hours,3.444385921891093,-1
2025-07-26,sleep_hours,10.255230233977514,-1
2025-08-14,sleep_hours,10.983786977700545,-1
2024-09-11,sleep_hours,10.898348784248295,-1
2024-11-22,sleep_hours,3.412293692764579,-1
2025-01-19,sleep_hours,10.080169718713162,-1
2025-02-06,sleep_hours,10.041470898821656,-1
2025-02-09,sleep_hours,3.872742600671136,-1
2025-02-14,sleep_hours,10.17852232932398,-1
2025-02-16,sleep_hours,4.009869450371778,-1
2025-03-04,sleep_hours,10.056068637729735,-1
2025-04-19,sleep_hours,10.828176628939309,-1
2025-04-22,sleep_hours,10.082906074328497,-1
2025-05-11,sleep_hours,10.177007708105169,-1
2025-05-21,sleep_hours,10.265171001784328,-1
2025-06-02,sleep_hours,3.5865899409198185,-1
2025-06-10,sleep_hours,3.869767609889011,-1
2025-07-22,sleep_hours,10.00085270273946,-1
2025-07-25,sleep_hours,9.946985766237228,-1
2025-08-07,sleep_hours,3.175949055875501,-1
2025-09-05,sleep_hours,10.469470607417492,-1
2024-10-05,sleep_hours,3.6247360457015136,-1
2024-10-11,sleep_hours,10.05031145780142,-1
2024-10-12,sleep_hours,10.125337396266207,-1
2024-10-23,sleep_hours,3.3946239419618616,-1
2024-11-02,sleep_hours,12.0,-1
2024-12-06,sleep_hours,10.077963879260416,-1
2024-12-21,sleep_hours,10.116863247612578,-1
2025-01-07,sleep_hours,3.2687447770876563,-1
2025-02-25,sleep_hours,3.0,-1
2025-04-03,sleep_hours,3.677410056635543,-1
2025-04-14,sleep_hours,4.040294992958419,-1
2025-05-09,sleep_hours,3.976432933927301,-1
2025-05-12,sleep_hours,3.913502505821483,-1
2025-05-13,sleep_hours,3.537237351585544,-1
2025-05-25,sleep_hours,3.8761188559192608,-1
2025-07-23,sleep_hours,10.693577300266284,-1
2025-08-04,sleep_hours,11.193854030593888,-1
2025-08-12,sleep_hours,3.3377780523708376,-1
2025-08-16,sleep_hours,3.714925596212456,-1
2025-09-01,sleep_hours,3.7537690953475193,-1
2025-09-05,sleep_hours,10.428204562978204,-1
2024-09-22,sleep_hours,3.9961025929256553,-1
2024-09-30,sleep_hours,4.039540668685177,-1
2024-10-04,sleep_hours,3.544040136931958,-1
2024-11-29,sleep_hours,12.0,-1
2024-11-30,sleep_hours,3.4737498071111834,-1
2024-12-25,sleep_hours,3.95310920902942,-1
2024-12-28,sleep_hours,10.046124896219478,-1
2025-01-29,sleep_hours,3.85952745776384,-1
2025-03-14,sleep_hours,3.890535871077364,-1
2025-03-22,sleep_hours,3.5408563296438733,-1
2025-03-26,sleep_hours,3.651399155084712,-1
2025-05-19,sleep_hours,10.385473709791034,-1
2025-05-28,sleep_hours,10.9563019714623,-1
2025-06-09,sleep_hours,3.7382424218113455,-1
2025-07-24,sleep_hours,10.741920330141678,-1
2025-07-26,sleep_hours,10.19641685164424,-1
2025-08-01,sleep_hours,3.2565110143369287,-1
2025-08-13,sleep_hours,11.493416199387193,-1
2025-08-25,sleep_hours,10.280408138058911,-1
2024-09-12,sleep_hours,10.640314599641286,-1
2024-09-19,sleep_hours,11.452370087732668,-1
2024-10-03,sleep_hours,10.55782250832602,-1
2024-10-04,sleep_hours,10.27215381756866,-1
2024-10-10,sleep_hours,10.225193709247092,-1
2024-11-05,sleep_hours,10.419981157709532,-1
2024-11-25,sleep_hours,11.050036319531426,-1
2024-12-22,sleep_hours,10.64965753496225,-1
2024-12-28,sleep_hours,4.003517092004234,-1
2025-03-06,sleep_hours,10.196553860359844,-1
2025-03-22,sleep_hours,3.577080476595372,-1
2025-04-04,sleep_hours,4.024690305849364,-1
2025-04-16,sleep_hours,3.0,-1
2025-05-15,sleep_hours,3.0,-1
2025-06-02,sleep_hours,3.760709499768084,-1
2025-06-10,sleep_hours,3.401719819713272,-1
2025-07-18,sleep_hours,3.3175319381840787,-1
2024-09-28,sleep_hours,9.976717468419928,-1
2024-10-09,sleep_hours,11.083671362526852,-1
2024-11-17,sleep_hours,3.473775097948228,-1
2024-12-27,sleep_hours,3.413612653103272,-1
2025-01-28,sleep_hours,11.689646647992587,-1
2025-01-31,sleep_hours,3.4993569735272416,-1
2025-02-14,sleep_hours,11.393904776351798,-1
2025-02-16,sleep_hours,4.000314675923804,-1
2025-03-07,sleep_hours,3.0,-1
2025-03-08,sleep_hours,3.0,-1
2025-03-18,sleep_hours,3.9852722529979983,-1
2025-05-06,sleep_hours,10.49729074991171,-1
2025-05-09,sleep_hours,3.172195130904365,-1
2025-05-13,sleep_hours,10.975024976736456,-1
2025-05-16,sleep_hours,10.199444696455378,-1
2025-05-27,sleep_hours,10.1976674936682,-1
2025-06-02,sleep_hours,3.4095054578971253,-1
2025-06-09,sleep_hours,3.367447568396207,-1
2025-06-18,sleep_hours,9.962443223568055,-1
2025-07-29,sleep_hours,3.409807485944012,-1
2025-08-22,sleep_hours,3.672468391682586,-1
2024-09-28,sleep_hours,10.14607728154686,-1
2024-11-16,sleep_hours,10.200943108825802,-1
2024-12-18,sleep_hours,3.1038041944736303,-1
2024-12-26,sleep_hours,10.109735066307987,-1
2024-12-29,sleep_hours,3.0,-1
2025-01-13,sleep_hours,3.0,-1
2025-01-24,sleep_hours,3.8737030584333625,-1
2025-02-18,sleep_hours,10.637359650652984,-1
2025-02-25,sleep_hours,10.067937490455767,-1
2025-03-01,sleep_hours,9.968538123131166,-1
2025-03-04,sleep_hours,10.274633655070744,-1
2025-03-17,sleep_hours,9.983138844710574,-1
2025-06-16,sleep_hours,3.747330439518688,-1
2025-07-29,sleep_hours,3.924514644787494,-1
2024-10-02,sleep_hours,9.960828662942683,-1
2024-10-10,sleep_hours,10.028591676494614,-1
2024-10-21,sleep_hours,10.271076232649571,-1
2024-11-02,sleep_hours,11.023337762908993,-1
2024-11-03,sleep_hours,10.244422918668755,-1
2024-12-11,sleep_hours,10.173362876144434,-1
2025-01-18,sleep_hours,3.0,-1
2025-02-24,sleep_hours,3.956582174349404,-1
2025-04-05,sleep_hours,10.04937618551366,-1
2025-05-28,sleep_hours,3.7316908210147792,-1
2025-06-03,sleep_hours,3.4076180792363937,-1
2025-06-12,sleep_hours,9.966819999782976,-1
2025-07-03,sleep_hours,10.673765367251024,-1
2025-08-25,sleep_hours,10.187365135188449,-1
2024-09-16,sleep_hours,3.48222026140066,-1
2024-10-10,sleep_hours,11.576816762795875,-1
2024-11-30,sleep_hours,3.578060396089268,-1
2024-12-18,sleep_hours,3.2217957774267267,-1
2024-12-23,sleep_hours,3.0781285159863474,-1
2025-02-03,sleep_hours,3.934682156893611,-1
2025-02-24,sleep_hours,3.79837160363073,-1
2025-04-06,sleep_hours,4.047532628173234,-1
2025-04-23,sleep_hours,4.043679882317945,-1
2025-04-25,sleep_hours,11.100582293273932,-1
2025-05-13,sleep_hours,3.359741444847507,-1
2025-05-19,sleep_hours,10.339310900750244,-1
2025-06-16,sleep_hours,3.674803223274509,-1
2025-08-24,sleep_hours,3.986248679063643,-1
2024-09-15,sleep_hours,10.432622379801543,-1
2024-10-10,sleep_hours,9.949143719798595,-1
2024-10-24,sleep_hours,9.985735320930662,-1
2024-11-25,sleep_hours,9.93784021890686,-1
2024-12-05,sleep_hours,10.244581841475128,-1
2024-12-08,sleep_hours,3.863911492156253,-1
2024-12-26,sleep_hours,3.764150084668916,-1
2025-01-05,sleep_hours,3.0,-1
2025-01-12,sleep_hours,10.505987886568178,-1
2025-01-25,sleep_hours,11.070257418723768,-1
2025-02-01,sleep_hours,3.0,-1
2025-02-27,sleep_hours,10.302649690019496,-1
2025-03-01,sleep_hours,11.062091880947232,-1
2025-04-09,sleep_hours,9.992419070087054,-1
2025-04-19,sleep_hours,10.254484146964916,-1
2025-05-01,sleep_hours,3.230685047766722,-1
2025-05-12,sleep_hours,3.876957799754332,-1
2025-05-17,sleep_hours,10.77315839088836,-1
2025-05-29,sleep_hours,3.345035372213633,-1
2025-07-17,sleep_hours,10.01250419795128,-1
2025-08-06,sleep_hours,10.652492153893355,-1
2024-09-08,sleep_hours,10.06997861779268,-1
2024-09-09,sleep_hours,10.081491951356348,-1
2024-09-11,sleep_hours,10.097963967399274,-1
2024-10-20,sleep_hours,3.821777935166191,-1
2024-10-25,sleep_hours,3.056724805831909,-1
2024-11-07,sleep_hours,3.8213295875192825,-1
2024-11-15,sleep_hours,10.14994983937932,-1
2024-11-25,sleep_hours,3.33605196639828,-1
2024-11-30,sleep_hours,10.035779328675805,-1
2024-12-08,sleep_hours,3.0,-1
2024-12-13,sleep_hours,9.962695212412717,-1
2024-12-30,sleep_hours,10.185687641602144,-1
2025-01-19,sleep_hours,11.181820868917391,-1
2025-01-27,sleep_hours,10.077652916825585,-1
2025-02-11,sleep_hours,10.02155307157842,-1
2025-02-16,sleep_hours,12.0,-1
2025-07-18,sleep_hours,3.0,-1
2025-08-05,sleep_hours,3.0,-1
2025-08-13,sleep_hours,11.530801622590038,-1
2025-09-02,sleep_hours,3.860214840322842,-1
2024-09-16,sleep_hours,10.877186709064285,-1
2024-10-12,sleep_hours,3.8559320383596,-1
2024-10-15,sleep_hours,3.0,-1
2024-11-09,sleep_hours,10.42949590958608,-1
2024-11-10,sleep_hours,3.771082282012621,-1
2024-12-09,sleep_hours,3.2288663025607525,-1
2024-12-14,sleep_hours,10.197278598877272,-1
2024-12-24,sleep_hours,10.649661481071131,-1
2025-02-04,sleep_hours,10.137943621778376,-1
2025-03-12,sleep_hours,3.7695363565171434,-1
2025-04-16,sleep_hours,3.725180042724985,-1
2025-05-12,sleep_hours,3.673821220914165,-1
2025-05-25,sleep_hours,10.311009496957205,-1
2025-06-17,sleep_hours,10.016151109558972,-1
2025-07-08,sleep_hours,10.148234064629325,-1
2025-07-10,sleep_hours,3.5526235124609675,-1
2025-07-16,sleep_hours,3.0,-1
2025-07-30,sleep_hours,3.7151301371946888,-1
2025-08-13,sleep_hours,10.07027055063314,-1
2025-08-22,sleep_hours,3.5289696043419707,-1
2024-09-23,sleep_hours,9.969507238777044,-1
2024-12-30,sleep_hours,11.18983590853469,-1
2025-01-31,sleep_hours,4.039398189180749,-1
2025-02-11,sleep_hours,3.9847923886285344,-1
2025-03-25,sleep_hours,10.182275506425668,-1
2025-03-31,sleep_hours,4.015355627352352,-1
2025-04-18,sleep_hours,11.544437254565098,-1
2025-04-23,sleep_hours,3.9008767326964193,-1
2025-04-24,sleep_hours,10.014851956653567,-1
2025-05-12,sleep_hours,3.841957671262173,-1
2025-06-10,sleep_hours,11.56849097378271,-1
2025-06-14,sleep_hours,3.0,-1
2025-07-05,sleep_hours,3.443684751708407,-1
2025-07-23,sleep_hours,3.67929462347728,-1
2024-09-06,sleep_hours,4.021538415873911,-1
2024-09-16,sleep_hours,3.0,-1
2024-10-13,sleep_hours,3.984320203358166,-1
2024-11-09,sleep_hours,10.289782248674484,-1
2024-11-10,sleep_hours,3.425338764126878,-1
2024-11-14,sleep_hours,10.27417310086543,-1
2024-11-27,sleep_hours,10.269844578974752,-1
2024-12-06,sleep_hours,3.875060668549169,-1
2024-12-25,sleep_hours,3.393884061244888,-1
2025-01-27,sleep_hours,3.912098253300246,-1
2025-02-15,sleep_hours,10.32774492593228,-1
2025-02-19,sleep_hours,10.157011276015602,-1
2025-02-23,sleep_hours,9.988398838628692,-1
2025-04-20,sleep_hours,3.5212680614943865,-1
2025-04-23,sleep_hours,3.518548904068222,-1
2025-08-26,sleep_hours,3.0,-1
2024-09-25,sleep_hours,10.65686603981665,-1
2024-09-26,sleep_hours,10.2301222381483,-1
2024-10-20,sleep_hours,3.454798907346348,-1
2024-11-04,sleep_hours,3.9071881561637296,-1
2024-11-07,sleep_hours,10.081789523436296,-1
2024-12-01,sleep_hours,3.895916075882861,-1
2025-01-13,sleep_hours,3.6977341631684233,-1
2025-02-16,sleep_hours,10.883862398097868,-1
2025-02-23,sleep_hours,3.2572281650831574,-1
2025-02-25,sleep_hours,3.162840999099344,-1
2025-02-26,sleep_hours,11.21421529062706,-1
2025-03-26,sleep_hours,10.496459275711745,-1
2025-04-12,sleep_hours,3.851603191662423,-1
2025-04-18,sleep_hours,3.909614849987185,-1
2025-05-10,sleep_hours,9.996440413708092,-1
2025-05-27,sleep_hours,11.21804266117652,-1
2025-05-30,sleep_hours,10.36153837957956,-1
2025-06-16,sleep_hours,3.596423494910764,-1
2025-08-01,sleep_hours,3.0,-1
2025-08-12,sleep_hours,3.5700042906351226,-1
2024-11-01,sleep_hours,10.069211834094853,-1
2024-11-20,sleep_hours,11.551463962066824,-1
2024-12-02,sleep_hours,11.20239436194541,-1
2024-12-09,sleep_hours,9.952720034049324,-1
2024-12-26,sleep_hours,3.762967810456995,-1
2024-12-31,sleep_hours,3.113021085786346,-1
2025-01-11,sleep_hours,9.934669193626902,-1
2025-02-20,sleep_hours,3.0,-1
2025-02-23,sleep_hours,10.462750563073474,-1
2025-03-03,sleep_hours,4.0118157607613565,-1
2025-03-04,sleep_hours,10.616724032110788,-1
2025-03-27,sleep_hours,3.325108434931897,-1
2025-04-18,sleep_hours,10.694760544965511,-1
2025-07-14,sleep_hours,10.14767231483378,-1
2025-07-23,sleep_hours,3.458299110192788,-1
2025-08-18,sleep_hours,3.569281188070708,-1
2025-08-31,sleep_hours,10.128038975585802,-1
2024-09-16,sleep_hours,10.29087233021717,-1
2024-09-20,sleep_hours,10.30047378285856,-1
2024-09-22,sleep_hours,3.959340950357951,-1
2024-12-26,sleep_hours,10.86794825038254,-1
2025-01-27,sleep_hours,10.155020286563897,-1
2025-02-23,sleep_hours,10.466145283914557,-1
2025-03-02,sleep_hours,10.53172551214944,-1
2025-03-05,sleep_hours,3.0,-1
2025-04-27,sleep_hours,10.534566167017893,-1
2025-05-02,sleep_hours,10.830689440551431,-1
2025-05-20,sleep_hours,3.7822739756539807,-1
2025-08-08,sleep_hours,3.0,-1
2025-08-29,sleep_hours,3.0446879553149317,-1
2024-09-20,sleep_hours,10.38004632698231,-1
2024-10-02,sleep_hours,10.382063095690413,-1
2024-10-11,sleep_hours,10.483903946416865,-1
2024-10-18,sleep_hours,3.94710234927662,-1
2024-11-06,sleep_hours,10.819404005162024,-1
2024-11-10,sleep_hours,10.07053328840228,-1
2024-11-23,sleep_hours,4.004046836615677,-1
2024-12-01,sleep_hours,3.659215776692562,-1
2024-12-29,sleep_hours,3.733232307290344,-1
2025-01-13,sleep_hours,3.0,-1
2025-01-17,sleep_hours,10.60984720501325,-1
2025-02-04,sleep_hours,10.853555065410276,-1
2025-02-18,sleep_hours,3.0,-1
2025-03-05,sleep_hours,9.998189672685458,-1
2025-03-22,sleep_hours,3.0,-1
2025-03-23,sleep_hours,10.05679935491596,-1
2025-03-24,sleep_hours,3.740006783270919,-1
2025-04-23,sleep_hours,3.665966924062551,-1
2025-04-28,sleep_hours,3.775483648875897,-1
2025-05-22,sleep_hours,10.209568825905468,-1
2025-06-03,sleep_hours,3.6399946946982618,-1
2025-06-29,sleep_hours,10.489418016336838,-1
2025-08-22,sleep_hours,10.259236601616664,-1
2025-08-23,sleep_hours,3.464335689532461,-1
2024-09-12,sleep_hours,10.114422017755826,-1
2024-10-19,sleep_hours,3.0,-1
2024-10-24,sleep_hours,3.0,-1
2024-10-25,sleep_hours,9.947313278374825,-1
2024-11-21,sleep_hours,3.787748177728867,-1
2024-12-03,sleep_hours,9.980361427118142,-1
2024-12-15,sleep_hours,3.9707906165752966,-1
2025-01-22,sleep_hours,3.6772365178180495,-1
2025-03-20,sleep_hours,3.0,-1
2025-03-30,sleep_hours,10.163189871497302,-1
2025-04-06,sleep_hours,10.043428299147369,-1
2025-05-10,sleep_hours,10.733451054722153,-1
2025-05-17,sleep_hours,10.462191258343388,-1
2025-06-14,sleep_hours,10.320993932329015,-1
2025-07-02,sleep_hours,3.7383004217716698,-1
2025-07-07,sleep_hours,3.870422830438013,-1
2024-09-10,sleep_hours,9.962358098476882,-1
2024-09-24,sleep_hours,10.16890283544426,-1
2024-11-01,sleep_hours,4.042987755435129,-1
2024-12-03,sleep_hours,11.302921675994032,-1
2024-12-30,sleep_hours,3.8724882642356735,-1
2025-01-01,sleep_hours,4.039035489877556,-1
2025-02-25,sleep_hours,3.652855550576268,-1
2025-02-28,sleep_hours,11.092064587350006,-1
2025-04-18,sleep_hours,3.983259229908089,-1
2025-04-23,sleep_hours,10.603965863609462,-1
2025-04-25,sleep_hours,3.0,-1
2025-05-07,sleep_hours,10.2568910405346,-1
2025-05-20,sleep_hours,10.397761326464972,-1
2025-06-04,sleep_hours,3.771062416480463,-1
2025-06-12,sleep_hours,12.0,-1
2025-07-09,sleep_hours,10.283631433085212,-1
2025-08-21,sleep_hours,3.942536951718204,-1
2024-09-20,sleep_hours,3.157205425799533,-1
2024-10-08,sleep_hours,10.89834284356714,-1
2024-10-12,sleep_hours,3.616862357480852,-1
2024-11-25,sleep_hours,10.869826929604413,-1
2024-12-07,sleep_hours,3.9695766298277952,-1
2024-12-11,sleep_hours,9.9537012539883,-1
2025-01-08,sleep_hours,3.848052845620967,-1
2025-02-02,sleep_hours,9.986533550857054,-1
2025-02-11,sleep_hours,9.95025725488932,-1
2025-02-20,sleep_hours,11.526012805149444,-1
2025-02-22,sleep_hours,3.909254626918513,-1
2025-03-02,sleep_hours,3.0254916891366266,-1
2025-03-24,sleep_hours,3.531244214157301,-1
2025-04-06,sleep_hours,10.06264763582272,-1
2025-05-08,sleep_hours,11.039234351217768,-1
2025-05-13,sleep_hours,3.5682541121932925,-1
2025-06-06,sleep_hours,10.841491908829592,-1
2025-06-10,sleep_hours,3.9565135300172742,-1
2025-06-28,sleep_hours,10.028600968972931,-1
2025-07-03,sleep_hours,3.932633436538527,-1
2025-07-27,sleep_hours,3.0,-1
2025-08-03,sleep_hours,3.8185503755671215,-1
2025-09-02,sleep_hours,3.351951203798212,-1
2024-09-08,sleep_hours,10.57605641291206,-1
2024-10-15,sleep_hours,3.787247334967255,-1
2024-10-18,sleep_hours,3.979931178767133,-1
2024-11-10,sleep_hours,3.7788158423678775,-1
2024-11-21,sleep_hours,10.261474207690345,-1
2024-12-08,sleep_hours,3.673761023273387,-1
2024-12-09,sleep_hours,10.723881491000103,-1
2024-12-25,sleep_hours,3.6688916552820574,-1
2024-12-28,sleep_hours,10.114722952103843,-1
2025-02-12,sleep_hours,3.63243810954006,-1
2025-02-15,sleep_hours,3.857343556516836,-1
2025-03-01,sleep_hours,3.9928265295264,-1
2025-04-16,sleep_hours,9.93727890055445,-1
2025-04-21,sleep_hours,10.41329915913671,-1
2025-05-11,sleep_hours,10.234204538746331,-1
2025-06-07,sleep_hours,10.812233345952922,-1
2025-06-16,sleep_hours,10.78094737615447,-1
2025-06-29,sleep_hours,11.540588548720638,-1
2025-07-17,sleep_hours,10.351824546115356,-1
2025-07-31,sleep_hours,9.94841409868526,-1
2024-09-25,sleep_hours,11.925936386333287,-1
2024-10-23,sleep_hours,3.450309910714963,-1
2024-12-08,sleep_hours,10.073308439981368,-1
2025-01-01,sleep_hours,3.791652211216822,-1
2025-01-28,sleep_hours,9.999652216318738,-1
2025-02-05,sleep_hours,10.095691349209256,-1
2025-02-28,sleep_hours,3.675642417660727,-1
2025-03-14,sleep_hours,10.127633498754712,-1
2025-04-09,sleep_hours,10.447234395942417,-1
2025-04-18,sleep_hours,10.186375743977573,-1
2025-06-18,sleep_hours,10.961171394960168,-1
2025-07-03,sleep_hours,11.162912298084503,-1
2025-07-15,sleep_hours,3.142009917671071,-1
2025-07-24,sleep_hours,3.3219479767059514,-1
2025-07-30,sleep_hours,3.2197742398088547,-1
2025-08-10,sleep_hours,10.349940531416143,-1
2025-08-27,sleep_hours,10.28966751925974,-1
2024-10-03,sleep_hours,3.3251665957036827,-1
2024-10-07,sleep_hours,3.687894920610878,-1
2024-11-04,sleep_hours,9.983045638152849,-1
2024-11-29,sleep_hours,3.0,-1
2024-12-04,sleep_hours,3.0,-1
2025-01-29,sleep_hours,3.334836144021033,-1
2025-02-25,sleep_hours,10.26754334512735,-1
2025-03-03,sleep_hours,4.002513657804525,-1
2025-03-07,sleep_hours,10.074028426640208,-1
2025-04-02,sleep_hours,3.18198476924847,-1
2025-05-07,sleep_hours,3.223137848218064,-1
2025-05-13,sleep_hours,10.08480461082357,-1
2025-05-28,sleep_hours,3.0,-1
2025-06-20,sleep_hours,3.0,-1
2025-06-23,sleep_hours,4.004030769737467,-1
2025-07-16,sleep_hours,3.145691984123689,-1
2025-07-20,sleep_hours,3.0,-1
2025-07-21,sleep_hours,3.0241387549884644,-1
2025-07-29,sleep_hours,3.620736554516695,-1
2025-07-31,sleep_hours,3.639433510280355,-1
2025-08-22,sleep_hours,11.479892197931392,-1
2024-09-10,sleep_hours,3.4290604834885325,-1
2024-10-05,sleep_hours,10.332980275635148,-1
2024-10-17,sleep_hours,3.5155094793965427,-1
2024-10-25,sleep_hours,10.412357706281473,-1
2024-10-26,sleep_hours,10.096131667701124,-1
2024-12-01,sleep_hours,3.5885324728557584,-1
2024-12-15,sleep_hours,3.908419454099664,-1
2024-12-16,sleep_hours,10.196922294521388,-1
2024-12-29,sleep_hours,10.163102000153884,-1
2025-01-05,sleep_hours,3.0555227557192697,-1
2025-01-11,sleep_hours,10.431083683235364,-1
2025-01-20,sleep_hours,10.60423466660237,-1
2025-01-24,sleep_hours,3.0,-1
2025-02-04,sleep_hours,9.980700306532846,-1
2025-02-22,sleep_hours,10.061495402572053,-1
2025-03-10,sleep_hours,3.0,-1
2025-03-27,sleep_hours,10.182969415370346,-1
2025-04-17,sleep_hours,4.021168871494719,-1
2025-04-22,sleep_hours,10.111058334553416,-1
2025-05-30,sleep_hours,3.0,-1
2025-06-02,sleep_hours,10.640102248906768,-1
2025-07-22,sleep_hours,3.722535847050121,-1
2025-08-06,sleep_hours,3.5396228133867647,-1
2025-08-09,sleep_hours,3.440609033657436,-1
2025-08-22,sleep_hours,4.039325815425942,-1
2025-08-23,sleep_hours,3.732465938908679,-1
2025-08-30,sleep_hours,3.775616467230179,-1
2024-09-12,sleep_hours,10.09326020246868,-1
2024-09-14,sleep_hours,3.355858608644839,-1
2024-09-20,sleep_hours,3.876357742476089,-1
2024-11-02,sleep_hours,10.737070158233475,-1
2024-11-24,sleep_hours,11.033527067805622,-1
2024-12-03,sleep_hours,10.579845152696516,-1
2024-12-08,sleep_hours,4.047421407237343,-1
2025-03-01,sleep_hours,10.339388307723915,-1
2025-03-17,sleep_hours,10.2205149167157,-1
2025-04-02,sleep_hours,10.948075382176675,-1
2025-04-23,sleep_hours,11.45178596615916,-1
2025-05-01,sleep_hours,3.87755280220934,-1
2025-05-13,sleep_hours,10.171296864224985,-1
2025-06-03,sleep_hours,9.982653833436125,-1
2025-07-04,sleep_hours,3.0,-1
2025-07-17,sleep_hours,3.744066602864208,-1
2025-07-18,sleep_hours,11.128907116247571,-1
2025-09-02,sleep_hours,10.627243297333328,-1
2024-09-10,sleep_hours,9.96678397988485,-1
2024-10-17,sleep_hours,3.843794253494248,-1
2024-10-29,sleep_hours,11.06539516197287,-1
2024-11-25,sleep_hours,3.0,-1
2024-12-08,sleep_hours,10.99918743006544,-1
2024-12-27,sleep_hours,3.0,-1
2025-01-10,sleep_hours,4.04061759000123,-1
2025-02-03,sleep_hours,3.716374203266252,-1
2025-02-08,sleep_hours,11.376671428879243,-1
2025-02-11,sleep_hours,10.62753452544314,-1
2025-02-12,sleep_hours,3.798248268738437,-1
2025-02-13,sleep_hours,3.0,-1
2025-03-11,sleep_hours,9.97382748833028,-1
2025-04-28,sleep_hours,10.47045943475223,-1
2025-06-29,sleep_hours,10.191087945940836,-1
2025-08-28,sleep_hours,11.288247572753743,-1
2025-09-05,sleep_hours,3.7754414786835575,-1
2024-09-13,sleep_hours,3.427292939722558,-1
2024-09-15,sleep_hours,10.26001468138953,-1
2024-11-13,sleep_hours,3.7969051103729705,-1
2024-12-15,sleep_hours,10.246218408343276,-1
2025-01-21,sleep_hours,10.06167073690128,-1
2025-01-28,sleep_hours,3.775801728582164,-1
2025-01-31,sleep_hours,9.991131266641654,-1
2025-02-11,sleep_hours,3.0,-1
2025-02-22,sleep_hours,3.0,-1
2025-02-28,sleep_hours,10.880807767832414,-1
2025-03-06,sleep_hours,3.58326532271302,-1
2025-03-30,sleep_hours,3.817808481070863,-1
2025-04-17,sleep_hours,10.036009116341576,-1
2025-05-14,sleep_hours,10.308186795216695,-1
2025-05-24,sleep_hours,10.550163787844554,-1
2025-06-06,sleep_hours,3.789181530783739,-1
2025-08-18,sleep_hours,10.454845761961668,-1
2025-08-24,sleep_hours,11.092514005383054,-1
2025-09-04,sleep_hours,4.034417073443503,-1
2024-09-13,sleep_hours,3.2903197850971937,-1
2024-09-16,sleep_hours,10.01513221365598,-1
2024-09-24,sleep_hours,3.0,-1
2024-09-30,sleep_hours,10.91233038283773,-1
2024-10-11,sleep_hours,3.0,-1
2024-11-06,sleep_hours,10.049023333535152,-1
2024-12-13,sleep_hours,10.281381415078895,-1
2024-12-15,sleep_hours,10.311533532679189,-1
2024-12-28,sleep_hours,10.492647495526018,-1
2024-12-29,sleep_hours,3.2550179262010763,-1
2025-02-06,sleep_hours,10.185324979190018,-1
2025-03-27,sleep_hours,3.450224453335079,-1
2025-04-02,sleep_hours,3.063989027251689,-1
2025-04-23,sleep_hours,3.048636542733297,-1
2025-05-16,sleep_hours,11.52500552516134,-1
2025-05-29,sleep_hours,10.65803541786471,-1
2025-06-04,sleep_hours,3.0,-1
2025-07-01,sleep_hours,10.67261044938402,-1
2025-08-25,sleep_hours,3.827898296599424,-1
2024-09-07,sleep_hours,3.4963465479851887,-1
2024-09-18,sleep_hours,3.485233866370634,-1
2024-09-19,sleep_hours,11.162264708125218,-1
2024-09-24,sleep_hours,10.100422581570909,-1
2024-10-30,sleep_hours,10.086881112931843,-1
2024-12-11,sleep_hours,3.837763468324249,-1
2024-12-18,sleep_hours,3.58841649750085,-1
2025-01-26,sleep_hours,12.0,-1
2025-05-11,sleep_hours,3.577437009400497,-1
2025-06-25,sleep_hours,10.114107524532535,-1
2025-06-28,sleep_hours,3.924710022780425,-1
2025-08-18,sleep_hours,10.180982612644891,-1
2024-09-10,sleep_hours,3.20248780078139,-1
2024-09-18,sleep_hours,10.629162229868328,-1
2024-10-31,sleep_hours,10.317378642935171,-1
2024-12-10,sleep_hours,3.043099389342299,-1
2025-01-21,sleep_hours,10.797737924082558,-1
2025-02-03,sleep_hours,3.0,-1
2025-03-04,sleep_hours,11.122430060437264,-1
2025-04-21,sleep_hours,3.6338555472586336,-1
2025-05-11,sleep_hours,3.758306396489542,-1
2025-05-19,sleep_hours,9.988460706967196,-1
2025-05-28,sleep_hours,10.04345224681569,-1
2025-06-29,sleep_hours,3.228512780590936,-1
2025-07-19,sleep_hours,10.02843844280037,-1
2025-07-23,sleep_hours,4.036970720546082,-1
2025-08-08,sleep_hours,10.368470133153622,-1
2024-09-28,sleep_hours,3.5217838704791284,-1
2024-10-16,sleep_hours,10.118745452191472,-1
2024-11-04,sleep_hours,3.720859873834311,-1
2024-11-09,sleep_hours,3.761310838801677,-1
2024-11-28,sleep_hours,10.40406680999126,-1
2024-12-04,sleep_hours,10.11368930105812,-1
2024-12-13,sleep_hours,11.616693021437182,-1
2025-01-09,sleep_hours,3.913927484831116,-1
2025-01-26,sleep_hours,3.767750984284006,-1
2025-04-15,sleep_hours,10.29915477154122,-1
2025-04-24,sleep_hours,10.388477201426678,-1
2025-04-29,sleep_hours,3.7877234931510073,-1
2025-06-01,sleep_hours,10.312755836640278,-1
2025-06-19,sleep_hours,3.0664320862058845,-1
2025-08-17,sleep_hours,10.158150327868055,-1
2024-12-02,sleep_hours,3.9812789937870536,-1
2024-12-26,sleep_hours,10.27694807754975,-1
2025-01-11,sleep_hours,3.3571524278680838,-1
2025-01-13,sleep_hours,9.977145863025974,-1
2025-01-31,sleep_hours,10.240760949692117,-1
2025-02-17,sleep_hours,3.550270284059108,-1
2025-03-19,sleep_hours,10.501205733660871,-1
2025-03-28,sleep_hours,3.774999368313358,-1
2025-04-01,sleep_hours,9.981447679758547,-1
2025-04-16,sleep_hours,3.546848096247402,-1
2025-04-19,sleep_hours,10.184929104645844,-1
2025-05-09,sleep_hours,10.277396925790317,-1
2025-05-31,sleep_hours,3.5707686613252863,-1
2025-07-11,sleep_hours,3.110143740233623,-1
2025-07-21,sleep_hours,3.417090899057225,-1
2025-08-08,sleep_hours,10.145666934806425,-1
2025-08-22,sleep_hours,3.7959382510057225,-1
2024-09-15,sleep_hours,3.240497665357905,-1
2024-12-14,sleep_hours,11.119457576890484,-1
2024-12-27,sleep_hours,3.9883116172823456,-1
2025-01-25,sleep_hours,10.882159709875214,-1
2025-01-29,sleep_hours,3.287578629785626,-1
2025-02-08,sleep_hours,10.128885022633636,-1
2025-02-27,sleep_hours,3.446452665174521,-1
2025-03-09,sleep_hours,4.020489184930758,-1
2025-03-10,sleep_hours,10.059532885615912,-1
2025-03-20,sleep_hours,3.968119501420283,-1
2025-07-10,sleep_hours,9.978482336949163,-1
2025-07-21,sleep_hours,3.0,-1
2024-09-14,sleep_hours,11.723082258140376,-1
2024-10-10,sleep_hours,9.962191995635209,-1
2024-10-26,sleep_hours,10.47385543288475,-1
2024-10-30,sleep_hours,3.687824429768684,-1
2024-11-07,sleep_hours,10.409972030800091,-1
2024-11-17,sleep_hours,10.252561429019831,-1
2024-12-15,sleep_hours,3.3207439744385767,-1
2025-02-10,sleep_hours,10.76377509036658,-1
2025-02-16,sleep_hours,3.762042780264229,-1
2025-02-24,sleep_hours,3.71169519610112,-1
2025-03-31,sleep_hours,10.321249086417088,-1
2025-04-08,sleep_hours,3.0,-1
2025-04-12,sleep_hours,10.21508181261936,-1
2025-04-14,sleep_hours,3.0,-1
2025-04-22,sleep_hours,3.58707524047964,-1
2025-04-25,sleep_hours,10.252128689666398,-1
2025-06-28,sleep_hours,3.823111914137309,-1
2025-07-21,sleep_hours,3.0,-1
2025-07-31,sleep_hours,10.340096873291088,-1
2025-08-22,sleep_hours,10.3166405508079,-1
2025-08-28,sleep_hours,3.677758725934973,-1
2024-09-09,sleep_hours,3.306023621870053,-1
2024-09-20,sleep_hours,10.473985715791208,-1
2024-10-07,sleep_hours,10.752989967585558,-1
2024-10-08,sleep_hours,10.31635319597504,-1
2024-10-29,sleep_hours,10.342378142614342,-1
2025-02-04,sleep_hours,10.065770281970236,-1
2025-02-18,sleep_hours,3.9681782561990815,-1
2025-02-20,sleep_hours,3.420774602447093,-1
2025-02-24,sleep_hours,10.319111086409414,-1
2025-03-22,sleep_hours,4.024690261062856,-1
2025-04-27,sleep_hours,3.8150349343526377,-1
2025-05-06,sleep_hours,3.719937275602672,-1
2025-05-07,sleep_hours,3.01168360641745,-1
2025-05-09,sleep_hours,10.392529887888932,-1
2025-05-10,sleep_hours,3.8278846282700423,-1
2025-05-29,sleep_hours,3.90092242378676,-1
2025-06-03,sleep_hours,3.481395088165662,-1
2025-06-06,sleep_hours,3.972869014454665,-1
2025-06-09,sleep_hours,10.731255135723805,-1
2025-06-10,sleep_hours,10.283437425447396,-1
2025-06-24,sleep_hours,9.95453647670179,-1
2025-07-05,sleep_hours,3.0,-1
2025-09-02,sleep_hours,10.05388382098536,-1
2024-09-14,sleep_hours,3.813297198900096,-1
2024-10-02,sleep_hours,3.802990994010762,-1
2024-10-03,sleep_hours,10.660132038291987,-1
2024-10-25,sleep_hours,10.397314572749757,-1
2024-10-29,sleep_hours,3.5661867530781963,-1
2024-11-15,sleep_hours,10.173304441273745,-1
2024-12-03,sleep_hours,10.019981454470829,-1
2024-12-05,sleep_hours,10.375216278282842,-1
2025-01-01,sleep_hours,3.0,-1
2025-01-06,sleep_hours,3.458132349144684,-1
2025-02-25,sleep_hours,11.20342651734972,-1
2025-03-17,sleep_hours,3.957384657630697,-1
2025-03-18,sleep_hours,3.9519512807673234,-1
2025-04-19,sleep_hours,10.268741790533996,-1
2025-05-31,sleep_hours,10.382236916878623,-1
2025-06-15,sleep_hours,9.946590810381704,-1
2025-06-20,sleep_hours,3.9673524048144135,-1
2025-06-28,sleep_hours,3.0,-1
2025-06-30,sleep_hours,10.10767490258872,-1
2025-07-23,sleep_hours,3.991336967128556,-1
2025-07-24,sleep_hours,11.262763712875415,-1
2025-07-25,sleep_hours,3.726798439195287,-1
2025-08-01,sleep_hours,3.9805380243306057,-1
2024-09-06,sleep_hours,3.1194059492467527,-1
2024-10-18,sleep_hours,10.700049208283506,-1
2024-10-29,sleep_hours,10.682987260390698,-1
2024-11-04,sleep_hours,10.769504879599149,-1
2024-11-15,sleep_hours,3.602899696154593,-1
2024-12-03,sleep_hours,11.019864956439894,-1
2024-12-13,sleep_hours,10.629293803688276,-1
2025-01-17,sleep_hours,10.360790611929442,-1
2025-01-21,sleep_hours,3.313948896926008,-1
2025-01-27,sleep_hours,3.8067974948881673,-1
2025-03-09,sleep_hours,3.4869884703102567,-1
2025-03-10,sleep_hours,9.98547046335052,-1
2025-04-18,sleep_hours,3.1802477273895797,-1
2025-04-24,sleep_hours,11.63044449280407,-1
2025-05-10,sleep_hours,9.97522133062544,-1
2025-05-27,sleep_hours,3.784410670935814,-1
2025-06-25,sleep_hours,11.18845107850482,-1
2025-07-03,sleep_hours,3.0,-1
2025-07-27,sleep_hours,11.845370273722333,-1
2025-08-19,sleep_hours,4.012364150424463,-1
2024-09-12,sleep_hours,10.211619819875713,-1
2024-09-15,sleep_hours,3.7229857571292015,-1
2024-09-28,sleep_hours,10.234442416436028,-1
2024-10-12,sleep_hours,3.782943446507937,-1
2024-10-14,sleep_hours,10.443972111302095,-1
2024-10-26,sleep_hours,3.169525770088697,-1
2024-10-27,sleep_hours,11.076704850839985,-1
2024-10-29,sleep_hours,3.650052719336035,-1
2024-11-10,sleep_hours,10.0524673198111,-1
2024-11-19,sleep_hours,10.327132517431023,-1
2024-12-05,sleep_hours,3.421414569024195,-1
2025-01-06,sleep_hours,10.93898515969157,-1
2025-03-20,sleep_hours,3.972687975804844,-1
2025-03-21,sleep_hours,3.660923145749146,-1
2025-04-03,sleep_hours,10.124452911790437,-1
2025-04-16,sleep_hours,3.7011455822322814,-1
2025-04-20,sleep_hours,10.227859561033686,-1
2025-05-08,sleep_hours,10.0651859247971,-1
2025-06-30,sleep_hours,10.020471463947024,-1
2025-07-01,sleep_hours,10.06145190475186,-1
2025-07-06,sleep_hours,3.0,-1
2025-07-22,sleep_hours,3.282035160947606,-1
2025-07-30,sleep_hours,3.109982202319184,-1
2025-08-01,sleep_hours,10.205822705061316,-1
2025-08-13,sleep_hours,3.944494635814959,-1
2025-08-16,sleep_hours,3.546280415340559,-1
2025-09-05,sleep_hours,10.468132384753275,-1
2024-09-10,sleep_hours,3.8001227255047447,-1
2024-09-28,sleep_hours,3.891499776612197,-1
2024-10-06,sleep_hours,3.839701412638112,-1
2024-10-21,sleep_hours,3.0,-1
2024-11-14,sleep_hours,3.3109097857682896,-1
2024-12-19,sleep_hours,3.822540587812664,-1
2025-01-19,sleep_hours,3.414803435769439,-1
2025-01-29,sleep_hours,10.110880282283544,-1
2025-02-02,sleep_hours,3.964973037200259,-1
2025-04-18,sleep_hours,11.076498692367,-1
2025-04-19,sleep_hours,9.974436103346594,-1
2025-04-30,sleep_hours,3.36343857258089,-1
2025-05-13,sleep_hours,10.295370520260477,-1
2025-05-14,sleep_hours,3.969262079914472,-1
2025-06-02,sleep_hours,3.0,-1
2025-06-26,sleep_hours,3.334424861737223,-1
2025-07-13,sleep_hours,3.599093266836125,-1
2025-07-14,sleep_hours,10.252997456799488,-1
2025-07-23,sleep_hours,4.013517195304718,-1
2025-08-17,sleep_hours,3.0,-1
2025-08-26,sleep_hours,3.692395177998838,-1
2024-09-07,sleep_hours,3.7889081530424127,-1
2024-09-11,sleep_hours,3.95722705622228,-1
2024-09-18,sleep_hours,4.021601899538187,-1
2024-10-06,sleep_hours,10.120256977952163,-1
2024-10-11,sleep_hours,4.00287009657519,-1
2024-10-19,sleep_hours,11.603265569987956,-1
2024-11-13,sleep_hours,3.8089142339493463,-1
2024-12-22,sleep_hours,10.111608373553866,-1
2025-01-09,sleep_hours,3.7796704779492862,-1
2025-04-08,sleep_hours,10.408988537040733,-1
2025-04-18,sleep_hours,3.9923995408070256,-1
2025-04-30,sleep_hours,10.905907095735497,-1
2025-05-06,sleep_hours,3.0,-1
2025-05-08,sleep_hours,3.804086416228011,-1
2025-06-07,sleep_hours,11.001524057095631,-1
2025-07-09,sleep_hours,3.1898195833006384,-1
2025-07-10,sleep_hours,3.811862594394318,-1
2025-08-07,sleep_hours,9.952016165494076,-1
2025-08-21,sleep_hours,3.289584229413321,-1
2025-08-31,sleep_hours,3.764710736469594,-1
2024-09-16,sleep_hours,4.020485961832309,-1
2024-09-27,sleep_hours,3.0460995462188274,-1
2024-10-02,sleep_hours,3.904833907122172,-1
2024-10-03,sleep_hours,3.742331308860325,-1
2024-10-08,sleep_hours,3.5167516775872394,-1
2024-10-23,sleep_hours,10.30291257233754,-1
2024-11-28,sleep_hours,3.683337023873696,-1
2024-12-31,sleep_hours,3.809972825532503,-1
2025-01-02,sleep_hours,10.54561133917602,-1
2025-03-03,sleep_hours,3.0,-1
2025-03-07,sleep_hours,9.93851558152758,-1
2025-03-08,sleep_hours,3.288306843711948,-1
2025-03-25,sleep_hours,11.143750519177118,-1
2025-06-25,sleep_hours,10.666413214057686,-1
2025-07-04,sleep_hours,11.460933419992433,-1
2024-09-17,sleep_hours,9.968748495709749,-1
2024-09-21,sleep_hours,3.029669048043768,-1
2024-09-23,sleep_hours,3.0,-1
2024-09-26,sleep_hours,10.123190658548872,-1
2024-09-30,sleep_hours,3.765957968101288,-1
2024-11-10,sleep_hours,10.303571368257318,-1
2024-11-19,sleep_hours,3.7775417189973326,-1
2024-12-06,sleep_hours,10.076216642193554,-1
2025-01-04,sleep_hours,3.681357941527017,-1
2025-01-06,sleep_hours,3.092828136773111,-1
2025-01-18,sleep_hours,3.0,-1
2025-02-09,sleep_hours,3.744831986485306,-1
2025-02-14,sleep_hours,10.965181540372082,-1
2025-02-25,sleep_hours,10.08939955588122,-1
2025-03-20,sleep_hours,3.87495420232753,-1
2025-03-25,sleep_hours,10.02783841855847,-1
2025-03-28,sleep_hours,3.0,-1
2025-04-06,sleep_hours,12.0,-1
2025-05-03,sleep_hours,4.0107863914498605,-1
2025-05-09,sleep_hours,10.359887055706638,-1
2025-05-12,sleep_hours,10.239117532757028,-1
2025-05-23,sleep_hours,10.49104770366286,-1
2025-06-06,sleep_hours,10.028803553335088,-1
2025-06-07,sleep_hours,3.9546851170393342,-1
2025-06-11,sleep_hours,11.004829438112946,-1
2025-06-26,sleep_hours,10.578965266833588,-1
2025-08-04,sleep_hours,3.856548445589787,-1
2025-08-20,sleep_hours,11.117765247174006,-1
2025-08-25,sleep_hours,10.788256272516795,-1
2024-10-14,sleep_hours,3.408815242172029,-1
2024-10-17,sleep_hours,3.920774277432762,-1
2024-10-18,sleep_hours,10.24934019400531,-1
2024-12-24,sleep_hours,10.206966238128713,-1
2025-03-01,sleep_hours,10.015894465275611,-1
2025-03-29,sleep_hours,10.100229497350586,-1
2025-04-30,sleep_hours,3.9824747672307454,-1
2025-05-04,sleep_hours,11.85100107690603,-1
2025-05-13,sleep_hours,3.760146867833581,-1
2025-05-19,sleep_hours,11.84155992374269,-1
2025-06-02,sleep_hours,3.805715651699011,-1
2025-07-11,sleep_hours,10.273570933256847,-1
2025-07-23,sleep_hours,10.39070073368076,-1
2025-07-27,sleep_hours,10.99328310095978,-1
2025-08-08,sleep_hours,3.8213839524122486,-1
2025-08-11,sleep_hours,3.5076792742809983,-1
2024-09-13,sleep_hours,3.0,-1
2024-10-15,sleep_hours,11.057078644778104,-1
2024-10-23,sleep_hours,10.181642237433843,-1
2024-11-16,sleep_hours,3.0,-1
2024-11-27,sleep_hours,10.150517964028095,-1
2024-12-01,sleep_hours,10.986603664861391,-1
2025-01-29,sleep_hours,11.321160870608775,-1
2025-02-11,sleep_hours,3.0,-1
2025-02-12,sleep_hours,3.67170987490658,-1
2025-03-01,sleep_hours,3.7675945413144607,-1
2025-03-13,sleep_hours,3.154782311338238,-1
2025-04-04,sleep_hours,10.573404009371806,-1
2025-04-09,sleep_hours,11.27401590724554,-1
2025-04-14,sleep_hours,3.0630739087243795,-1
2025-04-17,sleep_hours,3.0,-1
2025-05-08,sleep_hours,3.4935509892202266,-1
2025-08-03,sleep_hours,3.0,-1
2025-08-13,sleep_hours,3.0,-1
2025-08-16,sleep_hours,9.945986566172012,-1
2025-08-25,sleep_hours,3.7778124215066704,-1
2024-09-20,sleep_hours,10.16533838715802,-1
2024-10-24,sleep_hours,10.565432626163522,-1
2024-12-10,sleep_hours,3.91184874384765,-1
2024-12-15,sleep_hours,3.0,-1
2024-12-19,sleep_hours,3.9403549927491857,-1
2025-01-16,sleep_hours,3.380887604255188,-1
2025-01-17,sleep_hours,10.360058795417928,-1
2025-01-27,sleep_hours,11.19538994326087,-1
2025-03-15,sleep_hours,10.492127754853566,-1
2025-04-17,sleep_hours,10.199817967854289,-1
2025-04-27,sleep_hours,10.41130936659475,-1
2025-05-20,sleep_hours,10.840736502404472,-1
2025-05-23,sleep_hours,10.0977572846006,-1
2025-07-02,sleep_hours,3.5436543266396408,-1
2025-07-30,sleep_hours,3.512203226413071,-1
2025-08-05,sleep_hours,3.343232255023392,-1
2025-08-23,sleep_hours,11.377517299982587,-1
2025-09-01,sleep_hours,3.0,-1
2024-09-11,sleep_hours,10.020402945438438,-1
2024-09-28,sleep_hours,10.8975349706285,-1
2024-10-21,sleep_hours,10.030178778191608,-1
2024-10-22,sleep_hours,10.16365127631251,-1
2024-11-03,sleep_hours,3.906532154512385,-1
2024-11-21,sleep_hours,3.1360619614443257,-1
2024-11-30,sleep_hours,3.728734619522079,-1
2024-12-01,sleep_hours,3.634745811463666,-1
2024-12-02,sleep_hours,10.461607657367995,-1
2024-12-25,sleep_hours,3.5825594316805045,-1
2024-12-30,sleep_hours,10.12505134656455,-1
2025-02-13,sleep_hours,11.25956271878804,-1
2025-02-24,sleep_hours,3.841352442129886,-1
2025-03-05,sleep_hours,3.5821217559252427,-1
2025-04-13,sleep_hours,10.44691382717691,-1
2025-05-11,sleep_hours,3.94100692981095,-1
2025-07-08,sleep_hours,3.733172179001569,-1
2025-07-11,sleep_hours,3.970667784027225,-1
2025-07-24,sleep_hours,10.229555316212666,-1
2025-08-03,sleep_hours,10.509544807797033,-1
2025-08-29,sleep_hours,10.48446590688695,-1
2025-09-04,sleep_hours,3.713579669961123,-1
2024-10-07,sleep_hours,10.067158690059152,-1
2024-10-23,sleep_hours,10.360682951570636,-1
2024-10-24,sleep_hours,11.808867194265751,-1
2024-11-13,sleep_hours,3.145275905553061,-1
2024-12-25,sleep_hours,10.13751581402131,-1
2025-01-09,sleep_hours,10.092760350888751,-1
2025-01-14,sleep_hours,10.283258578501218,-1
2025-04-04,sleep_hours,3.465101334676337,-1
2025-04-17,sleep_hours,10.615432219956316,-1
2025-05-28,sleep_hours,3.9852118562028336,-1
2025-07-07,sleep_hours,11.40949504473155,-1
2025-07-26,sleep_hours,3.5747748891840043,-1
2025-08-04,sleep_hours,11.435496229351966,-1
2025-08-06,sleep_hours,3.71706007075668,-1
2024-09-15,sleep_hours,10.096559479110088,-1
2024-09-16,sleep_hours,3.5971964105734715,-1
2024-10-08,sleep_hours,10.358741729440972,-1
2024-10-17,sleep_hours,10.6899582754108,-1
2024-11-03,sleep_hours,3.87337772124338,-1
2024-11-13,sleep_hours,3.525509665819472,-1
2024-11-16,sleep_hours,3.5819581561719094,-1
2024-12-14,sleep_hours,4.016534332511346,-1
2024-12-27,sleep_hours,10.407553915820063,-1
2024-12-28,sleep_hours,3.7963763326709,-1
2025-01-07,sleep_hours,9.957567355514024,-1
2025-01-16,sleep_hours,3.0,-1
2025-01-28,sleep_hours,3.2027617987594894,-1
2025-01-29,sleep_hours,10.06859222389186,-1
2025-02-05,sleep_hours,10.355221447831235,-1
2025-04-24,sleep_hours,11.14074163709694,-1
2025-05-08,sleep_hours,3.921392166237386,-1
2025-05-11,sleep_hours,10.07503750176364,-1
2025-06-03,sleep_hours,11.858588701485344,-1
2025-06-12,sleep_hours,10.5184151007541,-1
2025-07-07,sleep_hours,3.520243062982385,-1
2025-07-08,sleep_hours,3.236390180728928,-1
2025-07-10,sleep_hours,3.599865831096568,-1
2025-07-29,sleep_hours,11.037974197134837,-1
2025-08-10,sleep_hours,11.400365490235767,-1
2025-08-21,sleep_hours,4.015444964220807,-1
2024-09-16,sleep_hours,10.236557318503031,-1
2024-10-03,sleep_hours,10.10040347568894,-1
2024-10-27,sleep_hours,10.134740720787144,-1
2024-10-30,sleep_hours,10.661174180121344,-1
2024-11-10,sleep_hours,10.005063911619466,-1
2024-11-12,sleep_hours,9.973349285849991,-1
2024-12-08,sleep_hours,10.224124359957525,-1
2025-01-15,sleep_hours,10.413972141648234,-1
2025-01-22,sleep_hours,10.258817289821843,-1
2025-01-31,sleep_hours,10.548379265650269,-1
2025-03-04,sleep_hours,10.439095425271129,-1
2025-03-26,sleep_hours,10.27703635164509,-1
2025-04-25,sleep_hours,3.775459450243353,-1
2025-06-17,sleep_hours,9.994852869861996,-1
2025-06-18,sleep_hours,3.958477746584422,-1
2025-07-11,sleep_hours,3.0,-1
2024-09-17,sleep_hours,3.534631878287501,-1
2024-09-27,sleep_hours,3.627425902582199,-1
2024-10-10,sleep_hours,3.0,-1
2024-10-11,sleep_hours,9.9924410633817,-1
2024-10-13,sleep_hours,10.326203169714578,-1
2024-10-14,sleep_hours,3.723583919446839,-1
2024-10-25,sleep_hours,10.97056073938348,-1
2024-11-04,sleep_hours,3.964952955946904,-1
2024-11-23,sleep_hours,3.9664066661926656,-1
2025-02-15,sleep_hours,3.884275334386611,-1
2025-03-14,sleep_hours,10.552285777545707,-1
2025-03-17,sleep_hours,10.262090682302208,-1
2025-04-09,sleep_hours,3.0,-1
2025-05-17,sleep_hours,3.916232828465304,-1
2025-05-18,sleep_hours,11.23517136077453,-1
2025-06-17,sleep_hours,3.0,-1
2025-08-02,sleep_hours,3.910737935542174,-1
2025-08-26,sleep_hours,10.681906292365774,-1
2024-09-09,sleep_hours,10.191847998867756,-1
2024-10-05,sleep_hours,10.925393256903632,-1
2024-10-14,sleep_hours,10.366687055146688,-1
2024-11-03,sleep_hours,10.656745276612744,-1
2024-11-09,sleep_hours,3.4980791509771625,-1
2024-11-13,sleep_hours,3.678714549251605,-1
2024-12-08,sleep_hours,10.326723723881818,-1
2024-12-29,sleep_hours,3.988047790350346,-1
2025-01-17,sleep_hours,3.990786695057461,-1
2025-01-26,sleep_hours,10.336587583150996,-1
2025-02-01,sleep_hours,10.886296624616588,-1
2025-02-07,sleep_hours,10.343249288565575,-1
2025-02-14,sleep_hours,10.201039368626889,-1
2025-02-15,sleep_hours,3.997588168581191,-1
2025-04-13,sleep_hours,3.002882123857612,-1
2025-05-25,sleep_hours,10.74958054278178,-1
2025-05-29,sleep_hours,10.696418606879629,-1
2025-06-20,sleep_hours,3.2220563348529523,-1
2025-06-28,sleep_hours,3.8681103698120416,-1
2025-07-11,sleep_hours,3.0655582251126523,-1
2025-07-14,sleep_hours,10.055512575642544,-1
2025-07-18,sleep_hours,3.5924070668609405,-1
2024-10-18,sleep_hours,9.940086537670997,-1
2024-11-02,sleep_hours,10.066408478676024,-1
2024-11-07,sleep_hours,11.03824891163769,-1
2024-11-25,sleep_hours,4.044508806330661,-1
2024-11-28,sleep_hours,3.7887005097068185,-1
2024-11-30,sleep_hours,3.856709092278896,-1
2024-12-05,sleep_hours,3.261231052141541,-1
2025-01-01,sleep_hours,3.6049582068662698,-1
2025-02-16,sleep_hours,4.050025109368113,-1
2025-02-28,sleep_hours,3.88507257941204,-1
2025-03-15,sleep_hours,3.832652687487972,-1
2025-03-23,sleep_hours,3.0,-1
2025-03-30,sleep_hours,3.7137813892319183,-1
2025-04-23,sleep_hours,9.968104263359116,-1
2025-05-19,sleep_hours,10.763731259157566,-1
2025-05-24,sleep_hours,3.967517065867821,-1
2025-06-02,sleep_hours,11.098674397272855,-1
2025-06-23,sleep_hours,3.619198815158317,-1
2025-07-16,sleep_hours,10.117575917865736,-1
2025-08-07,sleep_hours,9.949136018592084,-1
2025-08-16,sleep_hours,10.50241792560002,-1
2025-08-31,sleep_hours,11.06150934526148,-1
2024-09-07,sleep_hours,10.368637221074078,-1
2024-09-16,sleep_hours,10.096387744760564,-1
2024-11-10,sleep_hours,9.992708771860146,-1
2024-12-24,sleep_hours,12.0,-1
2025-01-21,sleep_hours,10.375816425032417,-1
2025-01-28,sleep_hours,10.980372269049756,-1
2025-02-21,sleep_hours,3.514701116755398,-1
2025-03-12,sleep_hours,3.0,-1
2025-06-01,sleep_hours,10.7910939669229,-1
2025-06-05,sleep_hours,3.909953686431583,-1
2025-06-12,sleep_hours,3.0,-1
2025-08-13,sleep_hours,11.028770773099872,-1
2025-08-27,sleep_hours,3.8158457605823344,-1
2024-11-24,sleep_hours,10.204188378364044,-1
2024-12-05,sleep_hours,10.523298741832075,-1
2024-12-06,sleep_hours,10.186385878867103,-1
2025-01-10,sleep_hours,3.0,-1
2025-04-24,sleep_hours,3.761396090569505,-1
2025-04-28,sleep_hours,3.5622019709634136,-1
2025-06-27,sleep_hours,10.661283390648634,-1
2025-07-09,sleep_hours,10.043094423015788,-1
2025-07-15,sleep_hours,10.57751928809498,-1
2025-07-24,sleep_hours,10.670518026222132,-1
2025-08-08,sleep_hours,10.001768107825113,-1
2025-08-16,sleep_hours,10.29452297921036,-1
2024-09-16,sleep_hours,10.048827487776688,-1
2024-10-03,sleep_hours,3.808242558787087,-1
2025-01-09,sleep_hours,3.487206053976609,-1
2025-01-18,sleep_hours,10.36875346447247,-1
2025-02-03,sleep_hours,11.324425226241829,-1
2025-03-23,sleep_hours,10.034101473432765,-1
2025-04-20,sleep_hours,9.98422820810596,-1
2025-04-21,sleep_hours,9.968984600822653,-1
2025-05-02,sleep_hours,3.967288140111874,-1
2025-05-11,sleep_hours,3.68628841129177,-1
2025-06-12,sleep_hours,10.033043631054028,-1
2025-07-21,sleep_hours,3.543612815203104,-1
2025-08-01,sleep_hours,3.870535998981569,-1
2025-08-13,sleep_hours,10.138214311658608,-1
2025-08-26,sleep_hours,10.262488705900246,-1
2024-09-11,sleep_hours,10.111429758999694,-1
2024-10-02,sleep_hours,10.305462894696918,-1
2024-10-26,sleep_hours,3.0,-1
2024-11-05,sleep_hours,11.642202516326758,-1
2024-11-11,sleep_hours,10.417475050905391,-1
2024-11-20,sleep_hours,3.494938987074357,-1
2025-01-01,sleep_hours,3.983834372646496,-1
2025-02-11,sleep_hours,3.6685588781840712,-1
2025-02-20,sleep_hours,10.38967577268569,-1
2025-02-21,sleep_hours,3.1795812100108707,-1
2025-04-23,sleep_hours,11.03302622163647,-1
2025-04-26,sleep_hours,10.421606214134746,-1
2025-05-16,sleep_hours,11.124615905817896,-1
2025-05-19,sleep_hours,3.0,-1
2025-05-26,sleep_hours,3.128314909951122,-1
2025-06-05,sleep_hours,9.98540592984821,-1
2025-06-08,sleep_hours,3.930239685231245,-1
2025-06-22,sleep_hours,9.951372895653996,-1
2025-07-14,sleep_hours,3.0,-1
2025-08-19,sleep_hours,10.130169860387124,-1
2024-09-30,sleep_hours,10.103419390378958,-1
2024-10-14,sleep_hours,3.799188548048626,-1
2024-10-20,sleep_hours,3.260591449082077,-1
2024-11-02,sleep_hours,3.3509350700880143,-1
2024-11-10,sleep_hours,3.8489182665936776,-1
2024-11-21,sleep_hours,10.077971747662197,-1
2024-11-24,sleep_hours,10.326146058835942,-1
2025-01-07,sleep_hours,3.886945674428973,-1
2025-02-13,sleep_hours,11.234960361386028,-1
2025-02-15,sleep_hours,3.031039091969141,-1
2025-03-19,sleep_hours,10.90060069384398,-1
2025-03-26,sleep_hours,3.0,-1
2025-04-23,sleep_hours,3.0,-1
2025-05-19,sleep_hours,3.1534637538807027,-1
2025-05-22,sleep_hours,3.0,-1
2025-05-24,sleep_hours,3.699914113189066,-1
2025-06-20,sleep_hours,10.357929325925536,-1
2025-08-19,sleep_hours,11.222747442168007,-1
2025-08-26,sleep_hours,10.004637838906058,-1
2024-09-23,sleep_hours,10.228589201685065,-1
2024-10-12,sleep_hours,10.294739149389642,-1
2024-11-23,sleep_hours,3.9542249736227584,-1
2024-12-15,sleep_hours,11.372772381891656,-1
2025-01-18,sleep_hours,3.0722342013445,-1
2025-01-22,sleep_hours,3.320324558898309,-1
2025-01-24,sleep_hours,10.211934522702323,-1
2025-01-29,sleep_hours,3.9724044114772967,-1
2025-02-01,sleep_hours,11.823272905705217,-1
2025-03-11,sleep_hours,10.202176869538446,-1
2025-03-19,sleep_hours,10.352742805689282,-1
2025-03-22,sleep_hours,3.0,-1
2025-03-29,sleep_hours,10.783385987444412,-1
2025-04-03,sleep_hours,3.047599536136289,-1
2025-04-09,sleep_hours,11.07807787990894,-1
2025-04-29,sleep_hours,9.966802880966316,-1
2025-06-02,sleep_hours,3.703915037617084,-1
2025-08-21,sleep_hours,3.0,-1
2025-08-28,sleep_hours,3.865878584211619,-1
2024-09-23,sleep_hours,10.850668889512198,-1
2024-11-12,sleep_hours,3.833466311042677,-1
2024-11-18,sleep_hours,3.9742201498811194,-1
2024-12-22,sleep_hours,10.289611082322937,-1
2025-01-10,sleep_hours,4.048707176806182,-1
2025-02-12,sleep_hours,10.297839331335936,-1
2025-02-14,sleep_hours,10.988006344459269,-1
2025-02-16,sleep_hours,3.7751245724316913,-1
2025-03-03,sleep_hours,10.608365993380753,-1
2025-03-24,sleep_hours,10.011353897423213,-1
2025-04-01,sleep_hours,10.287214405330776,-1
2025-04-30,sleep_hours,3.2308018420283604,-1
2025-05-06,sleep_hours,12.0,-1
2025-05-10,sleep_hours,3.637729541697208,-1
2025-05-23,sleep_hours,3.639973873878427,-1
2025-06-14,sleep_hours,3.4651320403906656,-1
2025-08-07,sleep_hours,3.731500500723285,-1
2024-09-25,sleep_hours,10.162755656903514,-1
2024-11-01,sleep_hours,4.040278542437925,-1
2024-11-22,sleep_hours,3.681291585146399,-1
2024-11-26,sleep_hours,3.953938515048215,-1
2024-12-08,sleep_hours,3.617130636339247,-1
2024-12-16,sleep_hours,3.8084533089622994,-1
2025-01-18,sleep_hours,11.261048201957331,-1
2025-01-27,sleep_hours,3.922719645636726,-1
2025-02-08,sleep_hours,3.087950890378079,-1
2025-02-23,sleep_hours,11.376239964561272,-1
2025-05-18,sleep_hours,10.160602934214287,-1
2025-05-22,sleep_hours,3.758210961722508,-1
2025-06-03,sleep_hours,10.017927437517532,-1
2025-07-04,sleep_hours,10.186572195059188,-1
2025-07-06,sleep_hours,3.611413068078537,-1
2024-09-12,sleep_hours,3.743854582377717,-1
2024-09-13,sleep_hours,3.0,-1
2024-09-23,sleep_hours,3.8604939024618896,-1
2024-10-05,sleep_hours,3.0,-1
2024-10-14,sleep_hours,10.049588129288871,-1
2024-11-03,sleep_hours,10.378930491389353,-1
2024-11-06,sleep_hours,3.74058628284066,-1
2024-11-24,sleep_hours,3.4893640768506025,-1
2024-11-30,sleep_hours,10.54355382645311,-1
2024-12-08,sleep_hours,3.680177712717748,-1
2025-03-11,sleep_hours,12.0,-1
2025-03-31,sleep_hours,3.0,-1
2025-04-14,sleep_hours,3.0,-1
2025-04-26,sleep_hours,3.812604303514535,-1
2025-07-26,sleep_hours,10.229289790624794,-1
2025-08-06,sleep_hours,4.005321986077781,-1
2024-09-24,sleep_hours,11.202959639240902,-1
2024-09-27,sleep_hours,9.93630694061666,-1
2024-10-26,sleep_hours,10.129710447248211,-1
2024-10-29,sleep_hours,10.02876867866856,-1
2024-11-17,sleep_hours,11.696152520116057,-1
2024-12-18,sleep_hours,3.092166423844872,-1
2024-12-30,sleep_hours,9.95093020446277,-1
2025-01-03,sleep_hours,10.408777903149216,-1
2025-02-09,sleep_hours,10.615927446773403,-1
2025-02-24,sleep_hours,3.7751979294131255,-1
2025-02-25,sleep_hours,3.0,-1
2025-03-22,sleep_hours,11.398072487784848,-1
2025-03-28,sleep_hours,3.243907789388978,-1
2025-05-21,sleep_hours,10.642044472516702,-1
2025-06-13,sleep_hours,3.0,-1
2025-07-04,sleep_hours,10.641260352260351,-1
2025-07-24,sleep_hours,9.935235399988562,-1
2025-07-27,sleep_hours,10.277628546179772,-1
2025-08-21,sleep_hours,10.17252104953016,-1
2024-09-15,sleep_hours,3.906295300519973,-1
2024-09-27,sleep_hours,3.0,-1
2024-10-15,sleep_hours,3.0,-1
2024-10-16,sleep_hours,10.368836125876252,-1
2024-10-25,sleep_hours,3.941009096658509,-1
2024-11-09,sleep_hours,10.390760847943262,-1
2024-11-28,sleep_hours,3.8677113601945177,-1
2024-12-31,sleep_hours,10.606351633363849,-1
2025-01-07,sleep_hours,3.82273234479878,-1
2025-03-21,sleep_hours,10.390706411801489,-1
2025-03-25,sleep_hours,3.33404329281864,-1
2025-04-07,sleep_hours,10.18190537741367,-1
2025-05-31,sleep_hours,10.375058535924383,-1
2025-06-14,sleep_hours,3.89059987148644,-1
2025-07-01,sleep_hours,3.252501601391524,-1
2025-07-02,sleep_hours,10.542222665840123,-1
2025-07-03,sleep_hours,3.7786207713311617,-1
2025-08-22,sleep_hours,10.574969592129142,-1
2025-08-31,sleep_hours,11.441734572753568,-1
2024-09-28,sleep_hours,3.0,-1
2024-10-01,sleep_hours,10.202501104900328,-1
2024-10-26,sleep_hours,10.209856739735454,-1
2024-10-28,sleep_hours,10.28219567157321,-1
2024-11-22,sleep_hours,3.151437404161517,-1
2024-11-28,sleep_hours,10.29124531583632,-1
2024-12-19,sleep_hours,11.04213570598614,-1
2025-01-11,sleep_hours,10.498607908985491,-1
2025-01-19,sleep_hours,10.53832368006166,-1
2025-03-15,sleep_hours,3.3281541415397435,-1
2025-03-21,sleep_hours,3.0,-1
2025-05-11,sleep_hours,10.739197267487944,-1
2025-05-19,sleep_hours,11.211861568198474,-1
2025-07-31,sleep_hours,3.87519647278228,-1
2025-08-05,sleep_hours,10.04442820044331,-1
2024-09-07,sleep_hours,10.180979271951829,-1
2024-09-22,sleep_hours,10.58926575251068,-1
2024-11-17,sleep_hours,3.5797088147854,-1
2024-12-19,sleep_hours,3.818173875358855,-1
2025-01-02,sleep_hours,9.959204337705684,-1
2025-01-07,sleep_hours,10.231451224810058,-1
2025-03-04,sleep_hours,3.894448648125065,-1
2025-04-07,sleep_hours,3.86073568083409,-1
2025-06-09,sleep_hours,11.532392838377165,-1
2025-07-02,sleep_hours,3.91276744683128,-1
2025-07-06,sleep_hours,3.34931972519412,-1
2025-07-28,sleep_hours,10.290346085431636,-1
2025-08-30,sleep_hours,10.713486797006478,-1
2025-09-03,sleep_hours,10.425998737378317,-1
2024-10-11,sleep_hours,3.6450641943430537,-1
2024-10-25,sleep_hours,3.818961832290841,-1
2024-10-27,sleep_hours,3.0,-1
2024-11-02,sleep_hours,3.513237804936852,-1
2024-11-03,sleep_hours,3.8074882148242217,-1
2024-12-08,sleep_hours,3.042940015597946,-1
2025-01-08,sleep_hours,3.467720435214586,-1
2025-01-09,sleep_hours,10.072349146206305,-1
2025-02-03,sleep_hours,10.33349806825687,-1
2025-02-27,sleep_hours,3.8237318289999034,-1
2025-04-13,sleep_hours,3.57319765991166,-1
2025-04-20,sleep_hours,3.4733163484281087,-1
2025-04-30,sleep_hours,3.0533113120554685,-1
2025-06-14,sleep_hours,3.8331469229253967,-1
2025-06-20,sleep_hours,3.687376901684924,-1
2025-07-08,sleep_hours,10.173528122242072,-1
2024-09-23,sleep_hours,3.0,-1
2024-10-03,sleep_hours,3.7446762102320337,-1
2024-10-12,sleep_hours,10.569376159799628,-1
2024-10-26,sleep_hours,3.4808155371596072,-1
2024-11-06,sleep_hours,3.5755632251216865,-1
2024-11-24,sleep_hours,3.371907428131516,-1
2024-12-01,sleep_hours,3.0,-1
2025-01-07,sleep_hours,10.08069096085507,-1
2025-01-23,sleep_hours,10.668027545643008,-1
2025-01-26,sleep_hours,4.048717268890592,-1
2025-02-01,sleep_hours,3.743100244927371,-1
2025-02-25,sleep_hours,3.392951954045913,-1
2025-04-09,sleep_hours,3.60994762902941,-1
2025-04-25,sleep_hours,10.170011822903756,-1
2025-06-17,sleep_hours,3.374678147007667,-1
2025-07-13,sleep_hours,9.93432889487574,-1
2025-08-29,sleep_hours,10.045963722864162,-1
2024-09-14,sleep_hours,3.0,-1
2024-09-16,sleep_hours,9.96895342995566,-1
2024-10-09,sleep_hours,9.95107023082772,-1
2024-10-11,sleep_hours,3.750079648107498,-1
2024-10-28,sleep_hours,10.551527164790873,-1
2024-12-07,sleep_hours,10.481935760600477,-1
2024-12-14,sleep_hours,4.042667833341307,-1
2024-12-19,sleep_hours,10.509641636979469,-1
2025-01-04,sleep_hours,3.5117778007479643,-1
2025-02-08,sleep_hours,10.699978851321998,-1
2025-02-10,sleep_hours,10.853416662369874,-1
2025-02-26,sleep_hours,3.191704677784172,-1
2025-03-25,sleep_hours,3.15542831485378,-1
2025-04-08,sleep_hours,4.015272492047325,-1
2025-04-28,sleep_hours,3.998516905923396,-1
2025-05-02,sleep_hours,11.27409042954164,-1
2025-06-02,sleep_hours,3.723135096210325,-1
2025-06-15,sleep_hours,3.455415106786188,-1
2025-06-16,sleep_hours,11.256105965754118,-1
2025-07-26,sleep_hours,3.999234435962884,-1
2025-09-02,sleep_hours,10.451940046987488,-1
2024-11-09,sleep_hours,3.0,-1
2024-11-22,sleep_hours,10.127187063464152,-1
2024-12-09,sleep_hours,4.005916417285032,-1
2024-12-16,sleep_hours,9.983409977001148,-1
2024-12-17,sleep_hours,3.0,-1
2024-12-29,sleep_hours,3.453648331481796,-1
2025-01-19,sleep_hours,10.280543922254584,-1
2025-03-12,sleep_hours,3.0,-1
2025-03-30,sleep_hours,3.0,-1
2025-04-02,sleep_hours,10.229655039103497,-1
2025-05-08,sleep_hours,3.9816485725031256,-1
2025-06-10,sleep_hours,10.199570273327735,-1
2025-06-16,sleep_hours,11.261864694667846,-1
2025-06-27,sleep_hours,3.4775838531612724,-1
2025-07-01,sleep_hours,3.2879735604993336,-1
2025-07-02,sleep_hours,9.971752409471318,-1
2025-08-10,sleep_hours,10.102015279878652,-1
2025-08-18,sleep_hours,10.945864891093985,-1
2025-09-02,sleep_hours,12.0,-1
2025-09-04,sleep_hours,9.94929302916944,-1
2024-09-09,sleep_hours,10.82293918120255,-1
2024-09-24,sleep_hours,3.984891203347652,-1
2024-10-05,sleep_hours,3.0,-1
2024-11-09,sleep_hours,10.170056895307518,-1
2024-11-10,sleep_hours,10.52374095199922,-1
2025-01-11,sleep_hours,11.894269306049477,-1
2025-02-01,sleep_hours,3.3353120612979104,-1
2025-05-12,sleep_hours,3.5661929754802,-1
2025-05-28,sleep_hours,10.023225717177768,-1
2025-06-03,sleep_hours,3.8709912975412286,-1
2025-06-08,sleep_hours,10.393929810053752,-1
2025-07-06,sleep_hours,3.750953133739867,-1
2025-07-28,sleep_hours,10.275982279230869,-1
2024-09-12,sleep_hours,3.6132229093427215,-1
2024-09-13,sleep_hours,3.03243045110034,-1
2024-09-16,sleep_hours,10.663208338926111,-1
2024-10-01,sleep_hours,11.460878537211409,-1
2024-10-27,sleep_hours,3.487715168389145,-1
2024-11-07,sleep_hours,10.674807127469167,-1
2024-11-23,sleep_hours,3.69581315423481,-1
2024-12-26,sleep_hours,10.495175289414275,-1
2025-02-16,sleep_hours,3.791321439483119,-1
2025-03-01,sleep_hours,3.805731628917226,-1
2025-03-19,sleep_hours,10.478751923374052,-1
2025-04-06,sleep_hours,10.425608259603449,-1
2025-04-24,sleep_hours,3.4030975717140644,-1
2025-05-04,sleep_hours,3.0,-1
2025-05-24,sleep_hours,10.79998046602727,-1
2025-07-04,sleep_hours,3.1586036128737143,-1
2025-07-06,sleep_hours,11.636447490685194,-1
2025-07-11,sleep_hours,11.116463504436124,-1
2025-07-23,sleep_hours,10.92135454802566,-1
2025-07-24,sleep_hours,4.038500426740006,-1
2025-07-28,sleep_hours,3.1299072607026206,-1
2025-08-03,sleep_hours,3.1152603199852718,-1
2024-09-11,sleep_hours,4.011531534424604,-1
2024-10-03,sleep_hours,11.197873390445851,-1
2024-10-05,sleep_hours,10.91029199317788,-1
2024-10-17,sleep_hours,3.676648500302176,-1
2024-10-22,sleep_hours,10.424382731030452,-1
2024-11-05,sleep_hours,11.23793491836238,-1
2024-11-07,sleep_hours,10.016455549847723,-1
2024-12-13,sleep_hours,9.947732081602611,-1
2024-12-21,sleep_hours,3.8477394614068414,-1
2024-12-27,sleep_hours,11.457396227596156,-1
2025-01-01,sleep_hours,10.554178046324571,-1
2025-02-23,sleep_hours,10.204973151436528,-1
2025-03-02,sleep_hours,10.0198184593776,-1
2025-03-11,sleep_hours,10.078619627361872,-1
2025-05-11,sleep_hours,3.7049720154150414,-1
2025-05-31,sleep_hours,11.236246608069369,-1
2025-06-01,sleep_hours,10.621839677248698,-1
2025-06-11,sleep_hours,10.058275024860029,-1
2025-08-14,sleep_hours,10.229811091740991,-1
2025-09-01,sleep_hours,10.2208458075527,-1
2025-09-03,sleep_hours,4.039404532017985,-1
2024-10-04,sleep_hours,3.391469459380925,-1
2024-10-08,sleep_hours,3.7991492601336105,-1
2024-11-10,sleep_hours,3.0,-1
2025-01-11,sleep_hours,3.678106848805715,-1
2025-01-14,sleep_hours,3.9946321610243487,-1
2025-01-25,sleep_hours,10.450690680954535,-1
2025-03-06,sleep_hours,11.116380478807754,-1
2025-04-18,sleep_hours,3.57204132050954,-1
2025-05-23,sleep_hours,10.18924201143985,-1
2025-06-04,sleep_hours,3.946678053376103,-1
2025-06-06,sleep_hours,10.307976894381152,-1
2025-06-16,sleep_hours,3.8867112581651897,-1
2025-07-21,sleep_hours,10.327340482427267,-1
2025-08-14,sleep_hours,3.4184937074129307,-1
2025-08-19,sleep_hours,10.530387508988884,-1
2024-10-25,sleep_hours,10.08472557838677,-1
2024-10-31,sleep_hours,4.041401542174849,-1
2024-12-21,sleep_hours,10.08009684198714,-1
2025-01-20,sleep_hours,3.731599875830325,-1
2025-02-09,sleep_hours,3.252676308169642,-1
2025-02-24,sleep_hours,10.18675046212154,-1
2025-03-07,sleep_hours,10.389041779540667,-1
2025-05-16,sleep_hours,3.5008756208949308,-1
2025-05-27,sleep_hours,10.307527055309524,-1
2025-06-20,sleep_hours,10.108473246069488,-1
2025-07-27,sleep_hours,3.0,-1
2024-09-10,sleep_hours,9.980981501220118,-1
2024-09-13,sleep_hours,3.6887278881234136,-1
2024-10-25,sleep_hours,3.680619200546287,-1
2024-10-26,sleep_hours,10.209047869764165,-1
2024-11-13,sleep_hours,3.8889452466942815,-1
2024-11-23,sleep_hours,10.077723193896292,-1
2024-11-25,sleep_hours,10.15185825108962,-1
2025-02-03,sleep_hours,3.0,-1
2025-02-19,sleep_hours,10.246724592607029,-1
2025-02-24,sleep_hours,3.787429543056939,-1
2025-03-23,sleep_hours,10.322381002224596,-1
2025-05-23,sleep_hours,4.004143744591007,-1
2025-06-23,sleep_hours,3.351287925822493,-1
2025-07-01,sleep_hours,3.871511687364838,-1
2025-07-25,sleep_hours,11.769550706168204,-1
2025-08-15,sleep_hours,10.418760413191002,-1
2025-08-21,sleep_hours,3.067046285257103,-1
2024-09-20,sleep_hours,3.747182765746328,-1
2024-09-25,sleep_hours,3.965458685924879,-1
2024-10-20,sleep_hours,11.913155057762594,-1
2024-10-21,sleep_hours,10.84745539613595,-1
2024-11-29,sleep_hours,9.956484231626874,-1
2024-12-03,sleep_hours,10.37815578156567,-1
2024-12-05,sleep_hours,3.901580298487916,-1
2024-12-23,sleep_hours,3.89843988311266,-1
2024-12-26,sleep_hours,3.11216712697437,-1
2025-01-08,sleep_hours,10.020670740262538,-1
2025-01-15,sleep_hours,3.573232598876356,-1
2025-01-23,sleep_hours,10.108153438305113,-1
2025-02-14,sleep_hours,10.119964766619544,-1
2025-03-12,sleep_hours,4.004451395890531,-1
2025-04-02,sleep_hours,3.1880567347676854,-1
2025-04-08,sleep_hours,10.192076571861811,-1
2025-04-15,sleep_hours,10.035505223818474,-1
2025-04-19,sleep_hours,4.035518708577635,-1
2025-05-13,sleep_hours,3.3010384668488757,-1
2025-05-15,sleep_hours,3.4964454978272403,-1
2025-05-20,sleep_hours,3.542393803317468,-1
2025-06-10,sleep_hours,10.348975672065418,-1
2025-07-21,sleep_hours,9.992087103178523,-1
2025-08-06,sleep_hours,3.435608464122568,-1
2025-08-09,sleep_hours,10.565440136480522,-1
2025-08-19,sleep_hours,10.331168028994783,-1
2024-09-26,sleep_hours,10.032105962033668,-1
2024-10-23,sleep_hours,3.6016674997867133,-1
2024-11-05,sleep_hours,10.695658330624516,-1
2024-11-12,sleep_hours,10.182010265378963,-1
2024-11-22,sleep_hours,10.009560892496214,-1
2024-12-19,sleep_hours,10.43204606184456,-1
2025-01-18,sleep_hours,3.73530921877332,-1
2025-01-24,sleep_hours,3.6014151316210348,-1
2025-02-24,sleep_hours,11.0847349489309,-1
2025-03-21,sleep_hours,3.1798479366823686,-1
2025-03-25,sleep_hours,3.8418500613708,-1
2025-03-31,sleep_hours,3.0,-1
2025-06-29,sleep_hours,3.450864442266642,-1
2025-07-01,sleep_hours,10.220919119177562,-1
2025-07-21,sleep_hours,3.0,-1
2025-08-09,sleep_hours,3.551089926510569,-1
2025-09-01,sleep_hours,3.0,-1
2024-09-18,sleep_hours,10.226416196649936,-1
2024-10-03,sleep_hours,3.822808610260645,-1
2024-10-05,sleep_hours,3.0,-1
2024-11-08,sleep_hours,3.1653864812211427,-1
2024-12-02,sleep_hours,10.700304762242252,-1
2024-12-31,sleep_hours,10.07792947628943,-1
2025-01-17,sleep_hours,12.0,-1
2025-02-17,sleep_hours,10.507619141835969,-1
2025-04-28,sleep_hours,10.624354500465545,-1
2025-05-18,sleep_hours,3.548306406693982,-1
2025-05-19,sleep_hours,11.105964346039716,-1
2025-05-23,sleep_hours,10.021666798477147,-1
2025-06-10,sleep_hours,3.368624296916714,-1
2025-06-20,sleep_hours,10.986039289393684,-1
2025-06-25,sleep_hours,10.02808800605842,-1
2025-07-07,sleep_hours,3.0,-1
2025-08-29,sleep_hours,3.960036132413134,-1
2024-09-07,sleep_hours,3.5362455605697334,-1
2024-09-19,sleep_hours,10.63036721469411,-1
2024-09-24,sleep_hours,3.172348490734372,-1
2024-10-01,sleep_hours,10.553950953617694,-1
2024-11-26,sleep_hours,10.679928173027,-1
2024-12-30,sleep_hours,3.0,-1
2025-01-17,sleep_hours,3.5138610340118026,-1
2025-02-03,sleep_hours,10.32834448268051,-1
2025-02-09,sleep_hours,3.947791398145849,-1
2025-02-16,sleep_hours,10.166139472415727,-1
2025-02-27,sleep_hours,10.101941609938876,-1
2025-03-05,sleep_hours,4.034623058167286,-1
2025-03-06,sleep_hours,12.0,-1
2025-03-24,sleep_hours,3.7275646944193,-1
2025-04-14,sleep_hours,12.0,-1
2025-04-16,sleep_hours,10.31506427583725,-1
2025-05-04,sleep_hours,3.0,-1
2025-05-10,sleep_hours,10.781847596775124,-1
2025-05-24,sleep_hours,3.530248954929503,-1
2025-06-22,sleep_hours,10.97398919283329,-1
2025-07-18,sleep_hours,3.565121028913496,-1
2025-07-26,sleep_hours,3.690042455629979,-1
2025-08-08,sleep_hours,9.970135140093388,-1
2025-08-09,sleep_hours,11.78045664515613,-1
2025-08-14,sleep_hours,10.73975876004186,-1
2025-08-19,sleep_hours,3.4384442417524843,-1
2024-09-18,sleep_hours,3.911379686365513,-1
2024-09-24,sleep_hours,3.0,-1
2024-10-14,sleep_hours,3.5221810471982584,-1
2024-10-15,sleep_hours,10.27040480282116,-1
2025-01-13,sleep_hours,3.989574698693422,-1
2025-01-23,sleep_hours,10.925956132051525,-1
2025-02-03,sleep_hours,3.3579071724902567,-1
2025-03-12,sleep_hours,3.555456435072421,-1
2025-03-14,sleep_hours,3.537160189237462,-1
2025-03-15,sleep_hours,3.6777769484442207,-1
2025-04-13,sleep_hours,10.049666492436383,-1
2025-04-30,sleep_hours,10.36922425434754,-1
2025-05-05,sleep_hours,3.761752751018992,-1
2025-07-17,sleep_hours,10.468537670736966,-1
2025-08-05,sleep_hours,3.9798877607567498,-1
2025-08-13,sleep_hours,3.798482040699109,-1
2025-08-21,sleep_hours,3.9677745657964,-1
2025-08-30,sleep_hours,3.679141415850223,-1
2024-09-19,sleep_hours,10.818161642481158,-1
2024-11-06,sleep_hours,11.212182142371397,-1
2024-11-10,sleep_hours,3.2025496517723995,-1
2024-12-09,sleep_hours,10.409181592986156,-1
2024-12-13,sleep_hours,3.641413995382412,-1
2024-12-17,sleep_hours,11.088334624300067,-1
2024-12-19,sleep_hours,10.327080411165072,-1
2025-01-04,sleep_hours,3.675123648867074,-1
2025-01-16,sleep_hours,10.09299023765277,-1
2025-01-17,sleep_hours,3.152232586470114,-1
2025-01-19,sleep_hours,3.782943390335215,-1
2025-01-27,sleep_hours,3.0,-1
2025-03-12,sleep_hours,3.4113802406082114,-1
2025-03-17,sleep_hours,3.775979326484936,-1
2025-04-06,sleep_hours,10.894892250741002,-1
2025-04-28,sleep_hours,3.7508033101117695,-1
2025-05-02,sleep_hours,3.1841349158873244,-1
2025-06-09,sleep_hours,10.523461823741073,-1
2025-06-11,sleep_hours,3.0,-1
2025-06-23,sleep_hours,3.1907811915125786,-1
2025-06-29,sleep_hours,10.021680220056354,-1
2025-08-26,sleep_hours,3.0219091286517057,-1
2024-09-20,sleep_hours,10.27445964204619,-1
2024-10-08,sleep_hours,10.254201997033215,-1
2024-12-07,sleep_hours,3.9675673593690792,-1
2024-12-29,sleep_hours,3.3854090677922786,-1
2025-01-01,sleep_hours,3.012489356221804,-1
2025-01-04,sleep_hours,4.053884336183894,-1
2025-01-10,sleep_hours,10.053663759626858,-1
2025-01-22,sleep_hours,3.2926743653371875,-1
2025-02-12,sleep_hours,3.0,-1
2025-04-03,sleep_hours,11.996884068510711,-1
2025-04-10,sleep_hours,9.95065380580277,-1
2025-05-08,sleep_hours,10.492673240729667,-1
2025-06-20,sleep_hours,3.508852866682699,-1
2025-07-04,sleep_hours,10.795268073875274,-1
2025-07-19,sleep_hours,10.874176221460836,-1
2025-07-24,sleep_hours,10.97199330835418,-1
2025-07-31,sleep_hours,11.245334989031829,-1
2025-08-10,sleep_hours,3.740514716803974,-1
2025-08-21,sleep_hours,10.118119537765498,-1
2024-09-29,sleep_hours,10.257144934652285,-1
2024-10-11,sleep_hours,3.738931096018149,-1
2025-01-07,sleep_hours,3.4094407827538573,-1
2025-01-09,sleep_hours,11.070019161901852,-1
2025-02-20,sleep_hours,3.0,-1
2025-03-04,sleep_hours,10.699444918019369,-1
2025-03-22,sleep_hours,10.496602993548589,-1
2025-04-10,sleep_hours,10.107118465641353,-1
2025-04-26,sleep_hours,3.746571793023824,-1
2025-05-07,sleep_hours,3.866699721631314,-1
2025-05-22,sleep_hours,3.571089908144306,-1
2025-06-13,sleep_hours,11.026122368110082,-1
2025-06-25,sleep_hours,10.14114629536095,-1
2025-06-28,sleep_hours,10.181226447644596,-1
2025-07-19,sleep_hours,10.898368435891246,-1
2025-08-04,sleep_hours,3.863019378649077,-1
2025-08-12,sleep_hours,10.386571332031926,-1
2025-08-17,sleep_hours,11.164431146171438,-1
2025-08-26,sleep_hours,10.238769240469107,-1
2024-09-07,sleep_hours,3.37002622157004,-1
2024-10-10,sleep_hours,3.0,-1
2024-10-30,sleep_hours,10.737215847855593,-1
2024-11-11,sleep_hours,3.904150696234951,-1
2024-11-28,sleep_hours,3.0,-1
2024-12-17,sleep_hours,4.019110589790676,-1
2024-12-31,sleep_hours,10.289121636005726,-1
2025-01-01,sleep_hours,3.586058796181594,-1
2025-01-18,sleep_hours,10.261466256751524,-1
2025-02-01,sleep_hours,10.26334854618533,-1
2025-02-16,sleep_hours,3.8317058051219024,-1
2025-03-11,sleep_hours,3.499251655067729,-1
2025-03-15,sleep_hours,10.071667542945477,-1
2025-03-23,sleep_hours,10.171252701969792,-1
2025-04-17,sleep_hours,10.050921287426634,-1
2025-04-24,sleep_hours,3.0134344814782983,-1
2025-05-16,sleep_hours,3.859282793186385,-1
2025-07-02,sleep_hours,3.474985778724108,-1
2025-07-15,sleep_hours,10.32721480000478,-1
2025-08-05,sleep_hours,3.2853572339465336,-1
2025-08-12,sleep_hours,3.909448233644652,-1
2025-08-28,sleep_hours,10.534365412220978,-1
2024-09-12,sleep_hours,10.811240366094085,-1
2024-09-29,sleep_hours,10.447118435290998,-1
2024-10-20,sleep_hours,3.0,-1
2024-11-09,sleep_hours,3.7430723619998174,-1
2024-12-02,sleep_hours,3.421312911557955,-1
2024-12-03,sleep_hours,10.353601730215896,-1
2024-12-26,sleep_hours,10.254487909650615,-1
2025-01-22,sleep_hours,10.18845386578454,-1
2025-03-05,sleep_hours,3.989625560462639,-1
2025-04-05,sleep_hours,3.975876864924935,-1
2025-06-13,sleep_hours,10.213978116668036,-1
2025-07-05,sleep_hours,3.453084633977007,-1
2025-07-19,sleep_hours,10.369779363958852,-1
2025-07-24,sleep_hours,10.311957307273133,-1
2025-07-25,sleep_hours,10.03142795505384,-1
2025-07-26,sleep_hours,12.0,-1
2025-08-10,sleep_hours,10.139905114259708,-1
2024-09-18,sleep_hours,3.5864801712215675,-1
2024-10-22,sleep_hours,3.0,-1
2024-11-02,sleep_hours,3.4186155460511447,-1
2024-11-26,sleep_hours,10.503722063616802,-1
2024-11-29,sleep_hours,3.861442773867582,-1
2024-12-14,sleep_hours,10.91752610162622,-1
2025-03-07,sleep_hours,11.859157699647715,-1
2025-03-16,sleep_hours,3.368854014005807,-1
2025-05-08,sleep_hours,10.105507542429796,-1
2025-07-08,sleep_hours,3.592812695924927,-1
2025-08-21,sleep_hours,10.697146054335144,-1
2024-09-15,sleep_hours,11.128893912798263,-1
2024-12-21,sleep_hours,3.0,-1
2025-01-05,sleep_hours,9.970163117072076,-1
2025-03-03,sleep_hours,3.9273288109176416,-1
2025-03-17,sleep_hours,3.0,-1
2025-04-07,sleep_hours,3.0,-1
2025-04-19,sleep_hours,3.4338327103866857,-1
2025-04-27,sleep_hours,3.443086491293623,-1
2025-05-13,sleep_hours,3.506716532422867,-1
2025-05-18,sleep_hours,10.368654566758792,-1
2025-07-24,sleep_hours,10.445445042010174,-1
2025-08-03,sleep_hours,3.0,-1
2025-08-15,sleep_hours,3.722836771091477,-1
2025-09-05,sleep_hours,10.262260460425331,-1
2024-10-02,sleep_hours,11.17526148229987,-1
2024-10-07,sleep_hours,10.03396883898322,-1
2024-11-15,sleep_hours,4.017389470468521,-1
2024-12-10,sleep_hours,3.773984852651675,-1
2024-12-30,sleep_hours,3.0,-1
2025-01-09,sleep_hours,3.6660462580165474,-1
2025-01-15,sleep_hours,10.057170944841214,-1
2025-01-24,sleep_hours,10.115864853448077,-1
2025-02-03,sleep_hours,3.675852426173688,-1
2025-02-04,sleep_hours,10.283005167648566,-1
2025-02-15,sleep_hours,3.1875452060527247,-1
2025-02-17,sleep_hours,4.013844148831316,-1
2025-03-02,sleep_hours,10.23755732137734,-1
2025-08-12,sleep_hours,3.680677900597752,-1
2024-11-17,sleep_hours,10.094434252783907,-1
2024-11-28,sleep_hours,3.379431044073762,-1
2024-12-09,sleep_hours,10.850893271856355,-1
2024-12-29,sleep_hours,9.959842908340416,-1
2025-02-02,sleep_hours,10.14045836376548,-1
2025-02-03,sleep_hours,3.8558965272114953,-1
2025-02-10,sleep_hours,3.4839345867673632,-1
2025-02-21,sleep_hours,3.940745631568954,-1
2025-02-26,sleep_hours,10.787794400855468,-1
2025-03-02,sleep_hours,10.73010660714517,-1
2025-03-09,sleep_hours,10.718177807506963,-1
2025-03-12,sleep_hours,3.8627226908053487,-1
2025-03-17,sleep_hours,10.155421623351604,-1
2025-03-22,sleep_hours,10.153166460626014,-1
2025-03-26,sleep_hours,10.929426769101944,-1
2025-04-06,sleep_hours,3.358179841834294,-1
2025-04-28,sleep_hours,10.991741634159371,-1
2025-05-25,sleep_hours,10.747992265891924,-1
2025-06-03,sleep_hours,10.23520813209931,-1
2025-06-28,sleep_hours,3.331673638003555,-1
2025-08-18,sleep_hours,4.00020072147036,-1
2024-10-02,sleep_hours,3.898528306015951,-1
2025-01-02,sleep_hours,11.016132254630511,-1
2025-01-19,sleep_hours,3.877446917163569,-1
2025-03-11,sleep_hours,3.670470970353776,-1
2025-03-14,sleep_hours,3.791411375181708,-1
2025-04-04,sleep_hours,10.595377259369158,-1
2025-04-08,sleep_hours,3.9259668196516206,-1
2025-04-30,sleep_hours,10.498462226446978,-1
2025-05-16,sleep_hours,4.018404607125047,-1
2025-05-19,sleep_hours,3.4784035854973183,-1
2025-06-14,sleep_hours,10.230332501918095,-1
2025-06-30,sleep_hours,3.7346907173383617,-1
2025-07-27,sleep_hours,3.8439099355739534,-1
2025-08-20,sleep_hours,10.353086739803324,-1
2024-09-08,sleep_hours,10.189036073921784,-1
2024-09-09,sleep_hours,10.721383593997768,-1
2024-11-04,sleep_hours,3.9601705241633423,-1
2025-02-13,sleep_hours,10.434060719029658,-1
2025-02-21,sleep_hours,3.629602590435417,-1
2025-02-25,sleep_hours,10.819233114184687,-1
2025-03-17,sleep_hours,10.03578736506216,-1
2025-04-30,sleep_hours,10.597548135007449,-1
2025-05-16,sleep_hours,10.14406293584052,-1
2025-05-19,sleep_hours,3.7158567074764393,-1
2025-07-02,sleep_hours,3.664807911678961,-1
2025-07-23,sleep_hours,10.122965998955465,-1
2025-08-07,sleep_hours,11.272311319942489,-1
2024-09-20,sleep_hours,3.0,-1
2024-10-02,sleep_hours,3.0,-1
2024-10-30,sleep_hours,10.272544589167138,-1
2024-12-25,sleep_hours,3.320733946707781,-1
2025-01-08,sleep_hours,10.174680272524457,-1
2025-03-18,sleep_hours,11.04618477804118,-1
2025-03-23,sleep_hours,3.487292073231899,-1
2025-04-08,sleep_hours,10.111015043827404,-1
2025-04-09,sleep_hours,4.036628433823845,-1
2025-04-13,sleep_hours,10.330821862754874,-1
2025-08-02,sleep_hours,11.076613452350651,-1
2025-08-05,sleep_hours,10.209097990215003,-1
2025-08-08,sleep_hours,10.48335362536538,-1
2025-08-10,sleep_hours,11.01631236054164,-1
2025-08-25,sleep_hours,10.252770877640458,-1
2024-12-03,sleep_hours,9.953192860411097,-1
2024-12-04,sleep_hours,3.890892755314274,-1
2024-12-18,sleep_hours,3.914843695679994,-1
2025-01-04,sleep_hours,3.017141771342072,-1
2025-02-07,sleep_hours,3.365826601173949,-1
2025-02-08,sleep_hours,3.349890577669297,-1
2025-02-13,sleep_hours,3.0,-1
2025-03-06,sleep_hours,3.8241521519089128,-1
2025-03-30,sleep_hours,3.924201302190343,-1
2025-05-25,sleep_hours,3.9451974910915,-1
2025-06-10,sleep_hours,3.982164236625661,-1
2025-07-25,sleep_hours,3.728198103058268,-1
2025-07-31,sleep_hours,10.413398243088784,-1
2025-08-15,sleep_hours,3.8769035939574623,-1
2025-08-18,sleep_hours,11.318845454229256,-1
2024-09-06,sleep_hours,10.4843315492292,-1
2024-09-30,sleep_hours,3.729600768482113,-1
2024-10-06,sleep_hours,3.7763496279797777,-1
2024-11-06,sleep_hours,3.9105368233865807,-1
2024-11-10,sleep_hours,10.126054144349837,-1
2024-11-13,sleep_hours,4.005746226065676,-1
2024-11-20,sleep_hours,3.4358165785312123,-1
2024-11-24,sleep_hours,3.982708969103164,-1
2024-12-02,sleep_hours,3.858524582175691,-1
2025-01-13,sleep_hours,11.045303244397726,-1
2025-01-17,sleep_hours,3.856599160307201,-1
2025-01-22,sleep_hours,3.3560341138611616,-1
2025-02-01,sleep_hours,10.419821841976605,-1
2025-03-31,sleep_hours,10.10565309236272,-1
2025-04-08,sleep_hours,9.995412287496428,-1
2025-04-14,sleep_hours,10.64991092449418,-1
2025-05-07,sleep_hours,3.679383169178611,-1
2025-05-22,sleep_hours,3.0,-1
2025-05-27,sleep_hours,9.957008837237275,-1
2025-06-10,sleep_hours,3.9159752165843127,-1
2025-07-07,sleep_hours,3.782799215189474,-1
2025-07-18,sleep_hours,10.126590374111991,-1
2025-07-19,sleep_hours,10.982440170116964,-1
2025-08-02,sleep_hours,10.58631662622503,-1
2024-09-13,sleep_hours,10.066893325947976,-1
2024-09-22,sleep_hours,3.7901822730778743,-1
2024-10-24,sleep_hours,11.105387068935084,-1
2025-01-18,sleep_hours,4.049034894880704,-1
2025-04-10,sleep_hours,9.977010531143216,-1
2025-04-12,sleep_hours,11.995154236099255,-1
2025-04-23,sleep_hours,3.908571225400869,-1
2025-05-13,sleep_hours,3.989514229808675,-1
2025-05-19,sleep_hours,3.233094015517778,-1
2025-06-30,sleep_hours,3.0,-1
2025-07-11,sleep_hours,3.616338644791704,-1
2025-07-31,sleep_hours,10.331723020989775,-1
2025-08-06,sleep_hours,3.859430985505063,-1
2025-08-08,sleep_hours,10.097901277756725,-1
2025-08-20,sleep_hours,3.9748078760488736,-1
2024-09-15,sleep_hours,10.156974775977742,-1
2024-09-21,sleep_hours,3.337295859967996,-1
2024-09-25,sleep_hours,10.148657000005764,-1
2024-10-10,sleep_hours,3.939701041078267,-1
2024-10-11,sleep_hours,10.067807525123635,-1
2024-10-16,sleep_hours,3.840592464306604,-1
2024-11-04,sleep_hours,3.5569723619308715,-1
2024-11-16,sleep_hours,10.364311142188232,-1
2024-11-18,sleep_hours,4.033597251944373,-1
2024-12-02,sleep_hours,3.0,-1
2024-12-20,sleep_hours,3.754613094801953,-1
2025-01-18,sleep_hours,3.551352038796532,-1
2025-02-11,sleep_hours,10.067476282903268,-1
2025-03-16,sleep_hours,10.00948910246625,-1
2025-03-20,sleep_hours,10.807418970440526,-1
2025-03-28,sleep_hours,12.0,-1
2025-04-03,sleep_hours,10.425940188904008,-1
2025-04-27,sleep_hours,10.817881645066162,-1
2025-05-16,sleep_hours,4.053512005133847,-1
2025-06-18,sleep_hours,11.47580994099223,-1
2025-06-19,sleep_hours,3.0,-1
2025-07-04,sleep_hours,3.439417407699896,-1
2025-07-16,sleep_hours,3.660711162051875,-1
2025-07-19,sleep_hours,3.609655867570136,-1
2025-07-25,sleep_hours,11.254019863586798,-1
2025-08-21,sleep_hours,10.54086266871472,-1
2025-08-31,sleep_hours,3.730617689869786,-1
2024-09-19,sleep_hours,3.0,-1
2024-11-20,sleep_hours,3.5072744749662363,-1
2025-01-04,sleep_hours,4.039324822421242,-1
2025-03-11,sleep_hours,10.435219282610598,-1
2025-03-14,sleep_hours,3.0,-1
2025-05-13,sleep_hours,3.0,-1
2025-06-12,sleep_hours,3.26073908990561,-1
2025-06-15,sleep_hours,11.07118252324726,-1
2025-06-24,sleep_hours,3.5460859235642346,-1
2025-07-30,sleep_hours,10.437381099816754,-1
2025-08-17,sleep_hours,3.9937746579047575,-1
2025-08-21,sleep_hours,9.93356655508825,-1
2025-09-02,sleep_hours,3.94416931306522,-1
2024-10-04,sleep_hours,11.553284547668852,-1
2024-10-13,sleep_hours,10.845088460293203,-1
2024-11-18,sleep_hours,10.163452997605564,-1
2024-11-28,sleep_hours,11.3912414536791,-1
2024-12-01,sleep_hours,11.330064720210212,-1
2024-12-06,sleep_hours,3.844772803835349,-1
2025-01-03,sleep_hours,11.798382498314174,-1
2025-01-15,sleep_hours,10.298014063252358,-1
2025-01-23,sleep_hours,10.22077091129798,-1
2025-03-04,sleep_hours,3.7704680333734295,-1
2025-03-16,sleep_hours,3.8258798310358495,-1
2025-03-22,sleep_hours,3.0,-1
2025-04-07,sleep_hours,4.0203875672789255,-1
2025-05-13,sleep_hours,3.048711405685563,-1
2025-05-27,sleep_hours,10.162976844910926,-1
2025-06-14,sleep_hours,11.431671597289544,-1
2025-07-12,sleep_hours,10.19198293740319,-1
2025-07-18,sleep_hours,10.898962394036005,-1
2025-08-11,sleep_hours,9.935773787981669,-1
2025-08-13,sleep_hours,11.00103341116601,-1
2025-08-31,sleep_hours,4.044626087272894,-1
2025-09-01,sleep_hours,10.126808044445324,-1
2024-09-13,sleep_hours,10.63953509407954,-1
2024-10-05,sleep_hours,3.2548160500172147,-1
2024-10-08,sleep_hours,3.8669393082768737,-1
2024-10-19,sleep_hours,3.0,-1
2024-11-06,sleep_hours,9.960935903333974,-1
2024-11-08,sleep_hours,10.135584640330343,-1
2024-11-11,sleep_hours,10.950366261104882,-1
2024-12-06,sleep_hours,10.324656368526227,-1
2025-01-19,sleep_hours,10.045856052588972,-1
2025-01-27,sleep_hours,3.974518761191322,-1
2025-01-29,sleep_hours,3.407891747609167,-1
2025-02-01,sleep_hours,10.403892198947592,-1
2025-03-03,sleep_hours,3.0,-1
2025-05-05,sleep_hours,3.8084358503625615,-1
2025-05-13,sleep_hours,3.472972220696364,-1
2025-06-08,sleep_hours,4.053127250356599,-1
2025-06-13,sleep_hours,9.983548368248726,-1
2025-07-24,sleep_hours,10.763798199075865,-1
2025-07-27,sleep_hours,10.581641736863796,-1
2025-08-01,sleep_hours,3.984835327560624,-1
2025-08-17,sleep_hours,10.196414866379437,-1
2025-08-26,sleep_hours,10.073097928335848,-1
2024-09-22,sleep_hours,10.158185744918285,-1
2024-10-10,sleep_hours,10.144086851984538,-1
2024-10-17,sleep_hours,3.0803037643597992,-1
2024-11-04,sleep_hours,10.462822679562418,-1
2024-11-23,sleep_hours,10.02749671898047,-1
2024-11-26,sleep_hours,4.013639645192658,-1
2025-01-13,sleep_hours,3.877297621713112,-1
2025-02-18,sleep_hours,3.698650843998165,-1
2025-03-16,sleep_hours,10.923896310257463,-1
2025-03-23,sleep_hours,10.39532464831588,-1
2025-03-28,sleep_hours,10.923622674863145,-1
2025-06-10,sleep_hours,10.456856506050542,-1
2025-07-18,sleep_hours,3.8731178592462423,-1
2025-08-02,sleep_hours,3.0,-1
2025-08-17,sleep_hours,10.220680291862106,-1
2025-09-02,sleep_hours,10.34886214244099,-1
2025-09-03,sleep_hours,4.044093584032073,-1
2024-10-07,sleep_hours,10.106977446874703,-1
2024-10-12,sleep_hours,3.0,-1
2024-11-27,sleep_hours,10.91057512662423,-1
2024-12-03,sleep_hours,11.788569218743165,-1
2024-12-12,sleep_hours,3.4956277178257613,-1
2024-12-26,sleep_hours,3.0,-1
2025-01-10,sleep_hours,3.1381044339553457,-1
2025-03-04,sleep_hours,3.942382140545166,-1
2025-03-13,sleep_hours,3.345923797359325,-1
2025-03-25,sleep_hours,11.485109153406986,-1
2025-04-26,sleep_hours,10.317574996119156,-1
2025-06-04,sleep_hours,10.062981474715292,-1
2025-06-14,sleep_hours,3.6678907414541264,-1
2025-06-26,sleep_hours,10.391157185930464,-1
2025-07-29,sleep_hours,11.065788917636125,-1
2024-09-07,sleep_hours,10.20863251828035,-1
2024-10-07,sleep_hours,10.183155185640224,-1
2024-10-12,sleep_hours,3.9443217911256543,-1
2024-10-28,sleep_hours,10.122053904150864,-1
2024-10-29,sleep_hours,4.022768847259604,-1
2024-11-29,sleep_hours,10.08748283518297,-1
2025-02-18,sleep_hours,3.543155632999726,-1
2025-03-19,sleep_hours,3.0,-1
2025-04-14,sleep_hours,11.495130020845249,-1
2025-05-04,sleep_hours,10.062468514057928,-1
2025-05-18,sleep_hours,11.021591085315862,-1
2025-06-02,sleep_hours,10.091650730247508,-1
2025-07-16,sleep_hours,3.2790147704987342,-1
2025-07-19,sleep_hours,10.177291037167054,-1
2024-10-20,sleep_hours,10.100878240200716,-1
2024-11-01,sleep_hours,11.392455095179738,-1
2024-11-03,sleep_hours,11.666269705125444,-1
2024-11-11,sleep_hours,10.14436455622756,-1
2024-12-31,sleep_hours,11.832863641268249,-1
2025-01-20,sleep_hours,3.8700326377110295,-1
2025-01-25,sleep_hours,10.363119324571556,-1
2025-02-03,sleep_hours,3.9596758194178,-1
2025-02-16,sleep_hours,10.339010825927986,-1
2025-03-19,sleep_hours,4.000170903905211,-1
2025-05-01,sleep_hours,10.570214335569258,-1
2025-05-26,sleep_hours,9.959629414352047,-1
2025-06-14,sleep_hours,3.0,-1
2025-06-26,sleep_hours,3.232555355904178,-1
2025-08-09,sleep_hours,9.971936743740304,-1
2025-08-19,sleep_hours,3.878477890906039,-1
2025-08-22,sleep_hours,10.763407810290946,-1
2025-08-24,sleep_hours,3.939751938347431,-1
2024-09-10,sleep_hours,3.8536945567947742,-1
2024-09-12,sleep_hours,3.907851676334883,-1
2024-09-30,sleep_hours,3.733937067153722,-1
2024-10-30,sleep_hours,3.976646777196748,-1
2024-11-01,sleep_hours,10.336983849921172,-1
2024-11-06,sleep_hours,3.8094606587367057,-1
2024-12-05,sleep_hours,10.03121551898921,-1
2025-01-17,sleep_hours,10.626904946122194,-1
2025-01-23,sleep_hours,3.381664670307358,-1
2025-02-14,sleep_hours,3.8613211422103833,-1
2025-03-16,sleep_hours,11.156084216822446,-1
2025-03-20,sleep_hours,10.403669039417077,-1
2025-05-23,sleep_hours,10.16878658788033,-1
2025-06-05,sleep_hours,3.4587245784604805,-1
2025-06-25,sleep_hours,3.247189746439504,-1
2025-07-19,sleep_hours,3.3705857337086838,-1
2025-07-21,sleep_hours,3.0,-1
2025-07-22,sleep_hours,9.939969115603738,-1
2025-07-23,sleep_hours,3.879977719805209,-1
2025-07-27,sleep_hours,3.792002423358838,-1
2025-07-29,sleep_hours,11.02694744062952,-1
2024-09-08,sleep_hours,10.091899060421389,-1
2024-09-27,sleep_hours,3.597651502632514,-1
2024-09-30,sleep_hours,10.154505804826588,-1
2024-10-01,sleep_hours,9.973824087196393,-1
2024-10-06,sleep_hours,3.7400755095003566,-1
2024-10-19,sleep_hours,10.844391126099325,-1
2024-11-12,sleep_hours,10.2723872461277,-1
2024-11-19,sleep_hours,10.368036070520096,-1
2024-12-01,sleep_hours,3.021479187260109,-1
2024-12-11,sleep_hours,11.176884565643322,-1
2024-12-14,sleep_hours,9.983611483250897,-1
2024-12-26,sleep_hours,11.44965595403532,-1
2024-12-31,sleep_hours,9.968496074926652,-1
2025-01-03,sleep_hours,4.001156446234375,-1
2025-01-12,sleep_hours,3.5283730920947707,-1
2025-01-29,sleep_hours,3.3474100962966267,-1
2025-02-28,sleep_hours,3.509706859184967,-1
2025-03-16,sleep_hours,11.523439223924532,-1
2025-04-14,sleep_hours,3.98904932525206,-1
2025-05-24,sleep_hours,3.432951295084352,-1
2025-06-24,sleep_hours,10.855228238891725,-1
2025-06-27,sleep_hours,9.988525058503352,-1
2025-06-29,sleep_hours,3.8240781793767056,-1
2025-08-19,sleep_hours,10.441644129930358,-1
2025-08-24,sleep_hours,3.0,-1
2024-09-17,sleep_hours,3.0,-1
2024-09-29,sleep_hours,3.0,-1
2024-10-08,sleep_hours,9.93146767839508,-1
2024-11-08,sleep_hours,11.086130021122642,-1
2024-12-15,sleep_hours,3.943488005110576,-1
2024-12-18,sleep_hours,11.028863745832226,-1
2025-01-07,sleep_hours,10.454705805516827,-1
2025-02-19,sleep_hours,11.5080597490332,-1
2025-02-24,sleep_hours,3.346626622526464,-1
2025-03-17,sleep_hours,3.5366331121732,-1
2025-05-01,sleep_hours,11.939280485788943,-1
2025-05-12,sleep_hours,10.545654610725409,-1
2025-05-20,sleep_hours,3.1452082623597133,-1
2025-05-27,sleep_hours,3.754609694160208,-1
2025-06-03,sleep_hours,3.3474052559753997,-1
2025-07-01,sleep_hours,3.773206496649248,-1
2025-07-04,sleep_hours,3.1681509967968338,-1
2025-07-15,sleep_hours,3.0,-1
2024-09-28,sleep_hours,3.8380672178553255,-1
2024-10-11,sleep_hours,10.444634133735573,-1
2024-11-14,sleep_hours,3.846784746605804,-1
2025-02-01,sleep_hours,9.966878069904666,-1
2025-02-02,sleep_hours,3.752056367079705,-1
2025-02-20,sleep_hours,10.491885916894097,-1
2025-04-03,sleep_hours,3.0,-1
2025-04-13,sleep_hours,10.08483326656415,-1
2025-05-22,sleep_hours,3.629277213056417,-1
2025-08-16,sleep_hours,10.206695913324667,-1
2025-08-23,sleep_hours,10.39109962997438,-1
2024-10-13,sleep_hours,3.298726716423872,-1
2024-11-03,sleep_hours,9.99699956470602,-1
2024-11-07,sleep_hours,10.293169170003944,-1
2024-12-13,sleep_hours,3.954599700477485,-1
2024-12-23,sleep_hours,3.2384699811184774,-1
2025-02-10,sleep_hours,3.0,-1
2025-03-11,sleep_hours,10.02674082755322,-1
2025-03-22,sleep_hours,10.801272720640446,-1
2025-03-31,sleep_hours,10.259855382281623,-1
2025-04-03,sleep_hours,10.334997834946128,-1
2025-06-18,sleep_hours,10.255551506417326,-1
2025-06-28,sleep_hours,3.6640841615485633,-1
2025-07-12,sleep_hours,3.417674512035458,-1
2025-07-29,sleep_hours,3.2469803042607106,-1
2025-08-04,sleep_hours,10.386379879041442,-1
2025-08-19,sleep_hours,3.6828761136074535,-1
2024-09-11,sleep_hours,3.743051655707135,-1
2024-09-27,sleep_hours,3.750685060954188,-1
2024-10-03,sleep_hours,10.393698170874137,-1
2024-10-25,sleep_hours,3.329091775909709,-1
2024-10-29,sleep_hours,10.248560775275712,-1
2024-12-01,sleep_hours,3.0,-1
2024-12-13,sleep_hours,10.271411642377714,-1
2025-01-17,sleep_hours,3.5867911699019617,-1
2025-01-22,sleep_hours,10.415699892550254,-1
2025-01-28,sleep_hours,10.66065297051593,-1
2025-02-26,sleep_hours,4.006089605343975,-1
2025-04-14,sleep_hours,3.0,-1
2025-04-29,sleep_hours,10.614222010744044,-1
2025-08-21,sleep_hours,3.0,-1
2025-08-27,sleep_hours,10.00555970574202,-1
2024-10-13,sleep_hours,3.542612465811713,-1
2024-11-25,sleep_hours,3.911050144861343,-1
2024-12-15,sleep_hours,10.63530465206017,-1
2024-12-30,sleep_hours,3.0,-1
2025-01-03,sleep_hours,10.604046945724615,-1
2025-03-07,sleep_hours,10.482237588666678,-1
2025-04-02,sleep_hours,3.0,-1
2025-04-24,sleep_hours,3.0,-1
2025-05-27,sleep_hours,10.2548031327872,-1
2025-06-11,sleep_hours,3.9876063646397713,-1
2025-07-05,sleep_hours,3.9946388863370816,-1
2025-07-09,sleep_hours,3.9012035866446393,-1
2025-07-11,sleep_hours,4.023053825873051,-1
2025-07-17,sleep_hours,10.497470073143436,-1
2025-07-24,sleep_hours,10.00595225462333,-1
2024-10-12,sleep_hours,3.761597989025064,-1
2024-12-03,sleep_hours,9.970380205418673,-1
2025-01-03,sleep_hours,3.8000929676457647,-1
2025-01-12,sleep_hours,10.304082123425657,-1
2025-01-22,sleep_hours,10.30552037321922,-1
2025-01-24,sleep_hours,12.0,-1
2025-03-07,sleep_hours,3.690274971612893,-1
2025-03-21,sleep_hours,3.858752106163486,-1
2025-03-24,sleep_hours,10.92394934503712,-1
2025-03-30,sleep_hours,3.0,-1
2025-04-06,sleep_hours,3.967702751983615,-1
2025-04-11,sleep_hours,10.792006953180476,-1
2025-04-18,sleep_hours,10.024839827036736,-1
2025-05-25,sleep_hours,3.420628754304023,-1
2025-06-11,sleep_hours,3.88026356607841,-1
2025-06-14,sleep_hours,10.996863699947337,-1
2025-06-19,sleep_hours,10.543763592222778,-1
2025-07-20,sleep_hours,10.673935767111988,-1
2025-08-07,sleep_hours,10.110344168658033,-1
2025-08-25,sleep_hours,3.5115274606638263,-1
2024-09-09,sleep_hours,10.234550921581684,-1
2024-10-14,sleep_hours,9.955573592142096,-1
2024-12-17,sleep_hours,3.774534146198604,-1
2024-12-21,sleep_hours,10.48777560861553,-1
2025-01-02,sleep_hours,3.953435071571636,-1
2025-01-22,sleep_hours,9.969431866935611,-1
2025-01-25,sleep_hours,10.843732677090454,-1
2025-02-20,sleep_hours,9.93880738928575,-1
2025-02-21,sleep_hours,10.620994880821131,-1
2025-03-06,sleep_hours,4.02079581833652,-1
2025-03-25,sleep_hours,3.658484672133336,-1
2025-03-26,sleep_hours,3.705332254798837,-1
2025-05-04,sleep_hours,3.9814679147965033,-1
2025-05-16,sleep_hours,3.090522851918004,-1
2025-06-15,sleep_hours,10.233425321656718,-1
2025-06-17,sleep_hours,3.0689000730360174,-1
2024-09-11,sleep_hours,3.4007804574554,-1
2024-10-02,sleep_hours,3.5909204967831707,-1
2024-10-08,sleep_hours,3.379256616754144,-1
2025-01-15,sleep_hours,10.092693286539966,-1
2025-01-28,sleep_hours,10.266890920694918,-1
2025-02-21,sleep_hours,3.2145216726690604,-1
2025-02-23,sleep_hours,10.806609075139487,-1
2025-02-24,sleep_hours,10.137834184172611,-1
2025-04-22,sleep_hours,10.260915235483944,-1
2025-04-26,sleep_hours,3.819072284908021,-1
2025-05-07,sleep_hours,3.760719221295579,-1
2025-05-29,sleep_hours,3.5893259474510693,-1
2025-06-12,sleep_hours,3.342809151524233,-1
2025-08-22,sleep_hours,11.184678036827584,-1
2024-10-21,sleep_hours,10.08522740822415,-1
2024-11-07,sleep_hours,10.027301030050817,-1
2024-12-05,sleep_hours,10.347126395716677,-1
2024-12-12,sleep_hours,10.41145789976004,-1
2025-01-27,sleep_hours,3.4262241557293818,-1
2025-01-31,sleep_hours,10.893042052784097,-1
2025-02-24,sleep_hours,10.67474555515819,-1
2025-03-01,sleep_hours,3.0,-1
2025-03-07,sleep_hours,3.0,-1
2025-03-14,sleep_hours,10.159264935538506,-1
2025-03-18,sleep_hours,10.014921621425463,-1
2025-04-05,sleep_hours,3.914323576576118,-1
2025-04-15,sleep_hours,3.447853766029124,-1
2025-04-19,sleep_hours,3.632760576044317,-1
2025-05-12,sleep_hours,3.925284087643671,-1
2025-06-06,sleep_hours,10.91194342865288,-1
2025-06-30,sleep_hours,10.392062745413735,-1
2025-08-14,sleep_hours,10.04367222026544,-1
2025-08-28,sleep_hours,12.0,-1
2024-09-10,sleep_hours,3.0,-1
2024-09-11,sleep_hours,10.32988013168703,-1
2024-09-27,sleep_hours,3.0,-1
2024-10-12,sleep_hours,4.036048965123577,-1
2024-10-27,sleep_hours,3.9513995600920806,-1
2024-10-29,sleep_hours,9.97936275741609,-1
2024-11-19,sleep_hours,3.802316867604728,-1
2024-12-04,sleep_hours,3.9376898750317713,-1
2024-12-05,sleep_hours,10.054135704763162,-1
2024-12-28,sleep_hours,9.995952230603258,-1
2025-01-01,sleep_hours,10.04841247480875,-1
2025-01-02,sleep_hours,4.049284248145451,-1
2025-01-21,sleep_hours,3.077537115238349,-1
2025-01-29,sleep_hours,10.306033724512872,-1
2025-04-07,sleep_hours,10.922406279831923,-1
2025-04-15,sleep_hours,3.245935934672869,-1
2025-04-26,sleep_hours,10.141236852157457,-1
2025-06-03,sleep_hours,10.509541850508343,-1
2025-06-20,sleep_hours,3.0,-1
2025-07-14,sleep_hours,3.4873725198564234,-1
2024-09-11,sleep_hours,4.053281287915567,-1
2024-09-13,sleep_hours,3.529890116682339,-1
2024-10-09,sleep_hours,10.490616642557624,-1
2024-10-21,sleep_hours,10.064085640290893,-1
2024-11-05,sleep_hours,10.092506878008322,-1
2024-11-15,sleep_hours,9.953507192033822,-1
2024-11-17,sleep_hours,10.625333700468762,-1
2024-12-10,sleep_hours,3.0,-1
2024-12-14,sleep_hours,10.10369825351468,-1
2024-12-25,sleep_hours,3.982664584466587,-1
2025-03-06,sleep_hours,3.503841801493201,-1
2025-03-20,sleep_hours,10.81108477427404,-1
2025-04-28,sleep_hours,3.545004498676557,-1
2025-05-02,sleep_hours,10.94183244430483,-1
2025-05-12,sleep_hours,3.504975477135009,-1
2025-05-31,sleep_hours,10.331320511203156,-1
2025-06-21,sleep_hours,3.8783085392344536,-1
2025-06-23,sleep_hours,10.164930849257974,-1
2025-07-17,sleep_hours,10.016228867538803,-1
2025-08-01,sleep_hours,10.269843232398935,-1
2025-08-08,sleep_hours,3.3326677288421944,-1
2025-09-05,sleep_hours,3.429366187949192,-1
2024-09-07,sleep_hours,10.016197336664364,-1
2024-09-27,sleep_hours,11.35221934440024,-1
2024-10-11,sleep_hours,10.570657080100968,-1
2024-10-15,sleep_hours,3.6136096612546895,-1
2024-10-27,sleep_hours,10.169051023192443,-1
2024-11-15,sleep_hours,3.980469173865736,-1
2024-11-20,sleep_hours,3.936190833406415,-1
2024-11-27,sleep_hours,11.490811097868578,-1
2024-12-31,sleep_hours,3.2264163599576445,-1
2025-01-13,sleep_hours,10.43517807422232,-1
2025-03-13,sleep_hours,3.1295172896112184,-1
2025-04-15,sleep_hours,10.558171697561017,-1
2025-04-16,sleep_hours,10.681982247261365,-1
2025-04-23,sleep_hours,9.95159142989,-1
2025-04-24,sleep_hours,10.07259305130356,-1
2025-05-29,sleep_hours,10.10439624463795,-1
2025-06-07,sleep_hours,3.574593263103425,-1
2025-06-19,sleep_hours,10.31340760419125,-1
2025-06-20,sleep_hours,11.149595501423224,-1
2025-07-06,sleep_hours,4.012311537611026,-1
2025-08-15,sleep_hours,10.378635864519994,-1
2025-08-16,sleep_hours,10.565492964730682,-1
2024-09-19,sleep_hours,3.6220824076683655,-1
2024-11-17,sleep_hours,10.32314806830402,-1
2024-12-07,sleep_hours,3.0,-1
2025-01-09,sleep_hours,10.219493054990547,-1
2025-03-02,sleep_hours,3.976148050461656,-1
2025-03-19,sleep_hours,10.36928372166734,-1
2025-03-26,sleep_hours,10.36482999660631,-1
2025-04-24,sleep_hours,3.7495964584591097,-1
2025-04-26,sleep_hours,3.7891741483074792,-1
2025-06-27,sleep_hours,10.088017113272596,-1
2025-07-06,sleep_hours,10.03512685183566,-1
2025-07-24,sleep_hours,4.022723707789658,-1
2025-08-12,sleep_hours,3.0190079707290995,-1
2025-08-13,sleep_hours,10.33387059206608,-1
2025-08-22,sleep_hours,3.831884954464068,-1
2025-08-29,sleep_hours,10.212070143152664,-1
2024-09-11,sleep_hours,10.780982735475304,-1
2024-11-16,sleep_hours,4.000185966338757,-1
2024-12-06,sleep_hours,10.670178460406564,-1
2024-12-10,sleep_hours,3.692816204251565,-1
2024-12-15,sleep_hours,3.286022654941175,-1
2025-01-03,sleep_hours,3.388338273117683,-1
2025-01-26,sleep_hours,3.0,-1
2025-02-27,sleep_hours,3.564324465718028,-1
2025-03-04,sleep_hours,10.946748017938791,-1
2025-03-09,sleep_hours,4.01482970280069,-1
2025-04-10,sleep_hours,3.78773214570812,-1
2025-04-20,sleep_hours,4.001253561306682,-1
2025-05-07,sleep_hours,3.683327655229463,-1
2025-06-04,sleep_hours,3.620247916224649,-1
2025-06-09,sleep_hours,3.9617833714888873,-1
2025-06-15,sleep_hours,3.898731377622674,-1
2025-06-18,sleep_hours,3.739391760460676,-1
2025-06-26,sleep_hours,3.0,-1
2025-07-24,sleep_hours,10.216477573432702,-1
2025-08-09,sleep_hours,9.983554590344587,-1
2025-08-27,sleep_hours,3.052770317058301,-1
2024-09-18,sleep_hours,10.689522590963762,-1
2024-10-24,sleep_hours,10.079259168200869,-1
2024-11-29,sleep_hours,3.677896553230119,-1
2024-12-22,sleep_hours,3.226698891086447,-1
2025-01-27,sleep_hours,10.208963102668832,-1
2025-01-29,sleep_hours,3.532901120983621,-1
2025-02-06,sleep_hours,3.7513766631405554,-1
2025-03-13,sleep_hours,3.0,-1
2025-03-18,sleep_hours,10.183110619112425,-1
2025-03-19,sleep_hours,3.5048061156836825,-1
2025-03-21,sleep_hours,3.45441811977608,-1
2025-03-30,sleep_hours,11.419502656494265,-1
2025-04-13,sleep_hours,9.99437295523274,-1
2025-05-21,sleep_hours,10.612523621170617,-1
2025-05-22,sleep_hours,3.995612084745369,-1
2025-06-14,sleep_hours,3.6802548721240975,-1
2025-06-25,sleep_hours,10.115826289078802,-1
2025-07-01,sleep_hours,11.173439346018007,-1
2025-07-09,sleep_hours,10.838048793114996,-1
2025-08-01,sleep_hours,3.0,-1
2025-08-04,sleep_hours,10.065405712998276,-1
2025-08-17,sleep_hours,3.2194355093843505,-1
2025-08-28,sleep_hours,3.973470439174715,-1
2025-09-03,sleep_hours,3.747843204994094,-1
2025-09-04,sleep_hours,10.623757112533491,-1
2024-09-17,sleep_hours,10.116551173408483,-1
2024-09-26,sleep_hours,3.597521491404541,-1
2024-10-13,sleep_hours,10.474224363035518,-1
2024-10-19,sleep_hours,10.052959295744236,-1
2024-10-21,sleep_hours,3.762901231147756,-1
2024-10-24,sleep_hours,10.162180878574326,-1
2024-10-31,sleep_hours,11.378052359695854,-1
2024-11-25,sleep_hours,10.365613219783258,-1
2024-11-28,sleep_hours,9.980142750181091,-1
2025-01-03,sleep_hours,3.731262827524494,-1
2025-01-29,sleep_hours,3.926828608116903,-1
2025-03-01,sleep_hours,10.217850986385509,-1
2025-03-18,sleep_hours,3.9866054038999073,-1
2025-03-23,sleep_hours,10.016540178906013,-1
2025-03-28,sleep_hours,10.065296623487304,-1
2025-05-15,sleep_hours,9.995497225152132,-1
2025-05-23,sleep_hours,3.0,-1
2025-06-05,sleep_hours,3.8014488163038314,-1
2025-06-13,sleep_hours,11.114063022283633,-1
2025-06-17,sleep_hours,3.6304802677632058,-1
2025-07-09,sleep_hours,10.641065856079573,-1
2025-08-13,sleep_hours,3.920846450329168,-1
2025-08-17,sleep_hours,3.0,-1
2025-08-18,sleep_hours,3.1196605053794317,-1
2024-12-08,sleep_hours,3.0362139186540995,-1
2024-12-13,sleep_hours,3.0,-1
2024-12-19,sleep_hours,3.639521167782835,-1
2024-12-23,sleep_hours,3.9217187559783904,-1
2025-01-01,sleep_hours,10.113553100010328,-1
2025-01-17,sleep_hours,10.394231873612856,-1
2025-01-21,sleep_hours,10.017290515765076,-1
2025-01-22,sleep_hours,10.479420505895773,-1
2025-01-24,sleep_hours,3.4088603539209004,-1
2025-01-28,sleep_hours,3.8055155738860615,-1
2025-02-08,sleep_hours,3.0,-1
2025-02-22,sleep_hours,3.5761309582894416,-1
2025-02-27,sleep_hours,3.0,-1
2025-04-03,sleep_hours,10.223395952626545,-1
2025-04-28,sleep_hours,3.672451205542158,-1
2025-05-03,sleep_hours,10.25229526488156,-1
2025-06-07,sleep_hours,10.41665774668119,-1
2025-06-11,sleep_hours,10.391595629109954,-1
2025-06-20,sleep_hours,3.5898111567830253,-1
2025-06-30,sleep_hours,10.371571571305886,-1
2025-07-28,sleep_hours,3.57698970362,-1
2025-08-17,sleep_hours,3.0,-1
2025-09-01,sleep_hours,11.12656814365731,-1
2025-09-02,sleep_hours,9.999089817370322,-1
2024-10-24,sleep_hours,11.861206444254274,-1
2024-11-19,sleep_hours,3.718621242603847,-1
2024-11-20,sleep_hours,3.988741788521522,-1
2024-12-07,sleep_hours,3.0,-1
2024-12-20,sleep_hours,10.441710329253452,-1
2024-12-22,sleep_hours,10.01710026614876,-1
2024-12-30,sleep_hours,3.6031771842831777,-1
2025-01-02,sleep_hours,3.8889773268339,-1
2025-01-09,sleep_hours,10.681035743824,-1
2025-01-24,sleep_hours,3.0,-1
2025-02-11,sleep_hours,3.227914971964719,-1
2025-02-19,sleep_hours,10.750517503033777,-1
2025-02-27,sleep_hours,10.687017992133104,-1
2025-03-17,sleep_hours,3.0,-1
2025-03-22,sleep_hours,11.523565245790934,-1
2025-04-06,sleep_hours,3.0,-1
2025-06-19,sleep_hours,10.404520035061068,-1
2025-08-02,sleep_hours,10.190391821790795,-1
2025-08-12,sleep_hours,10.372636271018148,-1
2025-08-22,sleep_hours,3.628328214367218,-1
2024-09-09,sleep_hours,10.480302998380449,-1
2024-09-27,sleep_hours,4.044310379019579,-1
2024-10-23,sleep_hours,3.785180890804232,-1
2024-11-04,sleep_hours,3.449435364697324,-1
2024-11-21,sleep_hours,3.517861499484076,-1
2024-11-25,sleep_hours,4.036035600152973,-1
2025-04-30,sleep_hours,10.127964944969658,-1
2025-05-12,sleep_hours,3.5479692374378944,-1
2025-05-29,sleep_hours,10.523694470830824,-1
2025-06-04,sleep_hours,10.666608913258951,-1
2025-06-25,sleep_hours,3.889412584474345,-1
2025-06-29,sleep_hours,4.022740356142782,-1
2025-07-14,sleep_hours,3.0,-1
2025-07-26,sleep_hours,3.0554424100814157,-1
2024-09-19,sleep_hours,10.605085311848578,-1
2024-10-05,sleep_hours,3.8406577467060936,-1
2024-10-06,sleep_hours,3.85224491424236,-1
2024-10-16,sleep_hours,10.445325134920475,-1
2024-11-08,sleep_hours,11.944742502761304,-1
2024-11-12,sleep_hours,10.310862295601916,-1
2024-11-28,sleep_hours,10.46913830673691,-1
2024-12-10,sleep_hours,3.5008099868536764,-1
2025-01-31,sleep_hours,3.734091454502626,-1
2025-02-02,sleep_hours,10.6463273214948,-1
2025-03-26,sleep_hours,3.7459017655284734,-1
2025-05-03,sleep_hours,10.51029812356047,-1
2025-05-19,sleep_hours,10.376522467993254,-1
2025-05-24,sleep_hours,3.513347023597277,-1
2025-05-31,sleep_hours,3.0,-1
2025-06-08,sleep_hours,11.792242221882066,-1
2025-06-21,sleep_hours,10.328636168384246,-1
2025-07-12,sleep_hours,10.00567650320921,-1
2025-08-19,sleep_hours,3.0,-1
2025-08-29,sleep_hours,10.0811227724022,-1
2024-09-13,sleep_hours,10.2418092925444,-1
2024-10-07,sleep_hours,3.6205965126348936,-1
2024-10-12,sleep_hours,3.758573954762212,-1
2024-10-19,sleep_hours,10.343491094809812,-1
2024-11-04,sleep_hours,3.0,-1
2024-11-21,sleep_hours,10.45735810212341,-1
2024-12-15,sleep_hours,3.308528585006413,-1
2024-12-21,sleep_hours,10.113638502568168,-1
2025-01-14,sleep_hours,10.649261135412877,-1
2025-01-24,sleep_hours,10.59364213450937,-1
2025-02-02,sleep_hours,10.42188531753973,-1
2025-03-21,sleep_hours,10.00400674879183,-1
2025-05-01,sleep_hours,3.0,-1
2025-05-20,sleep_hours,10.81435432859957,-1
2025-07-26,sleep_hours,3.5461538973635056,-1
2025-08-12,sleep_hours,10.658020168679558,-1
2025-08-31,sleep_hours,4.00123007258779,-1
2024-09-18,sleep_hours,3.0,-1
2024-10-12,sleep_hours,10.335367542356426,-1
2024-10-26,sleep_hours,10.564723486820537,-1
2024-10-27,sleep_hours,3.0,-1
2024-11-20,sleep_hours,10.6953610480722,-1
2024-12-01,sleep_hours,10.025541178420395,-1
2024-12-14,sleep_hours,3.8039275735971305,-1
2025-01-24,sleep_hours,3.089264722008787,-1
2025-01-29,sleep_hours,10.322812376835444,-1
2025-02-20,sleep_hours,10.952028891085067,-1
2025-03-12,sleep_hours,10.484857319461922,-1
2025-03-14,sleep_hours,10.076472761299447,-1
2025-04-27,sleep_hours,3.337659486524535,-1
2025-05-15,sleep_hours,12.0,-1
2025-06-25,sleep_hours,10.29294413586166,-1
2025-07-13,sleep_hours,9.97918910510522,-1
2025-08-19,sleep_hours,10.459434315410366,-1
2025-08-20,sleep_hours,3.797593784770381,-1
2024-09-28,sleep_hours,3.0,-1
2024-12-18,sleep_hours,3.589415664587667,-1
2024-12-26,sleep_hours,12.0,-1
2025-01-12,sleep_hours,10.136916758331168,-1
2025-03-08,sleep_hours,10.049838245770516,-1
2025-04-30,sleep_hours,10.049832327629112,-1
2025-06-05,sleep_hours,10.102541761833814,-1
2025-06-12,sleep_hours,10.083460752588977,-1
2025-08-01,sleep_hours,3.215574338548437,-1
2024-09-07,sleep_hours,11.091219703805088,-1
2024-10-09,sleep_hours,3.0,-1
2024-10-14,sleep_hours,11.251737066129891,-1
2024-10-19,sleep_hours,10.466637447012864,-1
2024-10-24,sleep_hours,10.37979185825779,-1
2024-10-26,sleep_hours,10.34607835119422,-1
2024-11-05,sleep_hours,3.0,-1
2024-12-02,sleep_hours,3.0,-1
2024-12-13,sleep_hours,10.281586353971049,-1
2025-02-22,sleep_hours,3.1734063980038423,-1
2025-03-12,sleep_hours,10.089500961536295,-1
2025-03-20,sleep_hours,3.343051103772247,-1
2025-03-31,sleep_hours,3.789980685042549,-1
2025-05-04,sleep_hours,10.20807324481576,-1
2025-05-06,sleep_hours,10.742511167542318,-1
2025-05-20,sleep_hours,11.335935862417918,-1
2025-06-04,sleep_hours,3.0,-1
2025-06-19,sleep_hours,10.514250059446166,-1
2025-06-27,sleep_hours,9.96037097692467,-1
2025-07-19,sleep_hours,3.198430917414748,-1
2025-07-23,sleep_hours,10.337039827038872,-1
2025-07-30,sleep_hours,4.013269618791127,-1
2024-09-26,sleep_hours,3.878748715913757,-1
2024-09-30,sleep_hours,10.353273714136517,-1
2024-11-10,sleep_hours,3.0113637133408906,-1
2024-12-16,sleep_hours,10.183902938652508,-1
2025-01-17,sleep_hours,10.049059742492876,-1
2025-02-04,sleep_hours,10.00379118439528,-1
2025-03-20,sleep_hours,3.592935272162485,-1
2025-04-07,sleep_hours,10.088124880511923,-1
2025-05-08,sleep_hours,3.861267665603602,-1
2025-06-02,sleep_hours,3.0362022729456477,-1
2025-06-08,sleep_hours,3.254043622247424,-1
2025-06-30,sleep_hours,3.807417725762246,-1
2025-07-02,sleep_hours,3.8551259519510497,-1
2025-07-29,sleep_hours,10.107845912811264,-1
2025-08-05,sleep_hours,10.03741601472196,-1
2025-08-21,sleep_hours,3.302579467995722,-1
2024-09-12,sleep_hours,10.7212689076316,-1
2024-09-13,sleep_hours,3.0,-1
2024-11-06,sleep_hours,10.452662952466284,-1
2024-11-08,sleep_hours,11.571554436870487,-1
2024-11-24,sleep_hours,3.9682424491062736,-1
2024-12-21,sleep_hours,3.4534766567434607,-1
2025-02-24,sleep_hours,10.55790317384756,-1
2025-05-28,sleep_hours,10.709906065808957,-1
2025-06-10,sleep_hours,3.676244008480469,-1
2025-06-19,sleep_hours,3.708360429865321,-1
2025-07-09,sleep_hours,10.532699149220068,-1
2025-08-09,sleep_hours,3.5557285576637967,-1
2025-08-23,sleep_hours,10.81149396409384,-1
2025-08-30,sleep_hours,10.676582230408377,-1
2025-08-31,sleep_hours,3.0,-1
2024-09-10,sleep_hours,3.7569520407855848,-1
2024-10-11,sleep_hours,10.1452666568577,-1
2024-12-18,sleep_hours,3.6345025161696825,-1
2024-12-23,sleep_hours,10.05798604966405,-1
2025-01-05,sleep_hours,3.5306931134805586,-1
2025-02-21,sleep_hours,10.69354438504546,-1
2025-03-12,sleep_hours,3.680077773598225,-1
2025-03-21,sleep_hours,3.3773068947083638,-1
2025-03-22,sleep_hours,3.4634118339063145,-1
2025-04-19,sleep_hours,3.722871083526714,-1
2025-04-29,sleep_hours,3.906838712116399,-1
2025-05-03,sleep_hours,11.373941896542286,-1
2025-05-12,sleep_hours,3.0,-1
2025-06-05,sleep_hours,10.222540156633311,-1
2025-08-03,sleep_hours,10.872360499999134,-1
2025-08-27,sleep_hours,10.144847551392678,-1
2025-08-29,sleep_hours,4.009169510303821,-1
2025-09-03,sleep_hours,10.71893871308079,-1
2024-09-12,sleep_hours,3.5356544400073746,-1
2024-10-15,sleep_hours,10.275412488585731,-1
2024-10-22,sleep_hours,10.547089684725115,-1
2024-12-27,sleep_hours,3.4672202856692635,-1
2024-12-31,sleep_hours,10.90423772234874,-1
2025-01-19,sleep_hours,10.545002140900296,-1
2025-02-06,sleep_hours,3.950550531462035,-1
2025-03-22,sleep_hours,10.105599591812918,-1
2025-03-31,sleep_hours,3.0,-1
2025-04-19,sleep_hours,3.679406850132509,-1
2025-04-20,sleep_hours,10.200561722196817,-1
2025-04-23,sleep_hours,3.2037343236177924,-1
2025-05-12,sleep_hours,3.1923083513096726,-1
2025-06-05,sleep_hours,10.84762794341184,-1
2025-06-08,sleep_hours,3.408174325627458,-1
2025-08-06,sleep_hours,3.0,-1
2024-09-29,sleep_hours,3.961268341212284,-1
2024-10-20,sleep_hours,3.8024452570487712,-1
2024-11-12,sleep_hours,10.269755531662812,-1
2024-11-29,sleep_hours,3.5715621593735376,-1
2024-12-16,sleep_hours,10.080578281060829,-1
2024-12-23,sleep_hours,3.952425488878992,-1
2025-01-05,sleep_hours,3.3804261268252795,-1
2025-01-19,sleep_hours,3.0,-1
2025-02-07,sleep_hours,11.145654875075628,-1
2025-02-15,sleep_hours,3.627807476782148,-1
2025-03-12,sleep_hours,3.845607010185396,-1
2025-03-14,sleep_hours,3.483057747616363,-1
2025-03-20,sleep_hours,3.608053056338808,-1
2025-04-13,sleep_hours,3.2090901952715774,-1
2025-05-01,sleep_hours,4.047624213206007,-1
2025-05-23,sleep_hours,11.501055084655594,-1
2025-06-16,sleep_hours,3.719127507581452,-1
2025-06-18,sleep_hours,3.042349826681956,-1
2025-07-03,sleep_hours,4.045570288092772,-1
2025-07-05,sleep_hours,10.507202765945223,-1
2025-07-31,sleep_hours,3.0,-1
2024-09-10,sleep_hours,3.1989149070799563,-1
2024-10-03,sleep_hours,3.5413161845885006,-1
2024-10-28,sleep_hours,3.551866032834228,-1
2024-11-05,sleep_hours,9.938145184423227,-1
2024-11-23,sleep_hours,10.717985389477947,-1
2024-12-27,sleep_hours,10.08580894070709,-1
2025-01-24,sleep_hours,3.141177809519416,-1
2025-02-03,sleep_hours,10.251609863008088,-1
2025-02-14,sleep_hours,10.110844370796102,-1
2025-03-15,sleep_hours,3.429214235281598,-1
2025-03-27,sleep_hours,10.09864498239357,-1
2025-03-30,sleep_hours,10.956505240919476,-1
2025-04-19,sleep_hours,4.005869865199104,-1
2025-05-12,sleep_hours,3.453839985818501,-1
2025-05-26,sleep_hours,10.961008426043136,-1
2025-06-10,sleep_hours,3.810545795895392,-1
2025-07-06,sleep_hours,9.977628236556187,-1
2025-07-22,sleep_hours,3.856436595622569,-1
2025-08-28,sleep_hours,10.556487385483528,-1
2025-08-31,sleep_hours,12.0,-1
2024-09-07,sleep_hours,10.585355155712918,-1
2024-09-21,sleep_hours,3.8375195980007497,-1
2024-10-10,sleep_hours,3.5249821505762764,-1
2024-10-17,sleep_hours,10.396091212430273,-1
2024-10-25,sleep_hours,4.044103479099588,-1
2024-11-23,sleep_hours,3.74134879159565,-1
2024-11-30,sleep_hours,10.02544264688902,-1
2024-12-23,sleep_hours,11.049331262314912,-1
2025-01-03,sleep_hours,10.08565398478756,-1
2025-02-15,sleep_hours,10.132297987589531,-1
2025-03-17,sleep_hours,3.480274107299919,-1
2025-03-27,sleep_hours,10.742389038586415,-1
2025-04-25,sleep_hours,3.607638962342193,-1
2025-06-22,sleep_hours,3.5557965626965338,-1
2025-07-14,sleep_hours,9.94047176350016,-1
2025-08-27,sleep_hours,3.652033923355576,-1
2025-08-30,sleep_hours,10.02179523254916,-1
2024-09-30,sleep_hours,10.133252803127228,-1
2024-10-05,sleep_hours,3.845238036184744,-1
2024-11-26,sleep_hours,9.979686966138992,-1
2025-01-17,sleep_hours,3.404916865316917,-1
2025-03-15,sleep_hours,10.813930945518376,-1
2025-06-10,sleep_hours,3.920771155714285,-1
2025-07-02,sleep_hours,3.6662403726746975,-1
2024-10-19,sleep_hours,3.97491963258098,-1
2024-10-23,sleep_hours,10.872808094498108,-1
2024-10-24,sleep_hours,3.745886066529667,-1
2024-11-15,sleep_hours,3.0,-1
2024-11-19,sleep_hours,9.956811870162989,-1
2024-12-18,sleep_hours,3.7046058525864582,-1
2025-01-10,sleep_hours,4.007007946197341,-1
2025-01-20,sleep_hours,3.601822186072765,-1
2025-02-26,sleep_hours,3.0,-1
2025-03-02,sleep_hours,3.857773254237171,-1
2025-03-11,sleep_hours,4.041540770646687,-1
2025-03-16,sleep_hours,3.494010740330502,-1
2025-04-18,sleep_hours,3.845935386870076,-1
2025-05-02,sleep_hours,3.995662402981653,-1
2025-05-12,sleep_hours,3.2587899641228164,-1
2025-05-16,sleep_hours,4.053005344606687,-1
2025-07-14,sleep_hours,10.041326253777276,-1
2025-07-23,sleep_hours,9.977963224146276,-1
2025-08-05,sleep_hours,3.893538088486767,-1
2025-08-06,sleep_hours,10.051641135026951,-1
2025-08-09,sleep_hours,3.808949248424449,-1
2025-08-10,sleep_hours,3.716395693473524,-1
2024-09-12,sleep_hours,4.052551706453881,-1
2024-10-01,sleep_hours,3.602547620480959,-1
2024-10-16,sleep_hours,10.165168782978768,-1
2024-11-05,sleep_hours,10.455692389035557,-1
2024-11-23,sleep_hours,11.253858147480011,-1
2024-12-02,sleep_hours,10.481488731158674,-1
2024-12-05,sleep_hours,3.5695399404497223,-1
2024-12-24,sleep_hours,10.247858834678215,-1
2024-12-29,sleep_hours,10.115285510807006,-1
2025-01-05,sleep_hours,3.674818302631542,-1
2025-01-16,sleep_hours,3.889963036797919,-1
2025-01-18,sleep_hours,10.089373355337912,-1
2025-02-10,sleep_hours,3.649168472291239,-1
2025-03-07,sleep_hours,3.856233678793181,-1
2025-04-28,sleep_hours,10.189418816849198,-1
2025-05-09,sleep_hours,3.1641970304705627,-1
2025-05-23,sleep_hours,10.606398686128502,-1
2025-06-01,sleep_hours,11.25984612779002,-1
2025-06-21,sleep_hours,10.736837242454286,-1
2025-06-29,sleep_hours,10.623415233156246,-1
2025-08-19,sleep_hours,3.496287657824884,-1
2024-09-08,sleep_hours,11.764232882927631,-1
2024-09-10,sleep_hours,3.977135212990617,-1
2024-10-17,sleep_hours,10.019906708214773,-1
2024-10-27,sleep_hours,10.226256706148238,-1
2024-11-03,sleep_hours,3.30234127346914,-1
2024-11-08,sleep_hours,12.0,-1
2024-11-10,sleep_hours,11.097863536907935,-1
2024-11-18,sleep_hours,10.557938100441854,-1
2024-11-27,sleep_hours,10.344312545648206,-1
2024-12-04,sleep_hours,3.0,-1
2025-02-26,sleep_hours,3.912769247639986,-1
2025-03-01,sleep_hours,10.370158434533504,-1
2025-03-04,sleep_hours,11.241767819307292,-1
2025-03-23,sleep_hours,9.967532693470767,-1
2025-05-06,sleep_hours,10.046452182423703,-1
2025-05-07,sleep_hours,10.134005451564745,-1
2025-06-05,sleep_hours,3.3378204993843323,-1
2025-06-13,sleep_hours,3.0,-1
2025-06-19,sleep_hours,3.1372391216144124,-1
2025-06-23,sleep_hours,10.34682116867053,-1
2025-06-24,sleep_hours,3.0,-1
2025-08-29,sleep_hours,11.113254240731656,-1
2024-09-12,sleep_hours,3.798596711159779,-1
2024-09-23,sleep_hours,10.447002767124664,-1
2024-10-04,sleep_hours,3.0219042300299868,-1
2024-10-09,sleep_hours,3.839708762585173,-1
2024-10-19,sleep_hours,9.998679081185593,-1
2024-10-29,sleep_hours,10.040924102551696,-1
2024-10-31,sleep_hours,3.25051915817504,-1
2024-11-30,sleep_hours,10.34455308007752,-1
2024-12-06,sleep_hours,9.98164228513563,-1
2024-12-18,sleep_hours,3.3098033446459274,-1
2024-12-29,sleep_hours,10.001053683138666,-1
2025-01-15,sleep_hours,3.0,-1
2025-02-20,sleep_hours,10.21989523584832,-1
2025-04-01,sleep_hours,10.732411322530448,-1
2025-05-17,sleep_hours,10.234562134116407,-1
2025-05-23,sleep_hours,3.2373651584144705,-1
2025-05-29,sleep_hours,3.929337031948675,-1
2025-06-03,sleep_hours,3.778012533969986,-1
2025-06-12,sleep_hours,3.499077827647109,-1
2025-06-14,sleep_hours,9.957813819146365,-1
2025-08-02,sleep_hours,10.602867500449872,-1
2025-08-17,sleep_hours,3.0,-1
2024-09-19,sleep_hours,3.926944334000616,-1
2024-10-25,sleep_hours,3.0,-1
2024-11-06,sleep_hours,11.17264491024022,-1
2024-11-23,sleep_hours,10.288529572730129,-1
2024-11-24,sleep_hours,10.162256001712214,-1
2024-12-18,sleep_hours,3.651757976281989,-1
2025-03-08,sleep_hours,4.012826787902622,-1
2025-03-22,sleep_hours,9.99049639573259,-1
2025-05-01,sleep_hours,10.70179126825585,-1
2025-05-08,sleep_hours,3.345162854876886,-1
2025-05-16,sleep_hours,10.041207274550349,-1
2025-06-25,sleep_hours,3.6703893050119607,-1
2025-06-26,sleep_hours,12.0,-1
2025-07-11,sleep_hours,3.996608416675213,-1
2025-08-14,sleep_hours,4.041300714751997,-1
2024-10-02,sleep_hours,10.009093123711216,-1
2024-10-03,sleep_hours,3.874796946474888,-1
2024-10-05,sleep_hours,10.573192647267629,-1
2024-10-06,sleep_hours,3.0,-1
2024-10-28,sleep_hours,10.508826448977391,-1
2024-10-30,sleep_hours,10.686916963572912,-1
2024-11-20,sleep_hours,10.621808793000636,-1
2024-12-04,sleep_hours,4.016425769490596,-1
2024-12-14,sleep_hours,3.2034032100093834,-1
2025-01-20,sleep_hours,10.110763107824772,-1
2025-02-08,sleep_hours,3.1029424935869026,-1
2025-02-09,sleep_hours,3.872089919490458,-1
2025-03-01,sleep_hours,10.109254303693856,-1
2025-03-13,sleep_hours,3.441870198631869,-1
2025-06-14,sleep_hours,10.193225125901469,-1
2025-06-25,sleep_hours,3.2933591230798465,-1
2025-07-16,sleep_hours,9.99670312456979,-1
2025-07-20,sleep_hours,10.239796843537787,-1
2025-07-31,sleep_hours,3.0,-1
2025-08-07,sleep_hours,10.411229591984377,-1
2025-08-08,sleep_hours,3.6160006433191514,-1
2025-08-19,sleep_hours,11.120047211897944,-1
2025-08-24,sleep_hours,10.997825896842524,-1
2024-11-21,sleep_hours,10.382589138073667,-1
2024-12-06,sleep_hours,10.119077316404532,-1
2024-12-30,sleep_hours,10.923334876229855,-1
2025-01-23,sleep_hours,3.2890060900926352,-1
2025-03-18,sleep_hours,10.013021156262443,-1
2025-05-12,sleep_hours,10.28696335236026,-1
2025-05-16,sleep_hours,10.381838964995744,-1
2025-07-24,sleep_hours,3.683384010125548,-1
2025-08-17,sleep_hours,3.718854124763759,-1
2024-09-25,sleep_hours,11.285013594854442,-1
2024-10-10,sleep_hours,10.362959250253253,-1
2024-10-16,sleep_hours,10.425805668594084,-1
2024-10-26,sleep_hours,10.56918607909078,-1
2024-11-05,sleep_hours,4.013373123147985,-1
2024-11-14,sleep_hours,3.615524916192861,-1
2024-11-15,sleep_hours,10.191089918435388,-1
2024-11-18,sleep_hours,3.0618945477805037,-1
2024-11-26,sleep_hours,10.18752160100384,-1
2024-12-04,sleep_hours,10.315485868095346,-1
2024-12-25,sleep_hours,10.468421369775168,-1
2025-01-17,sleep_hours,11.041286881892589,-1
2025-02-13,sleep_hours,10.867984268542369,-1
2025-03-01,sleep_hours,3.753912945122975,-1
2025-03-23,sleep_hours,3.115530265256245,-1
2025-06-09,sleep_hours,3.135054471330311,-1
2025-06-21,sleep_hours,9.98518888616583,-1
2025-06-25,sleep_hours,3.872301401872672,-1
2025-06-30,sleep_hours,3.696090997188709,-1
2025-07-22,sleep_hours,9.997832809583064,-1
2025-07-30,sleep_hours,10.5814431694019,-1
2024-11-20,sleep_hours,9.970101322117667,-1
2024-11-22,sleep_hours,3.3168107879133366,-1
2024-11-23,sleep_hours,10.9404528914652,-1
2024-11-29,sleep_hours,10.954777546438285,-1
2025-01-03,sleep_hours,10.010831486439107,-1
2025-01-19,sleep_hours,9.98566367441897,-1
2025-01-24,sleep_hours,3.6859220575351257,-1
2025-01-25,sleep_hours,10.110084304064102,-1
2025-03-01,sleep_hours,3.0,-1
2025-03-11,sleep_hours,3.929473991264286,-1
2025-04-22,sleep_hours,10.692907087161316,-1
2025-06-29,sleep_hours,3.0,-1
2025-08-01,sleep_hours,11.734189174366811,-1
2025-08-04,sleep_hours,3.200431533321791,-1
2025-08-25,sleep_hours,3.872977391433016,-1
2024-09-07,sleep_hours,3.843055470928922,-1
2024-11-03,sleep_hours,3.192989965644995,-1
2024-11-18,sleep_hours,9.994896514684278,-1
2024-12-13,sleep_hours,10.014800044457804,-1
2025-01-31,sleep_hours,3.0,-1
2025-02-04,sleep_hours,11.22763296662055,-1
2025-02-11,sleep_hours,10.285822995448216,-1
2025-03-03,sleep_hours,10.32334118327766,-1
2025-03-04,sleep_hours,3.877318588728266,-1
2025-03-16,sleep_hours,3.6033628113015927,-1
2025-04-07,sleep_hours,10.020499771932112,-1
2025-04-13,sleep_hours,3.818002715039108,-1
2025-06-15,sleep_hours,10.115654614888284,-1
2025-07-16,sleep_hours,10.637025909114216,-1
2025-08-20,sleep_hours,10.718604849803729,-1
2025-08-22,sleep_hours,11.808097127789114,-1
2025-08-23,sleep_hours,10.049707697754824,-1
2025-08-28,sleep_hours,3.9571817969443934,-1
2024-09-12,sleep_hours,3.7899781701317226,-1
2024-09-17,sleep_hours,3.0,-1
2024-09-25,sleep_hours,10.401968243754922,-1
2024-10-16,sleep_hours,10.663772865179718,-1
2024-11-07,sleep_hours,3.5114613343518704,-1
2024-11-10,sleep_hours,10.784794254857182,-1
2024-11-28,sleep_hours,11.253938212056424,-1
2024-12-28,sleep_hours,3.0,-1
2025-01-28,sleep_hours,11.364684396305808,-1
2025-02-21,sleep_hours,4.022405410761115,-1
2025-03-16,sleep_hours,3.8501028921271496,-1
2025-03-24,sleep_hours,3.3008619088015285,-1
2025-04-07,sleep_hours,10.565118845889776,-1
2025-04-28,sleep_hours,10.330343556006914,-1
2025-05-01,sleep_hours,3.506447477749318,-1
2025-05-29,sleep_hours,4.048064377838236,-1
2025-07-01,sleep_hours,4.048509417954032,-1
2025-07-23,sleep_hours,3.0,-1
2025-08-20,sleep_hours,9.996367954953108,-1
2025-08-27,sleep_hours,3.0,-1
2025-09-02,sleep_hours,10.662474620366911,-1
2024-09-24,sleep_hours,9.98654063675294,-1
2024-10-03,sleep_hours,11.010636368904066,-1
2024-10-09,sleep_hours,4.023843770100301,-1
2024-10-16,sleep_hours,3.017136796693564,-1
2024-10-27,sleep_hours,10.022641543721242,-1
2025-03-03,sleep_hours,4.022460360861615,-1
2025-05-01,sleep_hours,11.081785618806162,-1
2025-05-04,sleep_hours,3.700860676906893,-1
2025-05-25,sleep_hours,10.105656163945312,-1
2025-06-02,sleep_hours,3.95378576396354,-1
2025-06-13,sleep_hours,3.633779404994314,-1
2025-06-20,sleep_hours,10.932101456787931,-1
2025-06-21,sleep_hours,10.66538213985546,-1
2025-08-17,sleep_hours,10.224017938676615,-1
2025-08-19,sleep_hours,3.580233562441306,-1
2025-09-05,sleep_hours,3.769360075148172,-1
2024-09-23,sleep_hours,3.394111150965822,-1
2024-10-25,sleep_hours,10.501523708635082,-1
2024-11-30,sleep_hours,10.297949568218549,-1
2024-12-06,sleep_hours,10.927982632753224,-1
2024-12-23,sleep_hours,3.8868505296094593,-1
2025-01-06,sleep_hours,10.165267709387912,-1
2025-01-24,sleep_hours,10.066228722212925,-1
2025-01-26,sleep_hours,9.972970715015215,-1
2025-01-30,sleep_hours,3.9085130335369063,-1
2025-02-17,sleep_hours,4.049740206869345,-1
2025-02-25,sleep_hours,11.923929698129085,-1
2025-03-02,sleep_hours,12.0,-1
2025-03-09,sleep_hours,3.65301649038748,-1
2025-04-08,sleep_hours,4.041048310270864,-1
2025-05-04,sleep_hours,3.576777471330129,-1
2025-05-29,sleep_hours,3.0200146706773183,-1
2025-07-17,sleep_hours,10.147784715292666,-1
2025-07-31,sleep_hours,3.3874643369926254,-1
2025-08-11,sleep_hours,3.864404805862944,-1
2025-08-13,sleep_hours,11.611511845876624,-1
2025-08-22,sleep_hours,10.127986157198666,-1
2024-09-08,sleep_hours,3.964891597736041,-1
2024-10-06,sleep_hours,11.013743598655168,-1
2024-11-03,sleep_hours,9.958693634341929,-1
2024-11-07,sleep_hours,10.00984462345281,-1
2024-11-27,sleep_hours,10.244897115747374,-1
2024-12-21,sleep_hours,3.885449507390405,-1
2024-12-30,sleep_hours,10.033431139136669,-1
2025-02-04,sleep_hours,10.9987425004086,-1
2025-02-11,sleep_hours,3.0,-1
2025-02-12,sleep_hours,10.45881941498656,-1
2025-03-20,sleep_hours,4.015171355471129,-1
2025-04-04,sleep_hours,3.678125388062122,-1
2025-04-17,sleep_hours,11.020158922664924,-1
2025-04-21,sleep_hours,10.3000255140616,-1
2025-04-22,sleep_hours,3.5727746113385868,-1
2025-04-23,sleep_hours,9.969011129708951,-1
2025-05-16,sleep_hours,3.607296639463719,-1
2025-05-31,sleep_hours,10.002936809331976,-1
2025-07-13,sleep_hours,3.854073080091599,-1
2025-07-22,sleep_hours,3.939061905519285,-1
2025-07-25,sleep_hours,3.47386541332331,-1
2024-09-06,sleep_hours,3.3778718102771945,-1
2024-11-20,sleep_hours,10.8040221511569,-1
2024-11-22,sleep_hours,3.49742895211483,-1
2024-12-07,sleep_hours,3.290353379608631,-1
2024-12-31,sleep_hours,3.40749579985078,-1
2025-04-08,sleep_hours,3.796475143911211,-1
2025-04-18,sleep_hours,3.891438983921924,-1
2025-05-04,sleep_hours,11.305501875261536,-1
2025-05-26,sleep_hours,10.74069360918786,-1
2025-07-17,sleep_hours,9.99318765503986,-1
2025-07-20,sleep_hours,10.135706459066547,-1
2025-07-24,sleep_hours,3.9267778175727823,-1
2025-08-16,sleep_hours,11.30877014750704,-1
2024-10-26,sleep_hours,10.746834089338364,-1
2024-11-07,sleep_hours,10.724168147660444,-1
2024-12-30,sleep_hours,3.8078186775201592,-1
2025-02-04,sleep_hours,10.43787313994463,-1
2025-03-09,sleep_hours,11.396086511226915,-1
2025-04-04,sleep_hours,10.419559493102826,-1
2025-05-03,sleep_hours,10.123091565274295,-1
2025-05-05,sleep_hours,10.486042714592427,-1
2025-05-13,sleep_hours,10.22380284908521,-1
2025-05-31,sleep_hours,3.104326155042943,-1
2025-06-12,sleep_hours,3.865727549810779,-1
2025-07-18,sleep_hours,3.628275552871006,-1
2025-07-25,sleep_hours,10.123850077614522,-1
2025-07-27,sleep_hours,9.983687756930106,-1
2025-08-13,sleep_hours,3.371963194812328,-1
2025-09-03,sleep_hours,10.446705187526158,-1
2024-09-23,sleep_hours,10.085007238920507,-1
2024-09-27,sleep_hours,3.708901115905271,-1
2024-10-18,sleep_hours,4.01782311095295,-1
2024-11-24,sleep_hours,11.869904505991691,-1
2024-11-28,sleep_hours,3.437743479248315,-1
2024-12-18,sleep_hours,3.0,-1
2025-01-09,sleep_hours,9.978639529733783,-1
2025-01-23,sleep_hours,4.02056242977249,-1
2025-01-31,sleep_hours,10.0549726916196,-1
2025-02-08,sleep_hours,10.821447662397556,-1
2025-02-19,sleep_hours,10.112076976707414,-1
2025-03-08,sleep_hours,9.985156952735036,-1
2025-03-21,sleep_hours,10.86057572678003,-1
2025-04-04,sleep_hours,3.674140873348161,-1
2025-04-06,sleep_hours,3.7700221779938135,-1
2025-04-24,sleep_hours,3.616940396401107,-1
2025-04-27,sleep_hours,10.015553269066183,-1
2025-04-30,sleep_hours,10.612003028392555,-1
2025-05-07,sleep_hours,3.78791933900078,-1
2025-05-19,sleep_hours,10.888833471242958,-1
2025-06-11,sleep_hours,3.685197867475675,-1
2025-06-15,sleep_hours,3.1657939304824065,-1
2025-06-24,sleep_hours,4.014837994121467,-1
2025-07-02,sleep_hours,9.93961169994776,-1
2025-07-10,sleep_hours,3.431960358186235,-1
2025-07-11,sleep_hours,3.4255217115903385,-1
2025-08-17,sleep_hours,10.40641390993598,-1
2025-08-25,sleep_hours,10.05861102138105,-1
2024-09-09,sleep_hours,3.864588190352954,-1
2024-10-19,sleep_hours,10.160978260638352,-1
2024-11-18,sleep_hours,11.527386482229804,-1
2024-12-01,sleep_hours,3.586499989196149,-1
2024-12-08,sleep_hours,11.118015588985552,-1
2024-12-17,sleep_hours,10.64223430251212,-1
2025-01-20,sleep_hours,3.4084348087589804,-1
2025-01-23,sleep_hours,3.0,-1
2025-02-02,sleep_hours,9.951812597152454,-1
2025-02-08,sleep_hours,10.000320527691263,-1
2025-03-21,sleep_hours,9.979210659336076,-1
2025-05-18,sleep_hours,4.015603825078939,-1
2025-07-03,sleep_hours,3.959862875835425,-1
2025-07-31,sleep_hours,3.975687169044683,-1
2025-08-12,sleep_hours,10.705355096579098,-1
2024-11-03,sleep_hours,10.503752111868543,-1
2024-11-04,sleep_hours,10.37461349170787,-1
2024-11-18,sleep_hours,3.739331585502352,-1
2024-11-21,sleep_hours,3.3213145929576764,-1
2024-12-08,sleep_hours,3.832956375540062,-1
2024-12-15,sleep_hours,3.0,-1
2025-01-29,sleep_hours,12.0,-1
2025-02-05,sleep_hours,3.972235301128108,-1
2025-03-08,sleep_hours,10.22830658194185,-1
2025-04-04,sleep_hours,10.3405720751383,-1
2025-04-30,sleep_hours,3.5243880637297083,-1
2025-05-17,sleep_hours,10.077107728982584,-1
2025-07-21,sleep_hours,3.951269774516156,-1
2025-07-26,sleep_hours,4.048151123523748,-1
2025-08-23,sleep_hours,10.320891596277889,-1
2025-09-03,sleep_hours,3.090732088875477,-1
2025-09-04,sleep_hours,3.764824785415604,-1
2024-09-13,sleep_hours,10.89589718315204,-1
2024-10-04,sleep_hours,9.950728034787858,-1
2024-10-09,sleep_hours,9.946126635343564,-1
2024-10-11,sleep_hours,10.444760423347326,-1
2024-10-15,sleep_hours,10.154818950997308,-1
2024-10-29,sleep_hours,3.580909642363997,-1
2024-10-31,sleep_hours,3.744724876721506,-1
2024-12-06,sleep_hours,10.115355773557662,-1
2024-12-15,sleep_hours,3.394306156756368,-1
2025-01-12,sleep_hours,10.07823784116245,-1
2025-01-28,sleep_hours,10.016176263303588,-1
2025-02-15,sleep_hours,10.226906996114806,-1
2025-03-30,sleep_hours,11.101187185908593,-1
2025-04-19,sleep_hours,3.6389366254398663,-1
2025-06-11,sleep_hours,3.743873096069212,-1
2025-07-01,sleep_hours,3.1835647444071262,-1
2025-07-04,sleep_hours,3.8470273450663184,-1
2025-07-11,sleep_hours,3.984856863003863,-1
2025-08-02,sleep_hours,10.155099572825094,-1
2025-08-30,sleep_hours,10.193691855614748,-1
2024-10-03,sleep_hours,10.138538917080163,-1
2024-11-21,sleep_hours,3.640371393980884,-1
2024-11-27,sleep_hours,3.237968874693788,-1
2024-12-05,sleep_hours,10.366137166153072,-1
2024-12-08,sleep_hours,3.4679939049883792,-1
2024-12-12,sleep_hours,3.396505558208029,-1
2024-12-18,sleep_hours,11.75342818905559,-1
2025-01-28,sleep_hours,10.386734478269195,-1
2025-03-08,sleep_hours,10.69964632194344,-1
2025-03-19,sleep_hours,10.267399327934372,-1
2025-04-11,sleep_hours,10.626640527022738,-1
2025-04-15,sleep_hours,10.402321592136204,-1
2025-04-19,sleep_hours,4.047010491817812,-1
2025-04-29,sleep_hours,3.851298063453018,-1
2025-08-21,sleep_hours,3.953356488209384,-1
2025-08-24,sleep_hours,11.04741339301053,-1
2024-11-13,sleep_hours,9.93728578154266,-1
2024-12-02,sleep_hours,3.34124009688795,-1
2024-12-17,sleep_hours,3.9546022111391954,-1
2024-12-24,sleep_hours,3.877071678002112,-1
2025-01-23,sleep_hours,3.1449777706331443,-1
2025-02-24,sleep_hours,10.8195057799643,-1
2025-02-28,sleep_hours,3.290266709410406,-1
2025-03-08,sleep_hours,10.8872831494761,-1
2025-03-16,sleep_hours,9.966571632976024,-1
2025-03-17,sleep_hours,3.82804607566032,-1
2025-05-07,sleep_hours,10.786240350795277,-1
2025-05-22,sleep_hours,3.3041099021687823,-1
2025-06-05,sleep_hours,3.848309532774232,-1
2025-06-07,sleep_hours,3.9367366620553055,-1
2025-06-26,sleep_hours,3.223037839440812,-1
2025-06-30,sleep_hours,3.6427461752487034,-1
2025-07-06,sleep_hours,11.03544455238865,-1
2025-07-22,sleep_hours,4.022141916520488,-1
2025-08-03,sleep_hours,3.506448755411493,-1
2025-08-07,sleep_hours,12.0,-1
2024-09-25,sleep_hours,3.779068097785619,-1
2024-10-11,sleep_hours,3.0,-1
2024-11-02,sleep_hours,10.557327211616869,-1
2024-12-31,sleep_hours,9.98760500757546,-1
2025-01-08,sleep_hours,10.61896018621529,-1
2025-02-12,sleep_hours,3.8345268155634384,-1
2025-02-21,sleep_hours,4.016133684273709,-1
2025-03-18,sleep_hours,3.9609586197286406,-1
2025-03-31,sleep_hours,3.965572081306293,-1
2025-04-12,sleep_hours,10.12338107435524,-1
2025-05-04,sleep_hours,3.729610985089217,-1
2025-05-20,sleep_hours,10.58075252562757,-1
2025-05-21,sleep_hours,10.309485016978352,-1
2025-07-27,sleep_hours,10.696009505769508,-1
2025-08-04,sleep_hours,3.184524221437713,-1
2025-08-22,sleep_hours,10.185004483681697,-1
2025-09-03,sleep_hours,10.270795405973134,-1
2024-10-06,sleep_hours,10.942194425890357,-1
2024-10-26,sleep_hours,3.726281177429044,-1
2024-10-30,sleep_hours,10.47576159835496,-1
2025-01-07,sleep_hours,9.976048638790386,-1
2025-01-18,sleep_hours,3.0,-1
2025-02-23,sleep_hours,3.1024864360265934,-1
2025-03-03,sleep_hours,3.778316114612108,-1
2025-04-04,sleep_hours,3.7332612468074817,-1
2025-04-07,sleep_hours,10.099346686026118,-1
2025-05-16,sleep_hours,3.8965618973422096,-1
2025-05-25,sleep_hours,11.322570210955108,-1
2025-07-12,sleep_hours,10.174137278277978,-1
2025-07-20,sleep_hours,3.0,-1
2024-10-06,sleep_hours,11.899198895674424,-1
2024-11-20,sleep_hours,4.009192125326161,-1
2024-11-27,sleep_hours,10.197620104578508,-1
2025-01-29,sleep_hours,10.555512003850822,-1
2025-02-01,sleep_hours,3.0,-1
2025-02-13,sleep_hours,3.9528802287897062,-1
2025-03-10,sleep_hours,3.846896936308744,-1
2025-03-28,sleep_hours,3.937519884452292,-1
2025-04-17,sleep_hours,10.500076674635096,-1
2025-04-22,sleep_hours,10.01485871318468,-1
2025-06-18,sleep_hours,10.057716019350831,-1
2025-06-27,sleep_hours,3.860820481140232,-1
2025-08-07,sleep_hours,3.499306201038543,-1
2025-08-21,sleep_hours,3.523494196627892,-1
2024-09-12,sleep_hours,10.509700075190828,-1
2024-09-21,sleep_hours,10.139122823644684,-1
2024-11-04,sleep_hours,3.669961557390665,-1
2024-12-23,sleep_hours,10.684948413365651,-1
2024-12-29,sleep_hours,3.837861934550408,-1
2025-01-04,sleep_hours,10.044624478900316,-1
2025-01-06,sleep_hours,10.07136283057558,-1
2025-01-16,sleep_hours,9.970822924702174,-1
2025-01-24,sleep_hours,3.619604978114935,-1
2025-02-23,sleep_hours,10.01208917063412,-1
2025-02-27,sleep_hours,3.9058235374828474,-1
2025-03-09,sleep_hours,11.437483813810378,-1
2025-03-12,sleep_hours,3.4999331946235057,-1
2025-03-30,sleep_hours,3.0,-1
2025-04-13,sleep_hours,10.62110185060462,-1
2025-05-28,sleep_hours,3.3369203700299623,-1
2025-06-25,sleep_hours,3.63226789005959,-1
2025-07-06,sleep_hours,3.6630748303823455,-1
2025-08-25,sleep_hours,3.835315764847,-1
2024-09-08,sleep_hours,10.245606307287913,-1
2024-10-02,sleep_hours,10.109928563496307,-1
2024-10-26,sleep_hours,3.3102154568210107,-1
2024-11-21,sleep_hours,10.662174140278104,-1
2024-12-04,sleep_hours,3.916701113192372,-1
2024-12-12,sleep_hours,10.920582611553057,-1
2025-01-08,sleep_hours,3.9002984275299575,-1
2025-01-11,sleep_hours,10.67461250979702,-1
2025-01-19,sleep_hours,3.926176892681542,-1
2025-03-30,sleep_hours,3.0,-1
2025-04-04,sleep_hours,3.0,-1
2025-04-22,sleep_hours,10.129071481218984,-1
2025-05-23,sleep_hours,11.011946496954522,-1
2025-07-28,sleep_hours,3.0,-1
2025-07-30,sleep_hours,11.46635962293458,-1
2025-08-31,sleep_hours,10.036384577035484,-1
2024-09-17,sleep_hours,10.497456395890808,-1
2024-09-24,sleep_hours,3.0,-1
2024-10-07,sleep_hours,3.608346918621749,-1
2024-10-27,sleep_hours,10.01198925857476,-1
2024-11-15,sleep_hours,3.460242815098602,-1
2024-11-24,sleep_hours,4.022329985858904,-1
2024-12-17,sleep_hours,3.424050664149557,-1
2025-02-14,sleep_hours,3.4807466368118734,-1
2025-02-23,sleep_hours,11.222304646500756,-1
2025-03-07,sleep_hours,10.18040645684658,-1
2025-03-14,sleep_hours,9.996057463011429,-1
2025-05-11,sleep_hours,10.694614503299796,-1
2025-05-13,sleep_hours,10.0381270571605,-1
2025-06-13,sleep_hours,3.979339771493957,-1
2025-08-06,sleep_hours,3.833407207297228,-1
2025-08-25,sleep_hours,10.85912335307227,-1
2025-09-02,sleep_hours,3.6649947660675135,-1
2024-10-16,sleep_hours,11.105557698094358,-1
2024-10-22,sleep_hours,3.749913978241544,-1
2024-10-23,sleep_hours,3.401689335960747,-1
2024-10-24,sleep_hours,10.204490793418632,-1
2024-11-10,sleep_hours,3.077381019184392,-1
2024-11-21,sleep_hours,4.023986213145621,-1
2024-12-07,sleep_hours,10.100426957665434,-1
2024-12-09,sleep_hours,3.813235276870876,-1
2024-12-16,sleep_hours,11.308342862656533,-1
2025-01-09,sleep_hours,10.137759185933705,-1
2025-01-16,sleep_hours,3.946645373437223,-1
2025-01-31,sleep_hours,10.186548449005304,-1
2025-02-28,sleep_hours,9.97545029689794,-1
2025-04-19,sleep_hours,3.140298428388841,-1
2025-04-28,sleep_hours,3.961167913997548,-1
2025-05-08,sleep_hours,3.177423119428812,-1
2025-05-24,sleep_hours,9.997301088614822,-1
2025-05-27,sleep_hours,10.116632897820688,-1
2025-05-29,sleep_hours,3.0,-1
2025-06-20,sleep_hours,3.717436446029176,-1
2025-08-04,sleep_hours,3.0,-1
2025-08-08,sleep_hours,3.0,-1
2025-08-11,sleep_hours,3.5490855097628984,-1
2025-08-29,sleep_hours,3.660416459128085,-1
2025-09-02,sleep_hours,11.05100992280785,-1
2024-09-17,sleep_hours,3.6416754361298898,-1
2024-09-27,sleep_hours,3.18745096077617,-1
2024-11-05,sleep_hours,10.1170027470953,-1
2024-11-28,sleep_hours,3.58536999013522,-1
2024-12-01,sleep_hours,10.324802571309691,-1
2025-01-22,sleep_hours,3.462510024054741,-1
2025-01-26,sleep_hours,3.73071151682224,-1
2025-01-29,sleep_hours,3.9214930008114353,-1
2025-02-06,sleep_hours,9.97786576287412,-1
2025-03-01,sleep_hours,10.00703066155631,-1
2025-03-05,sleep_hours,3.833607935718212,-1
2025-03-11,sleep_hours,10.24783676643755,-1
2025-03-16,sleep_hours,3.32576595329458,-1
2025-04-08,sleep_hours,4.04465847783375,-1
2025-04-12,sleep_hours,3.3827822509084875,-1
2025-04-24,sleep_hours,3.959479360844143,-1
2025-05-02,sleep_hours,9.973118859994896,-1
2025-05-23,sleep_hours,3.44505635767093,-1
2025-05-27,sleep_hours,9.978093510815302,-1
2025-06-14,sleep_hours,3.495512564081679,-1
2025-06-26,sleep_hours,10.71616176388299,-1
2025-07-27,sleep_hours,3.957001136174976,-1
2025-07-30,sleep_hours,3.2571886601715425,-1
2024-09-11,sleep_hours,3.850758729477282,-1
2024-10-21,sleep_hours,11.460942355359354,-1
2024-11-05,sleep_hours,3.881367395789435,-1
2025-01-22,sleep_hours,3.091159753062703,-1
2025-02-22,sleep_hours,3.983071075004215,-1
2025-06-04,sleep_hours,3.5843544199246686,-1
2025-07-04,sleep_hours,10.626947338498493,-1
2025-07-13,sleep_hours,10.444868917740592,-1
2025-08-10,sleep_hours,11.521489453262983,-1
2025-08-18,sleep_hours,11.305174335154684,-1
2025-09-05,sleep_hours,10.819863965528931,-1
2024-09-18,sleep_hours,4.014330279385471,-1
2024-10-08,sleep_hours,11.500319434715236,-1
2024-10-17,sleep_hours,3.909381940835535,-1
2024-10-21,sleep_hours,3.6417303753450767,-1
2024-10-25,sleep_hours,3.472794927396498,-1
2024-11-11,sleep_hours,3.934326974985168,-1
2024-12-08,sleep_hours,10.481008654526033,-1
2024-12-09,sleep_hours,10.003360370454176,-1
2024-12-22,sleep_hours,10.265520040285994,-1
2025-02-14,sleep_hours,10.067888913379475,-1
2025-02-17,sleep_hours,10.26742294780942,-1
2025-02-24,sleep_hours,10.056678111497831,-1
2025-03-06,sleep_hours,10.429067479735377,-1
2025-03-17,sleep_hours,10.966931763461806,-1
2025-03-23,sleep_hours,3.477983777584107,-1
2025-04-12,sleep_hours,10.856748539546103,-1
2025-04-22,sleep_hours,3.739389662069786,-1
2025-08-04,sleep_hours,10.04964476401377,-1
2025-08-13,sleep_hours,3.0230286410692013,-1
2024-09-09,sleep_hours,10.958913149749325,-1
2024-10-03,sleep_hours,9.961186904133436,-1
2024-10-12,sleep_hours,10.055700820305308,-1
2024-10-25,sleep_hours,10.012900661050136,-1
2024-11-02,sleep_hours,3.5674919065544684,-1
2024-11-09,sleep_hours,3.715760653620708,-1
2024-11-17,sleep_hours,3.8258877090628474,-1
2024-11-30,sleep_hours,9.994265591037308,-1
2024-12-19,sleep_hours,9.95595712006918,-1
2025-01-25,sleep_hours,4.008903838985899,-1
2025-02-12,sleep_hours,3.0,-1
2025-04-24,sleep_hours,11.762048488953065,-1
2025-06-16,sleep_hours,4.040411741649217,-1
2025-07-10,sleep_hours,3.0,-1
2025-07-24,sleep_hours,10.456825375891428,-1
2025-08-08,sleep_hours,3.3518374536501727,-1
2025-08-10,sleep_hours,3.0,-1
2025-08-28,sleep_hours,11.90492464888565,-1
2024-09-12,sleep_hours,4.034555348247957,-1
2024-09-21,sleep_hours,12.0,-1
2024-10-01,sleep_hours,3.885585556871949,-1
2024-10-16,sleep_hours,11.249479861995349,-1
2024-10-30,sleep_hours,3.8705723079878673,-1
2024-11-13,sleep_hours,10.594389086927697,-1
2024-12-18,sleep_hours,10.96461861491097,-1
2024-12-28,sleep_hours,3.5657028007488103,-1
2025-01-02,sleep_hours,10.084000949973976,-1
2025-04-05,sleep_hours,10.305577332626848,-1
2025-04-07,sleep_hours,10.43927192100458,-1
2025-04-13,sleep_hours,3.682742122409905,-1
2025-04-15,sleep_hours,3.271533328569313,-1
2025-05-09,sleep_hours,10.138114687864377,-1
2025-06-06,sleep_hours,3.9915428382375646,-1
2025-07-01,sleep_hours,10.624933961208278,-1
2025-08-07,sleep_hours,4.051335064341329,-1
2025-08-16,sleep_hours,10.864556927052249,-1
2025-08-27,sleep_hours,10.205796529238262,-1
2024-10-01,sleep_hours,9.959489393508928,-1
2024-10-10,sleep_hours,3.778607240698877,-1
2024-10-15,sleep_hours,10.201421289582452,-1
2024-11-25,sleep_hours,4.014808926123052,-1
2025-02-18,sleep_hours,3.875530752777563,-1
2025-02-24,sleep_hours,10.196073678267506,-1
2025-02-27,sleep_hours,4.037540409741474,-1
2025-03-26,sleep_hours,3.927300082075188,-1
2025-05-12,sleep_hours,3.968341508656623,-1
2025-05-25,sleep_hours,11.30463225179644,-1
2025-05-30,sleep_hours,10.488101651143682,-1
2025-06-04,sleep_hours,3.0,-1
2025-07-02,sleep_hours,10.336423565789218,-1
2025-07-26,sleep_hours,9.933223441306872,-1
2025-08-06,sleep_hours,3.214903986117266,-1
2025-08-07,sleep_hours,10.080716639796645,-1
2025-08-09,sleep_hours,10.331020405338394,-1
2025-08-13,sleep_hours,10.087859708962975,-1
2025-09-04,sleep_hours,10.31015811635564,-1
2024-10-06,sleep_hours,10.791163956912005,-1
2024-10-26,sleep_hours,10.008483706509798,-1
2024-11-16,sleep_hours,3.592281979050954,-1
2024-12-03,sleep_hours,3.788708527210278,-1
2025-01-16,sleep_hours,3.7546141004590994,-1
2025-01-27,sleep_hours,10.01967186512046,-1
2025-02-24,sleep_hours,3.6916426236733217,-1
2025-02-28,sleep_hours,4.043165970397679,-1
2025-03-07,sleep_hours,11.101869153420273,-1
2025-03-08,sleep_hours,3.0,-1
2025-06-01,sleep_hours,3.0,-1
2025-07-15,sleep_hours,10.537739007714912,-1
2025-07-20,sleep_hours,3.9753742321897496,-1
2025-08-09,sleep_hours,10.289008173858944,-1
2024-09-21,sleep_hours,3.0,-1
2024-09-23,sleep_hours,10.047807757045636,-1
2024-09-27,sleep_hours,9.973683193151222,-1
2024-10-11,sleep_hours,10.377803613563408,-1
2024-10-29,sleep_hours,9.97013211970236,-1
2024-11-10,sleep_hours,3.6427705228417104,-1
2024-11-20,sleep_hours,4.01845388187013,-1
2024-12-09,sleep_hours,3.937967803298705,-1
2025-01-04,sleep_hours,3.940701576121501,-1
2025-01-11,sleep_hours,11.488765244980495,-1
2025-02-05,sleep_hours,3.8506729076596216,-1
2025-02-07,sleep_hours,10.204531656273303,-1
2025-05-16,sleep_hours,11.159928242965911,-1
2025-05-22,sleep_hours,3.9824357742645446,-1
2025-05-27,sleep_hours,3.0,-1
2025-07-03,sleep_hours,3.869012339109191,-1
2025-08-06,sleep_hours,9.972522174788995,-1
2025-08-29,sleep_hours,11.54569324682715,-1
2024-09-09,sleep_hours,10.15172485044421,-1
2024-09-22,sleep_hours,10.42908040225473,-1
2024-09-29,sleep_hours,3.0,-1
2024-10-13,sleep_hours,10.257677074822611,-1
2024-10-14,sleep_hours,3.1877909128592936,-1
2024-10-31,sleep_hours,10.057866002061289,-1
2024-11-02,sleep_hours,10.168362111230312,-1
2024-11-08,sleep_hours,10.325979654868776,-1
2024-11-29,sleep_hours,11.111356266036124,-1
2024-12-19,sleep_hours,9.9365800619961,-1
2025-01-03,sleep_hours,3.939587900468897,-1
2025-01-15,sleep_hours,10.62081199255358,-1
2025-02-05,sleep_hours,4.036821357892917,-1
2025-04-04,sleep_hours,3.735831146703946,-1
2025-06-05,sleep_hours,3.683614585490568,-1
2025-06-06,sleep_hours,3.6355453667583,-1
2025-07-08,sleep_hours,3.660134848807712,-1
2025-07-31,sleep_hours,3.821696853595766,-1
2025-08-08,sleep_hours,3.742280992191988,-1
2025-08-17,sleep_hours,11.828302730966016,-1
2025-08-19,sleep_hours,3.6122041415357145,-1
2025-08-22,sleep_hours,3.0061578496024737,-1
2025-08-25,sleep_hours,3.4472953542540057,-1
2024-09-15,sleep_hours,10.689551975354496,-1
2024-10-14,sleep_hours,10.02430509698723,-1
2024-10-17,sleep_hours,3.0481264859546218,-1
2024-10-30,sleep_hours,4.043669543792652,-1
2024-11-11,sleep_hours,3.7578497754590536,-1
2024-11-21,sleep_hours,3.0,-1
2025-01-17,sleep_hours,10.194836336475031,-1
2025-02-16,sleep_hours,3.2723727782791823,-1
2025-04-11,sleep_hours,3.8598073233381696,-1
2025-05-13,sleep_hours,3.295609935616296,-1
2025-05-16,sleep_hours,9.998191642619272,-1
2025-07-13,sleep_hours,10.388379899944605,-1
2025-08-22,sleep_hours,3.5102161262761307,-1
2024-09-17,sleep_hours,10.20486235121263,-1
2024-10-22,sleep_hours,3.37477029496646,-1
2024-10-29,sleep_hours,3.9235304446143537,-1
2024-11-11,sleep_hours,3.792334656788044,-1
2024-11-20,sleep_hours,10.14979470052625,-1
2024-12-11,sleep_hours,3.988354979974567,-1
2024-12-12,sleep_hours,3.7953581752303824,-1
2024-12-13,sleep_hours,10.168572578338424,-1
2024-12-27,sleep_hours,10.792836336801368,-1
2025-01-31,sleep_hours,10.554934162084232,-1
2025-02-03,sleep_hours,10.71425580788081,-1
2025-02-21,sleep_hours,10.330849203803446,-1
2025-02-23,sleep_hours,3.359849539475416,-1
2025-03-07,sleep_hours,10.098218684998164,-1
2025-03-09,sleep_hours,9.937546487500995,-1
2025-03-29,sleep_hours,3.3760535303298767,-1
2025-04-12,sleep_hours,11.303370651280598,-1
2025-04-22,sleep_hours,3.876691173905127,-1
2025-05-06,sleep_hours,9.939544841401608,-1
2025-05-25,sleep_hours,3.053849749423088,-1
2025-05-26,sleep_hours,10.210857029739072,-1
2025-06-05,sleep_hours,10.778886955772222,-1
2025-06-12,sleep_hours,10.420959540906384,-1
2025-07-13,sleep_hours,3.0,-1
2025-07-25,sleep_hours,3.0,-1
2025-08-13,sleep_hours,10.242037064062542,-1
2025-08-18,sleep_hours,3.712516204452127,-1
2025-08-26,sleep_hours,10.581722049483718,-1
2024-09-12,sleep_hours,3.915011954557064,-1
2024-11-14,sleep_hours,11.081535099054964,-1
2024-12-05,sleep_hours,4.012070119093611,-1
2025-01-09,sleep_hours,3.489768395141955,-1
2025-02-07,sleep_hours,3.9171738059186554,-1
2025-02-08,sleep_hours,3.0,-1
2025-02-18,sleep_hours,9.982430205501702,-1
2025-03-10,sleep_hours,10.534900681614836,-1
2025-06-02,sleep_hours,3.474552293744166,-1
2025-06-05,sleep_hours,10.365677094761017,-1
2025-07-12,sleep_hours,10.613929403943622,-1
2025-07-20,sleep_hours,3.5846518116901467,-1
2025-08-16,sleep_hours,10.107537667787454,-1
2025-08-17,sleep_hours,11.190427103764575,-1
2024-09-09,sleep_hours,11.081816318055012,-1
2024-09-28,sleep_hours,3.669683560502007,-1
2024-10-03,sleep_hours,3.0,-1
2024-10-26,sleep_hours,3.209852116802313,-1
2024-10-27,sleep_hours,10.185702419317009,-1
2024-11-02,sleep_hours,3.7453533014849385,-1
2024-11-22,sleep_hours,12.0,-1
2024-12-08,sleep_hours,10.454846741858717,-1
2024-12-25,sleep_hours,3.941660347065185,-1
2024-12-28,sleep_hours,10.142048625463906,-1
2024-12-29,sleep_hours,10.385557054243074,-1
2024-12-31,sleep_hours,3.872294819918959,-1
2025-02-05,sleep_hours,10.157603867646175,-1
2025-02-10,sleep_hours,10.857846532791108,-1
2025-03-04,sleep_hours,3.663343834841488,-1
2025-03-07,sleep_hours,10.119035259292296,-1
2025-03-11,sleep_hours,3.738373161681354,-1
2025-03-13,sleep_hours,3.978026902486272,-1
2025-03-23,sleep_hours,3.2065830493731147,-1
2025-05-10,sleep_hours,4.0123813363358085,-1
2025-05-12,sleep_hours,3.869376184098674,-1
2025-05-31,sleep_hours,10.35763460766169,-1
2025-06-01,sleep_hours,10.591453380096906,-1
2025-06-03,sleep_hours,11.781688886852926,-1
2025-06-10,sleep_hours,3.0,-1
2025-07-22,sleep_hours,3.0,-1
2025-07-29,sleep_hours,3.0,-1
2025-08-06,sleep_hours,10.249685360584463,-1
2025-09-04,sleep_hours,11.094437680379718,-1
2024-10-02,sleep_hours,10.357251618727886,-1
2024-10-30,sleep_hours,10.330846498025656,-1
2024-11-11,sleep_hours,3.426864428367229,-1
2024-11-23,sleep_hours,10.20586932554181,-1
2024-11-25,sleep_hours,10.225399373285482,-1
2025-01-03,sleep_hours,3.388726999316135,-1
2025-01-17,sleep_hours,4.016710221714396,-1
2025-01-20,sleep_hours,10.161355832874188,-1
2025-01-27,sleep_hours,3.0,-1
2025-02-08,sleep_hours,10.954182844036453,-1
2025-03-05,sleep_hours,10.453279350227676,-1
2025-03-20,sleep_hours,10.056249940642084,-1
2025-05-04,sleep_hours,10.008973272144662,-1
2025-05-14,sleep_hours,9.961744427509524,-1
2025-06-07,sleep_hours,3.8580138161900974,-1
2025-06-18,sleep_hours,3.637305709855764,-1
2025-07-02,sleep_hours,10.240382079032978,-1
2025-07-25,sleep_hours,10.121488726857722,-1
2025-07-27,sleep_hours,10.172459970145248,-1
2025-08-19,sleep_hours,3.957253084493761,-1
2025-08-23,sleep_hours,4.041211819339725,-1
2025-08-24,sleep_hours,10.595820860909408,-1
2024-09-13,sleep_hours,3.0,-1
2024-10-17,sleep_hours,3.321601322186156,-1
2024-11-04,sleep_hours,4.008221081110991,-1
2024-11-18,sleep_hours,3.2673961953481943,-1
2024-12-19,sleep_hours,4.042260915421527,-1
2024-12-30,sleep_hours,9.945081108724844,-1
2025-01-04,sleep_hours,11.230528809869458,-1
2025-02-06,sleep_hours,10.018993514328468,-1
2025-02-13,sleep_hours,10.353463704923795,-1
2025-02-17,sleep_hours,10.357273713758918,-1
2025-03-20,sleep_hours,10.362311307701749,-1
2025-03-28,sleep_hours,10.042522805092414,-1
2025-03-29,sleep_hours,11.50327130223778,-1
2025-06-16,sleep_hours,10.045410265367698,-1
2025-06-30,sleep_hours,3.824045235579728,-1
2025-07-04,sleep_hours,9.981384221656445,-1
2025-07-09,sleep_hours,3.0,-1
2025-07-17,sleep_hours,10.078130014703149,-1
2025-07-21,sleep_hours,10.132019502887378,-1
2025-08-28,sleep_hours,10.323315245337124,-1
2024-10-03,sleep_hours,3.0,-1
2024-10-05,sleep_hours,10.01356448549861,-1
2024-10-30,sleep_hours,3.943731208993144,-1
2024-11-11,sleep_hours,10.527503891900942,-1
2024-11-18,sleep_hours,10.6454761120541,-1
2024-11-19,sleep_hours,3.5906222399287904,-1
2024-11-23,sleep_hours,3.179353492721356,-1
2024-11-25,sleep_hours,3.189775934612185,-1
2024-12-23,sleep_hours,10.085638227547207,-1
2024-12-26,sleep_hours,3.1517275391467736,-1
2025-02-24,sleep_hours,11.409775222044368,-1
2025-03-25,sleep_hours,3.921861052002237,-1
2025-05-07,sleep_hours,3.3558541606917185,-1
2025-05-13,sleep_hours,3.093321715076507,-1
2025-05-28,sleep_hours,10.328764807101145,-1
2025-06-15,sleep_hours,3.0,-1
2025-07-28,sleep_hours,3.5256849045393617,-1
2025-08-05,sleep_hours,3.474509845743544,-1
2025-09-05,sleep_hours,10.262331610138958,-1
2024-09-26,sleep_hours,3.634201288262497,-1
2024-10-27,sleep_hours,3.0,-1
2024-11-22,sleep_hours,10.128482240583494,-1
2025-02-11,sleep_hours,3.0,-1
2025-02-12,sleep_hours,3.179906557470372,-1
2025-03-20,sleep_hours,10.247912734321048,-1
2025-04-15,sleep_hours,3.466886799059731,-1
2025-04-20,sleep_hours,10.466752301134608,-1
2025-04-26,sleep_hours,3.0,-1
2025-05-19,sleep_hours,3.905293485465826,-1
2025-06-01,sleep_hours,3.929076425388135,-1
2024-10-10,sleep_hours,3.4977979074376173,-1
2024-10-20,sleep_hours,10.600559110067437,-1
2024-10-25,sleep_hours,10.48852621293087,-1
2024-11-18,sleep_hours,10.939587789276514,-1
2024-12-12,sleep_hours,9.966799062519666,-1
2025-01-10,sleep_hours,11.800707143004136,-1
2025-01-12,sleep_hours,3.0,-1
2025-01-18,sleep_hours,10.167285699727143,-1
2025-02-05,sleep_hours,4.055187663611053,-1
2025-02-21,sleep_hours,3.6259702083649215,-1
2025-02-25,sleep_hours,3.908056411805639,-1
2025-03-16,sleep_hours,3.667223048002202,-1
2025-03-31,sleep_hours,10.01522171727269,-1
2025-04-08,sleep_hours,10.06453160195762,-1
2025-04-20,sleep_hours,3.4228053575035764,-1
2025-05-07,sleep_hours,10.069900913754465,-1
2025-05-14,sleep_hours,10.184143216451927,-1
2025-05-17,sleep_hours,3.620884244113883,-1
2025-05-18,sleep_hours,3.128029486764501,-1
2025-06-04,sleep_hours,3.993603166723616,-1
2025-06-15,sleep_hours,3.687971819095612,-1
2025-07-01,sleep_hours,10.73071352752841,-1
2025-08-08,sleep_hours,3.0,-1
2025-08-19,sleep_hours,3.8991252610965095,-1
2024-09-16,sleep_hours,3.0932322082407566,-1
2024-09-21,sleep_hours,10.357213375641392,-1
2024-11-16,sleep_hours,3.758050238938456,-1
2024-12-31,sleep_hours,3.5042098592284017,-1
2025-02-04,sleep_hours,3.042731283885551,-1
2025-02-18,sleep_hours,9.949269477612082,-1
2025-02-23,sleep_hours,3.5036570164339373,-1
2025-03-13,sleep_hours,10.416268460170988,-1
2025-03-26,sleep_hours,3.962413992340146,-1
2025-04-07,sleep_hours,3.689954343588021,-1
2025-04-26,sleep_hours,4.046907854249438,-1
2025-05-11,sleep_hours,10.051834933607289,-1
2025-05-18,sleep_hours,9.999661900022836,-1
2025-05-27,sleep_hours,3.1137259278184946,-1
2025-06-27,sleep_hours,3.1539911852715248,-1
2025-07-16,sleep_hours,11.677213902704786,-1
2025-07-25,sleep_hours,11.151496001512308,-1
2025-08-11,sleep_hours,10.411910856197634,-1
2025-08-14,sleep_hours,3.994146338619149,-1
2024-09-19,sleep_hours,10.818091000534064,-1
2024-09-20,sleep_hours,10.484820658462027,-1
2024-10-08,sleep_hours,11.910509778745384,-1
2024-10-10,sleep_hours,10.729335372848478,-1
2024-10-20,sleep_hours,10.293522264843157,-1
2024-12-17,sleep_hours,3.966086285598987,-1
2025-01-01,sleep_hours,10.083375708472651,-1
2025-01-07,sleep_hours,10.781281477423216,-1
2025-01-19,sleep_hours,3.4873903917755973,-1
2025-01-26,sleep_hours,9.98203090830616,-1
2025-02-26,sleep_hours,10.118480386279495,-1
2025-03-03,sleep_hours,10.845957471982222,-1
2025-03-07,sleep_hours,10.13031840346172,-1
2025-03-21,sleep_hours,10.00771109148855,-1
2025-03-25,sleep_hours,3.835845088109937,-1
2025-04-06,sleep_hours,3.7742201017215686,-1
2025-05-01,sleep_hours,3.5219822681820645,-1
2025-05-13,sleep_hours,11.807567264765062,-1
2025-05-24,sleep_hours,10.214437026180782,-1
2025-06-10,sleep_hours,3.931174374239659,-1
2025-06-22,sleep_hours,10.010300636187706,-1
2025-07-20,sleep_hours,10.38090595564067,-1
2024-09-16,sleep_hours,3.5183387609179397,-1
2024-11-01,sleep_hours,9.9693187591984,-1
2024-12-14,sleep_hours,3.499535524817847,-1
2024-12-22,sleep_hours,10.796555539088056,-1
2025-02-06,sleep_hours,10.919057547230729,-1
2025-02-21,sleep_hours,10.206664884086893,-1
2025-04-30,sleep_hours,10.020800554772345,-1
2025-05-04,sleep_hours,10.758136764654523,-1
2025-05-06,sleep_hours,3.83899228580959,-1
2025-05-15,sleep_hours,3.749957167044739,-1
2025-05-21,sleep_hours,3.9544992401583,-1
2025-07-10,sleep_hours,3.0,-1
2025-07-28,sleep_hours,3.974131920903109,-1
2025-07-31,sleep_hours,3.1568474004755918,-1
2024-10-06,sleep_hours,10.776138607548695,-1
2024-11-01,sleep_hours,10.361769134746629,-1
2024-11-07,sleep_hours,3.679949727727228,-1
2024-11-28,sleep_hours,9.98996533962998,-1
2024-12-16,sleep_hours,3.1541248303432203,-1
2025-02-07,sleep_hours,3.6034752462052415,-1
2025-02-14,sleep_hours,3.179089888648776,-1
2025-03-26,sleep_hours,10.092420874812802,-1
2025-04-02,sleep_hours,10.41011490793549,-1
2025-04-09,sleep_hours,3.859001322180952,-1
2025-04-17,sleep_hours,3.977094095482355,-1
2025-04-20,sleep_hours,10.981788414621375,-1
2025-04-25,sleep_hours,9.941042724335448,-1
2025-05-29,sleep_hours,12.0,-1
2025-07-03,sleep_hours,10.089514371212031,-1
2025-07-13,sleep_hours,3.3276459619316547,-1
2024-09-24,sleep_hours,11.027018197066225,-1
2024-10-02,sleep_hours,10.862862505073164,-1
2024-10-04,sleep_hours,10.961821340292897,-1
2024-10-24,sleep_hours,3.0,-1
2024-10-25,sleep_hours,11.436810954410031,-1
2024-11-14,sleep_hours,3.220597124158568,-1
2024-11-30,sleep_hours,11.25770541496016,-1
2025-01-27,sleep_hours,3.9847062438159897,-1
2025-02-02,sleep_hours,10.415593740246385,-1
2025-02-26,sleep_hours,10.371304137546591,-1
2025-04-26,sleep_hours,3.4943744243380555,-1
2025-05-13,sleep_hours,10.48574806137994,-1
2025-06-07,sleep_hours,3.1734988488351124,-1
2025-06-17,sleep_hours,3.6024370901806417,-1
2025-09-05,sleep_hours,3.864613808016033,-1
2024-09-08,sleep_hours,10.097478966034409,-1
2024-11-05,sleep_hours,3.369291502560949,-1
2024-11-09,sleep_hours,10.419231461196327,-1
2025-04-10,sleep_hours,11.155220111375336,-1
2025-04-28,sleep_hours,10.27894247454696,-1
2025-05-11,sleep_hours,3.5703882412877914,-1
2025-05-25,sleep_hours,3.9516822005454406,-1
2024-09-09,sleep_hours,4.054637852887744,-1
2024-10-21,sleep_hours,3.769388458395585,-1
2024-11-03,sleep_hours,11.067362685567364,-1
2024-12-02,sleep_hours,9.950705142570529,-1
2024-12-04,sleep_hours,3.4652597862487,-1
2024-12-31,sleep_hours,3.299402715460809,-1
2025-01-07,sleep_hours,10.265016122023916,-1
2025-01-21,sleep_hours,11.126157632021394,-1
2025-01-26,sleep_hours,3.5945606660648126,-1
2025-03-11,sleep_hours,3.0,-1
2025-03-12,sleep_hours,11.137887136123464,-1
2025-05-15,sleep_hours,3.901506735385128,-1
2025-05-19,sleep_hours,3.093847029342439,-1
2025-05-27,sleep_hours,3.191788418327383,-1
2025-06-16,sleep_hours,3.9009645436747578,-1
2025-06-28,sleep_hours,3.0,-1
2025-07-04,sleep_hours,3.945268586617554,-1
2024-09-28,sleep_hours,10.563599971810731,-1
2024-10-15,sleep_hours,10.48762055083352,-1
2024-10-20,sleep_hours,10.049386301599831,-1
2024-10-23,sleep_hours,10.719705371447208,-1
2024-10-30,sleep_hours,9.96208009508327,-1
2024-12-01,sleep_hours,10.302210023284012,-1
2024-12-04,sleep_hours,9.941062092289778,-1
2024-12-12,sleep_hours,3.0,-1
2025-01-30,sleep_hours,10.845580579787017,-1
2025-02-13,sleep_hours,3.544025799530944,-1
2025-03-12,sleep_hours,10.009708502499254,-1
2025-03-17,sleep_hours,3.0,-1
2025-05-09,sleep_hours,3.306411620768813,-1
2025-05-10,sleep_hours,3.0,-1
2025-06-01,sleep_hours,10.032766498936972,-1
2025-08-04,sleep_hours,3.488055946688465,-1
2024-09-21,sleep_hours,3.755373604731691,-1
2024-10-25,sleep_hours,10.57151799208694,-1
2024-10-28,sleep_hours,11.026187491245238,-1
2024-11-16,sleep_hours,10.595796562163722,-1
2024-12-16,sleep_hours,10.374045167692127,-1
2024-12-19,sleep_hours,10.043073450147174,-1
2024-12-29,sleep_hours,10.910871147457216,-1
2025-01-04,sleep_hours,4.041153673047987,-1
2025-01-13,sleep_hours,10.221500824046704,-1
2025-01-14,sleep_hours,11.227101711011583,-1
2025-02-05,sleep_hours,9.98567916050344,-1
2025-02-06,sleep_hours,10.253664219055988,-1
2025-02-07,sleep_hours,3.619429927143933,-1
2025-02-16,sleep_hours,3.0,-1
2025-03-17,sleep_hours,3.619897709330006,-1
2025-05-23,sleep_hours,10.019802358673632,-1
2025-06-23,sleep_hours,10.152826176190098,-1
2025-07-28,sleep_hours,3.0,-1
2024-09-08,sleep_hours,10.638300849142382,-1
2024-09-14,sleep_hours,9.996416238752438,-1
2024-10-13,sleep_hours,3.6072750588744302,-1
2024-11-14,sleep_hours,10.310146790499076,-1
2024-11-19,sleep_hours,3.82858182764208,-1
2024-11-24,sleep_hours,9.933368269963996,-1
2025-01-21,sleep_hours,9.954878467747692,-1
2025-01-24,sleep_hours,10.147457535207142,-1
2025-02-02,sleep_hours,10.042599004503431,-1
2025-02-20,sleep_hours,3.879930483147966,-1
2025-03-04,sleep_hours,3.2592261245097536,-1
2025-03-05,sleep_hours,3.808483348514211,-1
2025-03-07,sleep_hours,10.067661857928869,-1
2025-03-09,sleep_hours,3.0,-1
2025-03-19,sleep_hours,3.925516745765579,-1
2025-03-22,sleep_hours,3.339175406504392,-1
2025-03-28,sleep_hours,3.0,-1
2025-04-01,sleep_hours,3.947508877910896,-1
2025-04-10,sleep_hours,10.047015101400373,-1
2025-04-11,sleep_hours,4.016027857421589,-1
2025-05-16,sleep_hours,4.007355965084994,-1
2025-05-30,sleep_hours,3.116073901607804,-1
2025-06-26,sleep_hours,3.8811242872829874,-1
2025-08-10,sleep_hours,3.5470112870490897,-1
2024-09-06,sleep_hours,10.196604379865414,-1
2024-10-02,sleep_hours,3.4784472286643897,-1
2024-11-19,sleep_hours,3.703322879998536,-1
2025-02-17,sleep_hours,10.03543406635054,-1
2025-03-02,sleep_hours,10.07568570605982,-1
2025-03-04,sleep_hours,9.976281967157908,-1
2025-03-22,sleep_hours,10.0714342559066,-1
2025-03-27,sleep_hours,10.7677692724604,-1
2025-04-12,sleep_hours,10.81960724639677,-1
2025-07-27,sleep_hours,10.104141328088051,-1
2025-08-01,sleep_hours,10.435722740781102,-1
2025-08-18,sleep_hours,3.0,-1
2025-08-30,sleep_hours,11.298854924486614,-1
2025-09-05,sleep_hours,10.573618174754582,-1
2024-09-08,sleep_hours,3.261435941259317,-1
2024-09-28,sleep_hours,3.6504116382417857,-1
2024-10-28,sleep_hours,10.074446633759866,-1
2024-11-08,sleep_hours,10.12375926340135,-1
2024-11-16,sleep_hours,10.119000486436732,-1
2024-11-24,sleep_hours,10.42945665485247,-1
2024-11-30,sleep_hours,11.25365085633041,-1
2024-12-13,sleep_hours,3.030291459440885,-1
2024-12-21,sleep_hours,10.018225280942126,-1
2024-12-23,sleep_hours,9.995849029359771,-1
2025-01-01,sleep_hours,10.215633094241651,-1
2025-01-18,sleep_hours,12.0,-1
2025-01-24,sleep_hours,3.8134765867065017,-1
2025-03-13,sleep_hours,3.0,-1
2025-03-21,sleep_hours,3.518224297193665,-1
2025-03-26,sleep_hours,3.964340181476966,-1
2025-04-07,sleep_hours,11.24076914293645,-1
2025-04-12,sleep_hours,10.239748528774523,-1
2025-05-28,sleep_hours,3.720579289180705,-1
2025-06-16,sleep_hours,3.172666375956859,-1
2025-06-19,sleep_hours,10.047192157176587,-1
2025-08-07,sleep_hours,10.373748322253816,-1
2025-08-22,sleep_hours,3.0,-1
2024-10-03,sleep_hours,4.048100372029259,-1
2025-01-24,sleep_hours,3.757015487069221,-1
2025-03-05,sleep_hours,3.762355323614843,-1
2025-03-08,sleep_hours,10.830281731048398,-1
2025-03-18,sleep_hours,10.198105004368651,-1
2025-03-26,sleep_hours,3.0,-1
2025-04-29,sleep_hours,11.899289352983844,-1
2025-05-09,sleep_hours,3.775363096278841,-1
2025-06-21,sleep_hours,10.374922140019343,-1
2025-06-26,sleep_hours,3.9836326429652864,-1
2025-07-03,sleep_hours,9.969877168051138,-1
2025-07-07,sleep_hours,3.7769816939845615,-1
2025-07-08,sleep_hours,3.762351203209236,-1
2025-07-13,sleep_hours,3.794163003158229,-1
2025-07-15,sleep_hours,3.8800324739431327,-1
2025-07-30,sleep_hours,3.7683938825068592,-1
2025-08-12,sleep_hours,10.615674789957035,-1
2024-09-18,sleep_hours,3.805633901684741,-1
2024-10-30,sleep_hours,10.234067346805585,-1
2024-11-14,sleep_hours,10.333277475886536,-1
2024-12-24,sleep_hours,11.511461681109676,-1
2025-01-07,sleep_hours,3.513272100092034,-1
2025-02-20,sleep_hours,10.07172206223548,-1
2025-03-16,sleep_hours,3.0,-1
2025-03-20,sleep_hours,10.085950879066267,-1
2025-03-26,sleep_hours,3.484797433578035,-1
2025-04-02,sleep_hours,3.682001155363464,-1
2025-06-13,sleep_hours,10.312966462141423,-1
2025-06-17,sleep_hours,10.47583796514188,-1
2025-06-19,sleep_hours,3.770423655862946,-1
2025-06-24,sleep_hours,10.174972215277004,-1
2025-07-02,sleep_hours,4.0507125848381085,-1
2024-09-23,sleep_hours,3.221145042553981,-1
2024-10-14,sleep_hours,10.657353498472268,-1
2024-12-15,sleep_hours,9.936642805808466,-1
2025-01-03,sleep_hours,10.555011915305885,-1
2025-01-05,sleep_hours,3.78121606017185,-1
2025-01-13,sleep_hours,10.81931887930492,-1
2025-01-19,sleep_hours,3.0,-1
2025-02-03,sleep_hours,10.106090489368752,-1
2025-03-08,sleep_hours,10.269213319584454,-1
2025-03-19,sleep_hours,3.944545954648031,-1
2025-05-01,sleep_hours,10.75225021662682,-1
2025-05-02,sleep_hours,10.11839149673192,-1
2025-05-06,sleep_hours,3.910801215207362,-1
2025-07-17,sleep_hours,3.9184884151376274,-1
2025-09-04,sleep_hours,10.119734364286476,-1
2024-10-13,sleep_hours,3.0,-1
2024-10-20,sleep_hours,10.036327229454717,-1
2024-11-10,sleep_hours,3.0,-1
2024-11-23,sleep_hours,3.5739677305501765,-1
2024-12-12,sleep_hours,10.28769937898301,-1
2025-02-11,sleep_hours,3.3176675013170547,-1
2025-02-12,sleep_hours,11.17327202928896,-1
2025-02-24,sleep_hours,3.0,-1
2025-03-15,sleep_hours,3.950977451919537,-1
2025-04-11,sleep_hours,10.186115314977355,-1
2025-04-12,sleep_hours,10.92869399191362,-1
2025-05-19,sleep_hours,10.578200043657604,-1
2025-06-04,sleep_hours,9.98581285020908,-1
2025-06-08,sleep_hours,11.769888090009704,-1
2025-08-10,sleep_hours,3.9168538866895615,-1
2025-08-22,sleep_hours,10.089523618198536,-1
2024-09-23,sleep_hours,4.017499313602726,-1
2024-10-04,sleep_hours,12.0,-1
2024-11-14,sleep_hours,10.318700272140468,-1
2024-11-28,sleep_hours,3.0,-1
2024-12-11,sleep_hours,10.357790914442049,-1
2024-12-21,sleep_hours,10.23865112779762,-1
2025-01-07,sleep_hours,3.081659185355812,-1
2025-01-08,sleep_hours,10.17747160850348,-1
2025-01-11,sleep_hours,9.993993220380409,-1
2025-02-03,sleep_hours,10.22560790584643,-1
2025-02-12,sleep_hours,10.154136114986354,-1
2025-02-15,sleep_hours,10.0459768488806,-1
2025-02-20,sleep_hours,3.0,-1
2025-02-25,sleep_hours,3.226607907724482,-1
2025-02-28,sleep_hours,4.003602597920956,-1
2025-03-06,sleep_hours,3.0,-1
2025-03-17,sleep_hours,10.23547206840228,-1
2025-03-20,sleep_hours,10.153080323529831,-1
2025-04-27,sleep_hours,3.9130068341196944,-1
2025-05-16,sleep_hours,9.940243606851148,-1
2025-05-18,sleep_hours,10.118731770313868,-1
2025-06-05,sleep_hours,10.474285235103643,-1
2024-09-24,sleep_hours,11.801215751143593,-1
2024-11-25,sleep_hours,10.020942055269284,-1
2024-11-26,sleep_hours,10.465927746989465,-1
2024-11-27,sleep_hours,3.0,-1
2024-12-17,sleep_hours,4.037308675561403,-1
2025-01-13,sleep_hours,10.185692267028674,-1
2025-01-31,sleep_hours,10.08636331598454,-1
2025-03-17,sleep_hours,10.076871130147795,-1
2025-04-06,sleep_hours,3.6682202363280334,-1
2025-04-07,sleep_hours,3.421871310672816,-1
2025-04-24,sleep_hours,3.7024249515938337,-1
2025-05-15,sleep_hours,11.096717340994136,-1
2025-06-05,sleep_hours,12.0,-1
2025-06-22,sleep_hours,10.643168767505284,-1
2025-07-19,sleep_hours,3.1974639369794917,-1
2025-07-21,sleep_hours,10.37956313420564,-1
2024-09-11,sleep_hours,3.683237674833225,-1
2024-11-01,sleep_hours,10.39436480144185,-1
2024-12-02,sleep_hours,3.215325052398194,-1
2024-12-05,sleep_hours,3.0,-1
2025-02-08,sleep_hours,10.167869041422168,-1
2025-02-22,sleep_hours,3.437755045337002,-1
2025-03-30,sleep_hours,10.208266257291584,-1
2025-04-02,sleep_hours,10.297313052511946,-1
2025-04-12,sleep_hours,10.023033670876384,-1
2025-04-21,sleep_hours,10.815649206627716,-1
2025-04-28,sleep_hours,3.0,-1
2025-06-28,sleep_hours,12.0,-1
2025-06-30,sleep_hours,9.996714241678143,-1
2025-07-15,sleep_hours,10.07522472011478,-1
2025-07-21,sleep_hours,3.475508773209614,-1
2025-07-25,sleep_hours,11.043084311386052,-1
2025-07-29,sleep_hours,3.898614673612076,-1
2025-08-11,sleep_hours,10.133236021452213,-1
2024-09-12,sleep_hours,3.631836104149207,-1
2024-10-11,sleep_hours,9.944893832542324,-1
2024-11-03,sleep_hours,10.68674416497651,-1
2024-11-15,sleep_hours,3.0,-1
2024-11-19,sleep_hours,10.233397776566084,-1
2024-12-21,sleep_hours,10.453509974282388,-1
2024-12-30,sleep_hours,3.0025881844602003,-1
2025-01-08,sleep_hours,3.827431338775246,-1
2025-02-28,sleep_hours,3.878429768025272,-1
2025-03-10,sleep_hours,3.801020904615913,-1
2025-03-15,sleep_hours,3.6433741968241047,-1
2025-03-18,sleep_hours,10.024417295016969,-1
2025-04-10,sleep_hours,10.028290567307188,-1
2025-04-22,sleep_hours,11.4451987369566,-1
2025-05-08,sleep_hours,3.8093091382415274,-1
2025-06-07,sleep_hours,10.07112230548698,-1
2025-06-24,sleep_hours,11.898819586579725,-1
2025-06-28,sleep_hours,3.296439644182418,-1
2025-07-19,sleep_hours,10.876791212869254,-1
2025-08-21,sleep_hours,10.888640131599953,-1
2025-09-04,sleep_hours,10.71218720996083,-1
2024-09-30,sleep_hours,3.0204305835667027,-1
2024-10-02,sleep_hours,10.08440905411655,-1
2024-10-05,sleep_hours,10.342578768386028,-1
2024-11-02,sleep_hours,10.045987354254557,-1
2024-11-16,sleep_hours,10.660010283343292,-1
2024-11-20,sleep_hours,3.696264846405641,-1
2024-12-21,sleep_hours,3.472589161858052,-1
2024-12-22,sleep_hours,10.602392211339254,-1
2025-01-27,sleep_hours,3.3065585190496307,-1
2025-03-26,sleep_hours,3.426045635902564,-1
2025-04-30,sleep_hours,10.315679734030567,-1
2025-05-27,sleep_hours,10.28623773969627,-1
2025-07-16,sleep_hours,3.0,-1
2024-10-06,sleep_hours,10.467205924038188,-1
2024-11-13,sleep_hours,11.089116552937162,-1
2024-11-20,sleep_hours,10.162173914902318,-1
2025-01-30,sleep_hours,3.797430112939246,-1
2025-02-08,sleep_hours,10.102295177990252,-1
2025-02-21,sleep_hours,11.075486106374262,-1
2025-06-01,sleep_hours,10.935627713496912,-1
2025-06-20,sleep_hours,10.777919068030716,-1
2025-07-23,sleep_hours,3.995137695468011,-1
2025-07-27,sleep_hours,3.0,-1
2025-08-15,sleep_hours,11.57598037915182,-1
2025-08-22,sleep_hours,4.025031894852297,-1
2025-09-04,sleep_hours,10.117342609005416,-1
2024-09-06,sleep_hours,3.7088569142762746,-1
2024-10-07,sleep_hours,3.5527605024229376,-1
2024-10-13,sleep_hours,10.366356430037914,-1
2024-11-18,sleep_hours,10.690485652581804,-1
2024-12-06,sleep_hours,10.006836761921203,-1
2025-01-08,sleep_hours,3.809317522623469,-1
2025-01-15,sleep_hours,12.0,-1
2025-01-28,sleep_hours,10.5506609677491,-1
2025-01-30,sleep_hours,11.472526062984016,-1
2025-03-30,sleep_hours,11.37240686294286,-1
2025-04-06,sleep_hours,3.74833493463792,-1
2025-05-09,sleep_hours,11.196653847860569,-1
2025-05-26,sleep_hours,10.012330589678202,-1
2025-07-30,sleep_hours,3.0,-1
2025-08-05,sleep_hours,9.96011444743229,-1
2025-08-24,sleep_hours,3.668483068792856,-1
2024-09-10,sleep_hours,10.23920859739138,-1
2024-09-22,sleep_hours,3.0,-1
2024-09-23,sleep_hours,10.549779036627651,-1
2024-10-01,sleep_hours,3.949274906726631,-1
2024-10-08,sleep_hours,3.9343454557751785,-1
2024-11-13,sleep_hours,3.934772419289823,-1
2024-11-14,sleep_hours,10.847962187391994,-1
2024-11-23,sleep_hours,10.483613466621511,-1
2024-11-27,sleep_hours,3.888097630159584,-1
2024-12-07,sleep_hours,10.210183951446265,-1
2025-01-13,sleep_hours,9.98770407470274,-1
2025-01-22,sleep_hours,10.069745131150128,-1
2025-01-26,sleep_hours,3.326162761857172,-1
2025-04-05,sleep_hours,10.067259899960131,-1
2025-05-08,sleep_hours,3.658290626627373,-1
2025-05-09,sleep_hours,3.682302636541333,-1
2025-06-14,sleep_hours,10.097762541120758,-1
2025-06-18,sleep_hours,10.162204533906795,-1
2025-06-24,sleep_hours,10.446856965144647,-1
2025-07-10,sleep_hours,10.051312306337898,-1
2025-07-16,sleep_hours,10.147296055038966,-1
2025-07-26,sleep_hours,3.0,-1
2025-08-27,sleep_hours,3.0,-1
2025-08-29,sleep_hours,3.7161576884191816,-1
2024-09-08,sleep_hours,3.0,-1
2024-09-21,sleep_hours,3.0,-1
2024-10-03,sleep_hours,10.561100803726957,-1
2025-02-12,sleep_hours,10.58424486245146,-1
2025-02-26,sleep_hours,9.992118762911486,-1
2025-03-09,sleep_hours,4.042806246828601,-1
2025-03-23,sleep_hours,10.214551296506942,-1
2025-04-02,sleep_hours,10.143587294931848,-1
2025-06-03,sleep_hours,10.07383923034898,-1
2025-06-23,sleep_hours,3.259127360282538,-1
2025-07-08,sleep_hours,3.941305835738879,-1
2024-09-22,sleep_hours,10.095178054191878,-1
2024-09-29,sleep_hours,3.0,-1
2024-11-01,sleep_hours,3.1433703014785803,-1
2024-11-18,sleep_hours,3.655055558744145,-1
2024-12-31,sleep_hours,3.121210320718664,-1
2025-01-25,sleep_hours,3.977033665132682,-1
2025-01-29,sleep_hours,10.204979281274197,-1
2025-04-12,sleep_hours,4.006638820006675,-1
2025-04-25,sleep_hours,3.0,-1
2025-05-08,sleep_hours,10.434559024696686,-1
2025-05-14,sleep_hours,3.4878214948406,-1
2025-06-28,sleep_hours,3.0875309546819976,-1
2025-07-09,sleep_hours,10.370815493882684,-1
2025-07-15,sleep_hours,10.515476771031407,-1
2025-07-22,sleep_hours,3.801427960751937,-1
2025-07-28,sleep_hours,3.9821453079422273,-1
2025-07-30,sleep_hours,3.6663607015724526,-1
2025-08-31,sleep_hours,3.71430368504391,-1
2024-10-05,sleep_hours,3.86919917193014,-1
2024-11-04,sleep_hours,10.237685881212755,-1
2024-11-17,sleep_hours,10.233513126512634,-1
2024-12-11,sleep_hours,10.774147741450484,-1
2025-01-01,sleep_hours,3.918096424992945,-1
2025-01-29,sleep_hours,3.505139835927639,-1
2025-05-19,sleep_hours,3.500735502134706,-1
2025-06-25,sleep_hours,10.52419949108631,-1
2025-08-15,sleep_hours,3.603925374662148,-1
2025-08-30,sleep_hours,10.127977170295235,-1
2024-09-08,sleep_hours,9.933438187266988,-1
2024-09-19,sleep_hours,10.046753127728634,-1
2024-09-21,sleep_hours,3.5541583647908537,-1
2024-10-16,sleep_hours,11.19439788303489,-1
2024-11-20,sleep_hours,3.928941536406097,-1
2024-11-26,sleep_hours,10.506278897687594,-1
2024-12-26,sleep_hours,10.513857730557795,-1
2025-01-16,sleep_hours,3.92637270113721,-1
2025-01-19,sleep_hours,3.304153147807824,-1
2025-01-24,sleep_hours,3.7329963614022166,-1
2025-01-29,sleep_hours,11.056865841958071,-1
2025-02-05,sleep_hours,3.405644875618961,-1
2025-02-09,sleep_hours,10.381101478563824,-1
2025-03-30,sleep_hours,10.981508757162205,-1
2025-04-01,sleep_hours,11.207268248758616,-1
2025-04-12,sleep_hours,3.0,-1
2025-05-13,sleep_hours,10.11875127264317,-1
2025-06-22,sleep_hours,10.801368191039538,-1
2025-06-28,sleep_hours,10.247463214753925,-1
2025-07-08,sleep_hours,10.330663074364494,-1
2025-07-21,sleep_hours,3.166286744707754,-1
2025-07-27,sleep_hours,3.151060457920053,-1
2025-08-01,sleep_hours,3.4448444594205423,-1
2025-08-19,sleep_hours,11.580798096364797,-1
2025-08-29,sleep_hours,3.0,-1
2025-09-01,sleep_hours,10.78153841650446,-1
2024-09-17,sleep_hours,3.3508784287005025,-1
2024-09-27,sleep_hours,10.536882634807675,-1
2024-09-30,sleep_hours,3.0,-1
2024-10-23,sleep_hours,10.21475949768512,-1
2024-10-25,sleep_hours,3.684352822749114,-1
2024-11-01,sleep_hours,9.933173500436672,-1
2024-12-10,sleep_hours,10.733715198914362,-1
2025-02-06,sleep_hours,9.993428315730863,-1
2025-02-08,sleep_hours,10.47426953913148,-1
2025-02-14,sleep_hours,3.211595310549677,-1
2025-03-30,sleep_hours,10.10267774401323,-1
2025-04-15,sleep_hours,4.036951531325396,-1
2025-05-09,sleep_hours,10.350782233774478,-1
2025-05-12,sleep_hours,10.346970828368963,-1
2025-08-23,sleep_hours,11.034247290703757,-1
2025-08-24,sleep_hours,3.845751700682309,-1
2024-09-12,sleep_hours,3.368885456675439,-1
2024-09-13,sleep_hours,4.033626529449186,-1
2024-10-20,sleep_hours,10.32052492449134,-1
2024-12-07,sleep_hours,10.112741363848826,-1
2025-02-04,sleep_hours,3.7699784517754633,-1
2025-02-28,sleep_hours,3.0,-1
2025-03-22,sleep_hours,4.012340424644904,-1
2025-05-04,sleep_hours,4.047771685199868,-1
2025-05-19,sleep_hours,10.381093938805934,-1
2025-05-20,sleep_hours,10.316742510636894,-1
2025-06-01,sleep_hours,10.060651549780175,-1
2025-06-08,sleep_hours,4.047216236709884,-1
2024-10-01,sleep_hours,12.0,-1
2024-10-11,sleep_hours,4.046647756732892,-1
2024-10-17,sleep_hours,3.892205044929467,-1
2024-10-19,sleep_hours,3.3457442258781267,-1
2024-10-21,sleep_hours,3.877124337968564,-1
2024-10-28,sleep_hours,10.095036281204107,-1
2024-11-07,sleep_hours,11.321229972646242,-1
2025-01-01,sleep_hours,3.861657130938077,-1
2025-02-16,sleep_hours,10.022367109543016,-1
2025-02-27,sleep_hours,3.6795773717999465,-1
2025-03-07,sleep_hours,3.882700246173601,-1
2025-04-02,sleep_hours,10.061711503490386,-1
2025-04-12,sleep_hours,10.79594535027501,-1
2025-04-17,sleep_hours,3.5579843281564303,-1
2025-04-21,sleep_hours,9.9999690035794,-1
2025-05-03,sleep_hours,12.0,-1
2025-05-11,sleep_hours,3.0657319918961488,-1
2025-06-03,sleep_hours,9.988992120093672,-1
2025-06-12,sleep_hours,10.124183117953455,-1
2025-06-15,sleep_hours,10.036687693016065,-1
2025-08-01,sleep_hours,3.742089344277611,-1
2025-08-02,sleep_hours,3.690366794130994,-1
2025-08-14,sleep_hours,10.045351721460207,-1
2024-09-21,sleep_hours,3.0,-1
2024-10-18,sleep_hours,10.234420137887335,-1
2024-10-25,sleep_hours,11.01403986867684,-1
2024-11-19,sleep_hours,3.865967638633584,-1
2024-11-21,sleep_hours,10.46920766359196,-1
2024-11-24,sleep_hours,10.174278958431444,-1
2024-12-05,sleep_hours,10.315721598724537,-1
2025-01-10,sleep_hours,3.0,-1
2025-01-11,sleep_hours,10.781668019220955,-1
2025-02-16,sleep_hours,3.074434573591092,-1
2025-02-20,sleep_hours,10.359135358848762,-1
2025-02-26,sleep_hours,10.31170992304025,-1
2025-03-11,sleep_hours,4.051789427030487,-1
2025-04-07,sleep_hours,11.443064139412614,-1
2025-04-08,sleep_hours,10.203764859704906,-1
2025-04-27,sleep_hours,3.767807109651433,-1
2025-05-19,sleep_hours,3.694710611460534,-1
2025-07-25,sleep_hours,3.4960947299928438,-1
2024-09-14,sleep_hours,9.979160849554852,-1
2024-09-21,sleep_hours,11.960887137985488,-1
2024-09-23,sleep_hours,11.233371718877516,-1
2024-10-25,sleep_hours,10.497845367942734,-1
2024-11-20,sleep_hours,11.198622427514064,-1
2024-11-23,sleep_hours,10.103690118004732,-1
2024-11-24,sleep_hours,3.0276792306711604,-1
2024-12-25,sleep_hours,3.532658086306227,-1
2024-12-27,sleep_hours,10.148577096221793,-1
2025-01-30,sleep_hours,3.544377325106593,-1
2025-02-12,sleep_hours,3.405511208349328,-1
2025-04-01,sleep_hours,10.13943844620379,-1
2025-04-06,sleep_hours,10.404570647306013,-1
2025-05-09,sleep_hours,3.62115451457774,-1
2025-05-11,sleep_hours,11.040878466155322,-1
2025-05-19,sleep_hours,10.626706935537875,-1
2025-05-30,sleep_hours,3.654284454179797,-1
2025-06-28,sleep_hours,9.968159270348147,-1
2025-07-15,sleep_hours,10.415046438236216,-1
2024-09-22,sleep_hours,11.431155519436365,-1
2024-09-24,sleep_hours,3.2649735512673304,-1
2024-12-25,sleep_hours,10.322340248029274,-1
2025-02-07,sleep_hours,10.723939630035904,-1
2025-02-12,sleep_hours,3.6595007615335327,-1
2025-04-11,sleep_hours,10.727450956699826,-1
2025-05-12,sleep_hours,10.875453812409033,-1
2025-05-13,sleep_hours,3.980547695103458,-1
2025-07-25,sleep_hours,10.070154525416855,-1
2024-09-07,sleep_hours,3.9840596515404063,-1
2024-09-09,sleep_hours,10.222068451105375,-1
2024-09-24,sleep_hours,10.297907197433066,-1
2024-10-22,sleep_hours,11.002631899666994,-1
2024-11-07,sleep_hours,3.7780386228071015,-1
2024-12-31,sleep_hours,10.795473532049362,-1
2025-01-09,sleep_hours,10.23033358720837,-1
2025-01-12,sleep_hours,3.0,-1
2025-03-17,sleep_hours,10.284635097851584,-1
2025-04-23,sleep_hours,3.921938682819948,-1
2025-04-29,sleep_hours,3.91565361160264,-1
2025-05-02,sleep_hours,10.25369721498314,-1
2025-05-16,sleep_hours,3.003571298969564,-1
2025-07-27,sleep_hours,3.791016329206324,-1
2024-09-17,sleep_hours,3.364764863779188,-1
2024-09-28,sleep_hours,11.054543663909136,-1
2024-10-07,sleep_hours,3.0,-1
2024-10-31,sleep_hours,3.620186767522864,-1
2024-12-07,sleep_hours,10.916705381246643,-1
2024-12-17,sleep_hours,10.38176209101514,-1
2024-12-21,sleep_hours,10.084490761085943,-1
2025-01-07,sleep_hours,10.58141272656622,-1
2025-01-17,sleep_hours,3.406730414333306,-1
2025-04-02,sleep_hours,10.22226732304564,-1
2025-05-15,sleep_hours,10.113535312094951,-1
2025-05-21,sleep_hours,10.058579757036856,-1
2025-06-06,sleep_hours,3.719238702357968,-1
2025-06-11,sleep_hours,10.373894245448586,-1
2025-07-06,sleep_hours,11.649750604583184,-1
2025-07-07,sleep_hours,9.946498481090291,-1
2024-09-18,sleep_hours,10.29307633526068,-1
2024-09-21,sleep_hours,3.0,-1
2024-09-24,sleep_hours,11.404136668291684,-1
2024-09-27,sleep_hours,3.871237757315064,-1
2024-11-01,sleep_hours,3.0,-1
2024-11-04,sleep_hours,3.0,-1
2024-11-23,sleep_hours,9.949877414554672,-1
2024-12-05,sleep_hours,10.215232717472311,-1
2024-12-12,sleep_hours,3.82083827340088,-1
2024-12-21,sleep_hours,10.146337156417426,-1
2024-12-27,sleep_hours,10.13208449240762,-1
2025-01-05,sleep_hours,10.450770960867914,-1
2025-03-08,sleep_hours,3.080356997185209,-1
2025-04-05,sleep_hours,3.690489429129788,-1
2025-05-17,sleep_hours,3.5830520018959264,-1
2025-05-29,sleep_hours,3.0,-1
2025-06-05,sleep_hours,10.107381243374869,-1
2025-07-24,sleep_hours,10.22432688814186,-1
2025-08-21,sleep_hours,9.97749034317698,-1
2025-08-31,sleep_hours,10.502595186937636,-1
2025-09-01,sleep_hours,3.068496757569803,-1
2024-10-25,sleep_hours,3.3010487236285853,-1
2024-11-15,sleep_hours,11.206907791769869,-1
2024-11-16,sleep_hours,3.429141442588591,-1
2025-01-29,sleep_hours,3.0,-1
2025-05-01,sleep_hours,3.4513043412842457,-1
2025-06-23,sleep_hours,3.444885307678936,-1
2025-07-16,sleep_hours,10.38118380138447,-1
2025-07-19,sleep_hours,3.854527801025714,-1
2025-07-22,sleep_hours,3.0,-1
2025-08-29,sleep_hours,3.0594559086536632,-1
2024-09-06,sleep_hours,3.756429420154592,-1
2024-09-07,sleep_hours,3.0,-1
2024-10-11,sleep_hours,3.5169668742740443,-1
2024-11-23,sleep_hours,3.844056512030607,-1
2024-12-06,sleep_hours,3.6905786048239193,-1
2025-01-04,sleep_hours,10.727142947432032,-1
2025-01-17,sleep_hours,3.1515730692435877,-1
2025-01-30,sleep_hours,3.6450623815517567,-1
2025-02-14,sleep_hours,10.304766926809716,-1
2025-03-02,sleep_hours,3.591969503415581,-1
2025-03-08,sleep_hours,3.605763660273778,-1
2025-04-02,sleep_hours,10.882989310948112,-1
2025-04-08,sleep_hours,10.158145203970042,-1
2025-04-17,sleep_hours,10.356369671711317,-1
2025-07-09,sleep_hours,3.205210793112,-1
2025-07-11,sleep_hours,10.451234691720016,-1
2025-07-18,sleep_hours,3.0,-1
2025-07-21,sleep_hours,11.16628060044141,-1
2025-07-26,sleep_hours,10.064101435786418,-1
2025-08-12,sleep_hours,3.868434468555015,-1
2025-09-01,sleep_hours,3.0,-1
2024-09-29,sleep_hours,10.157885357224282,-1
2024-10-09,sleep_hours,10.05244156984142,-1
2024-10-12,sleep_hours,10.90832261961736,-1
2024-11-16,sleep_hours,3.668002428531588,-1
2024-12-15,sleep_hours,11.302226888773722,-1
2025-01-09,sleep_hours,3.335197854401147,-1
2025-03-21,sleep_hours,10.032345704231572,-1
2025-04-11,sleep_hours,11.127651441397392,-1
2025-05-14,sleep_hours,10.396237272106564,-1
2025-05-31,sleep_hours,4.0191585020174125,-1
2025-08-22,sleep_hours,10.079029814884528,-1
2025-08-29,sleep_hours,10.26387151848814,-1
2024-09-15,sleep_hours,11.315299942918994,-1
2024-10-27,sleep_hours,10.201944819819108,-1
2024-11-02,sleep_hours,10.18872394244549,-1
2024-11-12,sleep_hours,10.21100752036392,-1
2024-11-26,sleep_hours,3.632597885384111,-1
2024-12-18,sleep_hours,10.02371170527572,-1
2025-02-14,sleep_hours,10.890461615431713,-1
2025-06-08,sleep_hours,11.507820793988714,-1
2025-07-19,sleep_hours,10.012606762719988,-1
2025-08-03,sleep_hours,10.285588818374526,-1
2024-09-19,sleep_hours,3.7061851016252154,-1
2024-09-30,sleep_hours,10.016637149081223,-1
2024-10-01,sleep_hours,3.8598584711018535,-1
2024-10-02,sleep_hours,10.4217931132107,-1
2024-10-03,sleep_hours,3.969609612569834,-1
2024-10-20,sleep_hours,3.850210821591488,-1
2024-10-26,sleep_hours,10.24024951397772,-1
2024-12-20,sleep_hours,11.250530143285133,-1
2024-12-30,sleep_hours,11.078591789276771,-1
2025-01-04,sleep_hours,10.864513152594242,-1
2025-01-22,sleep_hours,10.226806922274267,-1
2025-01-29,sleep_hours,11.09711797527076,-1
2025-03-06,sleep_hours,3.503927482810875,-1
2025-03-11,sleep_hours,11.108721869282528,-1
2025-03-13,sleep_hours,10.0392897801547,-1
2025-04-06,sleep_hours,10.218920789160489,-1
2025-04-07,sleep_hours,3.5346347216967717,-1
2025-05-20,sleep_hours,3.9987628921128113,-1
2025-06-25,sleep_hours,3.042211559228618,-1
2025-07-29,sleep_hours,10.404177002597372,-1
2025-08-09,sleep_hours,3.23769575501772,-1
2025-08-10,sleep_hours,10.363014729455466,-1
2025-08-27,sleep_hours,3.748723026757754,-1
2024-09-18,sleep_hours,10.794761183366449,-1
2024-10-06,sleep_hours,3.629753723925536,-1
2024-10-18,sleep_hours,3.724435859092715,-1
2024-10-19,sleep_hours,10.146156360573247,-1
2024-11-21,sleep_hours,10.06827289739229,-1
2024-12-22,sleep_hours,10.074530713726569,-1
2025-01-05,sleep_hours,3.727826085413499,-1
2025-01-31,sleep_hours,10.980402243298371,-1
2025-02-08,sleep_hours,3.676254029339208,-1
2025-03-10,sleep_hours,3.7224049174813687,-1
2025-04-03,sleep_hours,10.580459101583935,-1
2025-04-21,sleep_hours,10.994381670939656,-1
2025-05-11,sleep_hours,3.9396036094444153,-1
2025-06-14,sleep_hours,3.5986886772500712,-1
2025-07-31,sleep_hours,3.700783167388615,-1
2025-08-24,sleep_hours,3.177499643025825,-1
2024-09-11,sleep_hours,10.377664593386672,-1
2024-11-19,sleep_hours,11.073293095418286,-1
2025-01-01,sleep_hours,10.568546116020585,-1
2025-01-05,sleep_hours,3.644240159464577,-1
2025-01-26,sleep_hours,3.779380866066093,-1
2025-01-27,sleep_hours,3.5636161244280027,-1
2025-03-06,sleep_hours,3.809634389651956,-1
2025-03-12,sleep_hours,3.0,-1
2025-03-18,sleep_hours,11.041382115818887,-1
2025-05-09,sleep_hours,3.645930253497567,-1
2025-05-26,sleep_hours,3.829981928883806,-1
2025-06-18,sleep_hours,10.074821565935386,-1
2025-06-21,sleep_hours,3.0921962858194547,-1
2025-06-25,sleep_hours,10.531773335741828,-1
2025-06-28,sleep_hours,11.500505236333264,-1
2025-07-09,sleep_hours,3.9549745714403977,-1
2025-09-01,sleep_hours,10.04469488020252,-1
2024-09-18,sleep_hours,3.782794958506784,-1
2024-09-19,sleep_hours,10.140721879184566,-1
2024-11-14,sleep_hours,10.408555954976215,-1
2024-11-27,sleep_hours,3.0,-1
2024-12-21,sleep_hours,3.6349325694039294,-1
2025-01-06,sleep_hours,3.9746865943479617,-1
2025-02-18,sleep_hours,3.920550246797815,-1
2025-03-26,sleep_hours,3.0,-1
2025-03-29,sleep_hours,10.450935737811449,-1
2025-03-31,sleep_hours,10.455538192667651,-1
2025-04-09,sleep_hours,3.9271183227579183,-1
2025-04-28,sleep_hours,10.61351362130066,-1
2025-05-06,sleep_hours,3.157240899259965,-1
2025-06-10,sleep_hours,9.972473022411648,-1
2025-07-17,sleep_hours,3.571596084623452,-1
2025-08-10,sleep_hours,11.104642843388358,-1
2025-08-13,sleep_hours,10.71592937242669,-1
2025-08-21,sleep_hours,10.04543835915625,-1
2024-09-06,sleep_hours,3.773245143453425,-1
2024-10-16,sleep_hours,3.956537657692848,-1
2024-10-21,sleep_hours,10.38089328939449,-1
2024-11-07,sleep_hours,10.707580894009851,-1
2024-11-18,sleep_hours,10.112010644565112,-1
2024-11-26,sleep_hours,3.867549228421181,-1
2024-11-30,sleep_hours,3.0,-1
2024-12-08,sleep_hours,3.861953282120324,-1
2024-12-26,sleep_hours,3.900749181799666,-1
2025-02-02,sleep_hours,3.867791792578255,-1
2025-03-06,sleep_hours,3.8882761413335785,-1
2025-03-26,sleep_hours,10.525216919327857,-1
2025-04-10,sleep_hours,3.5853327914882955,-1
2025-04-26,sleep_hours,3.470674837971212,-1
2025-06-07,sleep_hours,3.0,-1
2025-06-10,sleep_hours,3.0,-1
2025-07-03,sleep_hours,4.050440860149427,-1
2025-08-05,sleep_hours,3.951627598909435,-1
2025-08-23,sleep_hours,10.656839598370006,-1
2025-09-05,sleep_hours,10.404168187158024,-1
2024-10-17,sleep_hours,3.5571327709912,-1
2024-10-24,sleep_hours,10.49621126483948,-1
2024-11-12,sleep_hours,3.792849238252977,-1
2024-12-02,sleep_hours,9.98665088341068,-1
2024-12-21,sleep_hours,10.700642810732123,-1
2024-12-31,sleep_hours,3.7617906642312207,-1
2025-01-06,sleep_hours,3.414114553508516,-1
2025-01-08,sleep_hours,10.453174344731668,-1
2025-01-15,sleep_hours,3.0,-1
2025-02-07,sleep_hours,4.051238512355842,-1
2025-02-14,sleep_hours,4.008308501656339,-1
2025-03-24,sleep_hours,3.646887585366394,-1
2025-03-29,sleep_hours,3.824365356914429,-1
2025-03-30,sleep_hours,4.007222818422248,-1
2025-05-07,sleep_hours,10.157265916121172,-1
2025-05-14,sleep_hours,3.891224582655127,-1
2025-05-24,sleep_hours,10.452547407657764,-1
2025-06-18,sleep_hours,9.96943324123632,-1
2025-07-06,sleep_hours,3.294381452292398,-1
2025-08-30,sleep_hours,3.068134984363197,-1
2024-09-09,sleep_hours,3.80533416696772,-1
2024-09-21,sleep_hours,3.894912222904076,-1
2024-09-23,sleep_hours,10.114414541944123,-1
2024-09-28,sleep_hours,3.945681725283982,-1
2024-10-27,sleep_hours,10.422194530390165,-1
2024-10-29,sleep_hours,10.962339219846786,-1
2024-11-07,sleep_hours,3.9364047701058342,-1
2024-11-22,sleep_hours,3.6073743178955056,-1
2024-11-28,sleep_hours,9.973899907459003,-1
2025-02-06,sleep_hours,3.578451608038895,-1
2025-03-04,sleep_hours,10.480657155144348,-1
2025-03-05,sleep_hours,10.887615696544518,-1
2025-03-07,sleep_hours,3.963806904909101,-1
2025-04-16,sleep_hours,3.4808969964510164,-1
2025-04-17,sleep_hours,10.719265071949536,-1
2025-04-22,sleep_hours,3.77607394280138,-1
2025-05-18,sleep_hours,10.26315912396456,-1
2025-05-23,sleep_hours,3.515478588871597,-1
2025-06-15,sleep_hours,3.836101180988713,-1
2025-06-27,sleep_hours,3.901798271335224,-1
2025-06-29,sleep_hours,10.984904225156562,-1
2025-07-03,sleep_hours,10.34299967827056,-1
2025-08-11,sleep_hours,10.895164824444286,-1
2025-08-22,sleep_hours,10.084740551541742,-1
2025-08-24,sleep_hours,11.025759454506716,-1
2024-09-21,sleep_hours,3.3801676900535758,-1
2024-10-19,sleep_hours,10.073603201686442,-1
2024-12-31,sleep_hours,10.229317102982051,-1
2025-01-28,sleep_hours,3.921654759579932,-1
2025-01-29,sleep_hours,3.716856919652994,-1
2025-02-20,sleep_hours,3.640939833415072,-1
2025-02-21,sleep_hours,9.9524551418611,-1
2025-02-22,sleep_hours,4.048446885685278,-1
2025-03-13,sleep_hours,10.305251760651696,-1
2025-06-29,sleep_hours,10.233539286125287,-1
2024-09-17,sleep_hours,3.0,-1
2024-10-09,sleep_hours,10.120645926099902,-1
2024-11-14,sleep_hours,10.33371764295158,-1
2024-11-19,sleep_hours,10.18538982009079,-1
2024-11-22,sleep_hours,10.497466529765152,-1
2024-11-24,sleep_hours,3.857820496990395,-1
2024-12-24,sleep_hours,10.280351433340192,-1
2025-01-16,sleep_hours,3.148078872755523,-1
2025-01-31,sleep_hours,10.063333638142504,-1
2025-02-01,sleep_hours,10.131610478264786,-1
2025-05-11,sleep_hours,10.818523873503011,-1
2025-06-27,sleep_hours,3.9920243796640498,-1
2025-07-27,sleep_hours,3.6348133691098576,-1
2024-09-06,sleep_hours,9.958549888044605,-1
2024-09-13,sleep_hours,3.758926123149014,-1
2024-09-20,sleep_hours,3.9298901320320887,-1
2024-09-28,sleep_hours,3.665898620467165,-1
2024-10-07,sleep_hours,3.567378118339319,-1
2024-10-10,sleep_hours,11.403980127281034,-1
2024-10-20,sleep_hours,3.647725436813791,-1
2024-11-04,sleep_hours,9.99920063248792,-1
2025-01-03,sleep_hours,3.140925417043606,-1
2025-02-07,sleep_hours,3.671308433993184,-1
2025-02-11,sleep_hours,3.805930135996903,-1
2025-02-18,sleep_hours,10.074619726802055,-1
2025-03-08,sleep_hours,10.133609042304094,-1
2025-04-04,sleep_hours,10.9832652378463,-1
2025-04-08,sleep_hours,3.7393628116887,-1
2025-04-17,sleep_hours,11.957703597252532,-1
2025-04-25,sleep_hours,10.5703490954094,-1
2025-04-28,sleep_hours,3.8707268050125023,-1
2025-05-09,sleep_hours,10.04560290521373,-1
2025-05-14,sleep_hours,10.052088699433234,-1
2025-07-03,sleep_hours,11.85347771825552,-1
2025-07-22,sleep_hours,10.34647031187253,-1
2025-08-08,sleep_hours,4.023698794074871,-1
2025-08-18,sleep_hours,3.071885984262109,-1
2024-09-09,sleep_hours,3.0,-1
2024-10-11,sleep_hours,10.895612104897364,-1
2024-10-12,sleep_hours,10.780606027150146,-1
2024-10-22,sleep_hours,3.977015535128869,-1
2024-11-03,sleep_hours,10.218433331016032,-1
2024-11-28,sleep_hours,3.7039818141664296,-1
2024-12-18,sleep_hours,3.8012021920653183,-1
2025-01-04,sleep_hours,10.155497336115506,-1
2025-01-22,sleep_hours,10.135934505831976,-1
2025-03-17,sleep_hours,3.372394694579973,-1
2025-03-18,sleep_hours,10.002580704829324,-1
2025-03-27,sleep_hours,10.41268895029088,-1
2025-04-21,sleep_hours,3.441704697754048,-1
2025-05-28,sleep_hours,3.7940355351390505,-1
2025-06-07,sleep_hours,3.303481640612486,-1
2025-06-11,sleep_hours,10.388723321135464,-1
2025-07-21,sleep_hours,10.133651530383483,-1
2025-08-06,sleep_hours,3.52224430847934,-1
2025-08-07,sleep_hours,3.19491634141532,-1
2025-08-22,sleep_hours,10.999817013578392,-1
2025-08-27,sleep_hours,3.281091899751937,-1
2024-09-28,sleep_hours,10.767943140790967,-1
2024-10-06,sleep_hours,3.7190145540727855,-1
2024-10-08,sleep_hours,10.19561098449952,-1
2024-10-09,sleep_hours,10.26828710015225,-1
2024-12-06,sleep_hours,3.753392517391024,-1
2024-12-15,sleep_hours,10.13703015384576,-1
2025-01-10,sleep_hours,11.347654697959676,-1
2025-01-21,sleep_hours,3.7975777358880376,-1
2025-03-15,sleep_hours,3.7578969363600505,-1
2025-04-02,sleep_hours,10.313748126093556,-1
2025-04-14,sleep_hours,11.474912462174604,-1
2025-04-25,sleep_hours,3.797720047902604,-1
2025-04-27,sleep_hours,10.30613972475554,-1
2025-05-31,sleep_hours,3.806939480711649,-1
2025-06-26,sleep_hours,10.115277925398502,-1
2024-10-27,sleep_hours,3.82243907043914,-1
2024-11-06,sleep_hours,3.8832230378066073,-1
2024-12-16,sleep_hours,11.061421167412025,-1
2025-02-02,sleep_hours,11.815488491656126,-1
2025-02-13,sleep_hours,4.044834743498887,-1
2025-02-22,sleep_hours,4.052387479966225,-1
2025-02-25,sleep_hours,3.662685555868931,-1
2025-05-20,sleep_hours,10.259955837879156,-1
2025-08-04,sleep_hours,11.068820797478164,-1
2025-08-05,sleep_hours,10.621856065500117,-1
2025-08-22,sleep_hours,10.786960665966117,-1
2025-08-31,sleep_hours,4.005796006150543,-1
2024-09-26,sleep_hours,10.349529076373264,-1
2024-09-30,sleep_hours,3.0,-1
2024-11-20,sleep_hours,3.4084260299519507,-1
2024-11-22,sleep_hours,10.023122504566825,-1
2024-12-02,sleep_hours,10.940536203621072,-1
2024-12-25,sleep_hours,3.0,-1
2024-12-27,sleep_hours,10.563441119051449,-1
2025-01-21,sleep_hours,9.958589951968984,-1
2025-01-27,sleep_hours,11.00116944090136,-1
2025-02-09,sleep_hours,3.1370443655546465,-1
2025-02-18,sleep_hours,10.22660723172038,-1
2025-04-16,sleep_hours,3.518626479893609,-1
2025-04-21,sleep_hours,10.09353714955984,-1
2025-05-30,sleep_hours,3.456127862952425,-1
2025-06-03,sleep_hours,10.370349631281012,-1
2025-06-16,sleep_hours,10.094243417546254,-1
2025-07-15,sleep_hours,12.0,-1
2024-10-03,sleep_hours,10.670330128629498,-1
2024-10-05,sleep_hours,10.674399997763263,-1
2024-10-22,sleep_hours,3.970122181799496,-1
2024-10-27,sleep_hours,9.937706146897131,-1
2024-11-06,sleep_hours,9.97722410377795,-1
2024-11-10,sleep_hours,10.337907220471513,-1
2024-11-21,sleep_hours,3.0590929391927366,-1
2024-12-19,sleep_hours,9.98903736827236,-1
2024-12-30,sleep_hours,3.1852924615014526,-1
2025-01-25,sleep_hours,10.267397491798498,-1
2025-02-07,sleep_hours,9.988771799555744,-1
2025-02-23,sleep_hours,10.46762516093552,-1
2025-03-03,sleep_hours,10.165991182256088,-1
2025-03-07,sleep_hours,3.0,-1
2025-03-23,sleep_hours,11.895294583838742,-1
2025-05-09,sleep_hours,10.383331202424689,-1
2025-06-11,sleep_hours,3.0,-1
2025-06-14,sleep_hours,10.2019658683846,-1
2025-06-15,sleep_hours,3.0272891245187754,-1
2025-07-22,sleep_hours,3.225763134626148,-1
2025-07-25,sleep_hours,4.035250286388779,-1
2025-08-01,sleep_hours,3.9420358334361767,-1
2024-09-27,sleep_hours,3.5173258668370986,-1
2024-10-03,sleep_hours,3.868315888045476,-1
2024-10-07,sleep_hours,10.107605289547877,-1
2024-10-08,sleep_hours,10.356466141697595,-1
2024-10-26,sleep_hours,3.39053473153521,-1
2024-11-20,sleep_hours,10.068155845827976,-1
2024-11-25,sleep_hours,3.2930681659976866,-1
2024-12-27,sleep_hours,3.915839383331056,-1
2025-01-03,sleep_hours,3.53917271651302,-1
2025-02-12,sleep_hours,3.318277137655124,-1
2025-03-08,sleep_hours,3.450109281896609,-1
2025-04-22,sleep_hours,10.61685468784326,-1
2025-04-30,sleep_hours,3.0,-1
2025-07-22,sleep_hours,10.02686409300637,-1
2025-07-31,sleep_hours,3.996000338147741,-1
2025-08-06,sleep_hours,3.952948286649257,-1
2025-08-12,sleep_hours,10.124816223381604,-1
2024-09-16,sleep_hours,3.164005296650734,-1
2024-10-01,sleep_hours,10.300731048136644,-1
2024-10-03,sleep_hours,11.133638675685358,-1
2024-10-17,sleep_hours,10.870564322204125,-1
2024-10-31,sleep_hours,3.0,-1
2024-12-01,sleep_hours,3.773739794905853,-1
2024-12-28,sleep_hours,9.989165515422917,-1
2024-12-31,sleep_hours,10.896949791188549,-1
2025-01-13,sleep_hours,10.53718827452875,-1
2025-01-17,sleep_hours,10.39526149484583,-1
2025-02-06,sleep_hours,3.894897681921204,-1
2025-02-19,sleep_hours,3.871496456994449,-1
2025-03-03,sleep_hours,10.786923802691174,-1
2025-03-04,sleep_hours,11.05999699383089,-1
2025-03-07,sleep_hours,10.50762346228982,-1
2025-03-09,sleep_hours,10.53407544724363,-1
2025-04-14,sleep_hours,3.0,-1
2025-05-16,sleep_hours,3.1687201814149115,-1
2025-06-23,sleep_hours,10.360441688540933,-1
2025-06-30,sleep_hours,10.177984423862574,-1
2025-08-01,sleep_hours,10.815078675526326,-1
2025-08-11,sleep_hours,10.474142227586334,-1
2024-10-02,sleep_hours,10.363899153598812,-1
2024-10-22,sleep_hours,3.0,-1
2024-11-05,sleep_hours,3.619437507441772,-1
2024-11-08,sleep_hours,10.623854300318763,-1
2025-01-07,sleep_hours,11.378875574472858,-1
2025-02-14,sleep_hours,3.397409629208609,-1
2025-02-24,sleep_hours,10.242716392068724,-1
2025-03-10,sleep_hours,11.199323460195188,-1
2025-03-24,sleep_hours,10.01586998787112,-1
2025-03-29,sleep_hours,3.655104196730416,-1
2025-04-04,sleep_hours,10.222376895654932,-1
2025-05-15,sleep_hours,9.975324232404848,-1
2025-05-17,sleep_hours,10.179127507420434,-1
2025-06-18,sleep_hours,10.143249911481664,-1
2025-06-27,sleep_hours,3.468665861832424,-1
2025-07-05,sleep_hours,10.041083145108038,-1
2025-07-18,sleep_hours,3.994101166662657,-1
2025-08-16,sleep_hours,3.9062625413962193,-1
2025-08-24,sleep_hours,10.390678827782509,-1
2024-09-16,sleep_hours,10.726178744312696,-1
2024-09-21,sleep_hours,9.950913527599988,-1
2024-10-24,sleep_hours,3.907308993469656,-1
2024-10-28,sleep_hours,11.616424102510472,-1
2024-11-15,sleep_hours,4.038753785967646,-1
2024-12-08,sleep_hours,10.646950199313558,-1
2024-12-10,sleep_hours,3.180460946289604,-1
2025-01-24,sleep_hours,10.432721543170624,-1
2025-03-19,sleep_hours,3.9715884257390983,-1
2025-04-20,sleep_hours,9.997617942525514,-1
2025-05-01,sleep_hours,4.03453177285908,-1
2025-06-11,sleep_hours,11.017332512532152,-1
2025-07-02,sleep_hours,3.935863016975981,-1
2025-08-18,sleep_hours,10.34904456652063,-1
2024-10-10,sleep_hours,10.651628884084047,-1
2024-10-13,sleep_hours,10.092123584842172,-1
2024-12-02,sleep_hours,3.805401386505844,-1
2024-12-10,sleep_hours,12.0,-1
2024-12-21,sleep_hours,3.717702480053511,-1
2024-12-25,sleep_hours,3.9602184600481447,-1
2025-01-16,sleep_hours,3.377695348327498,-1
2025-01-30,sleep_hours,3.870452559568277,-1
2025-03-20,sleep_hours,3.097208632315862,-1
2025-03-30,sleep_hours,3.599600102121257,-1
2025-04-10,sleep_hours,9.967681884315883,-1
2025-04-24,sleep_hours,3.5751407717655472,-1
2025-05-16,sleep_hours,3.602446274356059,-1
2025-06-24,sleep_hours,3.3907339288592224,-1
2025-06-25,sleep_hours,10.3433889352616,-1
2025-07-10,sleep_hours,10.074751001954937,-1
2025-07-14,sleep_hours,3.9187335736454254,-1
2025-07-22,sleep_hours,10.493911823867917,-1
2025-08-04,sleep_hours,11.250206466738751,-1
2025-08-09,sleep_hours,3.0,-1
2025-08-11,sleep_hours,3.398916750838102,-1
2025-09-03,sleep_hours,12.0,-1
2024-09-08,sleep_hours,10.884384989153418,-1
2024-09-10,sleep_hours,11.949672223624896,-1
2024-09-15,sleep_hours,3.532391249608268,-1
2024-09-19,sleep_hours,10.58944623294066,-1
2024-10-09,sleep_hours,3.862283609561652,-1
2024-11-13,sleep_hours,3.9584878918416377,-1
2024-12-05,sleep_hours,10.1532067660781,-1
2024-12-31,sleep_hours,3.0,-1
2025-01-24,sleep_hours,11.044567950320044,-1
2025-03-07,sleep_hours,9.988374620731411,-1
2025-05-03,sleep_hours,3.4007717548562537,-1
2025-05-22,sleep_hours,10.792272725734072,-1
2025-06-25,sleep_hours,10.12970082583853,-1
2025-07-13,sleep_hours,3.0,-1
2025-07-14,sleep_hours,3.916189134774605,-1
2024-10-15,sleep_hours,10.355116544295146,-1
2024-11-26,sleep_hours,10.742359128481064,-1
2024-12-05,sleep_hours,3.737799221845786,-1
2024-12-19,sleep_hours,3.409055051986809,-1
2025-01-19,sleep_hours,9.976970442668671,-1
2025-02-14,sleep_hours,3.698850934107476,-1
2025-05-01,sleep_hours,11.137755329053602,-1
2025-05-07,sleep_hours,9.95117131413868,-1
2025-06-05,sleep_hours,3.338846540824033,-1
2025-06-09,sleep_hours,10.00533241266611,-1
2025-06-23,sleep_hours,10.17596031296756,-1
2025-06-30,sleep_hours,10.294009121874382,-1
2025-07-06,sleep_hours,3.0,-1
2025-07-12,sleep_hours,10.004500083402217,-1
2024-09-21,sleep_hours,3.87555077375895,-1
2024-12-05,sleep_hours,10.337535368644728,-1
2024-12-23,sleep_hours,3.637968762171875,-1
2024-12-26,sleep_hours,10.156634687564868,-1
2025-02-23,sleep_hours,3.033219580123288,-1
2025-03-02,sleep_hours,10.931853112053728,-1
2025-03-25,sleep_hours,9.989781312167786,-1
2025-03-28,sleep_hours,10.115603607908977,-1
2025-04-17,sleep_hours,3.915787082001284,-1
2025-04-19,sleep_hours,3.6601935315647407,-1
2025-04-22,sleep_hours,10.275791607707957,-1
2025-05-19,sleep_hours,3.747117394081085,-1
2025-06-01,sleep_hours,10.97396068103601,-1
2025-06-26,sleep_hours,3.0,-1
2025-07-19,sleep_hours,3.613170945304569,-1
2025-07-20,sleep_hours,3.4223476220896414,-1
2025-08-04,sleep_hours,10.440024390533218,-1
2025-08-11,sleep_hours,3.3364807640061063,-1
2025-08-18,sleep_hours,10.572939550282335,-1
2025-08-28,sleep_hours,10.14826200781418,-1
2025-09-01,sleep_hours,10.633231076367828,-1
2024-09-23,sleep_hours,10.076511358246456,-1
2024-10-19,sleep_hours,11.373142720337134,-1
2024-11-18,sleep_hours,10.438799894036288,-1
2024-11-27,sleep_hours,3.9535757071564337,-1
2024-12-01,sleep_hours,3.667661519759026,-1
2024-12-16,sleep_hours,3.967688002452646,-1
2024-12-24,sleep_hours,3.048310979751787,-1
2025-01-07,sleep_hours,9.935855045538402,-1
2025-01-17,sleep_hours,10.34083111797916,-1
2025-06-01,sleep_hours,10.056403507997594,-1
2025-06-10,sleep_hours,10.145132718658232,-1
2025-06-12,sleep_hours,3.531902643037052,-1
2025-07-27,sleep_hours,3.3361764746329707,-1
2025-08-07,sleep_hours,3.177251457568392,-1
2025-08-13,sleep_hours,3.452871644517668,-1
2025-08-19,sleep_hours,3.067759059783909,-1
2025-08-20,sleep_hours,10.080868089778146,-1
2024-09-09,sleep_hours,3.970373092881309,-1
2024-09-29,sleep_hours,3.0,-1
2024-10-15,sleep_hours,3.832095916444641,-1
2024-10-22,sleep_hours,3.147163999671017,-1
2024-10-24,sleep_hours,9.993292456194546,-1
2024-10-27,sleep_hours,3.314963959684453,-1
2024-12-30,sleep_hours,3.730682032610093,-1
2025-01-10,sleep_hours,3.832275267977181,-1
2025-01-18,sleep_hours,3.888844146056736,-1
2025-02-13,sleep_hours,10.221307566981643,-1
2025-03-07,sleep_hours,3.8021447063059153,-1
2025-03-11,sleep_hours,3.91977350523969,-1
2025-03-17,sleep_hours,10.057537354233409,-1
2025-05-07,sleep_hours,3.8070076137238,-1
2025-05-20,sleep_hours,4.010877862879459,-1
2025-06-24,sleep_hours,11.20046238823696,-1
2025-07-02,sleep_hours,10.449299512862616,-1
2025-07-06,sleep_hours,10.216662754868466,-1
2025-08-10,sleep_hours,10.68834036816548,-1
2024-10-08,sleep_hours,3.6719948569987695,-1
2024-10-30,sleep_hours,10.391463736842896,-1
2024-11-23,sleep_hours,10.397189762488146,-1
2025-01-08,sleep_hours,9.994069801557306,-1
2025-01-18,sleep_hours,10.738698005342332,-1
2025-02-09,sleep_hours,10.0956555316033,-1
2025-02-19,sleep_hours,11.2473711707977,-1
2025-02-28,sleep_hours,3.964600222743956,-1
2025-04-02,sleep_hours,10.56301197342102,-1
2025-04-27,sleep_hours,3.386017225643418,-1
2025-05-03,sleep_hours,10.404782408883165,-1
2025-06-04,sleep_hours,10.020077603940711,-1
2025-06-10,sleep_hours,3.290422874131062,-1
2025-06-24,sleep_hours,12.0,-1
2025-07-11,sleep_hours,3.0,-1
2025-08-15,sleep_hours,10.453961916353268,-1
2025-08-19,sleep_hours,10.110571179384731,-1
2025-09-03,sleep_hours,10.07693140830597,-1
2025-09-05,sleep_hours,11.208243124716525,-1
2024-09-13,sleep_hours,3.083530369031834,-1
2024-11-28,sleep_hours,10.656141486359338,-1
2025-01-09,sleep_hours,3.917556577950013,-1
2025-01-10,sleep_hours,11.089833769117943,-1
2025-03-01,sleep_hours,3.614730998322645,-1
2025-03-02,sleep_hours,10.405284214078677,-1
2025-03-06,sleep_hours,10.12111142234554,-1
2025-03-26,sleep_hours,10.09187775283049,-1
2025-04-11,sleep_hours,10.639532407788383,-1
2025-04-26,sleep_hours,3.9641332734814414,-1
2025-06-20,sleep_hours,3.616321960742507,-1
2025-06-27,sleep_hours,9.993679644351896,-1
2025-07-09,sleep_hours,3.4645048346040874,-1
2025-07-26,sleep_hours,3.0,-1
2025-08-03,sleep_hours,10.186641012927367,-1
2025-08-16,sleep_hours,3.3127376688968697,-1
2025-08-17,sleep_hours,9.972617063219197,-1
2024-12-03,sleep_hours,4.021033404012777,-1
2024-12-23,sleep_hours,3.2698165705068227,-1
2025-01-18,sleep_hours,3.887836239830036,-1
2025-01-20,sleep_hours,3.0,-1
2025-02-05,sleep_hours,3.0,-1
2025-02-12,sleep_hours,3.220892971038932,-1
2025-02-26,sleep_hours,10.391459641150355,-1
2025-04-11,sleep_hours,3.929917804135652,-1
2025-04-18,sleep_hours,10.469475656964796,-1
2025-04-21,sleep_hours,3.0,-1
2025-05-14,sleep_hours,9.95408529102743,-1
2025-05-19,sleep_hours,3.0,-1
2025-06-23,sleep_hours,10.123871684143785,-1
2025-06-30,sleep_hours,10.739998986841384,-1
2025-07-01,sleep_hours,11.057331077957553,-1
2025-07-07,sleep_hours,4.016851382336401,-1
2025-08-22,sleep_hours,10.33592102471369,-1
2025-09-02,sleep_hours,10.60306617283774,-1
2025-09-03,sleep_hours,3.082839572391954,-1
2024-09-07,sleep_hours,10.247348687447186,-1
2024-09-10,sleep_hours,10.35771132360808,-1
2024-09-13,sleep_hours,3.600583397961333,-1
2024-09-24,sleep_hours,10.036948361405376,-1
2024-09-29,sleep_hours,3.698916795622861,-1
2024-10-06,sleep_hours,3.0,-1
2024-10-15,sleep_hours,4.016209761533978,-1
2024-10-17,sleep_hours,3.1295864689771893,-1
2024-11-27,sleep_hours,9.947727702927114,-1
2024-12-01,sleep_hours,10.28552061313209,-1
2024-12-29,sleep_hours,3.965074726707536,-1
2025-01-24,sleep_hours,3.854737471476248,-1
2025-02-01,sleep_hours,3.4435395201719503,-1
2025-02-08,sleep_hours,10.699166451892406,-1
2025-02-14,sleep_hours,9.984701472741245,-1
2025-02-25,sleep_hours,10.747836303500964,-1
2025-04-14,sleep_hours,10.328188744884542,-1
2025-05-30,sleep_hours,10.831571325989746,-1
2025-06-25,sleep_hours,3.953109385941339,-1
2025-06-28,sleep_hours,10.962203730598814,-1
2025-07-21,sleep_hours,10.02106018220354,-1
2025-08-01,sleep_hours,10.276979204234502,-1
2025-08-24,sleep_hours,9.99845048444265,-1
2024-09-24,sleep_hours,3.255538700214473,-1
2024-10-03,sleep_hours,3.649741693306469,-1
2024-10-15,sleep_hours,3.637824849580796,-1
2024-10-28,sleep_hours,10.066626720174376,-1
2024-11-06,sleep_hours,11.340663515104016,-1
2024-11-30,sleep_hours,10.28540424931936,-1
2025-01-01,sleep_hours,3.5425169634736875,-1
2025-01-14,sleep_hours,9.975788767840609,-1
2025-01-27,sleep_hours,3.992365558439279,-1
2025-02-02,sleep_hours,4.020893353427648,-1
2025-02-14,sleep_hours,10.254428804948455,-1
2025-03-14,sleep_hours,3.805766249750719,-1
2025-03-15,sleep_hours,10.291281680359122,-1
2025-03-26,sleep_hours,10.43016045426883,-1
2025-04-15,sleep_hours,10.854543346838504,-1
2025-04-22,sleep_hours,3.0,-1
2025-04-28,sleep_hours,10.460624074925288,-1
2025-06-20,sleep_hours,10.619676848281689,-1
2025-07-04,sleep_hours,3.5881192642371227,-1
2025-07-16,sleep_hours,3.9233995829867503,-1
2025-07-29,sleep_hours,10.250581188300728,-1
2025-08-08,sleep_hours,3.921782014408133,-1
2024-10-05,sleep_hours,10.254962942715933,-1
2024-10-06,sleep_hours,10.04901305050663,-1
2024-11-08,sleep_hours,10.047995285735514,-1
2024-11-20,sleep_hours,3.2024907544255576,-1
2025-01-09,sleep_hours,10.766684353571376,-1
2025-02-13,sleep_hours,3.04854978732441,-1
2025-02-15,sleep_hours,3.859736796683472,-1
2025-02-19,sleep_hours,9.983465118928912,-1
2025-03-08,sleep_hours,3.0,-1
2025-03-11,sleep_hours,10.053207260040208,-1
2025-03-14,sleep_hours,3.287338468181659,-1
2025-03-19,sleep_hours,3.974350416231237,-1
2025-03-22,sleep_hours,3.909564701952284,-1
2025-03-28,sleep_hours,3.21795545576256,-1
2025-04-02,sleep_hours,10.167273185430505,-1
2025-04-10,sleep_hours,3.587126859871826,-1
2025-04-14,sleep_hours,10.309346952086834,-1
2025-04-21,sleep_hours,3.845721062260164,-1
2025-05-14,sleep_hours,10.672350326685674,-1
2025-05-20,sleep_hours,3.955163418279533,-1
2025-06-12,sleep_hours,11.520058153965216,-1
2025-08-28,sleep_hours,3.8537834403715614,-1
2024-09-07,sleep_hours,3.856356407765489,-1
2024-09-11,sleep_hours,3.305740003587556,-1
2024-09-17,sleep_hours,11.051846413919767,-1
2024-10-20,sleep_hours,3.07770688413487,-1
2024-12-08,sleep_hours,3.798797955280485,-1
2024-12-09,sleep_hours,3.722977659392705,-1
2024-12-12,sleep_hours,3.9943158590889576,-1
2024-12-15,sleep_hours,10.6215562970814,-1
2024-12-24,sleep_hours,3.491719463450917,-1
2025-01-09,sleep_hours,4.01422244779245,-1
2025-01-24,sleep_hours,4.019904171771984,-1
2025-03-02,sleep_hours,10.061827082281534,-1
2025-03-23,sleep_hours,10.752054800199843,-1
2025-03-24,sleep_hours,10.531252126411594,-1
2025-04-07,sleep_hours,4.049737280817379,-1
2025-04-14,sleep_hours,10.585638727585046,-1
2025-04-19,sleep_hours,3.0,-1
2025-04-20,sleep_hours,3.820882506633685,-1
2025-05-15,sleep_hours,9.98511366587764,-1
2025-07-16,sleep_hours,11.151166673487223,-1
2025-08-25,sleep_hours,3.273783142468317,-1
2024-11-02,sleep_hours,3.0,-1
2024-11-03,sleep_hours,9.98887984244842,-1
2024-11-05,sleep_hours,10.316535810058893,-1
2024-11-15,sleep_hours,10.505579473771435,-1
2024-11-23,sleep_hours,3.976861598620964,-1
2024-11-29,sleep_hours,3.979589895178572,-1
2024-12-23,sleep_hours,10.844692696796786,-1
2024-12-28,sleep_hours,4.039048690873533,-1
2025-01-08,sleep_hours,3.5624998361981,-1
2025-01-18,sleep_hours,10.12654706589802,-1
2025-02-15,sleep_hours,3.979456548505888,-1
2025-02-23,sleep_hours,3.831384106311681,-1
2025-04-16,sleep_hours,3.304134811719668,-1
2025-04-26,sleep_hours,3.4562679316376044,-1
2025-05-16,sleep_hours,11.208712729426187,-1
2025-05-29,sleep_hours,10.991803825887718,-1
2025-06-06,sleep_hours,3.45159126897949,-1
2025-06-23,sleep_hours,3.0,-1
2025-08-13,sleep_hours,3.514461445514827,-1
2025-08-28,sleep_hours,3.0,-1
2024-09-08,sleep_hours,10.499214470892747,-1
2024-11-27,sleep_hours,10.693947451466496,-1
2025-01-20,sleep_hours,3.0,-1
2025-01-22,sleep_hours,3.98015216513945,-1
2025-01-26,sleep_hours,10.424168066914152,-1
2025-02-27,sleep_hours,10.121439161478262,-1
2025-03-09,sleep_hours,10.146180937841017,-1
2025-03-16,sleep_hours,10.245678625059265,-1
2025-03-18,sleep_hours,3.316781901670531,-1
2025-04-10,sleep_hours,9.954079445096406,-1
2025-04-12,sleep_hours,10.07689486082813,-1
2025-05-08,sleep_hours,3.846472865314427,-1
2025-05-14,sleep_hours,10.26887445374136,-1
2025-05-27,sleep_hours,3.913703126978018,-1
2025-06-13,sleep_hours,3.329706989043784,-1
2025-06-25,sleep_hours,10.860372831443764,-1
2025-07-05,sleep_hours,10.252785454617491,-1
2025-07-16,sleep_hours,3.471301593630322,-1
2025-07-17,sleep_hours,3.0,-1
2025-08-18,sleep_hours,4.017502477703292,-1
2025-09-01,sleep_hours,3.7201063560498993,-1
2024-10-04,sleep_hours,3.0,-1
2024-10-05,sleep_hours,10.460085569133543,-1
2024-10-07,sleep_hours,3.1058500270065785,-1
2024-11-02,sleep_hours,3.1924340177223343,-1
2024-11-05,sleep_hours,10.516297785345856,-1
2024-12-02,sleep_hours,11.094035903973804,-1
2024-12-05,sleep_hours,9.938751961733562,-1
2024-12-07,sleep_hours,4.019775111110089,-1
2025-02-12,sleep_hours,11.34797709241969,-1
2025-02-23,sleep_hours,10.547549004111056,-1
2025-02-24,sleep_hours,10.328934790489535,-1
2025-03-06,sleep_hours,3.681740254521364,-1
2025-03-11,sleep_hours,10.555515032194284,-1
2025-03-20,sleep_hours,10.1302403169832,-1
2025-03-26,sleep_hours,10.09365321352454,-1
2025-04-18,sleep_hours,3.806372065694595,-1
2025-04-22,sleep_hours,3.793918932277462,-1
2025-05-03,sleep_hours,4.039626686592055,-1
2025-05-09,sleep_hours,3.25222064424746,-1
2025-05-24,sleep_hours,3.179221785492139,-1
2025-05-25,sleep_hours,3.1101724194918274,-1
2025-06-09,sleep_hours,10.50607944088211,-1
2025-06-18,sleep_hours,10.531563286389716,-1
2025-06-22,sleep_hours,3.1143737995943326,-1
2025-07-12,sleep_hours,3.0861621190974886,-1
2025-07-25,sleep_hours,3.584524410210216,-1
2025-08-13,sleep_hours,11.13178114132681,-1
2024-10-12,sleep_hours,3.1466763717892654,-1
2024-10-21,sleep_hours,3.0,-1
2024-10-25,sleep_hours,11.057995814069592,-1
2024-12-13,sleep_hours,10.647385631857064,-1
2025-01-12,sleep_hours,3.485480781721862,-1
2025-03-02,sleep_hours,3.771598737748613,-1
2025-03-09,sleep_hours,11.064379515558084,-1
2025-04-08,sleep_hours,3.0,-1
2025-06-04,sleep_hours,3.033795449521206,-1
2025-06-11,sleep_hours,3.363649152032456,-1
2025-06-22,sleep_hours,10.182485132789166,-1
2025-07-07,sleep_hours,3.6411948747118,-1
2025-08-16,sleep_hours,10.059934681370365,-1
2024-09-22,sleep_hours,3.0,-1
2024-09-24,sleep_hours,11.784708907384172,-1
2024-09-26,sleep_hours,10.625066270948032,-1
2024-09-29,sleep_hours,11.287591321111409,-1
2024-10-24,sleep_hours,3.9598153956479454,-1
2024-11-10,sleep_hours,10.451351594702878,-1
2024-12-21,sleep_hours,3.91042970733297,-1
2024-12-22,sleep_hours,3.540654501293865,-1
2025-01-04,sleep_hours,3.872173497943028,-1
2025-01-13,sleep_hours,11.116236615973367,-1
2025-01-23,sleep_hours,3.323228511263352,-1
2025-04-07,sleep_hours,3.7150123368236008,-1
2025-04-12,sleep_hours,11.673339826297417,-1
2025-04-20,sleep_hours,10.188445370861842,-1
2025-04-28,sleep_hours,3.59596826879859,-1
2025-05-09,sleep_hours,4.013845711232902,-1
2025-05-19,sleep_hours,3.0,-1
2025-05-25,sleep_hours,10.105202095086696,-1
2025-06-30,sleep_hours,11.118923313761524,-1
2025-07-20,sleep_hours,3.7458095446213298,-1
2025-07-28,sleep_hours,3.9549813570497374,-1
2025-08-06,sleep_hours,3.0,-1
2025-08-22,sleep_hours,10.02046362318158,-1
2024-10-01,sleep_hours,3.750156185510012,-1
2024-10-07,sleep_hours,10.24564812371083,-1
2024-10-16,sleep_hours,3.557707078092587,-1
2024-12-16,sleep_hours,10.036498167578811,-1
2025-01-10,sleep_hours,3.6664041096277806,-1
2025-02-01,sleep_hours,3.924492266222337,-1
2025-02-08,sleep_hours,10.159343732689548,-1
2025-02-14,sleep_hours,3.930722788947589,-1
2025-02-21,sleep_hours,10.381092076844592,-1
2025-02-24,sleep_hours,10.031523012010377,-1
2025-03-04,sleep_hours,12.0,-1
2025-03-09,sleep_hours,10.071530202448503,-1
2025-04-01,sleep_hours,3.9206481861965337,-1
2025-04-04,sleep_hours,3.61890576144222,-1
2025-05-06,sleep_hours,10.18409071904911,-1
2025-05-12,sleep_hours,3.652882880891653,-1
2025-05-29,sleep_hours,11.27111914805604,-1
2025-06-02,sleep_hours,10.690192605387017,-1
2025-06-13,sleep_hours,10.274220561021748,-1
2024-09-07,sleep_hours,11.026020074791717,-1
2024-09-27,sleep_hours,10.393498790748373,-1
2024-10-02,sleep_hours,3.13660893809794,-1
2024-10-12,sleep_hours,3.823116765337504,-1
2024-10-15,sleep_hours,3.997311030406844,-1
2024-12-06,sleep_hours,3.78242360249245,-1
2024-12-28,sleep_hours,3.1423967130586568,-1
2024-12-31,sleep_hours,3.5752720831651352,-1
2025-01-17,sleep_hours,10.759364780120926,-1
2025-02-04,sleep_hours,10.58122107775382,-1
2025-03-02,sleep_hours,10.227253532392588,-1
2025-03-26,sleep_hours,11.39931216766017,-1
2025-05-08,sleep_hours,10.416359652371762,-1
2025-05-14,sleep_hours,3.0,-1
2025-05-15,sleep_hours,10.309989193522512,-1
2025-05-27,sleep_hours,3.0,-1
2025-06-03,sleep_hours,10.847514930335429,-1
2025-06-14,sleep_hours,3.8750493959653753,-1
2025-07-23,sleep_hours,3.858908817293739,-1
2025-08-13,sleep_hours,3.7152759962306954,-1
2025-08-23,sleep_hours,10.724990809518012,-1
2025-08-24,sleep_hours,3.945491606420665,-1
2025-08-28,sleep_hours,3.817761482897492,-1
2024-10-16,sleep_hours,3.728299648664542,-1
2024-10-17,sleep_hours,10.17885163389441,-1
2024-10-31,sleep_hours,10.3563873196625,-1
2024-11-06,sleep_hours,9.9469302236943,-1
2024-11-07,sleep_hours,3.939458015051044,-1
2024-11-13,sleep_hours,10.039628683539394,-1
2024-11-26,sleep_hours,3.652496236669725,-1
2024-12-25,sleep_hours,10.177585651131022,-1
2025-01-08,sleep_hours,10.861352214506583,-1
2025-02-16,sleep_hours,3.310039349369477,-1
2025-02-28,sleep_hours,3.0648230456919725,-1
2025-03-12,sleep_hours,4.000026057113024,-1
2025-04-07,sleep_hours,4.049816362553744,-1
2025-05-02,sleep_hours,9.954206353234554,-1
2025-05-11,sleep_hours,3.726852542575548,-1
2025-05-22,sleep_hours,10.768505239160875,-1
2025-06-09,sleep_hours,11.7346239205455,-1
2025-06-30,sleep_hours,3.4170545443296234,-1
2025-07-30,sleep_hours,3.0,-1
2025-08-06,sleep_hours,3.930784444612677,-1
2025-08-30,sleep_hours,3.757278598532999,-1
2025-08-31,sleep_hours,3.423076791876592,-1
2024-09-08,sleep_hours,10.607553523378307,-1
2024-09-23,sleep_hours,3.9630592444525767,-1
2024-09-25,sleep_hours,10.804557691892798,-1
2024-10-01,sleep_hours,10.09437792415808,-1
2024-10-09,sleep_hours,3.774692095208114,-1
2024-11-28,sleep_hours,3.0,-1
2024-12-01,sleep_hours,10.117881623443155,-1
2025-02-09,sleep_hours,3.4393833385384647,-1
2025-03-02,sleep_hours,10.112251924367396,-1
2025-03-04,sleep_hours,11.05814212335189,-1
2025-04-25,sleep_hours,10.988299978274302,-1
2025-07-02,sleep_hours,10.023732680908896,-1
2025-08-05,sleep_hours,10.2166902910056,-1
2025-08-10,sleep_hours,10.434187160476728,-1
2024-10-01,sleep_hours,3.7548128782702808,-1
2024-10-11,sleep_hours,10.259541389200892,-1
2024-11-04,sleep_hours,11.084238547239128,-1
2024-11-18,sleep_hours,10.979815300100414,-1
2024-12-29,sleep_hours,4.023224891101381,-1
2025-01-02,sleep_hours,3.608028730103072,-1
2025-01-09,sleep_hours,10.175826298449422,-1
2025-01-17,sleep_hours,10.291612685672874,-1
2025-02-02,sleep_hours,3.540459019811098,-1
2025-03-12,sleep_hours,3.953440151207218,-1
2025-03-24,sleep_hours,3.0,-1
2025-03-25,sleep_hours,10.990444301378838,-1
2025-03-27,sleep_hours,3.736966921697091,-1
2025-04-04,sleep_hours,3.0,-1
2025-05-09,sleep_hours,10.057562713718095,-1
2025-05-28,sleep_hours,10.766591796008012,-1
2025-05-30,sleep_hours,10.540898902823423,-1
2025-06-03,sleep_hours,3.8734568627096895,-1
2025-07-06,sleep_hours,10.99410533372902,-1
2025-07-28,sleep_hours,12.0,-1
2025-07-29,sleep_hours,3.469335296184516,-1
2025-08-07,sleep_hours,4.037509136986063,-1
2025-08-08,sleep_hours,9.940865592321105,-1
2025-08-14,sleep_hours,10.123550519995604,-1
2024-09-11,sleep_hours,10.408098938006829,-1
2024-09-29,sleep_hours,10.786804628914568,-1
2024-10-17,sleep_hours,10.968294907771265,-1
2024-10-30,sleep_hours,10.71191372976691,-1
2024-11-14,sleep_hours,3.998918551390836,-1
2024-11-25,sleep_hours,10.35383680125354,-1
2024-12-09,sleep_hours,3.8314524167666,-1
2024-12-24,sleep_hours,3.6067278474137137,-1
2025-01-14,sleep_hours,3.560136851468493,-1
2025-01-17,sleep_hours,4.0350233509276,-1
2025-02-15,sleep_hours,10.084353403487636,-1
2025-02-21,sleep_hours,10.834677473293633,-1
2025-03-07,sleep_hours,3.32900282055476,-1
2025-03-28,sleep_hours,11.34599433001898,-1
2025-03-29,sleep_hours,11.045198984622774,-1
2025-05-06,sleep_hours,3.0,-1
2025-06-28,sleep_hours,3.3099544914175456,-1
2025-06-30,sleep_hours,3.997872952655517,-1
2025-07-08,sleep_hours,10.30962006499023,-1
2025-07-13,sleep_hours,3.4985178469211924,-1
2024-09-23,sleep_hours,3.267705113627163,-1
2024-11-10,sleep_hours,10.163559499022789,-1
2024-11-15,sleep_hours,10.256193708309354,-1
2024-11-22,sleep_hours,10.814683469557067,-1
2025-01-02,sleep_hours,10.161919450847613,-1
2025-02-15,sleep_hours,3.486278862349761,-1
2025-03-10,sleep_hours,3.548280191675536,-1
2025-03-19,sleep_hours,10.147176892272272,-1
2025-04-24,sleep_hours,4.012948429900679,-1
2025-05-03,sleep_hours,3.5868310646713866,-1
2025-05-04,sleep_hours,3.3566682533593104,-1
2025-06-08,sleep_hours,10.083135082102745,-1
2025-06-21,sleep_hours,10.14735450458394,-1
2025-06-25,sleep_hours,9.97680786443841,-1
2025-07-04,sleep_hours,10.184594355223588,-1
2025-07-06,sleep_hours,10.922912579169072,-1
2025-08-02,sleep_hours,4.040617146723182,-1
2025-08-03,sleep_hours,10.232002537755143,-1
2025-08-06,sleep_hours,3.308598304176932,-1
2025-09-05,sleep_hours,3.432384668895756,-1
2024-10-10,sleep_hours,11.60627486552378,-1
2024-10-12,sleep_hours,10.584791356565772,-1
2024-10-14,sleep_hours,3.428301069302452,-1
2024-11-01,sleep_hours,3.844305801278632,-1
2024-12-30,sleep_hours,10.524479975470149,-1
2025-01-03,sleep_hours,10.539295749098022,-1
2025-01-18,sleep_hours,3.301348262599084,-1
2025-02-09,sleep_hours,11.783501082224564,-1
2025-04-14,sleep_hours,10.604890154443208,-1
2025-05-07,sleep_hours,9.96854065144406,-1
2025-05-24,sleep_hours,10.540938994672722,-1
2025-06-28,sleep_hours,3.5189390231896787,-1
2025-07-06,sleep_hours,3.952105597130564,-1
2025-07-25,sleep_hours,3.721039876147592,-1
2025-07-29,sleep_hours,3.649349917755809,-1
2025-08-06,sleep_hours,3.243681223724226,-1
2025-08-14,sleep_hours,3.7385369754722175,-1
2025-08-28,sleep_hours,3.899910763433309,-1
2025-09-03,sleep_hours,3.5299136599201884,-1
2024-09-06,sleep_hours,3.7796532785970616,-1
2024-09-10,sleep_hours,3.0,-1
2024-09-23,sleep_hours,10.839167487878626,-1
2024-09-24,sleep_hours,3.70022109212339,-1
2024-11-15,sleep_hours,3.0,-1
2024-12-10,sleep_hours,10.259232508552396,-1
2024-12-17,sleep_hours,10.235660617847174,-1
2024-12-23,sleep_hours,3.422283936714871,-1
2025-01-17,sleep_hours,10.04650947769333,-1
2025-03-06,sleep_hours,10.655116630158105,-1
2025-03-16,sleep_hours,3.816818951751027,-1
2025-04-04,sleep_hours,10.150201413372873,-1
2025-04-19,sleep_hours,10.01422742668016,-1
2025-07-07,sleep_hours,3.0,-1
2025-07-12,sleep_hours,11.322594883134194,-1
2025-07-21,sleep_hours,3.81246209002245,-1
2025-07-29,sleep_hours,10.98563474091084,-1
2024-10-10,sleep_hours,10.44881410895782,-1
2024-11-07,sleep_hours,11.32411902676124,-1
2024-12-16,sleep_hours,3.7556120202335705,-1
2025-01-05,sleep_hours,3.8457336522884207,-1
2025-01-11,sleep_hours,3.433858748669634,-1
2025-02-02,sleep_hours,3.878182487155783,-1
2025-03-06,sleep_hours,10.439188461161097,-1
2025-04-27,sleep_hours,11.151479953934732,-1
2025-04-28,sleep_hours,10.846254205189318,-1
2025-05-18,sleep_hours,10.713283958634284,-1
2025-05-30,sleep_hours,9.960568350817546,-1
2025-06-09,sleep_hours,9.954980197516772,-1
2025-06-16,sleep_hours,10.194862905435112,-1
2025-06-18,sleep_hours,3.633635830096484,-1
2025-08-08,sleep_hours,10.17164450777118,-1
2025-08-30,sleep_hours,3.870623500442936,-1
2024-10-14,sleep_hours,9.986806903486546,-1
2024-11-03,sleep_hours,10.965148134412644,-1
2024-12-22,sleep_hours,11.6702438953247,-1
2025-01-18,sleep_hours,10.320201592728113,-1
2025-01-27,sleep_hours,11.203866496521629,-1
2025-02-13,sleep_hours,10.101920844511383,-1
2025-05-16,sleep_hours,10.57320754252585,-1
2025-06-08,sleep_hours,10.578768474346433,-1
2025-06-18,sleep_hours,10.658200318311431,-1
2025-07-06,sleep_hours,9.954994326513754,-1
2025-07-17,sleep_hours,3.8157176025673407,-1
2025-07-27,sleep_hours,3.692613658425736,-1
2025-08-18,sleep_hours,3.6649907534625807,-1
2025-08-22,sleep_hours,10.695190517176016,-1
2024-09-17,sleep_hours,3.908448574039917,-1
2024-09-23,sleep_hours,10.78372401887746,-1
2024-10-05,sleep_hours,4.054354028285843,-1
2024-10-16,sleep_hours,3.0,-1
2024-10-27,sleep_hours,3.897608579798777,-1
2024-10-28,sleep_hours,3.2842370299290757,-1
2024-11-09,sleep_hours,10.686723636574705,-1
2024-11-11,sleep_hours,3.670163656616428,-1
2024-11-19,sleep_hours,3.744019645284845,-1
2024-12-08,sleep_hours,3.0,-1
2024-12-17,sleep_hours,11.202485479840638,-1
2025-01-12,sleep_hours,11.051780108238972,-1
2025-01-15,sleep_hours,10.814705728181096,-1
2025-05-03,sleep_hours,3.955908316953361,-1
2025-05-06,sleep_hours,3.777851975699197,-1
2025-05-26,sleep_hours,10.777452920059371,-1
2025-08-14,sleep_hours,4.050772609740353,-1
2025-08-19,sleep_hours,10.905147681449613,-1
2024-10-10,sleep_hours,3.732752257573381,-1
2024-11-15,sleep_hours,10.42310758528152,-1
2024-11-21,sleep_hours,9.931928521155836,-1
2024-12-21,sleep_hours,3.445555279981422,-1
2024-12-22,sleep_hours,3.809238859102081,-1
2025-01-02,sleep_hours,3.9292545812918096,-1
2025-01-14,sleep_hours,10.323128745432488,-1
2025-02-04,sleep_hours,3.8800292586553855,-1
2025-03-12,sleep_hours,3.848805293475832,-1
2025-03-18,sleep_hours,4.034081772744361,-1
2025-03-24,sleep_hours,10.737183027630794,-1
2025-03-27,sleep_hours,3.1922791651989826,-1
2025-04-08,sleep_hours,3.697168953724367,-1
2025-05-19,sleep_hours,10.599966424793989,-1
2025-05-22,sleep_hours,3.0,-1
2025-06-05,sleep_hours,3.3592809866970006,-1
2025-06-18,sleep_hours,3.584909783958526,-1
2025-06-27,sleep_hours,3.2637956365445437,-1
2025-07-20,sleep_hours,3.5787049250181044,-1
2025-07-24,sleep_hours,10.084727749788904,-1
2024-09-08,sleep_hours,10.714041152587171,-1
2024-10-08,sleep_hours,10.190748077256073,-1
2024-11-06,sleep_hours,10.821028511646023,-1
2024-11-17,sleep_hours,10.155581540591974,-1
2024-12-13,sleep_hours,10.0944503612689,-1
2025-03-22,sleep_hours,10.336274413268356,-1
2025-04-07,sleep_hours,3.4562644571980474,-1
2025-04-12,sleep_hours,11.497624075284058,-1
2025-04-30,sleep_hours,3.3319040565999964,-1
2025-05-19,sleep_hours,3.367061564484777,-1
2025-05-20,sleep_hours,10.629308979355104,-1
2025-06-10,sleep_hours,3.4535108042076823,-1
2025-08-17,sleep_hours,3.939132025094586,-1
2025-09-03,sleep_hours,3.031443428918126,-1
2024-09-29,sleep_hours,10.106337663464735,-1
2024-10-30,sleep_hours,3.3160118584329243,-1
2024-11-22,sleep_hours,10.338099349323592,-1
2024-11-27,sleep_hours,3.0,-1
2024-12-02,sleep_hours,3.730060137486249,-1
2024-12-28,sleep_hours,10.946959960334192,-1
2025-01-16,sleep_hours,10.30202051732698,-1
2025-03-06,sleep_hours,10.18721455371421,-1
2025-05-08,sleep_hours,10.029892435384708,-1
2025-05-09,sleep_hours,10.289093522993332,-1
2025-05-26,sleep_hours,10.251309870948386,-1
2025-06-05,sleep_hours,9.996194290193896,-1
2025-06-12,sleep_hours,3.0,-1
2025-07-01,sleep_hours,9.935439875916966,-1
2025-07-31,sleep_hours,3.858746466264487,-1
2025-08-21,sleep_hours,3.74086164068241,-1
2024-10-31,sleep_hours,3.84100471073057,-1
2024-11-02,sleep_hours,3.954002984262618,-1
2024-11-13,sleep_hours,3.4149536406236827,-1
2024-11-25,sleep_hours,10.498402391247474,-1
2024-11-28,sleep_hours,3.4100984056021577,-1
2024-12-27,sleep_hours,11.303887996393206,-1
2025-01-04,sleep_hours,3.0,-1
2025-01-09,sleep_hours,10.104140345845083,-1
2025-01-17,sleep_hours,3.714017416174711,-1
2025-03-31,sleep_hours,3.537327709356026,-1
2025-04-04,sleep_hours,3.598396663796212,-1
2025-05-01,sleep_hours,3.803583693739288,-1
2025-05-18,sleep_hours,10.700873650424125,-1
2025-05-20,sleep_hours,3.8685462588045314,-1
2025-06-27,sleep_hours,3.0,-1
2025-06-29,sleep_hours,10.087063009800168,-1
2025-07-05,sleep_hours,3.2226468872853107,-1
2025-08-22,sleep_hours,3.943407100370529,-1
2025-09-05,sleep_hours,10.854824469713815,-1
2024-10-17,sleep_hours,10.401968656750537,-1
2024-10-26,sleep_hours,11.096284719061252,-1
2024-12-06,sleep_hours,10.269365225169103,-1
2024-12-09,sleep_hours,3.687317332002816,-1
2025-02-19,sleep_hours,3.836882566689463,-1
2025-03-11,sleep_hours,10.655661224050975,-1
2025-03-13,sleep_hours,10.27358338577944,-1
2025-04-03,sleep_hours,10.455443069076669,-1
2025-04-10,sleep_hours,10.84332484072828,-1
2025-05-14,sleep_hours,3.0,-1
2025-06-24,sleep_hours,10.331109460121928,-1
2025-07-06,sleep_hours,3.727855158091226,-1
2025-07-31,sleep_hours,3.95228646342948,-1
2025-08-04,sleep_hours,3.2562208075141643,-1
2025-08-16,sleep_hours,10.201656787232592,-1
2025-08-27,sleep_hours,3.211906922851933,-1
2024-09-16,sleep_hours,3.4899682479259626,-1
2024-09-18,sleep_hours,3.0,-1
2024-09-27,sleep_hours,10.776538667383209,-1
2024-09-30,sleep_hours,3.73529461623426,-1
2024-10-18,sleep_hours,10.040399022984236,-1
2024-10-26,sleep_hours,3.4336777676359063,-1
2024-10-27,sleep_hours,11.018467567615636,-1
2024-10-30,sleep_hours,10.050031161291914,-1
2024-11-28,sleep_hours,11.020423635233357,-1
2024-12-18,sleep_hours,10.035911845132327,-1
2025-03-07,sleep_hours,10.750917647456657,-1
2025-03-17,sleep_hours,10.657544848375323,-1
2025-03-21,sleep_hours,10.946743531867522,-1
2025-04-03,sleep_hours,11.518079864860798,-1
2025-04-14,sleep_hours,3.94095470026838,-1
2025-05-05,sleep_hours,3.928013600006485,-1
2025-05-18,sleep_hours,3.730490862897212,-1
2025-05-22,sleep_hours,10.040817912072493,-1
2025-06-01,sleep_hours,3.9429171981430375,-1
2025-06-04,sleep_hours,9.948957629307236,-1
2025-06-09,sleep_hours,3.945898741979887,-1
2025-07-21,sleep_hours,3.7272677615739767,-1
2025-08-01,sleep_hours,3.949337407834059,-1
2025-08-02,sleep_hours,9.944861564833186,-1
2025-08-11,sleep_hours,3.3086045621560425,-1
2025-08-12,sleep_hours,11.625446307355054,-1
2025-08-29,sleep_hours,3.763706198941996,-1
2024-09-29,sleep_hours,10.495550830114729,-1
2024-10-02,sleep_hours,9.99757125240443,-1
2024-10-14,sleep_hours,10.127733014104429,-1
2024-10-22,sleep_hours,12.0,-1
2024-11-06,sleep_hours,10.09875464807601,-1
2024-11-11,sleep_hours,3.7575792855112784,-1
2024-11-20,sleep_hours,4.04104599784901,-1
2025-01-01,sleep_hours,11.2803362250778,-1
2025-02-15,sleep_hours,3.2399398081844497,-1
2025-03-02,sleep_hours,11.029915240695486,-1
2025-03-13,sleep_hours,3.471901168993793,-1
2025-04-03,sleep_hours,3.068378081978629,-1
2025-05-21,sleep_hours,10.937875157824257,-1
2025-06-02,sleep_hours,10.364784913058502,-1
2025-06-08,sleep_hours,10.828943638204926,-1
2025-06-29,sleep_hours,3.216883769269761,-1
2025-07-19,sleep_hours,10.017252628450802,-1
2025-08-07,sleep_hours,3.905954041458164,-1
2025-08-13,sleep_hours,11.166639334142106,-1
2024-09-16,sleep_hours,11.090115991988018,-1
2024-09-18,sleep_hours,3.273382948642784,-1
2024-09-19,sleep_hours,10.668687771021268,-1
2024-09-21,sleep_hours,10.394776715557498,-1
2024-09-23,sleep_hours,3.6735482441264655,-1
2024-10-14,sleep_hours,10.067772503604871,-1
2024-10-16,sleep_hours,3.4349210983026346,-1
2024-11-08,sleep_hours,10.105407100200878,-1
2024-11-25,sleep_hours,3.884760093949206,-1
2024-11-30,sleep_hours,3.27058400932458,-1
2024-12-10,sleep_hours,3.63250123939196,-1
2024-12-12,sleep_hours,10.360009845345836,-1
2024-12-15,sleep_hours,3.5693091883107195,-1
2025-01-03,sleep_hours,10.275528329128491,-1
2025-01-15,sleep_hours,3.692139460607784,-1
2025-01-17,sleep_hours,9.972051796949517,-1
2025-01-28,sleep_hours,10.289083222684363,-1
2025-03-03,sleep_hours,10.140321745134074,-1
2025-03-05,sleep_hours,3.881165790082939,-1
2025-03-25,sleep_hours,3.7573033958426674,-1
2025-04-16,sleep_hours,3.7900864005484776,-1
2025-05-14,sleep_hours,3.471873870792299,-1
2025-05-21,sleep_hours,9.935699609180292,-1
2025-06-15,sleep_hours,10.046818650082113,-1
2025-06-21,sleep_hours,3.95290389714937,-1
2025-07-15,sleep_hours,3.678306591189384,-1
2025-07-17,sleep_hours,11.454874831781456,-1
2025-07-19,sleep_hours,3.998197558196452,-1
2025-07-21,sleep_hours,3.7620025862774975,-1
2024-09-17,sleep_hours,3.1607713354317597,-1
2024-11-11,sleep_hours,3.4262341537778616,-1
2025-02-20,sleep_hours,10.237782238146153,-1
2025-03-20,sleep_hours,3.7178366802293055,-1
2025-04-03,sleep_hours,3.232099096205811,-1
2025-05-01,sleep_hours,11.08271059247976,-1
2025-05-15,sleep_hours,11.865781990024672,-1
2025-06-21,sleep_hours,10.684882670043775,-1
2025-08-26,sleep_hours,10.380603616891335,-1
2025-09-02,sleep_hours,4.015389532222724,-1
2024-09-08,sleep_hours,10.377296315539644,-1
2024-09-30,sleep_hours,10.153207737081193,-1
2024-10-17,sleep_hours,3.598676769488315,-1
2024-11-09,sleep_hours,3.302829850759028,-1
2024-11-29,sleep_hours,10.55116285637824,-1
2024-12-30,sleep_hours,11.235327140923976,-1
2025-01-12,sleep_hours,3.4981024337879725,-1
2025-01-21,sleep_hours,3.0,-1
2025-03-15,sleep_hours,3.994341688441783,-1
2025-04-06,sleep_hours,10.096458840207298,-1
2025-04-14,sleep_hours,10.08726274037396,-1
2025-04-19,sleep_hours,3.791437458972139,-1
2025-05-04,sleep_hours,4.023421560670161,-1
2025-05-24,sleep_hours,10.27718283211312,-1
2025-05-26,sleep_hours,3.976987309030535,-1
2025-06-28,sleep_hours,3.7587926498717006,-1
2025-07-03,sleep_hours,3.0,-1
2025-07-10,sleep_hours,10.399892274091158,-1
2024-09-17,sleep_hours,10.645481443597609,-1
2024-09-29,sleep_hours,4.044127664434111,-1
2024-10-06,sleep_hours,3.604101358394453,-1
2024-11-03,sleep_hours,3.0,-1
2024-11-11,sleep_hours,3.95995767841,-1
2024-11-26,sleep_hours,3.859202661418639,-1
2025-01-11,sleep_hours,3.9369173379555735,-1
2025-01-31,sleep_hours,3.996629057494829,-1
2025-02-03,sleep_hours,10.247611371355166,-1
2025-02-04,sleep_hours,10.39469869214492,-1
2025-02-19,sleep_hours,3.0,-1
2025-02-26,sleep_hours,10.102900708295628,-1
2025-03-03,sleep_hours,3.755201811914307,-1
2025-03-08,sleep_hours,10.445236917825802,-1
2025-05-24,sleep_hours,3.8392235982316087,-1
2025-06-28,sleep_hours,3.555102121418434,-1
2025-07-04,sleep_hours,10.428237673979377,-1
2025-07-12,sleep_hours,10.456805560373718,-1
2025-07-13,sleep_hours,3.341030676029765,-1
2025-07-19,sleep_hours,3.849614563588445,-1
2025-07-29,sleep_hours,3.0,-1
2025-08-05,sleep_hours,10.342184322422412,-1
2025-08-13,sleep_hours,10.404399171818984,-1
2024-09-09,sleep_hours,10.59810400433292,-1
2024-10-18,sleep_hours,10.485153079657747,-1
2024-11-05,sleep_hours,3.5269887819703607,-1
2024-11-09,sleep_hours,10.677301567828112,-1
2024-11-13,sleep_hours,11.012675031926085,-1
2024-12-16,sleep_hours,10.466570810608326,-1
2024-12-17,sleep_hours,4.007473202205766,-1
2025-01-10,sleep_hours,4.0363506513541285,-1
2025-01-21,sleep_hours,3.453238603440421,-1
2025-01-29,sleep_hours,10.247365413301944,-1
2025-02-03,sleep_hours,10.029313396885064,-1
2025-02-15,sleep_hours,10.315143451986495,-1
2025-02-26,sleep_hours,3.7111903207813537,-1
2025-03-06,sleep_hours,3.377978418231227,-1
2025-03-20,sleep_hours,3.644528539411005,-1
2025-03-22,sleep_hours,3.782518540870941,-1
2025-05-05,sleep_hours,10.074338329951756,-1
2025-05-22,sleep_hours,3.5241948423211307,-1
2025-06-28,sleep_hours,10.201432200649265,-1
2025-06-29,sleep_hours,3.0,-1
2025-07-25,sleep_hours,3.6908232538182073,-1
2025-08-10,sleep_hours,3.611881497220547,-1
2025-08-30,sleep_hours,10.416376657549945,-1
2025-09-02,sleep_hours,3.0,-1
2024-09-27,sleep_hours,9.986664556541598,-1
2024-10-15,sleep_hours,11.054711654484564,-1
2024-10-18,sleep_hours,10.57322547963802,-1
2024-10-19,sleep_hours,3.488924688625421,-1
2024-11-09,sleep_hours,3.913466675463355,-1
2024-11-13,sleep_hours,10.919532315992267,-1
2024-11-22,sleep_hours,10.034583793789135,-1
2024-11-26,sleep_hours,3.5850615878026595,-1
2025-01-07,sleep_hours,3.9000453956425223,-1
2025-03-09,sleep_hours,3.0,-1
2025-04-17,sleep_hours,10.174756934208434,-1
2025-04-21,sleep_hours,10.383108395857782,-1
2025-05-18,sleep_hours,10.256020534546048,-1
2025-05-23,sleep_hours,3.0312844993944603,-1
2025-08-16,sleep_hours,10.713976957688802,-1
2024-09-09,sleep_hours,3.6346611413859007,-1
2024-09-22,sleep_hours,10.732650830454268,-1
2024-10-18,sleep_hours,10.135425281157673,-1
2024-12-02,sleep_hours,3.3651798761234835,-1
2024-12-11,sleep_hours,10.200075648157396,-1
2024-12-23,sleep_hours,3.903755031351174,-1
2025-01-30,sleep_hours,3.7557619755067337,-1
2025-02-28,sleep_hours,3.1855387533993507,-1
2025-03-15,sleep_hours,4.019170301277345,-1
2025-04-04,sleep_hours,3.849203240871152,-1
2025-04-17,sleep_hours,10.494339779167843,-1
2025-05-20,sleep_hours,3.7164414093677207,-1
2025-05-25,sleep_hours,3.0,-1
2025-08-04,sleep_hours,10.710899294680145,-1
2025-08-08,sleep_hours,4.009866051886938,-1
2025-08-22,sleep_hours,3.0,-1
2025-08-25,sleep_hours,10.40038316029095,-1
2025-09-05,sleep_hours,10.911161349363562,-1
2024-10-18,sleep_hours,3.0,-1
2024-10-29,sleep_hours,3.6358131355411993,-1
2024-11-09,sleep_hours,3.316787167157736,-1
2025-01-08,sleep_hours,3.577656477432642,-1
2025-01-25,sleep_hours,3.1233158228933053,-1
2025-01-29,sleep_hours,3.0,-1
2025-02-05,sleep_hours,3.43436011149084,-1
2025-02-24,sleep_hours,10.828354825145304,-1
2025-03-21,sleep_hours,3.5833473393933923,-1
2025-05-03,sleep_hours,3.601835783682397,-1
2025-05-13,sleep_hours,3.0,-1
2025-05-15,sleep_hours,3.779918239522642,-1
2025-05-19,sleep_hours,3.9750241084675935,-1
2025-06-07,sleep_hours,10.333951925484902,-1
2025-06-16,sleep_hours,3.5895932833244304,-1
2025-07-12,sleep_hours,3.067417000833901,-1
2025-07-16,sleep_hours,10.112986834486277,-1
2025-08-19,sleep_hours,3.29248996149356,-1
2025-08-22,sleep_hours,3.7097216010425775,-1
2025-08-23,sleep_hours,3.691134756674724,-1
2025-08-26,sleep_hours,3.402823272344349,-1
2024-11-12,sleep_hours,3.881722799761964,-1
2024-12-24,sleep_hours,3.8476111616241058,-1
2025-01-13,sleep_hours,3.969574142685305,-1
2025-01-22,sleep_hours,3.0,-1
2025-01-24,sleep_hours,3.184692726394945,-1
2025-02-17,sleep_hours,10.694241391783622,-1
2025-02-24,sleep_hours,4.048088284402128,-1
2025-03-20,sleep_hours,3.7734983715764425,-1
2025-04-04,sleep_hours,10.462640121334587,-1
2025-04-23,sleep_hours,3.576295724833283,-1
2025-06-01,sleep_hours,3.776405753351516,-1
2025-06-07,sleep_hours,4.019163455641236,-1
2025-08-29,sleep_hours,3.28201151039195,-1
2024-10-25,sleep_hours,11.113778406338714,-1
2024-11-22,sleep_hours,3.855748168426068,-1
2024-11-26,sleep_hours,10.799539454452798,-1
2024-12-01,sleep_hours,10.232777370321353,-1
2025-01-26,sleep_hours,10.920716277845155,-1
2025-02-03,sleep_hours,3.870397146167681,-1
2025-02-12,sleep_hours,3.4414204529546177,-1
2025-02-24,sleep_hours,9.973464306046749,-1
2025-03-21,sleep_hours,3.4305486427707548,-1
2025-03-26,sleep_hours,3.186131411246388,-1
2025-04-08,sleep_hours,3.9385105640047344,-1
2025-04-11,sleep_hours,11.097409531541915,-1
2025-04-22,sleep_hours,10.996012269347048,-1
2025-04-27,sleep_hours,10.8877253955,-1
2025-05-03,sleep_hours,3.821783850027569,-1
2025-05-27,sleep_hours,10.534368074234044,-1
2025-05-29,sleep_hours,10.432709081451808,-1
2025-06-05,sleep_hours,3.0,-1
2025-07-08,sleep_hours,3.567856910211743,-1
2025-07-19,sleep_hours,10.368065892091316,-1
2025-07-27,sleep_hours,10.323718367857971,-1
2024-09-09,sleep_hours,3.0,-1
2024-10-03,sleep_hours,3.5953900631384923,-1
2024-10-20,sleep_hours,10.292830269401025,-1
2024-11-04,sleep_hours,3.90694365936108,-1
2024-11-13,sleep_hours,10.249992806499623,-1
2024-11-27,sleep_hours,3.861537161871089,-1
2024-12-23,sleep_hours,3.0,-1
2024-12-24,sleep_hours,10.733005917493408,-1
2025-01-18,sleep_hours,10.324728487786862,-1
2025-01-24,sleep_hours,10.082105150083049,-1
2025-03-09,sleep_hours,10.314978595378578,-1
2025-04-17,sleep_hours,10.301904952853857,-1
2025-05-20,sleep_hours,3.0,-1
2025-06-11,sleep_hours,3.6227951870407984,-1
2025-06-25,sleep_hours,10.221512601055476,-1
2025-07-27,sleep_hours,10.570089933160672,-1
2025-08-13,sleep_hours,3.1993022855517337,-1
2025-08-21,sleep_hours,3.355111140369174,-1
2025-08-22,sleep_hours,3.0,-1
2024-09-17,sleep_hours,3.0,-1
2024-11-30,sleep_hours,3.4882669601236582,-1
2024-12-31,sleep_hours,3.231738620436496,-1
2025-02-12,sleep_hours,10.830331455358806,-1
2025-02-25,sleep_hours,3.959664780080054,-1
2025-04-13,sleep_hours,10.716399951973072,-1
2025-04-23,sleep_hours,3.26304554427091,-1
2025-05-04,sleep_hours,3.003794793873689,-1
2025-05-24,sleep_hours,3.874449762511289,-1
2025-06-07,sleep_hours,3.71699156058334,-1
2025-06-09,sleep_hours,3.497511312503645,-1
2025-07-18,sleep_hours,4.047836673738387,-1
2025-07-22,sleep_hours,3.859103997310319,-1
2025-07-30,sleep_hours,4.020865417323932,-1
2025-08-07,sleep_hours,10.320171931940989,-1
2025-08-20,sleep_hours,10.10781652147283,-1
2024-09-09,sleep_hours,9.95347663379494,-1
2024-09-19,sleep_hours,4.016972968011927,-1
2024-09-22,sleep_hours,3.845258418643759,-1
2024-10-19,sleep_hours,3.9839649879701104,-1
2024-11-06,sleep_hours,3.907582118031404,-1
2024-11-13,sleep_hours,10.03825073943244,-1
2024-12-05,sleep_hours,10.133012071624346,-1
2024-12-17,sleep_hours,3.0,-1
2024-12-18,sleep_hours,3.0,-1
2024-12-22,sleep_hours,3.6986351913594016,-1
2025-01-18,sleep_hours,10.707899560854434,-1
2025-01-25,sleep_hours,3.773508072878899,-1
2025-03-20,sleep_hours,3.3188730109012754,-1
2025-03-21,sleep_hours,10.335747214892535,-1
2025-05-06,sleep_hours,10.778546170029909,-1
2025-05-16,sleep_hours,3.0,-1
2025-06-26,sleep_hours,4.01719280452718,-1
2025-08-17,sleep_hours,3.7364933485179694,-1
2024-09-08,sleep_hours,3.173692196838311,-1
2024-09-18,sleep_hours,4.0460734122658994,-1
2025-03-07,sleep_hours,10.984181884635207,-1
2025-03-14,sleep_hours,10.377831927137716,-1
2025-05-04,sleep_hours,3.3640500588613618,-1
2025-06-07,sleep_hours,3.9740811044522415,-1
2025-07-26,sleep_hours,3.866821364434941,-1
2025-08-03,sleep_hours,10.26958334420133,-1
2025-09-02,sleep_hours,3.0026678333086587,-1
2024-09-06,sleep_hours,10.007048585722512,-1
2024-09-16,sleep_hours,4.053877752739199,-1
2024-09-23,sleep_hours,11.222264936954652,-1
2024-10-09,sleep_hours,3.6733868316645673,-1
2024-10-15,sleep_hours,3.2878648859709427,-1
2024-12-03,sleep_hours,3.190335075052361,-1
2024-12-06,sleep_hours,3.9259713726479903,-1
2024-12-27,sleep_hours,10.531402965849033,-1
2024-12-29,sleep_hours,3.758812608304855,-1
2025-01-12,sleep_hours,3.3619641306002315,-1
2025-02-10,sleep_hours,3.880569157778036,-1
2025-03-27,sleep_hours,3.0,-1
2025-04-02,sleep_hours,10.110193656710743,-1
2025-04-29,sleep_hours,11.711277029618632,-1
2025-05-17,sleep_hours,3.738085161068265,-1
2025-05-24,sleep_hours,3.0,-1
2025-05-26,sleep_hours,9.9704763455572,-1
2025-05-28,sleep_hours,3.501522768904327,-1
2025-06-30,sleep_hours,10.274736295295614,-1
2025-07-08,sleep_hours,3.0,-1
2025-07-22,sleep_hours,10.484036142011853,-1
2025-08-15,sleep_hours,10.338859080205571,-1
2024-10-06,sleep_hours,11.76169343329232,-1
2024-10-08,sleep_hours,10.06630357083208,-1
2024-10-16,sleep_hours,3.453234747041126,-1
2024-10-30,sleep_hours,3.6225010065512726,-1
2024-11-20,sleep_hours,10.32884530046779,-1
2024-11-24,sleep_hours,3.5477161919409346,-1
2024-11-28,sleep_hours,10.101809614860024,-1
2024-12-09,sleep_hours,3.2290379842663297,-1
2024-12-19,sleep_hours,3.389593739505395,-1
2025-01-09,sleep_hours,10.913185544113562,-1
2025-03-01,sleep_hours,10.25225993534849,-1
2025-03-11,sleep_hours,10.166244085090714,-1
2025-03-13,sleep_hours,3.990959399754817,-1
2025-04-06,sleep_hours,3.991770150939026,-1
2025-05-06,sleep_hours,10.323817510248343,-1
2025-05-21,sleep_hours,10.62814388561058,-1
2025-05-22,sleep_hours,11.131069471175431,-1
2025-05-30,sleep_hours,3.729035246614777,-1
2025-06-08,sleep_hours,11.10659158422944,-1
2025-07-12,sleep_hours,9.941082777628298,-1
2025-08-09,sleep_hours,10.147757120469407,-1
2025-08-28,sleep_hours,3.0,-1
2024-09-07,sleep_hours,10.207183508734122,-1
2024-09-08,sleep_hours,3.8417087726782144,-1
2024-09-09,sleep_hours,10.124509189411562,-1
2024-09-17,sleep_hours,10.422014659277083,-1
2024-09-29,sleep_hours,3.487685015133487,-1
2024-10-06,sleep_hours,11.162640862173108,-1
2024-10-08,sleep_hours,10.148724561539044,-1
2024-10-27,sleep_hours,3.790953442861951,-1
2024-10-28,sleep_hours,10.212088458276572,-1
2024-10-30,sleep_hours,3.0,-1
2024-12-08,sleep_hours,10.764753014313698,-1
2025-01-14,sleep_hours,10.438741480980797,-1
2025-02-08,sleep_hours,11.47302824482404,-1
2025-03-28,sleep_hours,3.806961393895346,-1
2025-04-03,sleep_hours,9.960122372614906,-1
2025-05-12,sleep_hours,10.410242497008475,-1
2025-06-22,sleep_hours,9.946825412133844,-1
2025-07-20,sleep_hours,11.382360977300763,-1
2025-08-03,sleep_hours,3.6512604644847135,-1
2025-08-08,sleep_hours,10.770963027590124,-1
2024-09-18,sleep_hours,3.288904939695749,-1
2024-10-10,sleep_hours,3.0959883751492328,-1
2024-11-11,sleep_hours,3.059059070192468,-1
2024-11-30,sleep_hours,10.181554827455289,-1
2024-12-01,sleep_hours,3.8609484788590738,-1
2025-01-02,sleep_hours,3.7008629484394366,-1
2025-01-06,sleep_hours,10.125255184409806,-1
2025-01-27,sleep_hours,11.112855904544755,-1
2025-02-27,sleep_hours,4.036326034861641,-1
2025-04-14,sleep_hours,10.60647528193246,-1
2025-04-15,sleep_hours,10.4321789087713,-1
2025-04-19,sleep_hours,3.6142452643037615,-1
2025-05-09,sleep_hours,3.1924187501398804,-1
2025-05-16,sleep_hours,10.279000052394196,-1
2025-05-23,sleep_hours,10.47481528655646,-1
2025-06-19,sleep_hours,3.731868352552789,-1
2025-07-14,sleep_hours,3.0,-1
2025-07-23,sleep_hours,3.925147232165581,-1
2025-07-29,sleep_hours,9.999980800285876,-1
2025-08-12,sleep_hours,3.493724425718498,-1
2025-08-13,sleep_hours,11.127031391702271,-1
2025-08-28,sleep_hours,10.263407886300149,-1
2024-10-06,sleep_hours,3.944404184598688,-1
2024-10-23,sleep_hours,12.0,-1
2024-10-25,sleep_hours,11.477258852201082,-1
2024-10-26,sleep_hours,3.3283104992918497,-1
2024-10-31,sleep_hours,10.421330030469544,-1
2024-11-24,sleep_hours,10.340617472144782,-1
2024-11-25,sleep_hours,9.984589361949824,-1
2024-11-29,sleep_hours,10.388205527473293,-1
2024-12-01,sleep_hours,3.595659161944482,-1
2024-12-20,sleep_hours,11.170434053536486,-1
2024-12-22,sleep_hours,10.034140971695148,-1
2025-01-03,sleep_hours,10.317285004028616,-1
2025-01-23,sleep_hours,10.359663167948842,-1
2025-02-17,sleep_hours,3.2990520886010843,-1
2025-03-16,sleep_hours,3.378198170178311,-1
2025-03-22,sleep_hours,10.75415121726456,-1
2025-07-16,sleep_hours,4.043790664302603,-1
2025-08-12,sleep_hours,3.7922787807020297,-1
2024-09-27,sleep_hours,4.054663028519994,-1
2024-10-14,sleep_hours,10.483187691037529,-1
2024-10-22,sleep_hours,3.664860699800776,-1
2024-10-31,sleep_hours,3.7883823618858887,-1
2024-12-03,sleep_hours,3.1335275510875267,-1
2024-12-10,sleep_hours,10.316547247380896,-1
2024-12-17,sleep_hours,3.781537716699692,-1
2024-12-18,sleep_hours,3.650261317479471,-1
2024-12-29,sleep_hours,10.382588186313454,-1
2025-01-04,sleep_hours,3.308712840947654,-1
2025-02-03,sleep_hours,3.626798319934173,-1
2025-03-03,sleep_hours,10.71405817138271,-1
2025-03-18,sleep_hours,3.0,-1
2025-04-02,sleep_hours,10.437372865847344,-1
2025-04-15,sleep_hours,10.728381842177413,-1
2025-04-24,sleep_hours,3.691704005737031,-1
2025-06-07,sleep_hours,3.0,-1
2025-06-24,sleep_hours,3.458834022624848,-1
2025-06-26,sleep_hours,3.366907767612374,-1
2025-06-28,sleep_hours,10.87026542965535,-1
2025-07-01,sleep_hours,10.05040406138986,-1
2025-07-13,sleep_hours,3.906799732706891,-1
2025-07-16,sleep_hours,3.257467851488076,-1
2025-08-05,sleep_hours,4.009483301028752,-1
2024-09-29,sleep_hours,10.195949915491743,-1
2024-10-02,sleep_hours,10.360929622236805,-1
2024-10-11,sleep_hours,10.638232534613271,-1
2024-10-24,sleep_hours,3.0,-1
2024-11-25,sleep_hours,10.564307367983876,-1
2024-12-09,sleep_hours,3.1910507311108205,-1
2024-12-30,sleep_hours,3.3968878492595174,-1
2025-01-27,sleep_hours,3.241320421230617,-1
2025-02-03,sleep_hours,3.4945015473997376,-1
2025-02-11,sleep_hours,3.906028899308811,-1
2025-02-23,sleep_hours,3.708932126830955,-1
2025-03-13,sleep_hours,12.0,-1
2025-03-25,sleep_hours,3.0,-1
2025-03-29,sleep_hours,10.398242261373673,-1
2025-04-07,sleep_hours,10.144749912262082,-1
2025-04-13,sleep_hours,3.5673255821526437,-1
2025-04-24,sleep_hours,3.448477519362663,-1
2025-05-08,sleep_hours,9.95720453682438,-1
2025-05-18,sleep_hours,10.604861058127923,-1
2025-05-21,sleep_hours,3.466164809608787,-1
2025-06-04,sleep_hours,10.34726873215735,-1
2025-06-22,sleep_hours,3.844491916109953,-1
2025-06-28,sleep_hours,10.265005931373064,-1
2025-07-26,sleep_hours,3.3653513823220105,-1
2025-07-28,sleep_hours,10.160243938856098,-1
2025-08-18,sleep_hours,10.049383483792283,-1
2025-08-26,sleep_hours,3.926482864598502,-1
2024-09-11,sleep_hours,10.027494343137294,-1
2024-09-12,sleep_hours,10.140992659772994,-1
2024-10-07,sleep_hours,3.887128479509904,-1
2024-10-15,sleep_hours,3.4611417226163583,-1
2024-10-19,sleep_hours,4.034595835979394,-1
2024-10-26,sleep_hours,10.15995313969366,-1
2024-10-30,sleep_hours,10.015977795253912,-1
2024-11-05,sleep_hours,3.8191778179502194,-1
2024-11-12,sleep_hours,3.7188290482298942,-1
2024-11-21,sleep_hours,4.038428721496825,-1
2024-12-12,sleep_hours,10.67713027801756,-1
2024-12-16,sleep_hours,10.24613573323039,-1
2024-12-23,sleep_hours,10.164201962364409,-1
2024-12-24,sleep_hours,3.800750943381712,-1
2024-12-29,sleep_hours,10.208614213647284,-1
2025-01-02,sleep_hours,10.300117062415104,-1
2025-01-05,sleep_hours,10.64338474940358,-1
2025-01-20,sleep_hours,3.5405642809302047,-1
2025-01-23,sleep_hours,10.583754060723107,-1
2025-01-27,sleep_hours,3.909250689252501,-1
2025-01-30,sleep_hours,3.7766151568176047,-1
2025-02-06,sleep_hours,10.74138875884333,-1
2025-02-21,sleep_hours,3.135829624178896,-1
2025-02-26,sleep_hours,3.2607798110263007,-1
2025-03-24,sleep_hours,3.4475265370065444,-1
2025-05-14,sleep_hours,4.053832575291376,-1
2025-05-15,sleep_hours,11.493844093287125,-1
2025-05-24,sleep_hours,11.007211606789117,-1
2025-06-01,sleep_hours,10.646757501898223,-1
2025-06-08,sleep_hours,3.4981308635502195,-1
2025-07-02,sleep_hours,10.112860455259812,-1
2025-07-06,sleep_hours,10.929519629037674,-1
2025-07-25,sleep_hours,10.204786262583069,-1
2024-09-13,sleep_hours,10.08489260081569,-1
2024-10-12,sleep_hours,10.114216172106383,-1
2024-11-04,sleep_hours,3.910973247544961,-1
2024-11-13,sleep_hours,3.3023488725459904,-1
2024-11-14,sleep_hours,10.086463443939463,-1
2024-11-24,sleep_hours,10.08956520056654,-1
2024-12-08,sleep_hours,10.189293438110012,-1
2024-12-25,sleep_hours,10.780138485668507,-1
2025-01-06,sleep_hours,3.888372220250009,-1
2025-01-13,sleep_hours,10.028106725970504,-1
2025-01-20,sleep_hours,3.4068018833856497,-1
2025-01-24,sleep_hours,3.492754755780756,-1
2025-02-05,sleep_hours,11.460785693770196,-1
2025-02-08,sleep_hours,10.804417615669957,-1
2025-02-11,sleep_hours,3.469554289113725,-1
2025-03-28,sleep_hours,3.0,-1
2025-04-13,sleep_hours,3.748206180534728,-1
2025-04-16,sleep_hours,10.628409047229171,-1
2025-05-26,sleep_hours,3.3335905138399475,-1
2025-06-09,sleep_hours,3.179231502890639,-1
2025-06-13,sleep_hours,11.368325578331808,-1
2025-06-16,sleep_hours,11.39722107831948,-1
2025-07-09,sleep_hours,10.06115386918447,-1
2025-07-20,sleep_hours,10.64780321786628,-1
2025-08-28,sleep_hours,12.0,-1
2024-09-11,sleep_hours,3.0,-1
2024-10-24,sleep_hours,10.013586375970652,-1
2024-11-11,sleep_hours,4.042924018340683,-1
2024-12-17,sleep_hours,3.979502808848271,-1
2025-01-02,sleep_hours,10.670253640782104,-1
2025-01-10,sleep_hours,3.0,-1
2025-01-25,sleep_hours,3.6552874899310113,-1
2025-02-20,sleep_hours,10.285175167689086,-1
2025-03-19,sleep_hours,4.054908018646746,-1
2025-03-24,sleep_hours,3.591687517705676,-1
2025-05-14,sleep_hours,10.782101173066506,-1
2025-07-01,sleep_hours,3.669933130966438,-1
2025-08-11,sleep_hours,10.31123231594475,-1
2025-08-13,sleep_hours,3.89526260707002,-1
2024-09-12,sleep_hours,10.586479387277503,-1
2024-09-27,sleep_hours,9.982969529315737,-1
2024-09-29,sleep_hours,10.113126604040634,-1
2024-10-27,sleep_hours,12.0,-1
2024-11-23,sleep_hours,3.157535866921778,-1
2024-11-28,sleep_hours,10.98661014661871,-1
2024-12-28,sleep_hours,10.215970607348403,-1
2025-01-01,sleep_hours,10.069467086611178,-1
2025-01-06,sleep_hours,10.76342643359392,-1
2025-01-31,sleep_hours,11.034476243204535,-1
2025-02-10,sleep_hours,3.946262510429924,-1
2025-03-29,sleep_hours,10.84270732015839,-1
2025-04-20,sleep_hours,10.774590662119683,-1
2025-04-22,sleep_hours,3.519731569820108,-1
2025-05-17,sleep_hours,10.37127695367371,-1
2025-05-28,sleep_hours,10.019024626573737,-1
2025-07-22,sleep_hours,3.909431576658807,-1
2025-08-05,sleep_hours,10.771487760820644,-1
2024-10-07,sleep_hours,4.022390884321285,-1
2024-11-13,sleep_hours,10.007011239405196,-1
2024-11-29,sleep_hours,3.619075056807563,-1
2024-12-13,sleep_hours,10.035529642810603,-1
2025-01-08,sleep_hours,3.0104274421608808,-1
2025-01-29,sleep_hours,10.862473347349,-1
2025-02-06,sleep_hours,3.911130138274534,-1
2025-02-11,sleep_hours,10.667115045390355,-1
2025-02-20,sleep_hours,3.755809542888015,-1
2025-03-02,sleep_hours,3.9849226225336527,-1
2025-03-12,sleep_hours,3.0,-1
2025-04-07,sleep_hours,3.997327745488354,-1
2025-04-15,sleep_hours,3.2093930269575752,-1
2025-05-08,sleep_hours,3.605684605831597,-1
2025-05-26,sleep_hours,9.953471935537587,-1
2025-06-17,sleep_hours,3.4334210636483187,-1
2025-07-17,sleep_hours,10.78886438695508,-1
2024-09-06,sleep_hours,3.725104996541045,-1
2024-09-14,sleep_hours,3.0,-1
2024-09-16,sleep_hours,10.753788128329465,-1
2024-10-10,sleep_hours,3.4180365054006985,-1
2024-10-14,sleep_hours,3.0,-1
2024-10-16,sleep_hours,10.532462892904494,-1
2024-10-18,sleep_hours,10.050012932653742,-1
2024-10-23,sleep_hours,10.039715576482454,-1
2024-11-05,sleep_hours,3.781725292148143,-1
2024-12-10,sleep_hours,3.979827522504297,-1
2025-02-17,sleep_hours,3.520773463064142,-1
2025-03-03,sleep_hours,3.981887932569132,-1
2025-03-04,sleep_hours,10.769150638025751,-1
2025-03-09,sleep_hours,10.082315739813131,-1
2025-04-22,sleep_hours,10.40183735647698,-1
2025-05-27,sleep_hours,3.707675761415932,-1
2025-07-22,sleep_hours,3.445210988330194,-1
2024-10-27,sleep_hours,10.325687972342848,-1
2024-10-28,sleep_hours,10.073046057220742,-1
2024-10-29,sleep_hours,10.266867431429498,-1
2024-11-27,sleep_hours,10.110186632597063,-1
2024-12-10,sleep_hours,10.27290124160709,-1
2024-12-26,sleep_hours,10.089603184323206,-1
2025-01-11,sleep_hours,3.888534580449592,-1
2025-02-09,sleep_hours,10.330193951553664,-1
2025-03-23,sleep_hours,3.670784370493834,-1
2025-04-12,sleep_hours,10.104242410198363,-1
2025-04-29,sleep_hours,10.1524900761865,-1
2025-05-25,sleep_hours,3.0968675234199106,-1
2025-06-02,sleep_hours,10.982890096692955,-1
2025-06-11,sleep_hours,3.1291074293280623,-1
2025-07-12,sleep_hours,10.01482430985666,-1
2025-07-21,sleep_hours,11.03883605053401,-1
2025-08-06,sleep_hours,3.407002647481944,-1
2025-08-18,sleep_hours,11.083252740539756,-1
2024-09-22,sleep_hours,10.279120274689642,-1
2024-09-23,sleep_hours,3.650284342598863,-1
2024-09-25,sleep_hours,11.589856533241896,-1
2024-10-22,sleep_hours,10.252544156657828,-1
2024-11-25,sleep_hours,10.969192240764396,-1
2024-11-27,sleep_hours,10.449660310875345,-1
2024-12-13,sleep_hours,3.694265747451365,-1
2024-12-15,sleep_hours,10.078013999163788,-1
2024-12-16,sleep_hours,3.08718849562029,-1
2024-12-22,sleep_hours,10.23881033458679,-1
2025-01-21,sleep_hours,11.638587895528715,-1
2025-01-26,sleep_hours,10.380804275021465,-1
2025-01-27,sleep_hours,10.23989085014806,-1
2025-03-04,sleep_hours,3.660711570256603,-1
2025-03-07,sleep_hours,10.190994358385373,-1
2025-03-19,sleep_hours,10.758810623869934,-1
2025-05-06,sleep_hours,10.0172004076639,-1
2025-05-10,sleep_hours,3.812702754288536,-1
2025-05-22,sleep_hours,3.8547361390567367,-1
2025-05-28,sleep_hours,10.452182476434494,-1
2025-06-10,sleep_hours,10.216155913900757,-1
2025-07-12,sleep_hours,3.0,-1
2025-07-13,sleep_hours,3.461698296085679,-1
2025-07-21,sleep_hours,10.619210114568714,-1
2025-07-31,sleep_hours,11.26941531273999,-1
2025-08-13,sleep_hours,10.460502646075785,-1
2025-08-29,sleep_hours,3.9098972210307616,-1
2024-09-08,sleep_hours,10.477953492260967,-1
2024-09-24,sleep_hours,3.0937853417966035,-1
2024-09-27,sleep_hours,3.3406350588589437,-1
2024-11-12,sleep_hours,3.55708585952642,-1
2024-11-27,sleep_hours,9.956951068886577,-1
2024-12-06,sleep_hours,3.570862086933603,-1
2025-01-07,sleep_hours,4.003748852135729,-1
2025-01-25,sleep_hours,10.490021223037926,-1
2025-02-22,sleep_hours,10.431764949150857,-1
2025-03-05,sleep_hours,10.81050387667412,-1
2025-03-31,sleep_hours,3.8128498840034566,-1
2025-04-17,sleep_hours,3.557443782795542,-1
2025-04-18,sleep_hours,3.934821243378673,-1
2025-05-08,sleep_hours,3.0,-1
2025-05-27,sleep_hours,11.539912300931675,-1
2025-07-04,sleep_hours,3.894065010074516,-1
2025-07-27,sleep_hours,11.324198527043247,-1
2024-09-17,sleep_hours,10.14669809985616,-1
2024-11-13,sleep_hours,3.58684969009498,-1
2024-11-15,sleep_hours,3.0,-1
2024-12-13,sleep_hours,11.048113345142829,-1
2025-01-17,sleep_hours,10.588704580240291,-1
2025-02-02,sleep_hours,3.0,-1
2025-02-05,sleep_hours,3.0,-1
2025-03-07,sleep_hours,3.892778977676657,-1
2025-04-28,sleep_hours,3.608268575665689,-1
2025-05-16,sleep_hours,11.258876892573175,-1
2025-06-15,sleep_hours,10.07213030504509,-1
2025-08-03,sleep_hours,4.042116053564376,-1
2024-09-18,sleep_hours,10.20685464759672,-1
2024-10-06,sleep_hours,12.0,-1
2024-11-26,sleep_hours,9.98417799474277,-1
2024-12-02,sleep_hours,3.896176310206582,-1
2025-02-03,sleep_hours,10.285306840504523,-1
2025-02-10,sleep_hours,3.86175472508918,-1
2025-02-12,sleep_hours,10.023682847476303,-1
2025-04-02,sleep_hours,3.657109880343664,-1
2025-05-08,sleep_hours,3.873957263311033,-1
2025-05-23,sleep_hours,3.91543903838382,-1
2025-05-24,sleep_hours,10.404430872356826,-1
2025-06-17,sleep_hours,3.833054199877533,-1
2025-07-14,sleep_hours,3.8537008339360455,-1
2025-07-19,sleep_hours,9.949570189614402,-1
2025-07-20,sleep_hours,11.41121741086874,-1
2025-09-03,sleep_hours,10.194304190686452,-1
2025-09-05,sleep_hours,3.924722579420097,-1
2024-09-08,sleep_hours,10.626695138950994,-1
2024-09-25,sleep_hours,11.728255962203049,-1
2024-10-05,sleep_hours,10.173446963813872,-1
2024-10-07,sleep_hours,3.0,-1
2024-10-19,sleep_hours,10.774544880605545,-1
2024-11-03,sleep_hours,11.859374270377554,-1
2024-11-13,sleep_hours,10.029972721119334,-1
2024-11-19,sleep_hours,3.0,-1
2025-01-02,sleep_hours,10.28592707144844,-1
2025-01-13,sleep_hours,10.299310969916249,-1
2025-02-02,sleep_hours,3.0731857034630057,-1
2025-02-26,sleep_hours,3.4039637616490905,-1
2025-03-29,sleep_hours,3.4257244886977567,-1
2025-03-30,sleep_hours,10.500405456648071,-1
2025-04-21,sleep_hours,3.0,-1
2025-05-06,sleep_hours,3.591238020858193,-1
2025-05-12,sleep_hours,3.618527246744112,-1
2025-06-09,sleep_hours,3.0,-1
2025-06-14,sleep_hours,3.489759443032953,-1
2025-06-29,sleep_hours,10.139370671637028,-1
2024-09-27,sleep_hours,3.2561772289322564,-1
2024-10-14,sleep_hours,10.367697928263212,-1
2024-11-02,sleep_hours,4.0132711532468965,-1
2024-11-18,sleep_hours,3.7941361008408023,-1
2024-12-15,sleep_hours,3.0,-1
2025-01-01,sleep_hours,3.5285138075889204,-1
2025-03-03,sleep_hours,3.9775990930392746,-1
2025-03-07,sleep_hours,10.60649550054203,-1
2025-03-14,sleep_hours,11.295724584872431,-1
2025-03-31,sleep_hours,10.083395324384425,-1
2025-04-15,sleep_hours,3.040829889344464,-1
2025-04-22,sleep_hours,3.742932150559596,-1
2025-05-10,sleep_hours,3.1656917863106218,-1
2025-05-13,sleep_hours,3.903914493431504,-1
2025-06-02,sleep_hours,10.38583181976251,-1
2025-06-03,sleep_hours,3.931503262918756,-1
2025-06-29,sleep_hours,3.3201028737513463,-1
2025-07-05,sleep_hours,3.0,-1
2025-07-24,sleep_hours,3.874709285690053,-1
2025-07-27,sleep_hours,4.014631135231412,-1
2025-07-29,sleep_hours,3.953371648843048,-1
2024-10-03,sleep_hours,3.667443109883656,-1
2024-11-07,sleep_hours,3.922668532028613,-1
2024-11-30,sleep_hours,10.208593625175178,-1
2024-12-09,sleep_hours,10.053754854562383,-1
2024-12-15,sleep_hours,3.933399847378955,-1
2024-12-18,sleep_hours,3.8776649537754606,-1
2024-12-24,sleep_hours,10.544451139906675,-1
2024-12-29,sleep_hours,10.255780882298442,-1
2025-03-05,sleep_hours,10.331048372083329,-1
2025-04-15,sleep_hours,3.0,-1
2025-04-30,sleep_hours,3.0,-1
2025-05-06,sleep_hours,10.537340690182768,-1
2025-05-19,sleep_hours,10.47119173839858,-1
2025-06-17,sleep_hours,10.54779107377655,-1
2025-06-25,sleep_hours,11.444919400582892,-1
2025-06-29,sleep_hours,10.664074652161812,-1
2025-08-07,sleep_hours,10.61013498838605,-1
2024-09-28,sleep_hours,3.993789657798243,-1
2024-11-11,sleep_hours,10.42217527915466,-1
2024-12-01,sleep_hours,10.151986977772692,-1
2024-12-09,sleep_hours,10.509819698258044,-1
2024-12-29,sleep_hours,10.338792663112804,-1
2025-01-13,sleep_hours,3.3588852094307518,-1
2025-01-23,sleep_hours,3.603117584531092,-1
2025-01-26,sleep_hours,3.0,-1
2025-01-29,sleep_hours,10.193382299871832,-1
2025-03-14,sleep_hours,10.691678585053468,-1
2025-03-19,sleep_hours,10.130256826550973,-1
2025-03-24,sleep_hours,10.165881071274889,-1
2025-03-26,sleep_hours,4.002228176759722,-1
2025-04-10,sleep_hours,9.93457613111744,-1
2025-04-23,sleep_hours,10.464060695353846,-1
2025-06-21,sleep_hours,3.709695473090931,-1
2025-06-22,sleep_hours,10.088703603582914,-1
2025-07-05,sleep_hours,11.513250813403298,-1
2025-08-01,sleep_hours,3.840925231254508,-1
2025-08-08,sleep_hours,3.0,-1
2025-08-14,sleep_hours,10.24449139866585,-1
2025-08-25,sleep_hours,3.502525054095893,-1
2024-09-11,sleep_hours,10.957864965395098,-1
2024-09-17,sleep_hours,10.454044170947745,-1
2024-09-18,sleep_hours,3.0,-1
2024-09-20,sleep_hours,4.053981668378023,-1
2024-11-09,sleep_hours,10.516607411212537,-1
2024-11-13,sleep_hours,3.2390338467598934,-1
2024-12-16,sleep_hours,10.493036011035098,-1
2024-12-19,sleep_hours,10.257246095231633,-1
2025-01-01,sleep_hours,3.3811380333590826,-1
2025-01-17,sleep_hours,9.931697276265371,-1
2025-01-19,sleep_hours,9.960472302217005,-1
2025-01-23,sleep_hours,3.419603923395352,-1
2025-02-08,sleep_hours,3.0,-1
2025-04-02,sleep_hours,3.388763036311631,-1
2025-05-02,sleep_hours,3.015581012495027,-1
2025-05-28,sleep_hours,10.52531852257565,-1
2025-06-24,sleep_hours,10.728331306022286,-1
2025-07-07,sleep_hours,3.3260218648233346,-1
2025-07-11,sleep_hours,9.980996211527216,-1
2025-07-20,sleep_hours,3.5473141599604503,-1
2025-08-03,sleep_hours,3.78055290692864,-1
2025-08-20,sleep_hours,10.285933241595115,-1
2025-08-23,sleep_hours,10.926191175756491,-1
2024-09-06,sleep_hours,10.63066358913438,-1
2024-09-09,sleep_hours,10.275827708148336,-1
2024-09-10,sleep_hours,3.179157289740393,-1
2024-10-05,sleep_hours,10.444551498094135,-1
2024-10-13,sleep_hours,10.524004964931368,-1
2025-01-21,sleep_hours,11.374558213480562,-1
2025-01-23,sleep_hours,10.088676055301868,-1
2025-03-03,sleep_hours,9.9335311973359,-1
2025-03-10,sleep_hours,3.947224698936577,-1
2025-03-25,sleep_hours,10.606621048269044,-1
2025-03-28,sleep_hours,4.017756446669587,-1
2025-04-10,sleep_hours,10.322174928486614,-1
2025-05-11,sleep_hours,10.610565688239664,-1
2025-05-16,sleep_hours,3.9530795855028154,-1
2025-07-06,sleep_hours,3.459447905534708,-1
2025-07-16,sleep_hours,11.077721102747198,-1
2025-08-07,sleep_hours,10.892284806371029,-1
2025-08-23,sleep_hours,10.082885961007111,-1
2025-09-05,sleep_hours,11.28588708637507,-1
2024-09-25,sleep_hours,10.07586485277114,-1
2024-09-30,sleep_hours,3.752377599514897,-1
2024-11-05,sleep_hours,3.208255534427083,-1
2024-11-18,sleep_hours,9.970302746184789,-1
2024-11-22,sleep_hours,4.0202592195313605,-1
2025-03-03,sleep_hours,3.5168868652697785,-1
2025-03-04,sleep_hours,4.014684632807408,-1
2025-03-17,sleep_hours,10.647713952164477,-1
2025-04-03,sleep_hours,11.313674981771864,-1
2025-04-04,sleep_hours,3.743006665285912,-1
2025-05-18,sleep_hours,3.1656427048794997,-1
2025-06-22,sleep_hours,9.990992752034828,-1
2025-06-27,sleep_hours,10.563833110110728,-1
2025-07-03,sleep_hours,3.147895973132642,-1
2025-08-24,sleep_hours,9.969884297971165,-1
2024-10-24,sleep_hours,3.0,-1
2024-11-11,sleep_hours,3.0,-1
2025-01-14,sleep_hours,3.729319075288117,-1
2025-02-12,sleep_hours,3.5741925595495028,-1
2025-03-25,sleep_hours,10.967962027747369,-1
2025-07-22,sleep_hours,3.532959592366738,-1
2025-08-03,sleep_hours,3.4274980280895275,-1
2025-08-21,sleep_hours,9.940409062056329,-1
2024-09-08,sleep_hours,3.2450389522630685,-1
2024-10-03,sleep_hours,4.033513118790075,-1
2024-11-25,sleep_hours,3.8037757560107135,-1
2024-12-03,sleep_hours,10.425943761423364,-1
2024-12-08,sleep_hours,9.957067956795736,-1
2024-12-28,sleep_hours,10.459011605604886,-1
2025-01-29,sleep_hours,3.291137148727953,-1
2025-04-28,sleep_hours,10.652302950614445,-1
2025-05-12,sleep_hours,10.84218717561706,-1
2025-05-29,sleep_hours,10.82949622971712,-1
2025-07-18,sleep_hours,3.947893317981945,-1
2025-08-31,sleep_hours,10.150426631943471,-1
2024-10-24,sleep_hours,10.346902458353936,-1
2024-11-07,sleep_hours,11.630365407517967,-1
2024-11-18,sleep_hours,10.64320815177799,-1
2024-12-21,sleep_hours,11.80513186153638,-1
2024-12-25,sleep_hours,10.087184808763382,-1
2025-01-17,sleep_hours,3.0,-1
2025-01-22,sleep_hours,10.63635902972334,-1
2025-03-12,sleep_hours,3.805147020579213,-1
2025-03-21,sleep_hours,4.040122234966116,-1
2025-03-30,sleep_hours,3.4217362323588905,-1
2025-04-12,sleep_hours,10.202244143069818,-1
2025-05-26,sleep_hours,3.393953954811991,-1
2025-06-09,sleep_hours,9.94712802597221,-1
2025-06-21,sleep_hours,3.3750437413099066,-1
2025-06-28,sleep_hours,3.564710278070446,-1
2025-07-30,sleep_hours,9.99056625313784,-1
2025-08-19,sleep_hours,4.021071741636236,-1
2025-08-21,sleep_hours,10.19726972084174,-1
2024-09-14,sleep_hours,10.582748842903737,-1
2024-11-06,sleep_hours,10.191806337683598,-1
2024-11-15,sleep_hours,3.2939158671357,-1
2024-12-05,sleep_hours,3.8030817225046873,-1
2024-12-16,sleep_hours,10.300067073117994,-1
2024-12-24,sleep_hours,12.0,-1
2024-12-29,sleep_hours,11.084786691704362,-1
2025-01-01,sleep_hours,3.1907783741744136,-1
2025-01-05,sleep_hours,3.918800959171116,-1
2025-01-27,sleep_hours,3.517889053774157,-1
2025-02-08,sleep_hours,3.946768784465984,-1
2025-03-23,sleep_hours,9.9332808685321,-1
2025-04-12,sleep_hours,3.665123123051062,-1
2025-04-14,sleep_hours,3.466804870227742,-1
2025-04-16,sleep_hours,3.580974777009145,-1
2025-05-06,sleep_hours,3.394485653425732,-1
2025-05-11,sleep_hours,10.6655264198167,-1
2025-05-21,sleep_hours,10.190067545014756,-1
2025-06-08,sleep_hours,10.140607702590746,-1
2025-07-16,sleep_hours,3.688235644228566,-1
2025-08-24,sleep_hours,10.74787941147151,-1
2024-09-08,sleep_hours,3.211863545348827,-1
2024-09-23,sleep_hours,10.104867554541196,-1
2024-10-08,sleep_hours,10.512121716981213,-1
2024-10-31,sleep_hours,3.0,-1
2024-11-27,sleep_hours,3.9045147195201726,-1
2024-11-28,sleep_hours,11.603099906194558,-1
2025-01-09,sleep_hours,3.0,-1
2025-01-14,sleep_hours,3.891775599419088,-1
2025-01-27,sleep_hours,9.981871290801962,-1
2025-01-31,sleep_hours,11.394226255356868,-1
2025-02-24,sleep_hours,4.046804619424106,-1
2025-07-07,sleep_hours,3.578958840211756,-1
2025-07-08,sleep_hours,10.868842095152672,-1
2024-09-11,sleep_hours,10.069855224800945,-1
2024-09-15,sleep_hours,10.106821353574254,-1
2024-09-29,sleep_hours,9.952774602635625,-1
2024-10-22,sleep_hours,10.125160649704917,-1
2024-10-27,sleep_hours,3.5978130935126016,-1
2024-10-31,sleep_hours,3.0,-1
2024-11-06,sleep_hours,3.8398063191372818,-1
2024-11-15,sleep_hours,3.684443252298213,-1
2024-11-29,sleep_hours,3.681739560792919,-1
2025-01-26,sleep_hours,12.0,-1
2025-01-28,sleep_hours,3.9803569387619993,-1
2025-02-19,sleep_hours,4.010872646697031,-1
2025-02-25,sleep_hours,3.8794142989098166,-1
2025-03-13,sleep_hours,3.0,-1
2025-04-10,sleep_hours,10.516932840528504,-1
2025-04-12,sleep_hours,11.315740087868022,-1
2025-04-13,sleep_hours,3.5408385761705983,-1
2025-04-14,sleep_hours,11.236270635176435,-1
2025-04-21,sleep_hours,3.588082086365315,-1
2025-05-18,sleep_hours,3.5662571921419794,-1
2025-05-19,sleep_hours,10.639028299039822,-1
2025-06-22,sleep_hours,10.520280505966916,-1
2025-06-30,sleep_hours,3.597665350436103,-1
2025-07-04,sleep_hours,10.085849015066469,-1
2025-07-09,sleep_hours,3.806426330223577,-1
2025-07-25,sleep_hours,10.736708966282622,-1
2025-08-01,sleep_hours,4.002521530421446,-1
2024-09-26,sleep_hours,3.966925563356848,-1
2024-10-08,sleep_hours,3.633733629329315,-1
2024-11-14,sleep_hours,10.225912961157956,-1
2024-11-28,sleep_hours,3.7081455551664817,-1
2025-01-03,sleep_hours,3.548815326113483,-1
2025-01-04,sleep_hours,3.378066406160835,-1
2025-01-08,sleep_hours,11.18015373632482,-1
2025-02-27,sleep_hours,12.0,-1
2025-03-05,sleep_hours,10.91321178311927,-1
2025-03-19,sleep_hours,9.950732363003477,-1
2025-04-09,sleep_hours,3.804358315186076,-1
2025-04-11,sleep_hours,3.4152941299036472,-1
2025-05-09,sleep_hours,10.682355548632414,-1
2025-05-15,sleep_hours,11.20942888801998,-1
2025-05-28,sleep_hours,4.008310813671189,-1
2025-06-02,sleep_hours,11.081257787520826,-1
2025-06-03,sleep_hours,10.894610800306255,-1
2025-07-24,sleep_hours,10.375201782340264,-1
2025-07-28,sleep_hours,10.803683414366562,-1
2024-09-26,sleep_hours,10.115431281218406,-1
2024-10-14,sleep_hours,10.024993268889652,-1
2024-11-06,sleep_hours,3.0910067178763208,-1
2024-11-15,sleep_hours,4.023120908698582,-1
2024-11-19,sleep_hours,3.0,-1
2024-12-13,sleep_hours,3.890431344960633,-1
2025-02-25,sleep_hours,3.879493852640939,-1
2025-04-11,sleep_hours,3.843131112135278,-1
2025-04-15,sleep_hours,3.749598886099532,-1
2025-04-27,sleep_hours,10.821657923714625,-1
2025-05-13,sleep_hours,10.24502047862516,-1
2025-05-23,sleep_hours,10.873867305084003,-1
2025-05-24,sleep_hours,10.287024414613455,-1
2025-06-01,sleep_hours,3.525383541539229,-1
2025-06-02,sleep_hours,3.799089892360533,-1
2025-07-03,sleep_hours,10.713055487377945,-1
2025-07-04,sleep_hours,11.032628160562185,-1
2024-10-22,sleep_hours,4.0514497938576985,-1
2024-10-24,sleep_hours,3.7893492139574354,-1
2024-10-25,sleep_hours,3.708368023215496,-1
2024-10-30,sleep_hours,10.306858630911478,-1
2024-11-18,sleep_hours,3.586163931341078,-1
2024-12-12,sleep_hours,3.922892875760885,-1
2024-12-31,sleep_hours,10.26527060318184,-1
2025-01-05,sleep_hours,3.270982483262425,-1
2025-01-27,sleep_hours,10.517695539401426,-1
2025-02-16,sleep_hours,10.619136957173287,-1
2025-04-10,sleep_hours,10.282305304339667,-1
2025-04-12,sleep_hours,3.5861240846037004,-1
2025-04-19,sleep_hours,10.011011016908846,-1
2025-04-22,sleep_hours,3.92474497226289,-1
2025-05-07,sleep_hours,3.661662356470389,-1
2025-05-09,sleep_hours,3.585160056778634,-1
2025-05-21,sleep_hours,10.479392132492483,-1
2025-06-03,sleep_hours,3.0,-1
2025-06-04,sleep_hours,3.0,-1
2025-06-28,sleep_hours,10.083882578440264,-1
2025-07-05,sleep_hours,3.33689856058306,-1
2025-08-08,sleep_hours,3.909038438382888,-1
2025-08-15,sleep_hours,9.979413994059373,-1
2025-08-30,sleep_hours,3.579396667371023,-1
2024-09-21,sleep_hours,3.903375556959655,-1
2024-11-22,sleep_hours,10.04621624804404,-1
2024-12-28,sleep_hours,10.140202167085947,-1
2025-01-10,sleep_hours,10.822728629440324,-1
2025-01-16,sleep_hours,3.0,-1
2025-02-11,sleep_hours,10.03658149848691,-1
2025-02-14,sleep_hours,3.247074894058282,-1
2025-02-21,sleep_hours,3.4387805163495244,-1
2025-02-25,sleep_hours,10.01447224038168,-1
2025-03-09,sleep_hours,3.0,-1
2025-03-28,sleep_hours,10.183270494694357,-1
2025-05-18,sleep_hours,3.0,-1
2025-05-21,sleep_hours,3.239323523529319,-1
2025-06-04,sleep_hours,11.606826487068032,-1
2025-06-14,sleep_hours,10.531494595076254,-1
2025-06-22,sleep_hours,3.176770727003416,-1
2025-07-03,sleep_hours,3.6088182972415,-1
2025-07-09,sleep_hours,3.0,-1
2025-07-31,sleep_hours,10.598371193483285,-1
2025-08-02,sleep_hours,10.00417901898062,-1
2025-09-01,sleep_hours,3.8311585224957327,-1
2025-09-05,sleep_hours,3.501265892811304,-1
2024-10-01,sleep_hours,10.07801595873512,-1
2024-10-27,sleep_hours,3.890329080203256,-1
2024-11-03,sleep_hours,10.279729880241934,-1
2024-11-24,sleep_hours,10.220147383020583,-1
2024-12-01,sleep_hours,11.061142615854187,-1
2025-01-29,sleep_hours,11.134143512748508,-1
2025-03-03,sleep_hours,3.0,-1
2025-03-04,sleep_hours,10.210333456759862,-1
2025-03-20,sleep_hours,12.0,-1
2025-03-28,sleep_hours,10.224636760600513,-1
2025-04-13,sleep_hours,10.330172145074355,-1
2025-04-22,sleep_hours,9.99778261108749,-1
2025-04-27,sleep_hours,10.153997156609964,-1
2025-05-15,sleep_hours,3.334331429868564,-1
2025-05-26,sleep_hours,10.639675132927463,-1
2025-06-14,sleep_hours,10.046197051435431,-1
2025-07-27,sleep_hours,3.0946055066330387,-1
2025-07-30,sleep_hours,10.052679775220929,-1
2024-09-20,sleep_hours,10.125169924909152,-1
2024-09-30,sleep_hours,10.128046697070037,-1
2024-10-03,sleep_hours,3.758204950218549,-1
2024-10-14,sleep_hours,10.42772951140286,-1
2024-10-22,sleep_hours,3.5172111925487,-1
2024-10-24,sleep_hours,11.231462029512825,-1
2024-10-26,sleep_hours,11.779121927111596,-1
2024-12-08,sleep_hours,3.771167737285757,-1
2024-12-10,sleep_hours,3.0,-1
2025-01-08,sleep_hours,3.657520549854951,-1
2025-01-23,sleep_hours,4.007865383177455,-1
2025-03-11,sleep_hours,3.4064749442077007,-1
2025-05-09,sleep_hours,10.215557691977194,-1
2025-07-30,sleep_hours,10.39648647270628,-1
2025-08-07,sleep_hours,3.913672997419698,-1
2025-08-10,sleep_hours,3.630994734033053,-1
2025-08-27,sleep_hours,10.211197621512143,-1
2024-09-25,sleep_hours,11.885684061493077,-1
2024-10-19,sleep_hours,3.2646721834871606,-1
2024-11-16,sleep_hours,3.897733861079505,-1
2024-12-17,sleep_hours,3.7850392661189063,-1
2024-12-22,sleep_hours,3.0,-1
2025-01-19,sleep_hours,10.023199519850191,-1
2025-02-10,sleep_hours,3.9843747292578016,-1
2025-03-05,sleep_hours,3.280634679833319,-1
2025-03-14,sleep_hours,3.9032721946041766,-1
2025-03-16,sleep_hours,10.064696584178057,-1
2025-04-28,sleep_hours,10.36893554889421,-1
2025-05-01,sleep_hours,9.982386516074843,-1
2025-05-29,sleep_hours,10.660685666302454,-1
2025-06-04,sleep_hours,11.194614320702907,-1
2025-06-13,sleep_hours,3.885759856133741,-1
2025-06-23,sleep_hours,4.010804303490441,-1
2025-07-01,sleep_hours,3.51378441053065,-1
2025-07-13,sleep_hours,10.000731394107762,-1
2025-07-21,sleep_hours,3.499506865035716,-1
2025-08-05,sleep_hours,3.922045118546845,-1
2025-08-09,sleep_hours,3.2593629751829543,-1
2024-09-15,sleep_hours,3.6787852512246912,-1
2024-11-13,sleep_hours,3.493020800940441,-1
2024-11-29,sleep_hours,3.98640491351639,-1
2024-12-04,sleep_hours,10.057781688996029,-1
2024-12-08,sleep_hours,10.155035121464458,-1
2025-01-16,sleep_hours,3.957208230597217,-1
2025-03-20,sleep_hours,10.297063756990855,-1
2025-04-03,sleep_hours,3.0,-1
2025-04-12,sleep_hours,10.067340749792372,-1
2025-04-15,sleep_hours,3.853235826960077,-1
2025-04-20,sleep_hours,3.9811985329945343,-1
2025-05-25,sleep_hours,3.639985437437148,-1
2025-06-02,sleep_hours,3.8500299919346817,-1
2025-06-08,sleep_hours,11.042571598751469,-1
2025-06-28,sleep_hours,10.495329712921366,-1
2025-07-07,sleep_hours,10.04862778653493,-1
2025-07-13,sleep_hours,3.9712664280178247,-1
2024-11-06,sleep_hours,3.6993432498535297,-1
2024-11-07,sleep_hours,10.085350109982125,-1
2024-12-04,sleep_hours,3.1103276995457296,-1
2024-12-30,sleep_hours,11.346220146838524,-1
2025-01-12,sleep_hours,10.009818111061172,-1
2025-01-13,sleep_hours,3.0,-1
2025-01-26,sleep_hours,3.0224549586152945,-1
2025-02-14,sleep_hours,3.0,-1
2025-02-16,sleep_hours,10.675966016282231,-1
2025-02-21,sleep_hours,10.014454487378108,-1
2025-03-09,sleep_hours,3.859156020158872,-1
2025-03-15,sleep_hours,10.068472448262057,-1
2025-03-30,sleep_hours,10.107308725833583,-1
2025-04-13,sleep_hours,3.652846983523096,-1
2025-04-18,sleep_hours,10.347370588167374,-1
2025-04-20,sleep_hours,10.695597750801738,-1
2025-04-26,sleep_hours,9.99619076689224,-1
2025-05-06,sleep_hours,10.440266486169918,-1
2025-05-24,sleep_hours,10.051027607759911,-1
2025-07-12,sleep_hours,3.893010332919242,-1
2025-07-27,sleep_hours,10.736596131087865,-1
2025-08-02,sleep_hours,11.69943177870795,-1
2025-08-20,sleep_hours,9.951338265837569,-1
2024-10-05,sleep_hours,10.993403254404331,-1
2024-10-20,sleep_hours,3.98936923018408,-1
2024-11-10,sleep_hours,3.637952184626159,-1
2024-11-30,sleep_hours,10.814555431187967,-1
2025-01-30,sleep_hours,10.090061622258771,-1
2025-02-02,sleep_hours,3.508726770150558,-1
2025-02-05,sleep_hours,10.317557846594193,-1
2025-02-06,sleep_hours,10.105312973419853,-1
2025-03-18,sleep_hours,3.0607692114144665,-1
2025-03-21,sleep_hours,10.227458372958235,-1
2025-04-14,sleep_hours,11.160066339226324,-1
2025-04-28,sleep_hours,10.21056115099232,-1
2025-07-10,sleep_hours,9.950978377167765,-1
2025-07-14,sleep_hours,3.8546799086347354,-1
2025-07-15,sleep_hours,3.933027109803492,-1
2025-07-26,sleep_hours,10.397860092073213,-1
2025-08-30,sleep_hours,11.014426408008738,-1
2025-09-04,sleep_hours,3.707755629160357,-1
2024-09-12,sleep_hours,3.9001608117554296,-1
2024-09-18,sleep_hours,11.464389420279172,-1
2024-11-25,sleep_hours,10.090109432220418,-1
2024-12-15,sleep_hours,4.052962852081116,-1
2025-02-03,sleep_hours,4.05511692072849,-1
2025-02-28,sleep_hours,10.22201688787382,-1
2025-03-07,sleep_hours,3.0,-1
2025-03-12,sleep_hours,10.925833703299636,-1
2025-03-24,sleep_hours,3.623408313857712,-1
2025-03-29,sleep_hours,3.984124600670058,-1
2025-04-08,sleep_hours,10.228992750173576,-1
2025-04-11,sleep_hours,3.0,-1
2025-06-19,sleep_hours,3.6970672969111575,-1
2025-06-21,sleep_hours,3.0,-1
2025-07-03,sleep_hours,3.6229421855917536,-1
2025-07-13,sleep_hours,3.847755741995127,-1
2025-08-01,sleep_hours,10.345390574395427,-1
2025-08-11,sleep_hours,3.0,-1
2024-09-10,sleep_hours,3.779437610113898,-1
2024-10-21,sleep_hours,10.256514300168227,-1
2024-11-19,sleep_hours,11.402419385498574,-1
2024-11-27,sleep_hours,10.063276372514984,-1
2024-12-15,sleep_hours,10.104961432100689,-1
2024-12-31,sleep_hours,3.6649909779297474,-1
2025-01-13,sleep_hours,4.043079171842372,-1
2025-02-25,sleep_hours,4.0495112195226,-1
2025-03-19,sleep_hours,3.0,-1
2025-03-26,sleep_hours,10.085227154777511,-1
2025-04-03,sleep_hours,3.0,-1
2025-04-08,sleep_hours,10.306653293798457,-1
2025-04-14,sleep_hours,3.6258378973823455,-1
2025-04-27,sleep_hours,3.381456996786649,-1
2025-06-01,sleep_hours,3.771436398840957,-1
2025-07-12,sleep_hours,4.052800080976908,-1
2025-08-03,sleep_hours,4.038264520989373,-1
2025-08-20,sleep_hours,10.01386508538157,-1
2024-09-09,sleep_hours,10.111945320374272,-1
2024-09-28,sleep_hours,10.36510458546775,-1
2024-10-15,sleep_hours,10.200370363322923,-1
2024-11-03,sleep_hours,10.88021555712888,-1
2024-12-14,sleep_hours,3.3083179809123138,-1
2024-12-20,sleep_hours,3.665315541636995,-1
2025-02-09,sleep_hours,3.523007141271046,-1
2025-02-23,sleep_hours,3.546553553234681,-1
2025-02-24,sleep_hours,10.438455930609392,-1
2025-03-26,sleep_hours,3.8053225911452,-1
2025-03-29,sleep_hours,10.534077517274952,-1
2025-04-06,sleep_hours,3.8654929428075313,-1
2025-05-08,sleep_hours,3.905244193837067,-1
2025-05-16,sleep_hours,3.546596487980888,-1
2025-05-22,sleep_hours,3.860062429956724,-1
2025-06-09,sleep_hours,3.0,-1
2025-06-22,sleep_hours,3.5936209379389235,-1
2025-06-27,sleep_hours,3.4085416128990174,-1
2025-07-04,sleep_hours,3.3667358910136054,-1
2025-07-12,sleep_hours,4.019802097529473,-1
2025-08-28,sleep_hours,11.711937126514496,-1
2024-09-20,sleep_hours,3.394219049714213,-1
2024-10-21,sleep_hours,10.056932715742889,-1
2024-11-25,sleep_hours,3.607719395644221,-1
2024-12-06,sleep_hours,11.78781770391679,-1
2025-01-11,sleep_hours,3.4174735928293507,-1
2025-01-21,sleep_hours,3.360944749223121,-1
2025-01-26,sleep_hours,10.440853695044662,-1
2025-02-11,sleep_hours,3.467382907682913,-1
2025-02-28,sleep_hours,3.6698391690089656,-1
2025-03-03,sleep_hours,4.054303578110086,-1
2025-04-04,sleep_hours,10.319397350666303,-1
2025-04-14,sleep_hours,3.9163496641674818,-1
2025-04-24,sleep_hours,3.695527686917004,-1
2025-05-26,sleep_hours,11.05711794480953,-1
2025-06-01,sleep_hours,11.141389638675737,-1
2025-06-04,sleep_hours,10.026510625071598,-1
2025-07-17,sleep_hours,9.986560032838698,-1
2025-07-19,sleep_hours,4.016342250713587,-1
2025-08-18,sleep_hours,3.909394964119756,-1
2025-08-24,sleep_hours,11.4422947391478,-1
2025-08-30,sleep_hours,3.2376934329633507,-1
2024-11-01,sleep_hours,3.937229767126647,-1
2025-02-15,sleep_hours,3.2912365316555583,-1
2025-04-08,sleep_hours,9.967695398955902,-1
2025-04-21,sleep_hours,3.4476967723320517,-1
2025-04-30,sleep_hours,10.237415473113778,-1
2025-05-05,sleep_hours,10.099078726388203,-1
2025-05-24,sleep_hours,10.473088361497226,-1
2025-06-03,sleep_hours,11.623605498849304,-1
2025-06-18,sleep_hours,3.996100524101088,-1
2025-07-02,sleep_hours,12.0,-1
2025-07-10,sleep_hours,3.31425541874812,-1
2025-07-29,sleep_hours,10.559946421046709,-1
2025-08-16,sleep_hours,10.67666094792064,-1
2025-08-26,sleep_hours,11.248900162141496,-1
2024-09-21,sleep_hours,10.555499861022533,-1
2025-02-24,sleep_hours,10.1402022340703,-1
2025-03-11,sleep_hours,3.677380002908911,-1
2025-04-04,sleep_hours,3.559329467417183,-1
2025-04-12,sleep_hours,10.418113286437418,-1
2025-04-25,sleep_hours,3.097632905952926,-1
2025-05-18,sleep_hours,10.764107742225823,-1
2025-06-05,sleep_hours,3.628925047261266,-1
2025-06-10,sleep_hours,3.8645038008908648,-1
2025-06-30,sleep_hours,3.8291773426092206,-1
2025-07-03,sleep_hours,3.659124010630447,-1
2025-07-06,sleep_hours,3.330546078121009,-1
2025-07-20,sleep_hours,10.316314832341584,-1
2025-08-20,sleep_hours,9.98346216994735,-1
2024-09-11,sleep_hours,9.958309127817571,-1
2024-09-26,sleep_hours,10.109621791382544,-1
2024-10-06,sleep_hours,10.65164358815968,-1
2024-12-19,sleep_hours,3.0,-1
2025-01-04,sleep_hours,3.0,-1
2025-01-20,sleep_hours,3.991608793557585,-1
2025-03-12,sleep_hours,4.011313294253926,-1
2025-03-28,sleep_hours,10.024511246158989,-1
2025-04-04,sleep_hours,3.573175730484193,-1
2025-04-16,sleep_hours,10.919057406854815,-1
2025-04-26,sleep_hours,3.3911233050265537,-1
2025-06-02,sleep_hours,3.633073162197754,-1
2025-06-14,sleep_hours,10.316704123558209,-1
2025-06-15,sleep_hours,9.988255336154385,-1
2025-07-08,sleep_hours,10.226816607018575,-1
2024-10-23,sleep_hours,3.194574689306396,-1
2024-10-26,sleep_hours,11.340358802449424,-1
2024-11-04,sleep_hours,3.8013248852282713,-1
2025-04-12,sleep_hours,9.977189512670266,-1
2025-06-27,sleep_hours,3.0,-1
2025-07-15,sleep_hours,10.46867516652102,-1
2025-08-28,sleep_hours,3.8375454670507456,-1
2024-09-08,sleep_hours,4.0085150149369095,-1
2024-09-15,sleep_hours,11.214200380030151,-1
2024-10-13,sleep_hours,10.326389238346994,-1
2024-10-20,sleep_hours,10.220198356243973,-1
2024-10-22,sleep_hours,10.143713047726676,-1
2024-11-13,sleep_hours,3.795640839646288,-1
2024-12-09,sleep_hours,11.809853618069212,-1
2024-12-26,sleep_hours,3.54756672369021,-1
2025-01-04,sleep_hours,10.52751199572674,-1
2025-01-28,sleep_hours,3.3023559309236683,-1
2025-01-30,sleep_hours,10.705646083858664,-1
2025-02-05,sleep_hours,3.1868332286137377,-1
2025-02-14,sleep_hours,3.65157028480138,-1
2025-02-21,sleep_hours,10.293741045822442,-1
2025-04-02,sleep_hours,10.230530309364244,-1
2025-04-08,sleep_hours,10.053166891867647,-1
2025-04-18,sleep_hours,10.002585480209888,-1
2025-05-12,sleep_hours,10.69708619689406,-1
2025-06-01,sleep_hours,3.1537618240112884,-1
2025-06-06,sleep_hours,10.53914489971308,-1
2025-08-06,sleep_hours,3.2726351975319794,-1
2025-08-21,sleep_hours,10.304747409608126,-1
2025-08-31,sleep_hours,3.369541315315057,-1
2024-09-11,sleep_hours,3.0,-1
2024-10-09,sleep_hours,10.274091561785916,-1
2024-10-28,sleep_hours,3.0,-1
2024-11-03,sleep_hours,3.453292402036673,-1
2024-11-16,sleep_hours,11.00207062504042,-1
2024-12-05,sleep_hours,10.140316711137082,-1
2024-12-13,sleep_hours,3.739357518843559,-1
2025-02-15,sleep_hours,3.8527323906585775,-1
2025-02-17,sleep_hours,9.981319998070267,-1
2025-02-28,sleep_hours,3.949162012495841,-1
2025-03-13,sleep_hours,4.045219669352647,-1
2025-04-05,sleep_hours,10.54608127468056,-1
2025-05-06,sleep_hours,10.144527585248964,-1
2025-06-29,sleep_hours,3.760251321334768,-1
2025-07-27,sleep_hours,9.974663874032496,-1
2025-08-04,sleep_hours,3.83570115333796,-1
2025-08-10,sleep_hours,3.746660394691072,-1
2024-09-14,sleep_hours,10.131305058697125,-1
2024-09-16,sleep_hours,3.6864469932918857,-1
2024-09-29,sleep_hours,4.025018691492175,-1
2024-10-13,sleep_hours,3.0,-1
2024-10-23,sleep_hours,4.050028648352376,-1
2024-10-29,sleep_hours,3.0,-1
2024-11-29,sleep_hours,3.3654756852026164,-1
2024-12-23,sleep_hours,10.430368936442818,-1
2024-12-25,sleep_hours,10.722786345798609,-1
2024-12-26,sleep_hours,10.63035185134881,-1
2025-01-02,sleep_hours,3.538995115957243,-1
2025-02-06,sleep_hours,10.6138254762452,-1
2025-03-12,sleep_hours,9.948832283022355,-1
2025-03-15,sleep_hours,3.464979162942061,-1
2025-04-05,sleep_hours,3.823288310825928,-1
2025-04-11,sleep_hours,10.27359700929012,-1
2025-05-05,sleep_hours,11.581018396250071,-1
2025-05-16,sleep_hours,10.83407303524996,-1
2025-06-19,sleep_hours,10.512662323210844,-1
2025-07-06,sleep_hours,10.455032490286612,-1
2025-07-10,sleep_hours,10.067442400848048,-1
2025-07-17,sleep_hours,3.0,-1
2024-10-20,sleep_hours,3.746207393797551,-1
2024-11-04,sleep_hours,9.99870144948563,-1
2025-03-02,sleep_hours,9.977472548056486,-1
2025-03-11,sleep_hours,10.29080187844938,-1
2025-03-24,sleep_hours,3.0,-1
2025-04-07,sleep_hours,3.4658885002740147,-1
2025-04-27,sleep_hours,10.354902621820246,-1
2025-05-14,sleep_hours,10.195860461797398,-1
2025-05-17,sleep_hours,3.291592834786531,-1
2025-05-26,sleep_hours,10.157592821052244,-1
2025-06-03,sleep_hours,10.249738562323856,-1
2025-06-05,sleep_hours,3.6216095300006095,-1
2025-06-12,sleep_hours,11.998142656220509,-1
2025-06-14,sleep_hours,3.774506408770373,-1
2025-07-14,sleep_hours,10.675206612364132,-1
2025-08-04,sleep_hours,3.541462343351129,-1
2024-09-09,sleep_hours,10.1153395635199,-1
2024-10-13,sleep_hours,10.272508755258407,-1
2024-10-30,sleep_hours,3.0,-1
2024-11-02,sleep_hours,10.368929744476024,-1
2024-11-09,sleep_hours,10.2020001134566,-1
2024-11-25,sleep_hours,10.580648778322846,-1
2025-01-07,sleep_hours,10.785343016703589,-1
2025-01-17,sleep_hours,10.1822616536878,-1
2025-01-24,sleep_hours,3.967324751270039,-1
2025-02-13,sleep_hours,3.123624765367905,-1
2025-06-11,sleep_hours,10.154731094122871,-1
2025-07-02,sleep_hours,10.082680122198404,-1
2025-07-08,sleep_hours,10.539126237197763,-1
2025-08-03,sleep_hours,11.18675535067205,-1
2025-09-01,sleep_hours,10.162079082093213,-1
2024-09-12,sleep_hours,3.2626736576088504,-1
2024-09-15,sleep_hours,10.173373268492115,-1
2024-12-10,sleep_hours,3.896236504916307,-1
2025-01-02,sleep_hours,11.28586931289561,-1
2025-01-07,sleep_hours,10.780027738380875,-1
2025-01-22,sleep_hours,10.275467576812645,-1
2025-04-07,sleep_hours,3.4489778627944787,-1
2025-05-12,sleep_hours,10.774645572353634,-1
2025-06-08,sleep_hours,11.250866053139482,-1
2025-07-10,sleep_hours,11.31426437253277,-1
2025-07-18,sleep_hours,3.0659998657726457,-1
2025-07-28,sleep_hours,3.575711943647061,-1
2024-10-14,sleep_hours,3.2043803061684857,-1
2024-11-05,sleep_hours,3.653987532467732,-1
2024-11-30,sleep_hours,11.356509662554098,-1
2024-12-22,sleep_hours,3.4510733666229494,-1
2024-12-23,sleep_hours,3.545153642849961,-1
2024-12-31,sleep_hours,10.786917888923304,-1
2025-01-20,sleep_hours,12.0,-1
2025-04-07,sleep_hours,3.553969230400104,-1
2025-04-17,sleep_hours,3.6147343690593257,-1
2025-05-15,sleep_hours,10.349411555495456,-1
2025-06-05,sleep_hours,3.295136758032648,-1
2025-06-29,sleep_hours,10.044674641831683,-1
2025-07-26,sleep_hours,10.660537252404342,-1
2025-08-11,sleep_hours,12.0,-1
2025-08-20,sleep_hours,3.566934035064936,-1
2024-09-16,sleep_hours,3.0,-1
2024-10-08,sleep_hours,9.988080883350476,-1
2024-11-02,sleep_hours,3.531428215912121,-1
2025-02-07,sleep_hours,3.866782159625072,-1
2025-03-21,sleep_hours,10.116540126743695,-1
2025-03-22,sleep_hours,10.08483701058076,-1
2025-04-04,sleep_hours,3.5840250799352344,-1
2025-04-08,sleep_hours,11.5773337106871,-1
2025-05-27,sleep_hours,9.946498764459346,-1
2025-06-24,sleep_hours,11.838193978395168,-1
2025-08-14,sleep_hours,3.8750290438392474,-1
2025-08-18,sleep_hours,10.266087346603712,-1
2024-09-18,sleep_hours,10.83202595275813,-1
2024-10-24,sleep_hours,3.4900589477810957,-1
2024-11-07,sleep_hours,3.640406509074155,-1
2024-12-02,sleep_hours,3.682626018642739,-1
2025-01-02,sleep_hours,3.887438528863029,-1
2025-02-23,sleep_hours,4.019377874270516,-1
2025-03-01,sleep_hours,10.771899206175938,-1
2025-03-02,sleep_hours,3.36851094627191,-1
2025-03-07,sleep_hours,3.794394572758016,-1
2025-04-03,sleep_hours,4.005579294302855,-1
2025-04-08,sleep_hours,10.393227959179743,-1
2025-04-09,sleep_hours,4.003309570371929,-1
2025-05-22,sleep_hours,9.954799606208605,-1
2025-06-14,sleep_hours,3.970113577205015,-1
2025-06-16,sleep_hours,10.460297081940974,-1
2025-07-16,sleep_hours,3.748296534738943,-1
2025-08-04,sleep_hours,11.045246043133025,-1
2024-09-30,sleep_hours,10.30190988588675,-1
2024-11-03,sleep_hours,3.6727211299589553,-1
2024-11-20,sleep_hours,3.633947122618735,-1
2024-12-05,sleep_hours,3.963498890820246,-1
2024-12-12,sleep_hours,10.084187150281965,-1
2024-12-24,sleep_hours,10.896096346312111,-1
2024-12-28,sleep_hours,3.345781627770629,-1
2025-01-15,sleep_hours,11.376781541309674,-1
2025-01-28,sleep_hours,3.23531574962431,-1
2025-01-29,sleep_hours,3.774281700234296,-1
2025-02-10,sleep_hours,3.8751496999660295,-1
2025-02-25,sleep_hours,3.426108167250419,-1
2025-03-21,sleep_hours,10.626997176097989,-1
2025-03-26,sleep_hours,10.166313875737252,-1
2025-04-12,sleep_hours,11.336092312444835,-1
2025-04-27,sleep_hours,11.077632930332523,-1
2025-05-10,sleep_hours,3.0,-1
2025-07-15,sleep_hours,3.7152199153547194,-1
2025-08-10,sleep_hours,3.099091649932392,-1
2025-08-20,sleep_hours,10.69415469142418,-1
2024-09-25,sleep_hours,10.060934133030615,-1
2024-10-31,sleep_hours,3.71158193784115,-1
2024-11-12,sleep_hours,10.128897127650584,-1
2024-11-19,sleep_hours,12.0,-1
2024-11-21,sleep_hours,10.185218780377626,-1
2024-12-01,sleep_hours,3.2852379305100348,-1
2024-12-17,sleep_hours,11.380066284810898,-1
2025-01-17,sleep_hours,10.71826412813664,-1
2025-02-01,sleep_hours,3.0,-1
2025-02-26,sleep_hours,3.9893620917006754,-1
2025-04-14,sleep_hours,3.1260779975156265,-1
2025-04-25,sleep_hours,3.0,-1
2025-04-26,sleep_hours,3.7184519527148425,-1
2025-04-28,sleep_hours,10.079786889811606,-1
2025-06-02,sleep_hours,10.849836847261212,-1
2025-07-15,sleep_hours,3.4504753706097,-1
2025-08-03,sleep_hours,3.0,-1
2025-08-15,sleep_hours,3.73864579262784,-1
2024-10-05,sleep_hours,3.9358292053770105,-1
2024-12-11,sleep_hours,10.324463766823312,-1
2024-12-13,sleep_hours,10.31862281380644,-1
2024-12-20,sleep_hours,9.962105648988112,-1
2024-12-24,sleep_hours,10.184050623866112,-1
2024-12-25,sleep_hours,10.723178997767397,-1
2025-01-29,sleep_hours,3.675083023251704,-1
2025-03-01,sleep_hours,11.835841178247886,-1
2025-03-14,sleep_hours,10.764853227219408,-1
2025-03-29,sleep_hours,10.09145377848096,-1
2025-04-28,sleep_hours,11.07134397497871,-1
2025-06-01,sleep_hours,3.0,-1
2025-06-04,sleep_hours,10.2491861190067,-1
2025-06-09,sleep_hours,3.227672378803513,-1
2025-06-11,sleep_hours,3.760661784234376,-1
2025-06-19,sleep_hours,3.0,-1
2025-07-06,sleep_hours,3.0,-1
2025-07-27,sleep_hours,4.0538371044628825,-1
2025-08-11,sleep_hours,3.0,-1
2025-08-24,sleep_hours,10.027101713872042,-1
2025-09-03,sleep_hours,3.1486206686783644,-1
2024-09-16,sleep_hours,3.961537648428696,-1
2024-10-12,sleep_hours,3.0580072662683504,-1
2024-12-09,sleep_hours,3.855599801194757,-1
2024-12-24,sleep_hours,10.084765906054038,-1
2025-01-01,sleep_hours,3.518173838982624,-1
2025-04-09,sleep_hours,9.97777913455612,-1
2025-05-06,sleep_hours,3.5605330338595254,-1
2025-05-27,sleep_hours,3.3982934657200827,-1
2025-06-11,sleep_hours,3.931471615349028,-1
2025-07-07,sleep_hours,3.294755427810136,-1
2025-07-08,sleep_hours,3.143804123458552,-1
2025-07-09,sleep_hours,11.817200282943723,-1
2025-08-16,sleep_hours,3.0,-1
2025-08-22,sleep_hours,9.948442983561623,-1
2025-08-23,sleep_hours,10.249728173756104,-1
2025-08-24,sleep_hours,9.949636198524388,-1
2025-08-27,sleep_hours,10.23969039271227,-1
2024-09-07,sleep_hours,10.546468401150348,-1
2024-10-03,sleep_hours,3.385843187473725,-1
2024-10-27,sleep_hours,10.4943621612211,-1
2024-11-24,sleep_hours,3.3082729395192185,-1
2024-12-25,sleep_hours,3.916957886176594,-1
2025-01-14,sleep_hours,10.119113128102278,-1
2025-02-26,sleep_hours,3.2295241704206727,-1
2025-03-03,sleep_hours,3.0,-1
2025-03-09,sleep_hours,4.023552803165476,-1
2025-04-12,sleep_hours,9.992280778583703,-1
2025-04-16,sleep_hours,3.547045870520805,-1
2025-06-04,sleep_hours,11.264935869462471,-1
2025-06-15,sleep_hours,3.465748963245028,-1
2025-06-22,sleep_hours,3.778427552355923,-1
2025-06-26,sleep_hours,11.22174778411653,-1
2025-07-05,sleep_hours,4.021969619302325,-1
2025-07-06,sleep_hours,3.903603078549427,-1
2024-10-01,sleep_hours,3.50204984381425,-1
2024-10-04,sleep_hours,3.0,-1
2024-10-26,sleep_hours,10.32240668827508,-1
2024-11-15,sleep_hours,3.161820936864425,-1
2024-11-18,sleep_hours,3.795000322369143,-1
2024-11-25,sleep_hours,10.932544480578066,-1
2024-11-29,sleep_hours,3.442207538995578,-1
2024-12-03,sleep_hours,3.438228557723943,-1
2024-12-22,sleep_hours,10.05973314494463,-1
2024-12-31,sleep_hours,3.0,-1
2025-02-21,sleep_hours,3.7271699617427583,-1
2025-03-03,sleep_hours,3.813392975443679,-1
2025-03-06,sleep_hours,9.97371459347912,-1
2025-03-08,sleep_hours,3.569923683643262,-1
2025-03-15,sleep_hours,3.476979098241595,-1
2025-04-24,sleep_hours,3.826264240882455,-1
2025-07-21,sleep_hours,3.332288125211593,-1
2025-09-01,sleep_hours,3.7826811655031216,-1
2024-11-11,sleep_hours,9.974258568473328,-1
2024-11-28,sleep_hours,3.0,-1
2024-12-16,sleep_hours,3.159661144965145,-1
2025-01-15,sleep_hours,10.6555346684769,-1
2025-02-01,sleep_hours,3.719993352079429,-1
2025-02-02,sleep_hours,3.5767415679245405,-1
2025-02-07,sleep_hours,3.992294878482408,-1
2025-02-19,sleep_hours,10.526722109898913,-1
2025-03-14,sleep_hours,11.467314255685752,-1
2025-03-29,sleep_hours,4.0366321445242646,-1
2025-04-03,sleep_hours,10.42853363551821,-1
2025-04-15,sleep_hours,3.043745783682909,-1
2025-05-17,sleep_hours,10.07588261070084,-1
2025-05-27,sleep_hours,3.4797578450457083,-1
2025-06-17,sleep_hours,10.226631301014114,-1
2025-06-28,sleep_hours,10.623847112086109,-1
2025-07-05,sleep_hours,3.5287746437536893,-1
2025-07-17,sleep_hours,3.0,-1
2025-08-01,sleep_hours,10.600460993298846,-1
2025-08-06,sleep_hours,11.149210214028937,-1
2025-09-02,sleep_hours,10.130294727302262,-1
2024-09-24,sleep_hours,3.0694092885942044,-1
2024-10-05,sleep_hours,10.324144809872656,-1
2024-10-08,sleep_hours,3.872947161782141,-1
2024-10-22,sleep_hours,3.740093351764792,-1
2024-12-28,sleep_hours,10.087923856404888,-1
2025-01-03,sleep_hours,3.806759775878021,-1
2025-01-25,sleep_hours,10.005805894947478,-1
2025-02-06,sleep_hours,9.959682010604157,-1
2025-02-13,sleep_hours,10.22689395753289,-1
2025-03-04,sleep_hours,3.809631590541676,-1
2025-03-11,sleep_hours,9.984631089926864,-1
2025-03-27,sleep_hours,3.0,-1
2025-04-04,sleep_hours,10.14650308749908,-1
2025-04-09,sleep_hours,11.96972627544627,-1
2025-05-16,sleep_hours,11.183185361762,-1
2025-06-05,sleep_hours,10.027926895659938,-1
2025-06-30,sleep_hours,3.832864902239477,-1
2025-07-16,sleep_hours,10.347409634008477,-1
2025-07-29,sleep_hours,3.683811479721179,-1
2025-08-16,sleep_hours,10.516031243150552,-1
2024-10-02,sleep_hours,3.862428411170054,-1
2024-10-22,sleep_hours,10.101497770462192,-1
2024-12-03,sleep_hours,3.818691122328016,-1
2025-01-03,sleep_hours,10.758243449797911,-1
2025-01-04,sleep_hours,9.991314163298808,-1
2025-02-08,sleep_hours,10.3972433107939,-1
2025-02-14,sleep_hours,11.00376875952572,-1
2025-03-03,sleep_hours,3.0,-1
2025-03-07,sleep_hours,3.849389347859852,-1
2025-03-21,sleep_hours,12.0,-1
2025-04-14,sleep_hours,11.480306331299191,-1
2025-04-29,sleep_hours,9.954403985937642,-1
2025-05-06,sleep_hours,10.48317277942848,-1
2025-06-04,sleep_hours,10.147865814770034,-1
2025-07-03,sleep_hours,3.0,-1
2025-07-16,sleep_hours,4.015994906555611,-1
2025-08-01,sleep_hours,10.06493278957614,-1
2025-08-29,sleep_hours,3.468150199410108,-1
2025-09-01,sleep_hours,10.262301719919773,-1
2024-11-20,sleep_hours,10.041151585471331,-1
2024-12-23,sleep_hours,4.014759616364929,-1
2024-12-26,sleep_hours,10.838798204511711,-1
2025-02-03,sleep_hours,3.534640481272556,-1
2025-02-21,sleep_hours,3.560006356927216,-1
2025-02-25,sleep_hours,3.823991976436663,-1
2025-03-18,sleep_hours,3.6641562916131374,-1
2025-03-31,sleep_hours,10.45690351453926,-1
2025-04-23,sleep_hours,3.735445706990923,-1
2025-04-24,sleep_hours,3.124007551482957,-1
2025-04-29,sleep_hours,3.979690074888598,-1
2025-05-05,sleep_hours,3.0,-1
2025-05-10,sleep_hours,3.201517366275419,-1
2025-06-18,sleep_hours,10.563052942401528,-1
2025-06-24,sleep_hours,10.052743004542762,-1
2025-06-25,sleep_hours,3.7262750415154495,-1
2025-07-01,sleep_hours,10.276789791864596,-1
2025-07-31,sleep_hours,3.4805097598044945,-1
2025-08-06,sleep_hours,3.4492253455721267,-1
2025-08-18,sleep_hours,3.970554424418221,-1
2024-10-04,sleep_hours,10.767865870976198,-1
2024-10-15,sleep_hours,3.933249981654173,-1
2024-10-30,sleep_hours,3.8989461199071513,-1
2024-11-20,sleep_hours,12.0,-1
2024-11-30,sleep_hours,3.642948097483135,-1
2024-12-06,sleep_hours,10.462736007013913,-1
2024-12-12,sleep_hours,10.9354213369064,-1
2024-12-14,sleep_hours,9.994998623511767,-1
2024-12-23,sleep_hours,9.948883217281647,-1
2025-01-13,sleep_hours,4.006300255863427,-1
2025-02-07,sleep_hours,10.68260468424694,-1
2025-03-26,sleep_hours,10.055221770371052,-1
2025-04-21,sleep_hours,4.037991136219125,-1
2025-05-10,sleep_hours,11.387845780124362,-1
2025-05-23,sleep_hours,10.04955827931813,-1
2025-06-22,sleep_hours,3.846224865667186,-1
2025-07-14,sleep_hours,10.301440783334176,-1
2025-08-01,sleep_hours,10.153312102988508,-1
2025-08-24,sleep_hours,10.536593206342411,-1
2024-09-09,sleep_hours,3.78213598118285,-1
2024-09-15,sleep_hours,3.4692351145263736,-1
2024-11-10,sleep_hours,10.194431180070188,-1
2024-11-15,sleep_hours,12.0,-1
2024-12-05,sleep_hours,10.52803969600803,-1
2024-12-06,sleep_hours,12.0,-1
2024-12-30,sleep_hours,3.414756013265423,-1
2025-01-25,sleep_hours,10.08424521240934,-1
2025-03-02,sleep_hours,12.0,-1
2025-03-07,sleep_hours,4.038606877506726,-1
2025-03-08,sleep_hours,10.450907575350758,-1
2025-04-17,sleep_hours,3.692627548651244,-1
2025-05-29,sleep_hours,10.235460844306436,-1
2025-07-02,sleep_hours,3.0,-1
2025-07-08,sleep_hours,10.586596078837957,-1
2025-08-05,sleep_hours,10.029289322445836,-1
2025-08-26,sleep_hours,10.082722403159591,-1
2024-09-27,sleep_hours,3.8135773508344606,-1
2024-10-12,sleep_hours,3.196670598783877,-1
2024-10-17,sleep_hours,3.9934660580998873,-1
2024-10-20,sleep_hours,10.94942894675258,-1
2024-11-07,sleep_hours,10.059794686747589,-1
2024-11-17,sleep_hours,10.436490100465836,-1
2025-01-19,sleep_hours,11.138791049551552,-1
2025-02-07,sleep_hours,3.475806134567764,-1
2025-06-21,sleep_hours,10.000687723158103,-1
2025-06-26,sleep_hours,12.0,-1
2025-07-10,sleep_hours,3.877319311643648,-1
2025-08-07,sleep_hours,3.2638225607559628,-1
2024-11-02,sleep_hours,10.02938361068822,-1
2024-11-21,sleep_hours,3.9099588818271656,-1
2024-12-22,sleep_hours,9.981456391270838,-1
2025-02-06,sleep_hours,3.8856974723392135,-1
2025-02-08,sleep_hours,10.51711970000135,-1
2025-03-15,sleep_hours,3.8226837593155487,-1
2025-03-19,sleep_hours,10.094271917490207,-1
2025-04-12,sleep_hours,10.014956985808452,-1
2025-04-20,sleep_hours,10.905926967799662,-1
2025-04-21,sleep_hours,10.350672316656988,-1
2025-06-11,sleep_hours,3.8599637146300383,-1
2025-06-28,sleep_hours,3.8670652024043375,-1
2025-07-15,sleep_hours,10.197910762565124,-1
2025-07-17,sleep_hours,10.03980101162339,-1
2025-07-29,sleep_hours,10.272850951786882,-1
2024-09-08,sleep_hours,3.8848732892555,-1
2024-10-08,sleep_hours,11.504877929861934,-1
2024-11-10,sleep_hours,3.6549109523917727,-1
2024-11-28,sleep_hours,10.971079713073372,-1
2024-12-09,sleep_hours,3.1629767869705323,-1
2024-12-23,sleep_hours,3.426755078346948,-1
2025-01-02,sleep_hours,10.896539648669837,-1
2025-01-08,sleep_hours,3.828331247341041,-1
2025-01-29,sleep_hours,3.965025107904933,-1
2025-02-18,sleep_hours,10.682530032465234,-1
2025-03-19,sleep_hours,3.0,-1
2025-03-24,sleep_hours,10.108900449729106,-1
2025-03-29,sleep_hours,11.03392406269385,-1
2025-05-01,sleep_hours,10.600182750204487,-1
2025-05-06,sleep_hours,10.168527258406105,-1
2025-05-15,sleep_hours,10.124044308155115,-1
2025-05-24,sleep_hours,10.6169134578906,-1
2025-06-17,sleep_hours,10.566267182703694,-1
2025-08-18,sleep_hours,11.423321037792224,-1
2024-10-12,sleep_hours,10.628710305271444,-1
2024-10-28,sleep_hours,10.644679331418065,-1
2024-11-10,sleep_hours,3.0,-1
2024-11-19,sleep_hours,11.440665308375214,-1
2024-12-13,sleep_hours,10.60382335118685,-1
2024-12-21,sleep_hours,3.7772318030178496,-1
2025-01-25,sleep_hours,10.088578046466964,-1
2025-02-10,sleep_hours,10.135380266375003,-1
2025-02-12,sleep_hours,11.11711386601365,-1
2025-03-30,sleep_hours,3.0,-1
2025-05-30,sleep_hours,10.10123071525931,-1
2025-06-21,sleep_hours,10.152696694292167,-1
2025-08-03,sleep_hours,3.0,-1
2025-09-01,sleep_hours,10.032704192378844,-1
2025-09-03,sleep_hours,4.015713087355495,-1
2024-09-13,sleep_hours,9.95849139816212,-1
2024-10-14,sleep_hours,3.938714222418365,-1
2024-10-19,sleep_hours,3.0489937694118754,-1
2024-11-29,sleep_hours,10.462253402199444,-1
2024-12-07,sleep_hours,3.0408573684194717,-1
2024-12-25,sleep_hours,3.0,-1
2024-12-31,sleep_hours,11.833564312151273,-1
2025-02-04,sleep_hours,10.660788279126054,-1
2025-02-14,sleep_hours,10.384552530692211,-1
2025-02-28,sleep_hours,10.48570177757321,-1
2025-03-11,sleep_hours,10.043102678439132,-1
2025-03-15,sleep_hours,10.130847946601849,-1
2025-04-23,sleep_hours,10.365920059184807,-1
2025-05-09,sleep_hours,11.267852166218956,-1
2025-06-16,sleep_hours,10.578147268215762,-1
2025-06-26,sleep_hours,10.216723686795389,-1
2025-07-23,sleep_hours,3.0,-1
2025-08-17,sleep_hours,4.022579043590687,-1
2025-08-26,sleep_hours,10.002008982835218,-1
2024-09-08,sleep_hours,10.062340746412527,-1
2024-10-18,sleep_hours,9.982644002673569,-1
2024-10-20,sleep_hours,3.862313454041901,-1
2024-10-31,sleep_hours,10.408357765040815,-1
2024-11-29,sleep_hours,3.990759236650259,-1
2024-12-02,sleep_hours,3.9432329050636983,-1
2024-12-15,sleep_hours,3.8229713645684336,-1
2025-01-23,sleep_hours,10.787276163538396,-1
2025-03-02,sleep_hours,10.12298875513817,-1
2025-03-18,sleep_hours,10.087714273688048,-1
2025-03-25,sleep_hours,11.733588555421615,-1
2025-04-04,sleep_hours,3.0,-1
2025-04-30,sleep_hours,10.217023079419684,-1
2025-07-03,sleep_hours,10.293031817299712,-1
2025-07-29,sleep_hours,3.290761435228565,-1
2025-07-31,sleep_hours,11.47893624392431,-1
2025-08-11,sleep_hours,10.248079131090478,-1
2024-11-14,sleep_hours,10.132555402720357,-1
2024-12-09,sleep_hours,3.5738574743178395,-1
2025-01-06,sleep_hours,10.51778247109573,-1
2025-01-24,sleep_hours,3.803164135593169,-1
2025-02-06,sleep_hours,3.95361022071147,-1
2025-03-03,sleep_hours,10.194400884108584,-1
2025-03-31,sleep_hours,3.0,-1
2025-04-26,sleep_hours,3.189950602028817,-1
2025-05-07,sleep_hours,12.0,-1
2025-05-27,sleep_hours,3.5323442367157747,-1
2025-06-20,sleep_hours,10.366886333637195,-1
2025-08-02,sleep_hours,9.93215585460628,-1
2024-09-08,sleep_hours,10.02370548828914,-1
2024-09-09,sleep_hours,10.162434509809948,-1
2024-11-10,sleep_hours,3.812939928582657,-1
2024-12-06,sleep_hours,3.85939226986936,-1
2025-01-07,sleep_hours,10.04934066588699,-1
2025-01-22,sleep_hours,11.203514324137409,-1
2025-04-01,sleep_hours,3.724503383845724,-1
2025-04-07,sleep_hours,9.932620339585666,-1
2025-05-26,sleep_hours,3.757524380773039,-1
2025-06-09,sleep_hours,3.0,-1
2025-06-21,sleep_hours,3.4361632502570147,-1
2025-07-16,sleep_hours,10.659510072913648,-1
2025-08-23,sleep_hours,10.02779171858386,-1
2024-09-18,sleep_hours,3.7482320713039057,-1
2024-09-28,sleep_hours,10.47327108237954,-1
2024-09-30,sleep_hours,10.18832326337212,-1
2024-10-11,sleep_hours,3.1304697000976733,-1
2024-10-24,sleep_hours,3.996247256362083,-1
2024-10-25,sleep_hours,3.705894448728934,-1
2024-10-29,sleep_hours,10.414647779424294,-1
2024-11-01,sleep_hours,10.326960603368628,-1
2024-11-02,sleep_hours,10.654740544609766,-1
2025-01-26,sleep_hours,11.118074548808607,-1
2025-02-18,sleep_hours,10.158703935727768,-1
2025-02-19,sleep_hours,9.999899961581509,-1
2025-03-28,sleep_hours,3.851572654567696,-1
2025-04-01,sleep_hours,10.72778340750753,-1
2025-04-25,sleep_hours,3.0,-1
2025-05-19,sleep_hours,3.6695339491174983,-1
2025-05-31,sleep_hours,4.002048830632523,-1
2025-06-01,sleep_hours,3.4354702567041877,-1
2025-06-03,sleep_hours,10.23576027323672,-1
2025-06-29,sleep_hours,10.791249276405066,-1
2025-07-13,sleep_hours,3.0,-1
2025-07-27,sleep_hours,10.536003870471,-1
2025-07-28,sleep_hours,10.292207345000955,-1
2024-09-28,sleep_hours,10.226541356647424,-1
2024-10-02,sleep_hours,10.064578399927116,-1
2024-10-20,sleep_hours,10.352657478869606,-1
2024-11-22,sleep_hours,10.70224661427316,-1
2024-12-13,sleep_hours,3.284708854330958,-1
2024-12-26,sleep_hours,10.052856520423225,-1
2025-01-09,sleep_hours,3.0,-1
2025-01-29,sleep_hours,3.64380253296536,-1
2025-02-02,sleep_hours,3.9222115864878857,-1
2025-02-11,sleep_hours,10.05249295333694,-1
2025-02-12,sleep_hours,3.651013445574451,-1
2025-03-08,sleep_hours,3.86951202691908,-1
2025-04-19,sleep_hours,10.617698562677898,-1
2025-04-30,sleep_hours,3.9753360913224434,-1
2025-05-19,sleep_hours,10.377991096826,-1
2025-05-20,sleep_hours,3.906922713775225,-1
2025-07-17,sleep_hours,3.8388388144367194,-1
2025-07-28,sleep_hours,10.313951730648895,-1
2025-08-02,sleep_hours,3.4065760604907176,-1
2025-08-12,sleep_hours,3.692463639248221,-1
2025-08-28,sleep_hours,3.5578314556111272,-1
2025-09-03,sleep_hours,3.9947347023089295,-1
2024-09-27,sleep_hours,10.835285641393195,-1
2024-10-17,sleep_hours,10.256188623631978,-1
2024-11-10,sleep_hours,3.680149411254696,-1
2024-11-30,sleep_hours,9.93939563817836,-1
2024-12-07,sleep_hours,10.677149229964684,-1
2024-12-27,sleep_hours,10.916679940267668,-1
2024-12-31,sleep_hours,10.259313250743917,-1
2025-01-07,sleep_hours,10.088950423699114,-1
2025-01-09,sleep_hours,4.033585400962077,-1
2025-02-17,sleep_hours,3.3696961919049784,-1
2025-04-14,sleep_hours,10.672182227114664,-1
2025-04-17,sleep_hours,10.296018659715624,-1
2025-06-17,sleep_hours,11.17891671425116,-1
2025-06-23,sleep_hours,10.503362857893512,-1
2025-06-30,sleep_hours,10.533159979505417,-1
2025-08-11,sleep_hours,3.926198234375556,-1
2025-08-21,sleep_hours,3.0,-1
2025-08-29,sleep_hours,10.146281897281249,-1
2025-08-30,sleep_hours,3.873551364350391,-1
2025-08-31,sleep_hours,10.302355823118567,-1
2025-09-03,sleep_hours,10.120440744242112,-1
2024-10-18,sleep_hours,10.135980270557996,-1
2024-10-27,sleep_hours,10.122247653074233,-1
2024-10-28,sleep_hours,3.752891860849058,-1
2024-11-02,sleep_hours,10.22481064104634,-1
2024-11-25,sleep_hours,12.0,-1
2024-12-04,sleep_hours,3.417647545331564,-1
2024-12-17,sleep_hours,9.982717266265851,-1
2025-01-05,sleep_hours,10.49823497658299,-1
2025-01-08,sleep_hours,3.471196195308351,-1
2025-01-22,sleep_hours,10.16874611240611,-1
2025-02-22,sleep_hours,3.4041505903598823,-1
2025-03-08,sleep_hours,3.695590942074199,-1
2025-03-22,sleep_hours,9.971956084838704,-1
2025-03-24,sleep_hours,11.197416472112984,-1
2025-03-28,sleep_hours,9.933554548378927,-1
2025-04-19,sleep_hours,10.896687199071946,-1
2025-05-25,sleep_hours,10.135955550024743,-1
2025-05-27,sleep_hours,3.857371810740998,-1
2025-06-03,sleep_hours,10.258667412943508,-1
2025-07-06,sleep_hours,3.664236666282382,-1
2025-07-09,sleep_hours,10.264996709696623,-1
2025-07-13,sleep_hours,3.83347535435227,-1
2024-09-12,sleep_hours,3.604932476647734,-1
2024-09-15,sleep_hours,3.5649927171599955,-1
2024-10-10,sleep_hours,10.24389893801585,-1
2024-10-19,sleep_hours,10.023117266542531,-1
2024-11-10,sleep_hours,10.063492944929427,-1
2024-11-12,sleep_hours,10.533596617201948,-1
2024-11-22,sleep_hours,3.0,-1
2024-12-03,sleep_hours,3.813849871153272,-1
2024-12-10,sleep_hours,3.987713352624967,-1
2025-02-07,sleep_hours,3.797956403017432,-1
2025-03-19,sleep_hours,3.7855317416428425,-1
2025-04-09,sleep_hours,9.988669054919423,-1
2025-05-17,sleep_hours,3.848303580029261,-1
2025-05-22,sleep_hours,3.0,-1
2025-05-26,sleep_hours,10.2583879302957,-1
2025-06-11,sleep_hours,3.05684625430595,-1
2025-06-26,sleep_hours,4.021838698468407,-1
2025-07-04,sleep_hours,9.969930694007113,-1
2025-07-17,sleep_hours,10.273077653662776,-1
2024-10-04,sleep_hours,3.0,-1
2024-10-05,sleep_hours,9.931864039756796,-1
2024-10-19,sleep_hours,10.089539369855103,-1
2024-10-22,sleep_hours,9.94025232815554,-1
2024-10-30,sleep_hours,9.959415312079194,-1
2024-12-25,sleep_hours,4.042787945405516,-1
2025-01-31,sleep_hours,10.980220840168046,-1
2025-02-07,sleep_hours,10.10590852546459,-1
2025-02-11,sleep_hours,10.388486106896904,-1
2025-03-25,sleep_hours,10.42902083046976,-1
2025-04-30,sleep_hours,3.65543167969728,-1
2025-05-21,sleep_hours,10.290932377614675,-1
2025-06-29,sleep_hours,3.0,-1
2025-06-30,sleep_hours,3.4952077265415484,-1
2025-07-04,sleep_hours,3.8346425000050335,-1
2025-08-12,sleep_hours,10.71248893055046,-1
2025-08-21,sleep_hours,10.24451464453282,-1
2025-08-31,sleep_hours,10.299144937523794,-1
2024-09-11,sleep_hours,3.706812536780036,-1
2024-09-26,sleep_hours,10.087209249568597,-1
2024-10-08,sleep_hours,10.838599711275592,-1
2024-10-23,sleep_hours,10.035062223307154,-1
2024-11-16,sleep_hours,3.998846407861329,-1
2024-12-03,sleep_hours,10.102828025346334,-1
2024-12-07,sleep_hours,3.969203022680565,-1
2025-03-13,sleep_hours,3.047242924012644,-1
2025-03-19,sleep_hours,10.036086904459967,-1
2025-03-25,sleep_hours,3.543118742568136,-1
2025-04-24,sleep_hours,10.408762392047237,-1
2025-05-18,sleep_hours,10.219609388882043,-1
2025-06-17,sleep_hours,10.274893479987863,-1
2025-07-01,sleep_hours,10.05742249800338,-1
2025-07-02,sleep_hours,3.0,-1
2025-08-20,sleep_hours,3.681049271992793,-1
2025-09-01,sleep_hours,10.173065538360351,-1
2024-10-02,sleep_hours,3.0,-1
2024-10-07,sleep_hours,9.973426944985452,-1
2024-10-27,sleep_hours,10.401166612146856,-1
2024-10-31,sleep_hours,11.09113918681436,-1
2024-11-11,sleep_hours,11.030906268128202,-1
2024-11-14,sleep_hours,9.97277224224678,-1
2024-12-01,sleep_hours,3.0,-1
2024-12-03,sleep_hours,10.23023409364009,-1
2024-12-18,sleep_hours,3.944618418689639,-1
2025-01-13,sleep_hours,12.0,-1
2025-02-23,sleep_hours,3.969183079675816,-1
2025-03-13,sleep_hours,3.317150209086188,-1
2025-03-20,sleep_hours,4.003421887371834,-1
2025-03-21,sleep_hours,10.103922846421664,-1
2025-05-05,sleep_hours,3.8671634341765584,-1
2025-05-12,sleep_hours,10.239885651771589,-1
2025-05-18,sleep_hours,10.522681916079726,-1
2025-06-06,sleep_hours,11.410024117902989,-1
2025-06-13,sleep_hours,10.385568686674066,-1
2025-07-20,sleep_hours,3.506710099224557,-1
2025-08-19,sleep_hours,10.394698488418072,-1
2024-09-28,sleep_hours,10.126266652947091,-1
2024-10-03,sleep_hours,3.606904037605291,-1
2024-10-27,sleep_hours,3.5749135031942645,-1
2024-11-22,sleep_hours,3.2410834695899178,-1
2024-11-25,sleep_hours,3.0,-1
2024-12-06,sleep_hours,10.536795237494704,-1
2024-12-28,sleep_hours,10.274439287506087,-1
2025-01-16,sleep_hours,3.0,-1
2025-03-23,sleep_hours,3.556367616139073,-1
2025-04-03,sleep_hours,3.0,-1
2025-04-26,sleep_hours,3.5769932167358016,-1
2025-04-29,sleep_hours,10.17560228718604,-1
2025-05-02,sleep_hours,3.886173887774235,-1
2025-06-21,sleep_hours,11.883421388804503,-1
2025-06-26,sleep_hours,3.821260264416531,-1
2025-07-25,sleep_hours,10.067155716889182,-1
2025-08-21,sleep_hours,3.0,-1
2024-10-12,sleep_hours,3.942296544430747,-1
2024-10-13,sleep_hours,3.471521284659925,-1
2024-12-02,sleep_hours,11.088386630774334,-1
2025-01-15,sleep_hours,10.121081934374605,-1
2025-01-27,sleep_hours,10.586016750081322,-1
2025-02-13,sleep_hours,3.810560443349511,-1
2025-03-03,sleep_hours,10.432237018426768,-1
2025-03-11,sleep_hours,10.59989408362436,-1
2025-04-18,sleep_hours,3.956582657348424,-1
2025-04-27,sleep_hours,9.954033313698725,-1
2025-05-07,sleep_hours,3.482334456605214,-1
2025-06-04,sleep_hours,9.97465704077282,-1
2025-06-07,sleep_hours,3.961110334370142,-1
2025-06-13,sleep_hours,3.4617703674693168,-1
2025-08-05,sleep_hours,10.03758603055484,-1
2025-09-01,sleep_hours,3.657890791412397,-1
2024-09-26,sleep_hours,9.987092596134891,-1
2024-11-08,sleep_hours,10.351734600416748,-1
2024-11-28,sleep_hours,10.105450348867176,-1
2025-01-07,sleep_hours,11.006920055309322,-1
2025-01-18,sleep_hours,3.969605340537731,-1
2025-03-18,sleep_hours,3.3879434502543653,-1
2025-03-25,sleep_hours,10.044885757790151,-1
2025-04-11,sleep_hours,10.212836925180277,-1
2025-05-04,sleep_hours,3.4023387549899,-1
2025-07-28,sleep_hours,10.200115047570042,-1
2025-08-03,sleep_hours,3.851204125911428,-1
2025-08-29,sleep_hours,3.0,-1
2024-10-26,sleep_hours,3.366370060521473,-1
2024-11-04,sleep_hours,3.428831848986679,-1
2024-11-13,sleep_hours,10.54387717524801,-1
2024-11-18,sleep_hours,3.700428093133583,-1
2024-12-12,sleep_hours,3.0,-1
2024-12-19,sleep_hours,3.0,-1
2024-12-28,sleep_hours,3.819999042003385,-1
2025-03-04,sleep_hours,3.2881772866492662,-1
2025-03-17,sleep_hours,3.0,-1
2025-04-06,sleep_hours,11.797561438259136,-1
2025-05-14,sleep_hours,3.900889841200733,-1
2025-05-16,sleep_hours,3.524797289902174,-1
2025-05-21,sleep_hours,3.913164104265417,-1
2025-06-19,sleep_hours,10.233917620913196,-1
2025-07-01,sleep_hours,10.98656029077319,-1
2025-07-05,sleep_hours,3.687338643765482,-1
2024-09-09,sleep_hours,12.0,-1
2024-10-02,sleep_hours,10.73285288000378,-1
2024-12-23,sleep_hours,3.0,-1
2025-01-13,sleep_hours,3.0847314631671487,-1
2025-01-23,sleep_hours,3.735210312887252,-1
2025-01-30,sleep_hours,11.42623370797569,-1
2025-04-15,sleep_hours,10.237454048266288,-1
2025-04-16,sleep_hours,10.602021999159613,-1
2025-06-19,sleep_hours,10.629815544171125,-1
2025-08-27,sleep_hours,10.201498251687529,-1
2024-09-06,sleep_hours,10.217256663943848,-1
2024-10-08,sleep_hours,3.3348848924689376,-1
2024-10-20,sleep_hours,10.420711947366264,-1
2024-10-23,sleep_hours,3.0,-1
2024-10-25,sleep_hours,3.407432416621984,-1
2024-11-14,sleep_hours,10.418140180553284,-1
2024-12-23,sleep_hours,3.419386548420753,-1
2025-02-05,sleep_hours,3.0,-1
2025-02-16,sleep_hours,11.151495792637052,-1
2025-03-21,sleep_hours,9.972696765004924,-1
2025-03-30,sleep_hours,10.10387460870991,-1
2025-04-10,sleep_hours,3.82727558440156,-1
2025-04-13,sleep_hours,3.9513430249325214,-1
2025-04-19,sleep_hours,10.305996049818516,-1
2025-05-09,sleep_hours,3.023947700947932,-1
2025-05-21,sleep_hours,3.5213366974054576,-1
2025-05-23,sleep_hours,10.38898985242004,-1
2025-05-24,sleep_hours,3.838707439853773,-1
2025-06-13,sleep_hours,3.7401925059812418,-1
2025-06-16,sleep_hours,10.011334355258546,-1
2025-06-27,sleep_hours,10.22391331029867,-1
2025-07-07,sleep_hours,9.952706928200552,-1
2025-07-08,sleep_hours,10.316982419285864,-1
2025-08-28,sleep_hours,10.05395978547516,-1
2025-09-05,sleep_hours,3.845015993252086,-1
2024-09-07,sleep_hours,10.36042040237848,-1
2024-10-17,sleep_hours,3.905929882500592,-1
2024-10-26,sleep_hours,9.985953812142885,-1
2024-11-22,sleep_hours,10.393409567729938,-1
2024-11-29,sleep_hours,3.687560328097924,-1
2024-12-07,sleep_hours,3.152963281872311,-1
2024-12-29,sleep_hours,10.969742817074293,-1
2025-01-19,sleep_hours,3.878903914394316,-1
2025-01-30,sleep_hours,3.801297233388344,-1
2025-02-11,sleep_hours,3.8395398376774086,-1
2025-02-22,sleep_hours,10.003895047154147,-1
2025-02-25,sleep_hours,3.538193750893853,-1
2025-02-27,sleep_hours,9.96766998094535,-1
2025-03-21,sleep_hours,10.398521422226889,-1
2025-03-22,sleep_hours,3.05312438958807,-1
2025-05-01,sleep_hours,3.0,-1
2025-05-17,sleep_hours,3.0,-1
2025-06-14,sleep_hours,3.8469183183637536,-1
2025-09-01,sleep_hours,11.070856934463444,-1
2024-09-07,sleep_hours,3.792832258699016,-1
2024-11-13,sleep_hours,10.087635577132149,-1
2024-11-15,sleep_hours,3.878921759240612,-1
2024-11-29,sleep_hours,3.6919313313472015,-1
2024-12-04,sleep_hours,10.424592550667716,-1
2025-01-05,sleep_hours,9.971622193916064,-1
2025-01-12,sleep_hours,10.588308494893225,-1
2025-02-11,sleep_hours,11.352212835012482,-1
2025-02-18,sleep_hours,10.704455921948576,-1
2025-03-04,sleep_hours,10.859800545740486,-1
2025-04-25,sleep_hours,3.5374799028494577,-1
2025-05-26,sleep_hours,3.9655476683699664,-1
2025-05-29,sleep_hours,9.931908488035337,-1
2024-10-15,sleep_hours,10.261975323694632,-1
2024-10-24,sleep_hours,10.558540769613696,-1
2024-11-12,sleep_hours,11.17486697362023,-1
2024-12-15,sleep_hours,3.4401362990662685,-1
2025-01-01,sleep_hours,11.020465807838654,-1
2025-02-03,sleep_hours,3.771246279843688,-1
2025-02-12,sleep_hours,10.270105881282092,-1
2025-03-03,sleep_hours,10.06928543981136,-1
2025-03-07,sleep_hours,10.060946292885466,-1
2025-03-26,sleep_hours,3.684168677613039,-1
2025-03-30,sleep_hours,3.306345545458414,-1
2025-04-08,sleep_hours,3.0,-1
2025-04-09,sleep_hours,10.590161917904844,-1
2025-04-10,sleep_hours,10.85069934527552,-1
2025-04-17,sleep_hours,3.977386280131988,-1
2025-04-23,sleep_hours,3.4245392552675407,-1
2025-05-06,sleep_hours,10.019767382695536,-1
2025-06-24,sleep_hours,10.88466663988468,-1
2025-07-09,sleep_hours,10.051926355743047,-1
2025-07-22,sleep_hours,10.283231888981849,-1
2025-08-12,sleep_hours,10.362170425125662,-1
2025-08-15,sleep_hours,11.318953110489744,-1
2024-09-21,sleep_hours,3.493415543482874,-1
2024-09-22,sleep_hours,3.8003934460898554,-1
2024-10-12,sleep_hours,3.3944599899906702,-1
2024-10-15,sleep_hours,3.347562420159205,-1
2024-10-29,sleep_hours,3.7736682404001822,-1
2024-11-22,sleep_hours,3.2289576092847097,-1
2024-12-03,sleep_hours,3.752726691036593,-1
2024-12-19,sleep_hours,3.93188614957134,-1
2024-12-23,sleep_hours,11.628347338914836,-1
2025-01-03,sleep_hours,4.020387836425247,-1
2025-01-11,sleep_hours,10.457620271971887,-1
2025-01-12,sleep_hours,3.1422163590079943,-1
2025-01-14,sleep_hours,4.052758288955811,-1
2025-02-08,sleep_hours,3.800612365834029,-1
2025-02-12,sleep_hours,3.767567573454488,-1
2025-02-18,sleep_hours,10.047127391944723,-1
2025-04-04,sleep_hours,3.459269307810176,-1
2025-04-21,sleep_hours,10.445386439483183,-1
2025-05-13,sleep_hours,3.746552559912884,-1
2025-05-17,sleep_hours,3.882277077580731,-1
2025-05-25,sleep_hours,3.985435493889022,-1
2025-05-26,sleep_hours,3.906489387205087,-1
2025-06-03,sleep_hours,10.976692067102224,-1
2025-06-14,sleep_hours,11.80755573049816,-1
2025-06-18,sleep_hours,10.637227725421774,-1
2025-06-23,sleep_hours,3.288194715314293,-1
2025-06-25,sleep_hours,3.286488349441877,-1
2025-06-27,sleep_hours,4.023365017855166,-1
2024-09-06,sleep_hours,10.006605605291169,-1
2024-09-15,sleep_hours,9.978327718285438,-1
2024-09-28,sleep_hours,3.0,-1
2024-11-04,sleep_hours,10.008645241551994,-1
2024-12-02,sleep_hours,11.86415310945944,-1
2024-12-05,sleep_hours,10.954759263455394,-1
2025-01-15,sleep_hours,3.0,-1
2025-01-31,sleep_hours,3.5036323969696834,-1
2025-02-21,sleep_hours,11.119096799338806,-1
2025-03-03,sleep_hours,3.858786351444369,-1
2025-03-04,sleep_hours,10.079110049673934,-1
2025-03-08,sleep_hours,3.878561832847924,-1
2025-03-30,sleep_hours,10.4778254581958,-1
2025-04-12,sleep_hours,10.022969406232413,-1
2025-04-14,sleep_hours,10.044991657464864,-1
2025-04-26,sleep_hours,10.01179143303364,-1
2025-04-29,sleep_hours,3.7579038199681594,-1
2025-05-06,sleep_hours,11.081004922734556,-1
2025-08-09,sleep_hours,3.0,-1
2024-10-24,sleep_hours,3.92864643210313,-1
2024-11-10,sleep_hours,3.732666923158992,-1
2024-11-28,sleep_hours,9.959538151840224,-1
2024-12-23,sleep_hours,10.112130101009456,-1
2025-01-11,sleep_hours,10.201988855415852,-1
2025-01-21,sleep_hours,10.45653227268463,-1
2025-02-09,sleep_hours,10.704467057151192,-1
2025-02-28,sleep_hours,10.933623432591094,-1
2025-03-23,sleep_hours,3.880171882842104,-1
2025-04-28,sleep_hours,11.268326298277298,-1
2025-05-28,sleep_hours,3.872829193202053,-1
2025-06-07,sleep_hours,4.006585452228133,-1
2025-06-09,sleep_hours,3.9403280752537775,-1
2025-06-10,sleep_hours,10.262182228369916,-1
2025-06-14,sleep_hours,9.995691001703438,-1
2025-06-26,sleep_hours,10.010368061402827,-1
2024-09-07,sleep_hours,3.707572019863516,-1
2024-09-10,sleep_hours,3.904141864416277,-1
2024-09-13,sleep_hours,11.531658789609311,-1
2024-10-25,sleep_hours,10.511071140713709,-1
2024-10-30,sleep_hours,4.008924778814137,-1
2024-12-07,sleep_hours,3.969470074803358,-1
2024-12-11,sleep_hours,9.934862527979837,-1
2024-12-24,sleep_hours,11.596914641032136,-1
2024-12-29,sleep_hours,11.315248362044068,-1
2025-01-13,sleep_hours,4.050493504912304,-1
2025-01-17,sleep_hours,10.14517005215989,-1
2025-01-19,sleep_hours,10.730829932000129,-1
2025-01-20,sleep_hours,11.432014615189122,-1
2025-02-02,sleep_hours,3.716309529984106,-1
2025-02-22,sleep_hours,10.81008728689384,-1
2025-03-18,sleep_hours,3.5994772682743243,-1
2025-03-24,sleep_hours,10.56489775984032,-1
2025-04-16,sleep_hours,10.381467539282674,-1
2025-04-24,sleep_hours,3.64363273542064,-1
2025-04-28,sleep_hours,10.117031292429672,-1
2025-06-18,sleep_hours,11.510174702114368,-1
2025-06-20,sleep_hours,10.25191343439299,-1
2025-06-28,sleep_hours,3.759093601625888,-1
2025-08-08,sleep_hours,11.874311742841682,-1
2025-08-13,sleep_hours,3.189518877908124,-1
2025-09-02,sleep_hours,3.787176605450453,-1
2024-09-17,sleep_hours,3.9839119326021137,-1
2024-09-24,sleep_hours,10.88399252427228,-1
2024-10-03,sleep_hours,3.668510491341893,-1
2024-11-04,sleep_hours,11.124176752133998,-1
2024-11-12,sleep_hours,10.643453184856426,-1
2024-11-22,sleep_hours,10.73466142437793,-1
2024-12-31,sleep_hours,3.906154815424804,-1
2025-01-08,sleep_hours,3.5966728493340394,-1
2025-03-20,sleep_hours,3.151020264969997,-1
2025-04-02,sleep_hours,10.255002107376072,-1
2025-04-20,sleep_hours,10.631828295600991,-1
2025-05-07,sleep_hours,11.235180330389658,-1
2025-06-13,sleep_hours,10.294876093833135,-1
2025-07-05,sleep_hours,3.0,-1
2025-07-10,sleep_hours,10.283760690167906,-1
2025-07-13,sleep_hours,10.031329089482682,-1
2025-07-31,sleep_hours,3.8683750591476582,-1
2024-09-07,sleep_hours,3.831315290578435,-1
2024-09-10,sleep_hours,3.8812421241196775,-1
2024-11-13,sleep_hours,10.304114372170105,-1
2024-12-19,sleep_hours,3.8739242468110455,-1
2024-12-20,sleep_hours,10.10076032647802,-1
2025-01-03,sleep_hours,10.63280922371195,-1
2025-03-06,sleep_hours,3.9719031786395407,-1
2025-03-28,sleep_hours,3.1762207947721843,-1
2025-04-15,sleep_hours,3.166187157980116,-1
2025-04-24,sleep_hours,4.054319218453519,-1
2025-05-27,sleep_hours,3.0972754486489817,-1
2025-07-04,sleep_hours,3.0,-1
2025-08-04,sleep_hours,10.15903042674711,-1
2024-10-29,sleep_hours,10.93816089050076,-1
2024-11-03,sleep_hours,10.635763256991629,-1
2024-11-06,sleep_hours,9.950977963037555,-1
2024-11-18,sleep_hours,3.968802847418618,-1
2024-12-19,sleep_hours,3.0,-1
2025-01-19,sleep_hours,4.021582444091584,-1
2025-01-28,sleep_hours,10.56709667326999,-1
2025-02-02,sleep_hours,3.583604084265916,-1
2025-02-05,sleep_hours,10.645318867697796,-1
2025-02-10,sleep_hours,10.472978144709344,-1
2025-02-12,sleep_hours,3.628608662387258,-1
2025-02-27,sleep_hours,11.911336660759186,-1
2025-03-08,sleep_hours,10.184659633714002,-1
2025-03-24,sleep_hours,3.0,-1
2025-05-15,sleep_hours,3.390645933643737,-1
2024-09-27,sleep_hours,3.6079392126947454,-1
2024-10-30,sleep_hours,3.0926916071985247,-1
2024-10-31,sleep_hours,10.42139116016413,-1
2024-12-11,sleep_hours,3.1505095809691435,-1
2024-12-29,sleep_hours,4.037375264889394,-1
2025-01-10,sleep_hours,10.064672311945367,-1
2025-01-14,sleep_hours,10.2217555881004,-1
2025-01-19,sleep_hours,3.441551142705234,-1
2025-02-24,sleep_hours,10.05512400600782,-1
2025-03-29,sleep_hours,4.013032130006272,-1
2025-04-22,sleep_hours,10.542164373769635,-1
2025-04-30,sleep_hours,10.110696283717475,-1
2025-05-24,sleep_hours,3.878821194855141,-1
2025-05-25,sleep_hours,3.65097478384862,-1
2025-06-11,sleep_hours,10.122090290212896,-1
2025-06-18,sleep_hours,3.733422042916791,-1
2025-07-23,sleep_hours,10.017870321365296,-1
2025-01-20,sleep_hours,3.0,-1
2025-02-02,sleep_hours,3.805267866771969,-1
2025-03-02,sleep_hours,10.381558241005065,-1
2025-03-06,sleep_hours,10.41201919256061,-1
2025-03-10,sleep_hours,10.813087681236327,-1
2025-03-11,sleep_hours,3.0,-1
2025-03-26,sleep_hours,3.0,-1
2025-04-14,sleep_hours,3.918293308895152,-1
2025-04-27,sleep_hours,10.183412471238594,-1
2025-06-13,sleep_hours,3.57380309341778,-1
2025-06-19,sleep_hours,12.0,-1
2025-07-29,sleep_hours,10.057634399963865,-1
2025-08-26,sleep_hours,3.511746347545592,-1
2025-08-29,sleep_hours,10.05878049308421,-1
2024-09-19,sleep_hours,3.0,-1
2024-09-28,sleep_hours,3.4750431228035543,-1
2024-10-16,sleep_hours,10.498710031675516,-1
2024-11-01,sleep_hours,11.337010748471585,-1
2024-11-16,sleep_hours,10.751827646370764,-1
2024-11-26,sleep_hours,3.638894290879711,-1
2024-11-28,sleep_hours,3.0,-1
2024-12-20,sleep_hours,10.311601085811985,-1
2024-12-25,sleep_hours,10.25548524581972,-1
2025-02-07,sleep_hours,3.2778894610500524,-1
2025-02-18,sleep_hours,3.822509089186205,-1
2025-02-20,sleep_hours,3.188028359912685,-1
2025-03-08,sleep_hours,3.0,-1
2025-03-16,sleep_hours,10.24172784989485,-1
2025-03-21,sleep_hours,3.3087308950255907,-1
2025-03-22,sleep_hours,10.117223792445053,-1
2025-04-06,sleep_hours,3.755916380736627,-1
2025-04-30,sleep_hours,3.539008526879805,-1
2025-05-25,sleep_hours,3.5918661298569927,-1
2025-05-26,sleep_hours,10.445312954251346,-1
2025-05-30,sleep_hours,3.552716036203279,-1
2025-06-23,sleep_hours,3.689787313444841,-1
2025-07-12,sleep_hours,3.797897848541521,-1
2025-08-26,sleep_hours,10.31129007444385,-1
2025-08-31,sleep_hours,10.292351751726155,-1
2024-09-07,sleep_hours,3.5088040790611066,-1
2024-09-10,sleep_hours,10.09367559566514,-1
2024-10-20,sleep_hours,10.387735207922171,-1
2024-11-26,sleep_hours,3.891404274362394,-1
2024-12-05,sleep_hours,10.412301034058007,-1
2024-12-20,sleep_hours,9.981376666755986,-1
2024-12-23,sleep_hours,9.944732070296446,-1
2025-01-17,sleep_hours,3.909114220718588,-1
2025-02-15,sleep_hours,3.5913423236347617,-1
2025-03-05,sleep_hours,9.954122399449098,-1
2025-05-25,sleep_hours,3.701980857886678,-1
2025-06-04,sleep_hours,9.958149884129092,-1
2025-07-08,sleep_hours,10.239229560636264,-1
2025-08-13,sleep_hours,3.840386132192239,-1
2025-08-17,sleep_hours,3.0,-1
2025-08-18,sleep_hours,11.127405430900687,-1
2025-09-02,sleep_hours,9.98167269279404,-1
2024-10-04,sleep_hours,3.50815618846541,-1
2024-10-16,sleep_hours,3.023000137530011,-1
2024-10-18,sleep_hours,10.305569958496932,-1
2024-10-21,sleep_hours,9.97910680308298,-1
2024-10-26,sleep_hours,3.938253619256841,-1
2024-11-15,sleep_hours,10.091625590351276,-1
2024-11-24,sleep_hours,3.109074297637786,-1
2024-11-25,sleep_hours,11.862129757624755,-1
2024-12-19,sleep_hours,3.170015147692215,-1
2025-01-10,sleep_hours,3.90165853652469,-1
2025-02-11,sleep_hours,4.0425282198819925,-1
2025-04-11,sleep_hours,3.726589739396971,-1
2025-04-16,sleep_hours,9.99636798763172,-1
2025-04-30,sleep_hours,3.160141014969468,-1
2025-05-12,sleep_hours,3.9533072757212544,-1
2025-05-26,sleep_hours,3.748003304210236,-1
2025-06-19,sleep_hours,10.396893986330369,-1
2025-07-20,sleep_hours,3.5108993358325358,-1
2025-08-07,sleep_hours,10.198499081096372,-1
2025-08-14,sleep_hours,3.8896424324951777,-1
2025-08-17,sleep_hours,10.251073882733609,-1
2024-09-09,sleep_hours,10.078607333697736,-1
2024-10-06,sleep_hours,11.607304130834033,-1
2024-10-30,sleep_hours,3.20053928046285,-1
2024-11-01,sleep_hours,3.001495437663016,-1
2024-12-01,sleep_hours,3.1329405460240465,-1
2025-02-22,sleep_hours,10.548149745503151,-1
2025-03-01,sleep_hours,3.0,-1
2025-04-18,sleep_hours,11.372229262624648,-1
2025-04-28,sleep_hours,3.0,-1
2025-05-14,sleep_hours,10.000899769397153,-1
2025-05-29,sleep_hours,3.387088344719112,-1
2025-08-10,sleep_hours,9.94987574334888,-1
2025-08-24,sleep_hours,10.06829026183089,-1
2024-09-09,sleep_hours,4.054679459891435,-1
2024-10-26,sleep_hours,3.747990764147329,-1
2024-11-14,sleep_hours,3.0,-1
2024-11-16,sleep_hours,4.052831875964628,-1
2024-12-26,sleep_hours,9.985822481033525,-1
2024-12-27,sleep_hours,10.00678317002106,-1
2025-01-07,sleep_hours,10.021902253280675,-1
2025-03-28,sleep_hours,10.329759804654923,-1
2025-05-05,sleep_hours,3.623321615981924,-1
2025-05-12,sleep_hours,9.988824232217109,-1
2025-07-12,sleep_hours,3.090933085462344,-1
2025-07-17,sleep_hours,12.0,-1
2025-07-29,sleep_hours,3.0,-1
2025-08-01,sleep_hours,3.6022102200451984,-1
2025-08-06,sleep_hours,3.82741167702916,-1
2025-08-08,sleep_hours,3.5832725837652903,-1
2025-08-15,sleep_hours,3.724663033114304,-1
2024-09-13,sleep_hours,10.976366227698414,-1
2024-09-14,sleep_hours,3.367499074829896,-1
2024-09-16,sleep_hours,3.997496645752485,-1
2024-10-11,sleep_hours,3.9172964904025145,-1
2024-10-12,sleep_hours,3.48817279840972,-1
2024-10-13,sleep_hours,3.61651644427101,-1
2025-02-10,sleep_hours,3.698955926298046,-1
2025-02-15,sleep_hours,3.419274580004809,-1
2025-02-16,sleep_hours,11.534959795448644,-1
2025-02-22,sleep_hours,10.04954800353655,-1
2025-02-27,sleep_hours,3.0123690577335704,-1
2025-04-13,sleep_hours,10.13030600400245,-1
2025-05-15,sleep_hours,3.6335973793597054,-1
2025-05-27,sleep_hours,3.0,-1
2025-07-31,sleep_hours,10.290859618475649,-1
2025-08-06,sleep_hours,10.29084896493326,-1
2025-08-07,sleep_hours,3.5795107336109746,-1
2025-08-16,sleep_hours,3.0941138290756465,-1
2025-08-31,sleep_hours,3.8478362300986926,-1
2024-09-12,sleep_hours,10.07595982341974,-1
2024-09-20,sleep_hours,10.087459131079708,-1
2024-12-15,sleep_hours,3.4585064322248327,-1
2025-02-07,sleep_hours,10.484193263801297,-1
2025-03-01,sleep_hours,10.032580383359107,-1
2025-03-03,sleep_hours,3.259551231115009,-1
2025-03-25,sleep_hours,10.10134014552542,-1
2025-04-13,sleep_hours,10.714704705745971,-1
2025-04-21,sleep_hours,3.0,-1
2025-05-08,sleep_hours,3.0309547070260976,-1
2025-05-11,sleep_hours,10.030962292673577,-1
2025-06-05,sleep_hours,10.753267533899065,-1
2025-06-29,sleep_hours,3.0,-1
2025-08-04,sleep_hours,10.73008700008184,-1
2025-08-08,sleep_hours,3.917939923049072,-1
2025-08-20,sleep_hours,10.968498564086762,-1
2024-10-07,sleep_hours,10.8477344292838,-1
2024-10-12,sleep_hours,10.123883631109209,-1
2024-10-31,sleep_hours,10.290211890806145,-1
2024-11-20,sleep_hours,4.0397010714927735,-1
2024-12-02,sleep_hours,11.923456630013105,-1
2024-12-17,sleep_hours,3.0,-1
2024-12-26,sleep_hours,3.868251280387668,-1
2025-01-07,sleep_hours,10.167488641656544,-1
2025-03-10,sleep_hours,3.484538943288289,-1
2025-03-21,sleep_hours,10.035422779862348,-1
2025-03-29,sleep_hours,3.8705648523876817,-1
2025-04-30,sleep_hours,11.397645911602597,-1
2025-05-06,sleep_hours,3.2874915223381613,-1
2025-05-20,sleep_hours,3.47071475488947,-1
2025-07-28,sleep_hours,10.345790974308288,-1
2025-08-02,sleep_hours,10.25389092686165,-1
2025-08-09,sleep_hours,10.729819703778617,-1
2025-08-13,sleep_hours,3.0,-1
2024-10-18,sleep_hours,10.731514283706256,-1
2024-10-24,sleep_hours,3.860467903446673,-1
2024-11-22,sleep_hours,10.505416384058792,-1
2024-11-23,sleep_hours,3.556181564817213,-1
2024-12-16,sleep_hours,3.7565035548913306,-1
2025-01-01,sleep_hours,3.13046037357924,-1
2025-01-18,sleep_hours,10.498731808113057,-1
2025-01-22,sleep_hours,11.489107713984891,-1
2025-01-25,sleep_hours,3.0,-1
2025-01-27,sleep_hours,3.0,-1
2025-03-13,sleep_hours,3.666538561899008,-1
2025-03-22,sleep_hours,3.965216439373074,-1
2025-04-26,sleep_hours,3.662558539573923,-1
2025-06-09,sleep_hours,3.4129106011131887,-1
2025-06-13,sleep_hours,3.605228606862693,-1
2025-06-19,sleep_hours,11.239523917851692,-1
2025-08-15,sleep_hours,10.651363967610468,-1
2025-08-17,sleep_hours,4.040307971638415,-1
2024-09-10,sleep_hours,10.220868811504694,-1
2024-10-17,sleep_hours,3.0,-1
2024-10-30,sleep_hours,10.17936131525449,-1
2024-11-04,sleep_hours,3.772101680998428,-1
2024-11-07,sleep_hours,10.32912320768732,-1
2024-11-20,sleep_hours,9.967887881406448,-1
2025-01-05,sleep_hours,11.35656442370952,-1
2025-01-16,sleep_hours,10.476585077460284,-1
2025-01-18,sleep_hours,3.7779181209955945,-1
2025-01-27,sleep_hours,10.688893874630136,-1
2025-02-02,sleep_hours,10.55104354930397,-1
2025-02-07,sleep_hours,10.95540352591737,-1
2025-02-08,sleep_hours,11.049043210819782,-1
2025-03-07,sleep_hours,10.865011283401696,-1
2025-03-08,sleep_hours,11.756938270168686,-1
2025-03-25,sleep_hours,3.702277150464752,-1
2025-04-08,sleep_hours,3.85932168833352,-1
2025-05-01,sleep_hours,3.518333267388356,-1
2025-05-05,sleep_hours,3.0523343790593,-1
2025-05-09,sleep_hours,3.7363325622955617,-1
2025-07-17,sleep_hours,3.264705236205989,-1
2025-07-18,sleep_hours,3.373250557477869,-1
2025-08-09,sleep_hours,3.8907429218572274,-1
2025-08-20,sleep_hours,3.3972810413848817,-1
2025-09-02,sleep_hours,4.005351330503418,-1
2024-09-29,sleep_hours,9.958953099096323,-1
2024-10-13,sleep_hours,3.81063940875304,-1
2024-10-16,sleep_hours,3.706448227307847,-1
2024-11-14,sleep_hours,3.0,-1
2024-12-16,sleep_hours,3.928321720753207,-1
2025-01-11,sleep_hours,11.280457084090322,-1
2025-01-12,sleep_hours,3.713445833658788,-1
2025-02-22,sleep_hours,9.94693266245145,-1
2025-04-01,sleep_hours,3.0532526304655176,-1
2025-04-22,sleep_hours,10.591968517585094,-1
2025-05-04,sleep_hours,3.53442623457476,-1
2025-05-23,sleep_hours,10.157870375415223,-1
2025-06-08,sleep_hours,11.128887010216191,-1
2025-06-30,sleep_hours,3.0,-1
2025-07-16,sleep_hours,10.175585496796996,-1
2025-07-24,sleep_hours,4.007243344639724,-1
2025-07-31,sleep_hours,3.0,-1
2024-09-09,sleep_hours,11.014466432212233,-1
2024-11-11,sleep_hours,9.934899371867358,-1
2024-11-23,sleep_hours,3.8868965158138593,-1
2024-11-25,sleep_hours,10.2869734484761,-1
2024-12-08,sleep_hours,3.7112280801082185,-1
2024-12-19,sleep_hours,3.8193565914780176,-1
2024-12-21,sleep_hours,3.0,-1
2025-02-15,sleep_hours,3.6285357757641856,-1
2025-03-09,sleep_hours,3.9364568503808366,-1
2025-03-21,sleep_hours,3.5887650389727064,-1
2025-04-05,sleep_hours,3.389247243799325,-1
2025-05-04,sleep_hours,3.0,-1
2025-05-09,sleep_hours,10.310401009379916,-1
2025-05-20,sleep_hours,3.9632340627311615,-1
2025-06-10,sleep_hours,10.81977603942071,-1
2025-07-12,sleep_hours,3.2028611263679743,-1
2025-07-21,sleep_hours,3.061781366601092,-1
2025-08-02,sleep_hours,9.949680020992655,-1
2025-08-09,sleep_hours,10.5204051526185,-1
2025-08-17,sleep_hours,3.9664459249041606,-1
2025-08-20,sleep_hours,3.7029532800241793,-1
2024-09-15,sleep_hours,3.0,-1
2024-09-25,sleep_hours,3.3960241741053565,-1
2024-10-23,sleep_hours,10.264190689330338,-1
2024-11-01,sleep_hours,11.36251042488759,-1
2024-12-06,sleep_hours,10.250104001344692,-1
2024-12-10,sleep_hours,10.788364689180074,-1
2024-12-16,sleep_hours,3.953173323147357,-1
2025-01-25,sleep_hours,3.983322915968386,-1
2025-04-01,sleep_hours,11.273359463522022,-1
2025-05-20,sleep_hours,10.754057902976518,-1
2025-06-22,sleep_hours,10.019831977595558,-1
2025-06-29,sleep_hours,11.268234466758145,-1
2025-07-21,sleep_hours,11.049387922279198,-1
2025-08-08,sleep_hours,3.701667095388376,-1
2025-08-19,sleep_hours,3.961966316071305,-1
2025-08-31,sleep_hours,3.8671522926914457,-1
2025-09-02,sleep_hours,3.999601854237642,-1
2025-09-05,sleep_hours,4.043976949495637,-1
2024-09-08,sleep_hours,3.6412921600571,-1
2024-09-11,sleep_hours,3.513882342629575,-1
2024-11-15,sleep_hours,11.17446387945788,-1
2024-12-13,sleep_hours,3.7119338786155582,-1
2024-12-31,sleep_hours,3.480246498940652,-1
2025-01-25,sleep_hours,3.795515691802075,-1
2025-02-16,sleep_hours,10.823446907107872,-1
2025-02-26,sleep_hours,3.178853325276707,-1
2025-03-03,sleep_hours,10.756191261757284,-1
2025-03-26,sleep_hours,9.993660839043947,-1
2025-04-22,sleep_hours,10.47634046701442,-1
2025-04-26,sleep_hours,4.047689163431782,-1
2025-04-30,sleep_hours,11.231598578770726,-1
2025-05-15,sleep_hours,3.686843908945705,-1
2025-06-22,sleep_hours,10.250299300778671,-1
2025-08-02,sleep_hours,3.0,-1
2025-08-08,sleep_hours,11.413246010839424,-1
2025-08-14,sleep_hours,3.2839176178835325,-1
2025-08-16,sleep_hours,3.9918271252988826,-1
2025-09-02,sleep_hours,3.759348935130523,-1
2024-09-15,sleep_hours,3.580515841568599,-1
2024-09-27,sleep_hours,3.748618675231509,-1
2024-10-20,sleep_hours,10.189329641131362,-1
2024-10-25,sleep_hours,3.0,-1
2024-11-08,sleep_hours,11.557399486929995,-1
2024-11-23,sleep_hours,3.944532884693628,-1
2025-01-01,sleep_hours,3.510477447085592,-1
2025-01-25,sleep_hours,3.0,-1
2025-02-14,sleep_hours,3.7327302263848647,-1
2025-03-30,sleep_hours,3.936812226869408,-1
2025-04-20,sleep_hours,3.863303794980861,-1
2025-04-25,sleep_hours,3.995286967399783,-1
2025-05-06,sleep_hours,10.128510649544452,-1
2025-06-03,sleep_hours,11.243081157274844,-1
2025-06-11,sleep_hours,3.5880273951092625,-1
2025-07-05,sleep_hours,11.09630696341637,-1
2025-07-14,sleep_hours,10.14657334839087,-1
2025-07-24,sleep_hours,3.0,-1
2025-08-13,sleep_hours,3.1554010123744067,-1
2025-08-27,sleep_hours,3.705605207831821,-1
2024-09-18,sleep_hours,10.03452429702595,-1
2024-09-19,sleep_hours,10.518985951308071,-1
2024-09-28,sleep_hours,3.0186151814189257,-1
2024-11-06,sleep_hours,3.226220786201019,-1
2024-11-09,sleep_hours,10.392196660217936,-1
2025-01-08,sleep_hours,10.402666892963277,-1
2025-01-14,sleep_hours,3.4176284416212743,-1
2025-02-27,sleep_hours,10.71166661103943,-1
2025-03-03,sleep_hours,9.952162953617316,-1
2025-03-13,sleep_hours,3.4604367077111124,-1
2025-04-02,sleep_hours,10.708895075474556,-1
2025-05-10,sleep_hours,3.7615896893257705,-1
2025-05-13,sleep_hours,10.594016656606067,-1
2025-05-30,sleep_hours,10.23745511237462,-1
2025-06-21,sleep_hours,10.95792512261333,-1
2025-06-22,sleep_hours,10.416848631925252,-1
2025-07-01,sleep_hours,3.6697996206048114,-1
2025-07-06,sleep_hours,10.630928719269516,-1
2025-07-11,sleep_hours,11.297466161483916,-1
2025-07-14,sleep_hours,9.93331778826238,-1
2025-07-19,sleep_hours,10.866577172097482,-1
2025-07-30,sleep_hours,3.15890144895117,-1
2025-08-12,sleep_hours,3.8086203721831895,-1
2025-08-19,sleep_hours,3.538218613246082,-1
2025-08-31,sleep_hours,10.01879752324558,-1
2024-09-26,sleep_hours,11.410640823444332,-1
2024-10-04,sleep_hours,10.158479961599962,-1
2024-10-06,sleep_hours,3.359287431076573,-1
2024-10-13,sleep_hours,11.344787367675744,-1
2024-10-19,sleep_hours,3.0,-1
2024-11-01,sleep_hours,10.056912900325642,-1
2024-11-17,sleep_hours,3.715998155863839,-1
2024-11-24,sleep_hours,11.181291054847604,-1
2024-12-23,sleep_hours,10.559944615032869,-1
2025-01-06,sleep_hours,10.554290459452403,-1
2025-01-09,sleep_hours,3.9020808808877536,-1
2025-02-03,sleep_hours,3.633109721637731,-1
2025-02-15,sleep_hours,10.218608036588275,-1
2025-02-20,sleep_hours,11.428995639359146,-1
2025-03-14,sleep_hours,11.088070765427837,-1
2025-04-13,sleep_hours,3.2925251765582884,-1
2025-04-24,sleep_hours,10.16966362359741,-1
2025-04-27,sleep_hours,3.8225463768649455,-1
2025-05-09,sleep_hours,10.25962843289876,-1
2025-05-19,sleep_hours,10.224389643406916,-1
2025-05-26,sleep_hours,10.416875298050108,-1
2025-06-22,sleep_hours,10.137761129959966,-1
2025-07-24,sleep_hours,3.0,-1
2025-07-26,sleep_hours,10.200456954904338,-1
2025-08-25,sleep_hours,10.57349075086982,-1
2025-09-02,sleep_hours,3.994477283146282,-1
2024-09-13,sleep_hours,9.986289159351715,-1
2024-10-08,sleep_hours,3.2213892675863307,-1
2024-10-20,sleep_hours,10.703232325932508,-1
2024-11-24,sleep_hours,3.9080448126451097,-1
2025-03-17,sleep_hours,11.317000182965444,-1
2025-06-10,sleep_hours,3.758565754467188,-1
2025-06-23,sleep_hours,10.682393364461324,-1
2025-07-09,sleep_hours,10.141065699690042,-1
2025-08-03,sleep_hours,3.082354268583316,-1
2025-08-10,sleep_hours,3.990037606686208,-1
2024-09-07,sleep_hours,9.947804120367056,-1
2024-09-17,sleep_hours,11.94770821480908,-1
2024-09-20,sleep_hours,3.27114300081139,-1
2024-12-01,sleep_hours,3.677341593941744,-1
2024-12-14,sleep_hours,12.0,-1
2025-02-13,sleep_hours,10.374680224751195,-1
2025-03-10,sleep_hours,10.263026796276524,-1
2025-03-14,sleep_hours,10.31113823853612,-1
2025-04-10,sleep_hours,3.6864298088084255,-1
2025-04-15,sleep_hours,10.042036670926766,-1
2025-04-22,sleep_hours,10.316999746048744,-1
2025-07-02,sleep_hours,3.791686956006525,-1
2025-07-25,sleep_hours,3.0,-1
2025-08-03,sleep_hours,10.034969727034031,-1
2025-08-14,sleep_hours,3.443034765781756,-1
2025-08-25,sleep_hours,3.431493008906153,-1
2025-09-01,sleep_hours,10.419798209209546,-1
2024-10-04,sleep_hours,10.60864678228211,-1
2024-12-01,sleep_hours,11.35394230807277,-1
2024-12-12,sleep_hours,10.6406724086364,-1
2024-12-30,sleep_hours,10.28214904143626,-1
2025-01-06,sleep_hours,11.326846672912302,-1
2025-03-27,sleep_hours,3.723226822799483,-1
2025-04-22,sleep_hours,3.9176008061099497,-1
2025-05-13,sleep_hours,9.975531304312868,-1
2025-06-10,sleep_hours,10.39739018377757,-1
2025-07-18,sleep_hours,10.490370835838206,-1
2024-10-17,sleep_hours,3.999433512241036,-1
2024-11-27,sleep_hours,11.5014047729452,-1
2024-12-06,sleep_hours,3.45022744244135,-1
2025-01-19,sleep_hours,10.855895798588731,-1
2025-01-26,sleep_hours,3.4958529856969864,-1
2025-03-26,sleep_hours,11.002718658805993,-1
2025-05-20,sleep_hours,3.4797274616946856,-1
2025-06-14,sleep_hours,3.0852340707252184,-1
2025-07-23,sleep_hours,10.240796777136822,-1
2025-08-29,sleep_hours,10.296481643304835,-1
2025-08-31,sleep_hours,3.5625245162095425,-1
2024-09-27,sleep_hours,3.0,-1
2024-10-17,sleep_hours,9.995710904523598,-1
2024-11-28,sleep_hours,4.04946715024934,-1
2024-12-07,sleep_hours,9.983387592105256,-1
2024-12-09,sleep_hours,12.0,-1
2024-12-22,sleep_hours,3.716331085331616,-1
2025-01-06,sleep_hours,10.262970671664126,-1
2025-01-09,sleep_hours,10.578229233728631,-1
2025-01-30,sleep_hours,11.438405673263414,-1
2025-03-27,sleep_hours,11.193751396574946,-1
2025-06-19,sleep_hours,3.9921832325187294,-1
2025-06-29,sleep_hours,10.28045173800321,-1
2025-07-21,sleep_hours,10.119102615335535,-1
2025-08-30,sleep_hours,3.792989651679729,-1
2025-08-31,sleep_hours,3.4283389855367643,-1
2025-09-04,sleep_hours,11.134622372820656,-1
2024-09-07,sleep_hours,10.022158157938463,-1
2024-10-17,sleep_hours,9.974488144057192,-1
2024-10-30,sleep_hours,10.213535068075744,-1
2024-11-10,sleep_hours,3.36963200150342,-1
2024-11-28,sleep_hours,3.1268263231501345,-1
2024-12-28,sleep_hours,10.57937066874732,-1
2025-01-08,sleep_hours,10.437952616596784,-1
2025-01-19,sleep_hours,10.017237547084976,-1
2025-01-28,sleep_hours,11.052115672576171,-1
2025-02-06,sleep_hours,10.315198564482436,-1
2025-02-09,sleep_hours,10.338347708096578,-1
2025-02-28,sleep_hours,10.564076924268122,-1
2025-03-12,sleep_hours,10.416088277992923,-1
2025-04-09,sleep_hours,3.60170194319391,-1
2025-05-10,sleep_hours,3.0,-1
2025-05-12,sleep_hours,3.0,-1
2025-06-01,sleep_hours,10.609761333140735,-1
2025-08-16,sleep_hours,3.0,-1
2025-08-20,sleep_hours,3.869234971931777,-1
2024-09-12,sleep_hours,3.5323830695394944,-1
2024-09-16,sleep_hours,10.51328586790428,-1
2024-10-11,sleep_hours,10.01331153322851,-1
2024-10-21,sleep_hours,10.132657678284026,-1
2024-12-06,sleep_hours,3.797684327255873,-1
2025-01-11,sleep_hours,10.52095054306276,-1
2025-01-21,sleep_hours,3.54005303617168,-1
2025-01-29,sleep_hours,10.739847423845305,-1
2025-02-15,sleep_hours,3.0455198439616336,-1
2025-03-01,sleep_hours,3.841708687245372,-1
2025-03-13,sleep_hours,3.0,-1
2025-03-28,sleep_hours,10.058874064868036,-1
2025-04-04,sleep_hours,10.150443786252616,-1
2025-04-28,sleep_hours,11.240049974263757,-1
2025-04-29,sleep_hours,10.228697727798473,-1
2025-06-19,sleep_hours,3.6432833141808425,-1
2025-06-23,sleep_hours,11.54295053582002,-1
2025-07-04,sleep_hours,3.727287922111935,-1
2025-07-23,sleep_hours,9.984961698540912,-1
2025-08-12,sleep_hours,3.0,-1
2025-08-14,sleep_hours,10.167819219111037,-1
2025-08-18,sleep_hours,11.07628506491547,-1
2024-09-29,sleep_hours,10.231990008805244,-1
2024-09-30,sleep_hours,9.97392587948489,-1
2024-10-26,sleep_hours,10.715159217108347,-1
2024-11-06,sleep_hours,4.047042375719386,-1
2024-11-07,sleep_hours,11.38421944174922,-1
2024-11-09,sleep_hours,10.05597055470712,-1
2024-12-04,sleep_hours,4.055269502219861,-1
2024-12-08,sleep_hours,10.213582428993009,-1
2025-01-04,sleep_hours,10.397335225392697,-1
2025-01-10,sleep_hours,3.0,-1
2025-01-22,sleep_hours,10.619078300986711,-1
2025-01-25,sleep_hours,3.5296097293852133,-1
2025-01-30,sleep_hours,10.211354496425326,-1
2025-02-04,sleep_hours,10.493676620581816,-1
2025-02-23,sleep_hours,10.67429679314538,-1
2025-02-28,sleep_hours,3.740791686499933,-1
2025-03-12,sleep_hours,3.815288623309877,-1
2025-03-27,sleep_hours,3.666704529217908,-1
2025-04-06,sleep_hours,10.657590942124884,-1
2025-04-19,sleep_hours,3.0,-1
2025-05-04,sleep_hours,10.87862288612177,-1
2025-05-27,sleep_hours,3.99016961857942,-1
2025-05-31,sleep_hours,3.0621553311661884,-1
2025-06-27,sleep_hours,3.8934446223133703,-1
2025-07-03,sleep_hours,3.809864108390612,-1
2025-07-08,sleep_hours,10.178483569193435,-1
2025-07-20,sleep_hours,10.15301918303263,-1
2025-07-23,sleep_hours,10.302532498084824,-1
2025-07-28,sleep_hours,3.606372351144504,-1
2025-09-01,sleep_hours,3.9920077584683193,-1
2024-09-21,sleep_hours,11.752349809246068,-1
2024-11-16,sleep_hours,10.214330170675389,-1
2024-11-18,sleep_hours,10.459177779996931,-1
2024-11-19,sleep_hours,10.92868483568718,-1
2024-11-23,sleep_hours,3.9592746901682094,-1
2025-01-02,sleep_hours,3.791090801367568,-1
2025-01-12,sleep_hours,12.0,-1
2025-01-31,sleep_hours,9.971365640550667,-1
2025-03-13,sleep_hours,3.550837901081433,-1
2025-04-08,sleep_hours,10.115253309204933,-1
2025-04-23,sleep_hours,3.845327817089265,-1
2025-05-11,sleep_hours,3.017145892803005,-1
2025-06-06,sleep_hours,3.9184008039431184,-1
2025-06-11,sleep_hours,3.0,-1
2024-09-26,sleep_hours,3.961355437189384,-1
2024-10-26,sleep_hours,10.307733427226603,-1
2024-11-24,sleep_hours,10.609812424130258,-1
2024-12-03,sleep_hours,3.7263557666921416,-1
2024-12-20,sleep_hours,10.161454916926957,-1
2024-12-27,sleep_hours,10.033161826433885,-1
2025-01-20,sleep_hours,10.294033829669718,-1
2025-01-25,sleep_hours,3.701833985791888,-1
2025-02-09,sleep_hours,10.49806689172475,-1
2025-02-17,sleep_hours,10.201710997007057,-1
2025-03-19,sleep_hours,3.792750847335273,-1
2025-03-30,sleep_hours,10.35186795912202,-1
2025-04-04,sleep_hours,3.7367537312505767,-1
2025-04-12,sleep_hours,9.970489132430917,-1
2025-04-13,sleep_hours,3.7471586006760176,-1
2025-05-03,sleep_hours,9.95190523860076,-1
2025-05-12,sleep_hours,3.865686605485803,-1
2025-06-06,sleep_hours,3.0,-1
2025-06-20,sleep_hours,3.850169345557047,-1
2025-06-23,sleep_hours,10.297520091462866,-1
2025-06-25,sleep_hours,10.48078719948618,-1
2025-07-06,sleep_hours,3.871358409014404,-1
2025-08-12,sleep_hours,3.6092626532681296,-1
2025-08-16,sleep_hours,3.4686281748489,-1
2024-09-16,sleep_hours,3.9592010060091,-1
2024-09-23,sleep_hours,3.680756467272132,-1
2024-10-06,sleep_hours,3.907084326756399,-1
2024-11-17,sleep_hours,3.4948296153333205,-1
2024-12-02,sleep_hours,10.253748447142527,-1
2025-01-07,sleep_hours,9.979169120588889,-1
2025-01-15,sleep_hours,10.604513208126296,-1
2025-02-10,sleep_hours,3.052061018414542,-1
2025-02-22,sleep_hours,10.768347655650189,-1
2025-03-14,sleep_hours,4.02420019693348,-1
2025-04-25,sleep_hours,3.116952694595706,-1
2025-05-27,sleep_hours,11.394443641887356,-1
2025-05-30,sleep_hours,10.243466564862874,-1
2025-06-02,sleep_hours,3.45117878020056,-1
2025-06-06,sleep_hours,3.667903748202688,-1
2025-07-14,sleep_hours,10.516120521404158,-1
2025-08-07,sleep_hours,9.938293161903324,-1
2024-09-24,sleep_hours,10.265828768357409,-1
2024-10-16,sleep_hours,3.840432119644176,-1
2024-10-18,sleep_hours,10.5648009706218,-1
2024-10-31,sleep_hours,3.90411004325673,-1
2024-11-08,sleep_hours,3.444985887322278,-1
2024-12-04,sleep_hours,10.634758567201636,-1
2024-12-09,sleep_hours,3.100178150642625,-1
2025-01-07,sleep_hours,3.721539808085296,-1
2025-01-13,sleep_hours,3.836705271556396,-1
2025-01-16,sleep_hours,10.801608312716253,-1
2025-01-21,sleep_hours,3.921035228645039,-1
2025-02-04,sleep_hours,3.840390635541759,-1
2025-03-18,sleep_hours,3.5489232276675824,-1
2025-04-21,sleep_hours,3.581001301720575,-1
2025-04-24,sleep_hours,3.950472372169014,-1
2025-04-29,sleep_hours,4.023840640966812,-1
2025-06-02,sleep_hours,9.95032491123548,-1
2025-06-03,sleep_hours,10.69323106512082,-1
2025-07-05,sleep_hours,3.0,-1
2025-07-07,sleep_hours,3.901650212996514,-1
2025-07-17,sleep_hours,10.01854119978968,-1
2025-08-20,sleep_hours,10.010595674138749,-1
2024-09-08,sleep_hours,10.3095124746124,-1
2024-09-18,sleep_hours,10.048802684105462,-1
2024-09-30,sleep_hours,10.052191592010685,-1
2024-10-01,sleep_hours,9.976895384756956,-1
2024-10-05,sleep_hours,12.0,-1
2024-10-22,sleep_hours,3.820477213565965,-1
2024-11-04,sleep_hours,10.010147682206618,-1
2024-12-28,sleep_hours,3.952358473387402,-1
2025-01-02,sleep_hours,10.07797322389543,-1
2025-03-19,sleep_hours,10.92539752262317,-1
2025-03-20,sleep_hours,10.40504541671572,-1
2025-05-11,sleep_hours,3.711545834521317,-1
2025-05-29,sleep_hours,3.0,-1
2025-06-06,sleep_hours,10.215447749144468,-1
2025-06-08,sleep_hours,10.033655490547028,-1
2025-08-08,sleep_hours,10.787063733261885,-1
2025-08-15,sleep_hours,10.543194158970635,-1
2024-10-21,sleep_hours,11.050590924261968,-1
2024-10-24,sleep_hours,3.646975714428323,-1
2024-10-29,sleep_hours,10.386992250383866,-1
2024-11-26,sleep_hours,10.383671265200215,-1
2024-12-27,sleep_hours,10.907180559742942,-1
2025-02-17,sleep_hours,4.0125033271244686,-1
2025-03-22,sleep_hours,4.005055216376888,-1
2025-04-29,sleep_hours,10.4815623989804,-1
2025-05-20,sleep_hours,3.039556147613906,-1
2025-05-30,sleep_hours,10.05399510896433,-1
2025-06-09,sleep_hours,11.164411775562565,-1
2025-06-24,sleep_hours,9.934186907978765,-1
2025-07-15,sleep_hours,10.240081876268308,-1
2025-08-15,sleep_hours,10.017960231301396,-1
2024-09-17,sleep_hours,3.9886363145917167,-1
2024-10-01,sleep_hours,3.6072963196441954,-1
2024-10-10,sleep_hours,10.054979874366508,-1
2024-10-22,sleep_hours,10.329425403515463,-1
2024-11-01,sleep_hours,9.953301058367568,-1
2024-11-17,sleep_hours,3.733445892476582,-1
2024-11-20,sleep_hours,3.9939844182928135,-1
2024-11-21,sleep_hours,10.163530786684804,-1
2024-12-15,sleep_hours,3.0,-1
2024-12-25,sleep_hours,3.476741853312085,-1
2025-01-06,sleep_hours,3.393732104028508,-1
2025-01-29,sleep_hours,10.867337356418089,-1
2025-02-10,sleep_hours,3.20038973191778,-1
2025-03-02,sleep_hours,3.4418645620309016,-1
2025-03-19,sleep_hours,10.04806214501432,-1
2025-03-24,sleep_hours,10.26281299443162,-1
2025-04-20,sleep_hours,10.506820532577006,-1
2025-04-28,sleep_hours,3.0,-1
2025-05-04,sleep_hours,3.731631765594044,-1
2025-05-09,sleep_hours,3.1075655203512142,-1
2025-05-11,sleep_hours,3.386180913329408,-1
2025-05-13,sleep_hours,10.06365368721358,-1
2025-05-16,sleep_hours,3.0,-1
2025-06-19,sleep_hours,3.704047065751256,-1
2025-08-28,sleep_hours,3.4072778815112814,-1
2025-09-05,sleep_hours,4.039824298106911,-1
2024-09-19,sleep_hours,3.0,-1
2024-09-21,sleep_hours,3.8002915163893447,-1
2024-10-11,sleep_hours,3.0,-1
2024-10-12,sleep_hours,10.642294053024164,-1
2024-11-02,sleep_hours,10.133402004635842,-1
2025-02-02,sleep_hours,3.814968313242288,-1
2025-03-09,sleep_hours,10.801242693972828,-1
2025-03-22,sleep_hours,3.641472882583255,-1
2025-05-05,sleep_hours,3.52447667912557,-1
2025-05-13,sleep_hours,11.15446827859041,-1
2025-05-19,sleep_hours,10.782044033349816,-1
2025-06-21,sleep_hours,10.464563040155054,-1
2025-07-01,sleep_hours,3.992474131664966,-1
2025-07-03,sleep_hours,3.484931188328189,-1
2025-08-07,sleep_hours,3.651931440686056,-1
2025-08-12,sleep_hours,10.313062027783012,-1
2025-08-25,sleep_hours,10.531587876135806,-1
2024-09-13,sleep_hours,3.0071423204592893,-1
2024-09-14,sleep_hours,4.019264517107312,-1
2024-09-22,sleep_hours,3.7210034364953297,-1
2024-09-27,sleep_hours,9.957630109973772,-1
2024-10-16,sleep_hours,10.03772764028675,-1
2024-11-01,sleep_hours,3.0,-1
2024-12-31,sleep_hours,3.951691157782066,-1
2025-02-19,sleep_hours,10.268600290054456,-1
2025-03-19,sleep_hours,10.42072147692529,-1
2025-04-02,sleep_hours,11.05087438725122,-1
2025-05-18,sleep_hours,10.57385377965321,-1
2025-06-11,sleep_hours,3.830607818942464,-1
2025-06-14,sleep_hours,10.074477039394695,-1
2025-07-05,sleep_hours,3.0,-1
2025-08-19,sleep_hours,10.200593809088376,-1
2024-10-06,sleep_hours,10.499259980404757,-1
2024-10-09,sleep_hours,10.64655683955042,-1
2024-10-19,sleep_hours,3.708672850457709,-1
2024-10-25,sleep_hours,3.0,-1
2025-01-29,sleep_hours,3.621026702163385,-1
2025-01-30,sleep_hours,4.047288720658575,-1
2025-02-02,sleep_hours,10.240461540085386,-1
2025-02-03,sleep_hours,11.12722018414292,-1
2025-02-23,sleep_hours,10.376129925218663,-1
2025-05-03,sleep_hours,9.947266835053082,-1
2025-05-21,sleep_hours,3.0,-1
2025-07-24,sleep_hours,3.3172029252746245,-1
2025-08-03,sleep_hours,10.428067613917015,-1
2025-08-31,sleep_hours,10.566314114035972,-1
2024-09-13,sleep_hours,11.213730066855408,-1
2024-09-23,sleep_hours,3.9678720706384767,-1
2024-09-27,sleep_hours,10.012980852749532,-1
2024-10-11,sleep_hours,10.317208307188851,-1
2024-10-25,sleep_hours,10.937863434508124,-1
2024-10-28,sleep_hours,3.8132994125121695,-1
2024-12-22,sleep_hours,10.833527876894616,-1
2024-12-29,sleep_hours,4.013459505418791,-1
2025-01-02,sleep_hours,10.954611426983366,-1
2025-01-03,sleep_hours,4.047520491624494,-1
2025-01-11,sleep_hours,3.246041402751149,-1
2025-01-31,sleep_hours,10.173551923911193,-1
2025-02-28,sleep_hours,10.498258697829147,-1
2025-04-06,sleep_hours,10.250220646361909,-1
2025-04-29,sleep_hours,3.4909817394061857,-1
2025-05-21,sleep_hours,10.1788757398109,-1
2025-06-13,sleep_hours,9.956421705689367,-1
2025-06-21,sleep_hours,11.089698516277808,-1
2025-06-23,sleep_hours,4.045153637676078,-1
2025-08-29,sleep_hours,11.137813377751932,-1
2025-08-30,sleep_hours,3.7945713128173697,-1
2025-09-05,sleep_hours,3.923715928316693,-1
2024-09-21,sleep_hours,9.953322485450824,-1
2024-10-12,sleep_hours,11.237145354811268,-1
2024-11-05,sleep_hours,4.048234663034554,-1
2024-12-04,sleep_hours,3.796185014641496,-1
2024-12-06,sleep_hours,3.0,-1
2024-12-14,sleep_hours,3.366943848723063,-1
2025-01-28,sleep_hours,3.4898875399114315,-1
2025-03-08,sleep_hours,11.246545405496814,-1
2025-03-25,sleep_hours,10.206063483896823,-1
2025-03-26,sleep_hours,10.19178786343142,-1
2025-03-27,sleep_hours,3.8818189938550782,-1
2025-03-30,sleep_hours,10.657536091430472,-1
2025-04-21,sleep_hours,3.987905852440412,-1
2025-06-25,sleep_hours,3.4389240032187125,-1
2025-07-07,sleep_hours,10.894174072686932,-1
2025-08-03,sleep_hours,10.652564623347548,-1
2025-08-21,sleep_hours,4.020430614435163,-1
2025-08-25,sleep_hours,11.308517225718989,-1
2024-09-17,sleep_hours,3.674648202297449,-1
2024-10-12,sleep_hours,12.0,-1
2024-10-31,sleep_hours,3.5461620833474585,-1
2024-11-24,sleep_hours,3.1601463453276217,-1
2024-12-03,sleep_hours,3.33572043437323,-1
2024-12-09,sleep_hours,3.0,-1
2025-03-06,sleep_hours,12.0,-1
2025-04-28,sleep_hours,11.78926405539365,-1
2025-06-07,sleep_hours,3.3740301708731986,-1
2025-06-14,sleep_hours,10.536939305362004,-1
2025-08-05,sleep_hours,11.768997850722588,-1
2025-08-14,sleep_hours,10.40108882640597,-1
2025-08-18,sleep_hours,3.005239643768387,-1
2024-09-22,sleep_hours,10.191906800152822,-1
2024-10-12,sleep_hours,3.0,-1
2024-11-14,sleep_hours,3.40839926096091,-1
2024-11-15,sleep_hours,10.915070941610963,-1
2024-11-18,sleep_hours,3.734759296158211,-1
2024-12-02,sleep_hours,10.168545179130412,-1
2024-12-03,sleep_hours,3.7482587773206513,-1
2024-12-28,sleep_hours,10.289425616583427,-1
2025-01-04,sleep_hours,3.537911774960991,-1
2025-02-26,sleep_hours,10.65196393053591,-1
2025-02-28,sleep_hours,4.041131255051945,-1
2025-03-01,sleep_hours,11.222053472953275,-1
2025-03-12,sleep_hours,3.0204208790635927,-1
2025-03-21,sleep_hours,3.5319124318851336,-1
2025-05-03,sleep_hours,3.9487125704895143,-1
2025-06-27,sleep_hours,3.658145084709001,-1
2025-07-08,sleep_hours,3.0,-1
2025-08-17,sleep_hours,3.817399496890993,-1
2025-08-18,sleep_hours,3.664317583602944,-1
2024-10-03,sleep_hours,3.3505420992022934,-1
2024-10-05,sleep_hours,9.96633915596537,-1
2024-11-12,sleep_hours,10.388051777463204,-1
2025-01-08,sleep_hours,10.739435896446087,-1
2025-01-28,sleep_hours,10.045868063143006,-1
2025-02-03,sleep_hours,3.0,-1
2025-02-09,sleep_hours,10.108711256779886,-1
2025-03-27,sleep_hours,3.9827759720964986,-1
2025-04-11,sleep_hours,3.5815970523675738,-1
2025-04-20,sleep_hours,3.843103053340344,-1
2025-05-03,sleep_hours,10.06408739469573,-1
2025-05-18,sleep_hours,10.007133187312023,-1
2025-05-28,sleep_hours,12.0,-1
2025-06-09,sleep_hours,3.730865469133322,-1
2025-06-27,sleep_hours,3.758218247990871,-1
2025-07-10,sleep_hours,3.568999914098512,-1
2025-08-07,sleep_hours,4.046397516252663,-1
2025-08-18,sleep_hours,3.1831882813258896,-1
2024-09-20,sleep_hours,10.216024021567373,-1
2024-10-18,sleep_hours,3.26902956881606,-1
2024-10-26,sleep_hours,3.287929687033918,-1
2024-11-05,sleep_hours,3.6685575426517607,-1
2024-12-17,sleep_hours,10.09188454499816,-1
2024-12-26,sleep_hours,3.844541838457092,-1
2024-12-27,sleep_hours,10.929760859882103,-1
2025-01-09,sleep_hours,3.582697440926153,-1
2025-01-15,sleep_hours,3.955282099629459,-1
2025-01-27,sleep_hours,11.051266683705316,-1
2025-01-31,sleep_hours,10.169394601012447,-1
2025-02-11,sleep_hours,9.96095241333046,-1
2025-03-22,sleep_hours,10.439360655918858,-1
2025-04-07,sleep_hours,10.066207035790631,-1
2025-04-09,sleep_hours,4.020264867842004,-1
2025-04-18,sleep_hours,9.997962592753805,-1
2025-05-03,sleep_hours,4.019483689629509,-1
2025-05-15,sleep_hours,12.0,-1
2025-06-12,sleep_hours,10.429336601884044,-1
2025-06-28,sleep_hours,9.959154634094888,-1
2025-08-01,sleep_hours,9.98484244282868,-1
2025-08-06,sleep_hours,3.986176507461647,-1
2025-08-10,sleep_hours,11.61109286205446,-1
2025-08-23,sleep_hours,3.676231229706553,-1
2024-09-18,sleep_hours,3.402906417730948,-1
2024-12-16,sleep_hours,3.0,-1
2024-12-17,sleep_hours,10.154930571424227,-1
2024-12-23,sleep_hours,3.0,-1
2024-12-24,sleep_hours,10.81255931089368,-1
2025-01-12,sleep_hours,3.0,-1
2025-03-13,sleep_hours,3.637124201759442,-1
2025-03-20,sleep_hours,9.991465856969556,-1
2025-06-06,sleep_hours,4.037732548370822,-1
2025-06-08,sleep_hours,3.6261606440020047,-1
2025-07-01,sleep_hours,3.992644049977245,-1
2025-07-10,sleep_hours,3.713729699663421,-1
2025-07-15,sleep_hours,10.367916624168831,-1
2025-07-26,sleep_hours,11.219534069279494,-1
2025-08-01,sleep_hours,10.065719153180838,-1
2025-08-04,sleep_hours,10.168773018863972,-1
2025-08-09,sleep_hours,9.956221414701728,-1
2025-08-17,sleep_hours,11.898750238809772,-1
2024-10-01,sleep_hours,3.946015216816406,-1
2024-11-07,sleep_hours,11.111116580682644,-1
2024-12-29,sleep_hours,10.483913752690606,-1
2025-01-09,sleep_hours,11.205294379983105,-1
2025-01-14,sleep_hours,10.767008735559466,-1
2025-02-28,sleep_hours,3.3331785137624177,-1
2025-03-22,sleep_hours,3.907052730374584,-1
2025-03-29,sleep_hours,11.408455665285176,-1
2025-04-21,sleep_hours,10.299525865172503,-1
2025-05-16,sleep_hours,10.916538972436554,-1
2025-05-23,sleep_hours,3.4839009634883094,-1
2025-06-19,sleep_hours,3.144896335265375,-1
2025-07-22,sleep_hours,10.94739853742846,-1
2024-09-10,sleep_hours,3.9128008123423816,-1
2024-09-15,sleep_hours,12.0,-1
2024-10-07,sleep_hours,9.946108047507328,-1
2024-10-31,sleep_hours,3.834900876735176,-1
2024-12-17,sleep_hours,3.0,-1
2025-02-24,sleep_hours,3.219769179387538,-1
2025-03-17,sleep_hours,10.278330463396642,-1
2025-03-20,sleep_hours,3.597127162138708,-1
2025-04-12,sleep_hours,10.591877780870773,-1
2025-05-26,sleep_hours,10.310494077172436,-1
2025-06-13,sleep_hours,9.992145638661622,-1
2025-06-27,sleep_hours,3.0,-1
2025-07-27,sleep_hours,10.41041068431856,-1
2025-08-01,sleep_hours,10.147538612665643,-1
2025-08-24,sleep_hours,3.712895662072305,-1
2024-09-07,sleep_hours,11.06005150924426,-1
2024-10-01,sleep_hours,10.272425918931845,-1
2024-10-18,sleep_hours,3.929705987342233,-1
2024-12-11,sleep_hours,3.0,-1
2025-01-02,sleep_hours,3.993870311079821,-1
2025-02-07,sleep_hours,3.143576665179994,-1
2025-02-18,sleep_hours,3.0,-1
2025-03-04,sleep_hours,3.928948794574728,-1
2025-03-06,sleep_hours,10.934795032194195,-1
2025-03-28,sleep_hours,3.5218857293014385,-1
2025-04-21,sleep_hours,11.008213849757524,-1
2025-06-21,sleep_hours,10.875390041135253,-1
2025-06-28,sleep_hours,10.865879795357351,-1
2025-07-28,sleep_hours,10.145061813399863,-1
2025-08-18,sleep_hours,3.0,-1
2024-09-23,sleep_hours,3.7817034586158895,-1
2024-10-10,sleep_hours,3.0,-1
2024-12-30,sleep_hours,3.800148044149569,-1
2025-01-17,sleep_hours,3.965360373458133,-1
2025-02-07,sleep_hours,3.975856224417475,-1
2025-04-16,sleep_hours,10.203535707916393,-1
2025-05-18,sleep_hours,10.077396559860784,-1
2025-05-25,sleep_hours,10.145296206855107,-1
2025-07-10,sleep_hours,10.519080433297452,-1
2024-09-28,sleep_hours,10.186223955310982,-1
2024-11-16,sleep_hours,3.59359391860808,-1
2024-11-24,sleep_hours,11.645373061991666,-1
2024-12-21,sleep_hours,10.756429439419623,-1
2025-01-15,sleep_hours,10.798508303073856,-1
2025-04-13,sleep_hours,3.8620186472554936,-1
2025-04-19,sleep_hours,4.02454973143712,-1
2025-05-06,sleep_hours,10.670786253833572,-1
2025-05-08,sleep_hours,3.9677816726077295,-1
2025-06-03,sleep_hours,10.99802702830734,-1
2025-06-04,sleep_hours,10.389448019602964,-1
2024-10-03,sleep_hours,3.0,-1
2024-10-05,sleep_hours,3.0301219661719347,-1
2024-10-18,sleep_hours,3.38813666866593,-1
2024-10-28,sleep_hours,3.454349156305069,-1
2024-10-29,sleep_hours,3.378149043740737,-1
2024-11-08,sleep_hours,3.830405477290573,-1
2024-11-21,sleep_hours,11.100273881162131,-1
2024-12-01,sleep_hours,10.119111910263268,-1
2024-12-27,sleep_hours,10.552806541145756,-1
2025-01-15,sleep_hours,3.592870797064966,-1
2025-02-25,sleep_hours,3.8861100181805774,-1
2025-03-17,sleep_hours,4.041775806013986,-1
2025-03-31,sleep_hours,3.716046797183898,-1
2025-04-08,sleep_hours,10.179445137781824,-1
2025-05-17,sleep_hours,10.006357816851706,-1
2025-05-25,sleep_hours,10.18983518428284,-1
2025-05-31,sleep_hours,10.558241015877384,-1
2025-06-16,sleep_hours,10.43521873655275,-1
2025-06-25,sleep_hours,4.039218780018347,-1
2025-07-19,sleep_hours,4.034376959884302,-1
2024-09-06,sleep_hours,3.0,-1
2024-09-11,sleep_hours,3.0,-1
2024-10-09,sleep_hours,10.096282182943517,-1
2024-10-11,sleep_hours,3.986087996996975,-1
2024-10-14,sleep_hours,10.25592959059265,-1
2024-12-10,sleep_hours,9.997687266032244,-1
2025-01-09,sleep_hours,10.391842061272142,-1
2025-01-21,sleep_hours,10.052219974131578,-1
2025-02-16,sleep_hours,3.0,-1
2025-02-19,sleep_hours,3.2703622859034267,-1
2025-03-09,sleep_hours,10.680676017711727,-1
2025-03-16,sleep_hours,11.624607769720988,-1
2025-05-09,sleep_hours,3.7037694610744527,-1
2025-06-03,sleep_hours,3.2043725533537675,-1
2025-06-04,sleep_hours,10.247710999135345,-1
2025-06-14,sleep_hours,11.485363686604186,-1
2025-06-20,sleep_hours,3.951323870141095,-1
2025-07-12,sleep_hours,3.0,-1
2025-07-28,sleep_hours,10.548097216521343,-1
2024-09-15,sleep_hours,3.5774046379103583,-1
2024-09-18,sleep_hours,3.4681481092924478,-1
2024-09-26,sleep_hours,3.8936604492372062,-1
2024-09-27,sleep_hours,3.0,-1
2024-10-28,sleep_hours,10.334860942704935,-1
2024-12-09,sleep_hours,10.999442989226925,-1
2024-12-13,sleep_hours,9.971036072705942,-1
2024-12-21,sleep_hours,10.42281773852866,-1
2024-12-23,sleep_hours,10.063805636207078,-1
2025-01-15,sleep_hours,10.250050145096052,-1
2025-02-09,sleep_hours,10.53173739517503,-1
2025-02-11,sleep_hours,10.414440754068297,-1
2025-02-27,sleep_hours,10.29431250969546,-1
2025-04-04,sleep_hours,3.663716037026562,-1
2025-04-27,sleep_hours,3.4089137712017434,-1
2025-05-20,sleep_hours,10.363348495618933,-1
2025-05-23,sleep_hours,10.035476545222034,-1
2025-06-11,sleep_hours,3.5670549935654954,-1
2025-07-10,sleep_hours,9.9405599049601,-1
2025-08-02,sleep_hours,9.934608159871338,-1
2025-08-07,sleep_hours,11.626212067906108,-1
2025-08-13,sleep_hours,3.429158986992472,-1
2025-08-21,sleep_hours,10.243739960186597,-1
2025-08-27,sleep_hours,10.283443273680456,-1
2024-09-12,sleep_hours,3.4656865217300217,-1
2024-09-15,sleep_hours,3.1740750591597413,-1
2024-09-19,sleep_hours,3.0,-1
2024-10-02,sleep_hours,3.862237783816184,-1
2024-10-10,sleep_hours,3.749863753024809,-1
2024-12-12,sleep_hours,10.55405014884587,-1
2024-12-23,sleep_hours,10.339711716502345,-1
2024-12-27,sleep_hours,10.187504298340178,-1
2024-12-29,sleep_hours,10.022052401083776,-1
2025-01-15,sleep_hours,10.67029088477113,-1
2025-01-19,sleep_hours,3.7354501496738415,-1
2025-01-23,sleep_hours,3.0,-1
2025-02-07,sleep_hours,10.640587050432512,-1
2025-02-08,sleep_hours,3.62669282512795,-1
2025-02-19,sleep_hours,10.17259268644871,-1
2025-03-14,sleep_hours,3.430704441897661,-1
2025-03-27,sleep_hours,3.479608882850483,-1
2025-03-31,sleep_hours,12.0,-1
2025-05-12,sleep_hours,10.045113687756196,-1
2025-05-24,sleep_hours,10.841761292933684,-1
2025-06-14,sleep_hours,3.946462459758037,-1
2025-07-21,sleep_hours,10.931011119327794,-1
2025-07-28,sleep_hours,3.965808005052856,-1
2025-07-31,sleep_hours,10.290343470494962,-1
2025-08-13,sleep_hours,3.96696587197632,-1
2025-08-20,sleep_hours,4.035997051742582,-1
2025-09-03,sleep_hours,3.9505210308007888,-1
2024-09-11,sleep_hours,10.612721863272244,-1
2024-09-26,sleep_hours,3.2774468560626056,-1
2024-09-28,sleep_hours,3.838218693599318,-1
2024-10-18,sleep_hours,9.985678448977222,-1
2024-11-07,sleep_hours,10.175251601448446,-1
2024-12-16,sleep_hours,3.684724249753116,-1
2024-12-31,sleep_hours,3.162693093096902,-1
2025-01-05,sleep_hours,10.691695500811337,-1
2025-02-18,sleep_hours,9.953621506007137,-1
2025-03-01,sleep_hours,3.5341093073192718,-1
2025-03-07,sleep_hours,3.4033240225723453,-1
2025-04-12,sleep_hours,10.141675566629468,-1
2025-04-29,sleep_hours,10.696247240825432,-1
2025-05-25,sleep_hours,10.866212165966466,-1
2025-06-02,sleep_hours,3.0,-1
2025-06-11,sleep_hours,9.939249468435818,-1
2025-06-17,sleep_hours,3.3942591690455197,-1
2025-06-30,sleep_hours,3.0,-1
2025-07-08,sleep_hours,3.2986646299803084,-1
2025-07-17,sleep_hours,3.4405102461062764,-1
2025-07-20,sleep_hours,3.691090630708079,-1
2025-08-06,sleep_hours,10.07038215247642,-1
2024-09-06,sleep_hours,10.174837974707817,-1
2024-09-12,sleep_hours,3.490489400968504,-1
2024-10-23,sleep_hours,3.904400899771368,-1
2024-12-06,sleep_hours,3.4541304743720027,-1
2024-12-07,sleep_hours,11.111999896591056,-1
2024-12-22,sleep_hours,3.0,-1
2024-12-29,sleep_hours,3.6272517879843273,-1
2025-01-03,sleep_hours,10.482177120307336,-1
2025-01-14,sleep_hours,3.9757259260890057,-1
2025-01-22,sleep_hours,10.066339145090792,-1
2025-02-11,sleep_hours,3.8638134879269286,-1
2025-02-12,sleep_hours,10.17715705941777,-1
2025-02-18,sleep_hours,10.1072767717143,-1
2025-02-22,sleep_hours,10.080812403877497,-1
2025-03-07,sleep_hours,3.3816982330676457,-1
2025-03-29,sleep_hours,3.0,-1
2025-04-02,sleep_hours,3.1965255401407484,-1
2025-04-03,sleep_hours,3.1119455790214183,-1
2025-04-27,sleep_hours,3.415200868663086,-1
2025-05-03,sleep_hours,3.62274816078025,-1
2025-05-05,sleep_hours,3.110924735130289,-1
2025-05-10,sleep_hours,11.5004705799578,-1
2025-06-26,sleep_hours,3.416813993001125,-1
2025-07-16,sleep_hours,3.54111701838112,-1
2025-08-03,sleep_hours,3.975059761783936,-1
2024-09-13,sleep_hours,3.993734066578278,-1
2024-10-09,sleep_hours,10.741705854222433,-1
2024-11-11,sleep_hours,3.853333391202123,-1
2024-12-13,sleep_hours,10.261812562870068,-1
2024-12-30,sleep_hours,3.5450268614900784,-1
2025-01-28,sleep_hours,11.069250542711936,-1
2025-02-24,sleep_hours,3.484352382909317,-1
2025-02-27,sleep_hours,3.414141510936592,-1
2025-03-05,sleep_hours,3.483121171452412,-1
2025-03-08,sleep_hours,4.052346031410988,-1
2025-04-09,sleep_hours,3.1890132555687263,-1
2025-04-25,sleep_hours,10.7086485271987,-1
2025-05-01,sleep_hours,3.8735809016781433,-1
2025-05-23,sleep_hours,9.937405213417517,-1
2025-06-08,sleep_hours,10.781673784496252,-1
2025-06-10,sleep_hours,3.0,-1
2025-06-28,sleep_hours,3.387262008749593,-1
2025-08-12,sleep_hours,10.146237621594588,-1
2025-08-25,sleep_hours,3.071543531175513,-1
2024-09-07,sleep_hours,10.170083151509472,-1
2024-10-17,sleep_hours,3.927622578591393,-1
2024-10-31,sleep_hours,10.001669110639495,-1
2024-11-11,sleep_hours,4.044745020991291,-1
2024-11-21,sleep_hours,10.66681903515056,-1
2024-12-15,sleep_hours,3.0,-1
2024-12-18,sleep_hours,3.221104731799259,-1
2025-01-08,sleep_hours,3.720714597310668,-1
2025-02-02,sleep_hours,10.233340610251432,-1
2025-02-10,sleep_hours,10.384629401067189,-1
2025-02-17,sleep_hours,10.00756764199106,-1
2025-02-23,sleep_hours,10.45203950848571,-1
2025-03-07,sleep_hours,3.9248755879842303,-1
2025-03-16,sleep_hours,10.619881242073085,-1
2025-03-17,sleep_hours,10.005250817195932,-1
2025-04-08,sleep_hours,3.0,-1
2025-05-25,sleep_hours,3.924388995295853,-1
2025-05-31,sleep_hours,10.521910781304763,-1
2025-06-05,sleep_hours,10.51138626583652,-1
2025-06-12,sleep_hours,11.35851126622284,-1
2025-08-06,sleep_hours,3.0,-1
2025-08-10,sleep_hours,3.9847881852771607,-1
2025-08-16,sleep_hours,3.8697884440438415,-1
2025-08-19,sleep_hours,3.655802894124231,-1
2025-08-21,sleep_hours,10.067966732001778,-1
2025-08-22,sleep_hours,10.3898929382138,-1
2025-09-02,sleep_hours,10.03870223001465,-1
2024-10-09,sleep_hours,3.773147808103423,-1
2024-10-26,sleep_hours,10.21164735632606,-1
2024-11-02,sleep_hours,4.020345473844083,-1
2024-11-21,sleep_hours,11.160499044702073,-1
2024-11-23,sleep_hours,3.790203752357914,-1
2024-11-29,sleep_hours,3.2552309971238227,-1
2025-01-30,sleep_hours,10.890526400110298,-1
2025-03-03,sleep_hours,12.0,-1
2025-03-04,sleep_hours,3.1454644776306595,-1
2025-03-26,sleep_hours,10.40619991887906,-1
2025-06-04,sleep_hours,3.9897878544929473,-1
2025-08-20,sleep_hours,4.045213712851891,-1
2024-10-09,sleep_hours,12.0,-1
2024-10-15,sleep_hours,10.083744827976004,-1
2024-11-08,sleep_hours,3.0,-1
2024-12-04,sleep_hours,10.136011992353888,-1
2024-12-11,sleep_hours,3.919640781444589,-1
2024-12-18,sleep_hours,3.325886776746548,-1
2024-12-25,sleep_hours,10.183589979120818,-1
2025-01-09,sleep_hours,10.554641053173864,-1
2025-01-11,sleep_hours,10.607383416178628,-1
2025-03-07,sleep_hours,9.978410535432891,-1
2025-03-21,sleep_hours,3.4238778757031456,-1
2025-04-06,sleep_hours,3.4102131193427114,-1
2025-04-16,sleep_hours,3.812427412558594,-1
2025-04-24,sleep_hours,3.0,-1
2025-05-24,sleep_hours,3.648294215324922,-1
2025-06-26,sleep_hours,3.664190869473731,-1
2025-07-10,sleep_hours,3.5896860359832328,-1
2025-08-21,sleep_hours,3.1476472928037844,-1
2025-08-30,sleep_hours,10.183343348468645,-1
2024-09-09,sleep_hours,10.462829697903258,-1
2024-10-07,sleep_hours,10.816162354422524,-1
2024-11-01,sleep_hours,10.031373353879545,-1
2024-11-22,sleep_hours,3.27395924506748,-1
2024-12-08,sleep_hours,10.551574482990455,-1
2024-12-12,sleep_hours,10.23395569725946,-1
2024-12-20,sleep_hours,9.934126276726618,-1
2025-01-15,sleep_hours,10.964488462158762,-1
2025-02-15,sleep_hours,10.11092636687818,-1
2025-02-17,sleep_hours,3.904682856273984,-1
2025-02-27,sleep_hours,10.401821983229985,-1
2025-03-06,sleep_hours,3.963464154276366,-1
2025-03-19,sleep_hours,3.776846809205965,-1
2025-04-13,sleep_hours,3.710256127986735,-1
2025-04-14,sleep_hours,11.348321056369231,-1
2025-04-15,sleep_hours,3.528289080054697,-1
2025-05-03,sleep_hours,4.003402006504265,-1
2025-06-19,sleep_hours,10.284969207999008,-1
2025-07-03,sleep_hours,11.684301422015558,-1
2025-07-08,sleep_hours,3.6671709735488696,-1
2025-07-13,sleep_hours,10.628797403204914,-1
2025-07-28,sleep_hours,10.639012205061816,-1
2025-08-23,sleep_hours,10.423957090030806,-1
2025-08-26,sleep_hours,4.038723896682811,-1
2025-08-27,sleep_hours,10.420186589867368,-1
2024-09-13,sleep_hours,10.667864119571352,-1
2024-09-19,sleep_hours,10.110670686396691,-1
2024-09-24,sleep_hours,3.0,-1
2024-09-26,sleep_hours,10.330959849372924,-1
2024-10-14,sleep_hours,10.245494691066966,-1
2024-10-19,sleep_hours,9.948294455044266,-1
2024-10-20,sleep_hours,3.1361425450610594,-1
2024-12-15,sleep_hours,11.62590470595304,-1
2024-12-20,sleep_hours,3.413014953854586,-1
2024-12-28,sleep_hours,3.926847534823451,-1
2024-12-31,sleep_hours,3.620735782289585,-1
2025-01-21,sleep_hours,10.388651414270234,-1
2025-03-07,sleep_hours,10.331238782481863,-1
2025-04-02,sleep_hours,3.638419613172084,-1
2025-04-08,sleep_hours,3.8167283159312086,-1
2025-04-10,sleep_hours,10.473417590067331,-1
2025-04-14,sleep_hours,3.0,-1
2025-04-25,sleep_hours,10.174035777621835,-1
2025-06-07,sleep_hours,3.4141909345350085,-1
2025-06-20,sleep_hours,3.0,-1
2025-06-25,sleep_hours,10.233850994757695,-1
2025-07-26,sleep_hours,10.396109470678674,-1
2025-08-26,sleep_hours,3.0,-1
2024-09-12,sleep_hours,10.095106498592544,-1
2024-10-03,sleep_hours,10.5839136800708,-1
2024-10-15,sleep_hours,3.860584568017045,-1
2024-11-17,sleep_hours,3.0,-1
2024-12-11,sleep_hours,3.686614122329776,-1
2025-01-07,sleep_hours,3.0,-1
2025-01-09,sleep_hours,3.453699769197077,-1
2025-01-31,sleep_hours,10.25908802411048,-1
2025-02-02,sleep_hours,3.498170972085735,-1
2025-02-19,sleep_hours,3.4223020702841485,-1
2025-03-28,sleep_hours,11.111857192318494,-1
2025-04-21,sleep_hours,10.434954028094005,-1
2025-04-27,sleep_hours,4.002524928650644,-1
2025-05-06,sleep_hours,10.48777687305214,-1
2025-05-16,sleep_hours,3.853118786639695,-1
2025-05-19,sleep_hours,3.828569242385565,-1
2025-06-04,sleep_hours,10.868696380267682,-1
2025-07-01,sleep_hours,3.0830124388466484,-1
2025-07-07,sleep_hours,3.9823206074461206,-1
2025-07-30,sleep_hours,11.515762995320063,-1
2025-08-08,sleep_hours,3.504274270212627,-1
2025-08-27,sleep_hours,11.156945763569436,-1
2025-09-01,sleep_hours,4.051178895202596,-1
2024-09-09,sleep_hours,10.409130584808478,-1
2024-09-25,sleep_hours,10.037106350612724,-1
2024-10-05,sleep_hours,10.6203479269397,-1
2024-10-16,sleep_hours,4.04348202787552,-1
2024-11-26,sleep_hours,9.975234260519027,-1
2024-12-20,sleep_hours,9.952108380537483,-1
2025-02-04,sleep_hours,10.080687510665989,-1
2025-02-14,sleep_hours,3.996257295694184,-1
2025-02-27,sleep_hours,9.94546914046872,-1
2025-03-24,sleep_hours,10.767464692207753,-1
2025-04-26,sleep_hours,3.0,-1
2025-08-07,sleep_hours,3.0,-1
2025-08-25,sleep_hours,3.663784767501883,-1
2024-09-09,sleep_hours,3.0,-1
2024-10-11,sleep_hours,3.386017465527211,-1
2024-10-18,sleep_hours,3.692730333773671,-1
2024-11-27,sleep_hours,10.184809004058971,-1
2024-12-24,sleep_hours,10.417643635288158,-1
2025-01-05,sleep_hours,3.176830623664544,-1
2025-02-17,sleep_hours,11.570963943757484,-1
2025-04-11,sleep_hours,10.185129657925428,-1
2025-04-12,sleep_hours,10.29789514982424,-1
2025-05-18,sleep_hours,10.397130642159471,-1
2025-06-11,sleep_hours,10.570116435201315,-1
2025-06-27,sleep_hours,4.018761351511987,-1
2025-07-18,sleep_hours,10.282502435204972,-1
2025-08-25,sleep_hours,3.943728434111709,-1
2024-09-23,sleep_hours,3.037795859782553,-1
2024-12-17,sleep_hours,3.6343325916610913,-1
2025-02-10,sleep_hours,3.677569597228201,-1
2025-02-21,sleep_hours,3.196006054087631,-1
2025-03-03,sleep_hours,3.692735923878301,-1
2025-03-09,sleep_hours,3.0,-1
2025-04-17,sleep_hours,10.017830599178131,-1
2025-04-18,sleep_hours,10.00775486698295,-1
2025-04-29,sleep_hours,3.92096474203115,-1
2025-05-12,sleep_hours,3.991508747322805,-1
2025-05-16,sleep_hours,10.04533078037058,-1
2025-06-17,sleep_hours,10.754777488525743,-1
2025-06-24,sleep_hours,3.0,-1
2025-06-28,sleep_hours,3.845120018884904,-1
2025-06-30,sleep_hours,11.217408005449196,-1
2025-07-02,sleep_hours,10.596739789587057,-1
2025-07-28,sleep_hours,10.733001025854213,-1
2025-08-31,sleep_hours,3.895888463086872,-1
2024-09-11,sleep_hours,10.680462478615445,-1
2024-10-02,sleep_hours,10.83866501494232,-1
2024-11-10,sleep_hours,3.8472756532202848,-1
2024-11-27,sleep_hours,3.8433909719056354,-1
2025-01-07,sleep_hours,3.0,-1
2025-01-20,sleep_hours,3.84161138757649,-1
2025-03-03,sleep_hours,10.31721552051079,-1
2025-03-22,sleep_hours,11.300334456413976,-1
2025-03-27,sleep_hours,10.470409894176097,-1
2025-04-02,sleep_hours,10.513665708732528,-1
2025-06-03,sleep_hours,10.591355115320477,-1
2025-07-14,sleep_hours,3.0,-1
2025-07-16,sleep_hours,3.608876025551331,-1
2025-07-27,sleep_hours,10.185700909282897,-1
2024-09-08,sleep_hours,3.937536237364254,-1
2024-10-18,sleep_hours,10.646913750603163,-1
2024-10-23,sleep_hours,3.927949080038061,-1
2024-11-01,sleep_hours,3.98038242321884,-1
2024-12-02,sleep_hours,10.099034522555987,-1
2024-12-11,sleep_hours,10.058536455011096,-1
2024-12-15,sleep_hours,3.683360051124951,-1
2024-12-21,sleep_hours,10.031073322630215,-1
2025-01-12,sleep_hours,3.0,-1
2025-02-23,sleep_hours,3.0,-1
2025-03-31,sleep_hours,3.934506708632888,-1
2025-04-06,sleep_hours,11.298636192494316,-1
2025-04-08,sleep_hours,10.148031467199402,-1
2025-06-24,sleep_hours,10.67624502850552,-1
2025-06-26,sleep_hours,3.0,-1
2025-07-06,sleep_hours,10.079282346034784,-1
2025-07-13,sleep_hours,10.379050634563878,-1
2025-07-28,sleep_hours,11.36482734392316,-1
2025-07-31,sleep_hours,10.35751375605498,-1
2025-08-05,sleep_hours,4.0431221660796846,-1
2024-09-12,sleep_hours,3.17212672600432,-1
2024-09-21,sleep_hours,3.96013664438557,-1
2024-10-06,sleep_hours,3.267248649500469,-1
2024-11-18,sleep_hours,10.313730065400332,-1
2024-11-29,sleep_hours,10.614594775491293,-1
2024-12-01,sleep_hours,10.247301329881775,-1
2024-12-22,sleep_hours,3.4494529354173142,-1
2025-01-22,sleep_hours,3.4368365561966705,-1
2025-02-08,sleep_hours,3.465533775775479,-1
2025-02-15,sleep_hours,10.604276478236756,-1
2025-02-22,sleep_hours,10.030369903285935,-1
2025-04-04,sleep_hours,10.351618631599058,-1
2025-04-05,sleep_hours,10.644029066307832,-1
2025-04-29,sleep_hours,10.707948276260948,-1
2025-05-02,sleep_hours,9.959334748029407,-1
2025-05-12,sleep_hours,11.226524088252646,-1
2025-05-13,sleep_hours,3.895495250299984,-1
2025-05-28,sleep_hours,3.690898583834836,-1
2025-06-14,sleep_hours,12.0,-1
2025-06-20,sleep_hours,10.328474734569808,-1
2025-07-08,sleep_hours,3.0,-1
2025-08-16,sleep_hours,3.492353038149372,-1
2025-08-21,sleep_hours,4.0520086641389135,-1
2025-08-30,sleep_hours,3.772478577265435,-1
2025-09-04,sleep_hours,3.523149654938357,-1
2024-09-23,sleep_hours,10.234432156745068,-1
2024-09-26,sleep_hours,11.485716800354908,-1
2024-10-24,sleep_hours,3.7707202846318055,-1
2024-10-28,sleep_hours,3.0,-1
2024-11-18,sleep_hours,10.084592217675912,-1
2024-12-09,sleep_hours,10.419617139969764,-1
2025-02-03,sleep_hours,10.493404259350925,-1
2025-02-04,sleep_hours,10.234578084564175,-1
2025-03-01,sleep_hours,3.0711724620149794,-1
2025-03-10,sleep_hours,3.071764359854244,-1
2025-04-01,sleep_hours,10.425233671072808,-1
2025-04-28,sleep_hours,10.0658185028679,-1
2025-06-29,sleep_hours,3.863581231563781,-1
2025-07-16,sleep_hours,3.3370194971495613,-1
2025-08-02,sleep_hours,10.001417361196117,-1
2025-08-27,sleep_hours,10.39479358289822,-1
2024-09-26,sleep_hours,3.2999281037666743,-1
2024-11-19,sleep_hours,3.857504979599802,-1
2024-12-06,sleep_hours,3.780177015938557,-1
2024-12-22,sleep_hours,3.5647882794665664,-1
2025-02-07,sleep_hours,3.353489558891866,-1
2025-03-02,sleep_hours,3.8006114615586712,-1
2025-04-17,sleep_hours,3.857056645465618,-1
2025-04-21,sleep_hours,3.572751234815459,-1
2025-05-02,sleep_hours,9.986109669485536,-1
2025-05-27,sleep_hours,10.452799356312651,-1
2025-06-04,sleep_hours,10.085373507254372,-1
2025-06-05,sleep_hours,3.0,-1
2025-06-18,sleep_hours,10.173668273918846,-1
2025-07-17,sleep_hours,10.149608947416562,-1
2025-07-26,sleep_hours,4.009304779857354,-1
2024-09-07,sleep_hours,9.968251623471383,-1
2024-09-10,sleep_hours,3.740138683426904,-1
2024-09-25,sleep_hours,10.534553508690578,-1
2024-10-14,sleep_hours,3.601283710877049,-1
2024-10-20,sleep_hours,10.564313246645437,-1
2024-10-21,sleep_hours,3.7568487295271296,-1
2024-11-24,sleep_hours,4.035538857378112,-1
2024-12-04,sleep_hours,3.382472263779704,-1
2025-01-21,sleep_hours,10.42533329652438,-1
2025-02-21,sleep_hours,10.911665330444087,-1
2025-02-24,sleep_hours,3.596328826436645,-1
2025-03-13,sleep_hours,10.625349359393695,-1
2025-04-14,sleep_hours,10.622668532751232,-1
2025-04-22,sleep_hours,3.972740607271413,-1
2025-04-30,sleep_hours,3.5755321562268065,-1
2025-05-09,sleep_hours,10.77952231196319,-1
2025-05-11,sleep_hours,3.17256662386017,-1
2025-05-22,sleep_hours,3.407998223134045,-1
2025-07-14,sleep_hours,3.782439260608605,-1
2025-08-11,sleep_hours,3.4730873932702666,-1
2025-08-12,sleep_hours,10.244224711128885,-1
2025-08-22,sleep_hours,12.0,-1
2024-09-17,sleep_hours,3.091510801821129,-1
2024-11-07,sleep_hours,10.16078342812828,-1
2024-11-09,sleep_hours,10.031978997183582,-1
2024-12-16,sleep_hours,3.0,-1
2024-12-20,sleep_hours,3.785823353580274,-1
2025-01-09,sleep_hours,3.883520789326989,-1
2025-01-30,sleep_hours,3.4297247196432585,-1
2025-02-12,sleep_hours,10.699371610731635,-1
2025-03-13,sleep_hours,10.243694300846784,-1
2025-05-13,sleep_hours,10.814888741413515,-1
2025-06-10,sleep_hours,10.698315100034872,-1
2025-07-02,sleep_hours,3.939615089981808,-1
2025-08-19,sleep_hours,4.04813461862996,-1
2025-09-02,sleep_hours,3.8640885387385824,-1
2024-09-27,sleep_hours,3.4558052766107177,-1
2024-10-12,sleep_hours,3.8439011514514334,-1
2024-11-29,sleep_hours,10.149825838639856,-1
2024-12-12,sleep_hours,3.2411243389680697,-1
2024-12-25,sleep_hours,3.92183587823634,-1
2024-12-27,sleep_hours,3.6068853220761,-1
2025-01-01,sleep_hours,3.750215538559959,-1
2025-01-06,sleep_hours,3.381927641800738,-1
2025-01-31,sleep_hours,3.839449966542409,-1
2025-02-19,sleep_hours,9.991687529699034,-1
2025-03-20,sleep_hours,10.04955351889043,-1
2025-03-28,sleep_hours,3.720285613588633,-1
2025-04-06,sleep_hours,3.580254824122363,-1
2025-04-09,sleep_hours,10.79078008604156,-1
2025-04-17,sleep_hours,3.7464804313915288,-1
2025-04-18,sleep_hours,11.252322423013004,-1
2025-05-08,sleep_hours,10.74507988156176,-1
2025-05-28,sleep_hours,10.227694629724802,-1
2025-06-02,sleep_hours,3.0,-1
2025-07-16,sleep_hours,10.903178384486772,-1
2025-07-20,sleep_hours,3.9287639535873065,-1
2025-08-09,sleep_hours,11.5084837885195,-1
2024-10-02,sleep_hours,3.4936063233854977,-1
2024-10-14,sleep_hours,10.117567840673027,-1
2024-12-26,sleep_hours,11.381617322799627,-1
2024-12-28,sleep_hours,10.808327122365696,-1
2025-01-03,sleep_hours,11.510841746661455,-1
2025-01-29,sleep_hours,3.931198616627097,-1
2025-01-30,sleep_hours,3.9589650010051183,-1
2025-03-03,sleep_hours,3.7933063996392327,-1
2025-03-20,sleep_hours,10.23581390801622,-1
2025-04-18,sleep_hours,3.3851453793809774,-1
2025-05-22,sleep_hours,10.606075282691537,-1
2025-06-12,sleep_hours,11.147249800106476,-1
2025-06-24,sleep_hours,10.148515455497773,-1
2025-07-12,sleep_hours,3.850682820706311,-1
2025-07-29,sleep_hours,3.0,-1
2025-08-10,sleep_hours,10.011713213643002,-1
2024-09-07,sleep_hours,9.975468936493805,-1
2024-09-25,sleep_hours,11.2041174388943,-1
2024-10-12,sleep_hours,10.686866915469608,-1
2024-10-22,sleep_hours,10.56110293580525,-1
2024-11-05,sleep_hours,10.057371621961902,-1
2024-11-15,sleep_hours,4.007778633514718,-1
2024-12-01,sleep_hours,4.025327822316402,-1
2024-12-05,sleep_hours,10.308040814925745,-1
2024-12-12,sleep_hours,3.647774760736546,-1
2025-01-21,sleep_hours,3.623669530460656,-1
2025-01-24,sleep_hours,3.931692856114567,-1
2025-02-10,sleep_hours,10.413636271856484,-1
2025-03-25,sleep_hours,10.747212555895477,-1
2025-04-14,sleep_hours,3.311669365095244,-1
2025-04-27,sleep_hours,10.574718966710948,-1
2025-04-28,sleep_hours,10.255826345843944,-1
2025-07-17,sleep_hours,3.3154424797845445,-1
2025-08-22,sleep_hours,10.179151475033484,-1
2025-08-24,sleep_hours,10.37140082118653,-1
2024-10-29,sleep_hours,3.8423773771762937,-1
2024-11-09,sleep_hours,3.4931314984623087,-1
2024-11-27,sleep_hours,3.383090302516138,-1
2024-11-30,sleep_hours,3.707564250786048,-1
2025-01-11,sleep_hours,10.412347696731874,-1
2025-01-16,sleep_hours,3.0,-1
2025-03-07,sleep_hours,3.0,-1
2025-03-14,sleep_hours,10.868597883678984,-1
2025-03-21,sleep_hours,10.657026907303342,-1
2025-04-08,sleep_hours,10.721127659711634,-1
2025-04-18,sleep_hours,10.02666009836151,-1
2025-05-06,sleep_hours,3.0,-1
2025-06-08,sleep_hours,3.0840689017723597,-1
2025-07-09,sleep_hours,10.158640228315525,-1
2025-07-16,sleep_hours,10.080813991939095,-1
2025-07-25,sleep_hours,11.031934608953838,-1
2025-08-05,sleep_hours,3.295231275496564,-1
2025-09-02,sleep_hours,10.58782792788012,-1
2024-09-10,sleep_hours,10.939999999994876,-1
2024-09-19,sleep_hours,9.997007889666175,-1
2024-10-21,sleep_hours,3.985064841824666,-1
2024-11-04,sleep_hours,10.579609087640833,-1
2024-12-14,sleep_hours,3.0,-1
2025-02-24,sleep_hours,11.035255167535231,-1
2025-03-29,sleep_hours,3.769162606054677,-1
2025-04-08,sleep_hours,10.213935720100537,-1
2025-04-25,sleep_hours,3.4114666164522545,-1
2025-05-12,sleep_hours,10.115095037955506,-1
2025-05-15,sleep_hours,3.751994482852924,-1
2025-05-22,sleep_hours,3.84488112137834,-1
2025-06-03,sleep_hours,4.051464210029543,-1
2025-06-12,sleep_hours,10.851771541483176,-1
2025-06-25,sleep_hours,3.8439473952749466,-1
2025-07-17,sleep_hours,4.052524081711404,-1
2025-08-31,sleep_hours,10.159555915291271,-1
2025-09-05,sleep_hours,3.95625441051588,-1
2024-10-10,sleep_hours,3.196718137643485,-1
2024-10-14,sleep_hours,3.891563021262997,-1
2024-12-04,sleep_hours,11.48356101528222,-1
2024-12-06,sleep_hours,9.985639640257777,-1
2024-12-15,sleep_hours,10.162810943535922,-1
2025-01-06,sleep_hours,9.955056750968629,-1
2025-02-05,sleep_hours,10.477274621892,-1
2025-03-23,sleep_hours,10.142612604387768,-1
2025-04-24,sleep_hours,3.710278564249093,-1
2025-06-05,sleep_hours,10.021519702799647,-1
2025-06-14,sleep_hours,3.8338267168841496,-1
2025-06-21,sleep_hours,3.9363810444034177,-1
2025-07-02,sleep_hours,3.106454349420745,-1
2024-10-09,sleep_hours,3.2329878245342227,-1
2024-11-17,sleep_hours,3.0,-1
2024-11-18,sleep_hours,3.400347234277813,-1
2024-12-05,sleep_hours,3.9297501345351735,-1
2025-01-01,sleep_hours,3.562273549017602,-1
2025-01-05,sleep_hours,3.8972455596665294,-1
2025-01-14,sleep_hours,4.001298350565191,-1
2025-02-19,sleep_hours,10.416991489178262,-1
2025-04-04,sleep_hours,12.0,-1
2025-04-12,sleep_hours,10.580270866979378,-1
2025-04-24,sleep_hours,11.00486387685432,-1
2025-05-31,sleep_hours,3.8555201975499367,-1
2025-07-05,sleep_hours,3.781775451136173,-1
2025-07-25,sleep_hours,11.219648986942186,-1
2025-07-30,sleep_hours,10.217557797391636,-1
2024-09-08,sleep_hours,3.0,-1
2024-10-02,sleep_hours,10.211216108303056,-1
2024-10-18,sleep_hours,3.597825965151272,-1
2024-11-05,sleep_hours,10.016754788991443,-1
2025-01-27,sleep_hours,3.2948419538058897,-1
2025-02-11,sleep_hours,3.0,-1
2025-03-23,sleep_hours,10.382837448650086,-1
2025-03-27,sleep_hours,9.993155206514848,-1
2025-05-23,sleep_hours,3.5997600605795745,-1
2025-07-07,sleep_hours,10.52210792433288,-1
2025-07-16,sleep_hours,3.232164453052114,-1
2025-08-12,sleep_hours,3.987204205276395,-1
2024-10-18,sleep_hours,10.073408086134126,-1
2024-10-30,sleep_hours,10.238418471322804,-1
2024-11-14,sleep_hours,3.7002872584119952,-1
2024-12-02,sleep_hours,10.152686707649904,-1
2025-04-09,sleep_hours,10.63667217739213,-1
2025-04-15,sleep_hours,3.195711589008449,-1
2025-05-12,sleep_hours,3.5100628751143663,-1
2025-05-29,sleep_hours,10.47416621381929,-1
2025-07-09,sleep_hours,10.113436339613347,-1
2024-09-15,sleep_hours,11.47087758973414,-1
2024-09-24,sleep_hours,3.309862330323928,-1
2024-09-26,sleep_hours,10.800058799298336,-1
2024-10-05,sleep_hours,3.0,-1
2024-11-27,sleep_hours,3.430284076092648,-1
2024-12-04,sleep_hours,3.625607108912505,-1
2024-12-13,sleep_hours,10.307839461744958,-1
2025-01-22,sleep_hours,3.0,-1
2025-05-07,sleep_hours,10.303164004299504,-1
2025-05-16,sleep_hours,3.968285243904789,-1
2025-06-05,sleep_hours,10.045788035440957,-1
2025-08-21,sleep_hours,10.21711667478169,-1
2025-08-22,sleep_hours,3.509625550903112,-1
2025-09-01,sleep_hours,3.0,-1
2024-09-08,sleep_hours,10.471039638730096,-1
2024-09-11,sleep_hours,10.41442891504966,-1
2024-10-01,sleep_hours,9.997821536939956,-1
2024-10-11,sleep_hours,10.395433639394644,-1
2024-10-22,sleep_hours,10.038004148932975,-1
2024-11-08,sleep_hours,10.545309176070596,-1
2024-11-23,sleep_hours,10.059322499160473,-1
2024-11-26,sleep_hours,3.4852930663659016,-1
2024-12-03,sleep_hours,3.763553479431611,-1
2024-12-10,sleep_hours,9.976403595762072,-1
2024-12-21,sleep_hours,10.769033508346528,-1
2024-12-28,sleep_hours,3.249220542889238,-1
2024-12-31,sleep_hours,10.045055890977302,-1
2025-01-01,sleep_hours,10.049209291468689,-1
2025-01-16,sleep_hours,3.6553461253201154,-1
2025-02-16,sleep_hours,10.815828076563069,-1
2025-03-20,sleep_hours,11.338681217203746,-1
2025-03-28,sleep_hours,10.021298264026797,-1
2025-04-16,sleep_hours,10.305549059823846,-1
2025-05-23,sleep_hours,3.965145226901964,-1
2025-05-24,sleep_hours,10.820312464349255,-1
2025-06-28,sleep_hours,3.419993417230226,-1
2025-07-20,sleep_hours,3.8511255283113073,-1
2025-07-25,sleep_hours,10.212853330942856,-1
2025-08-07,sleep_hours,3.99174260910192,-1
2025-08-11,sleep_hours,10.269399570024968,-1
2024-09-20,sleep_hours,10.209296502938642,-1
2024-10-06,sleep_hours,10.044850571547476,-1
2024-10-13,sleep_hours,3.914718184877195,-1
2024-11-15,sleep_hours,11.08933190139098,-1
2024-11-30,sleep_hours,10.390950120997246,-1
2024-12-04,sleep_hours,3.932913024528256,-1
2025-01-07,sleep_hours,10.599486433358727,-1
2025-01-22,sleep_hours,3.404475351147999,-1
2025-01-27,sleep_hours,9.940426174129476,-1
2025-04-04,sleep_hours,10.509854977033338,-1
2025-04-06,sleep_hours,3.7620247340766095,-1
2025-04-12,sleep_hours,3.6316935863669935,-1
2025-05-31,sleep_hours,3.8266227643005992,-1
2025-07-09,sleep_hours,3.0,-1
2025-07-11,sleep_hours,11.280776882885206,-1
2025-07-18,sleep_hours,3.8873318002167103,-1
2025-08-10,sleep_hours,3.0154651295261248,-1
2025-08-13,sleep_hours,10.08282901795131,-1
2024-09-17,sleep_hours,3.0,-1
2024-10-08,sleep_hours,3.356556109963761,-1
2024-10-20,sleep_hours,3.410084113819233,-1
2024-11-05,sleep_hours,10.561862689195053,-1
2024-12-30,sleep_hours,3.932274597909477,-1
2025-02-04,sleep_hours,3.935037123004257,-1
2025-02-18,sleep_hours,3.8846326388770143,-1
2025-02-20,sleep_hours,10.098675556026006,-1
2025-03-29,sleep_hours,3.483378277962001,-1
2025-03-31,sleep_hours,3.887377174353061,-1
2025-04-06,sleep_hours,3.0,-1
2025-05-24,sleep_hours,3.777284495593745,-1
2025-06-03,sleep_hours,10.363189427875083,-1
2025-06-16,sleep_hours,10.24757161705146,-1
2025-07-22,sleep_hours,10.023284967334542,-1
2025-08-28,sleep_hours,3.5766369654786,-1
2024-09-22,sleep_hours,10.456055566283652,-1
2024-10-08,sleep_hours,3.5860900059382006,-1
2024-11-01,sleep_hours,3.269460789824264,-1
2024-11-10,sleep_hours,3.612437357107032,-1
2024-11-18,sleep_hours,11.037236833080488,-1
2025-02-02,sleep_hours,3.0463877320837778,-1
2025-02-14,sleep_hours,3.808554670701167,-1
2025-03-03,sleep_hours,9.972850860710558,-1
2025-03-20,sleep_hours,10.088837266574536,-1
2025-03-30,sleep_hours,10.25774065817124,-1
2025-04-20,sleep_hours,9.98062308689244,-1
2025-05-13,sleep_hours,3.737692182796017,-1
2025-05-18,sleep_hours,10.141970709019782,-1
2025-07-23,sleep_hours,10.42691442034002,-1
2025-07-28,sleep_hours,10.104148500699717,-1
2025-08-05,sleep_hours,3.0,-1
2024-09-26,sleep_hours,3.49519506225883,-1
2024-10-14,sleep_hours,10.133449616407113,-1
2024-10-28,sleep_hours,3.6505552733088233,-1
2024-11-18,sleep_hours,10.173348235896116,-1
2024-12-06,sleep_hours,11.186928170228883,-1
2024-12-15,sleep_hours,3.5378211847710537,-1
2025-01-01,sleep_hours,10.067978622780725,-1
2025-02-20,sleep_hours,10.749735195862591,-1
2025-03-01,sleep_hours,3.0,-1
2025-03-29,sleep_hours,10.653180329620492,-1
2025-04-10,sleep_hours,11.65164297059113,-1
2025-04-17,sleep_hours,10.312922902462835,-1
2025-05-16,sleep_hours,10.156994806072138,-1
2025-05-19,sleep_hours,3.371584894079331,-1
2025-05-28,sleep_hours,3.239911609257909,-1
2025-06-30,sleep_hours,3.2039814574550087,-1
2025-07-12,sleep_hours,11.19084414328582,-1
2025-07-13,sleep_hours,10.965188176886636,-1
2025-07-20,sleep_hours,3.344736152270157,-1
2024-09-18,sleep_hours,10.413193026479794,-1
2024-09-23,sleep_hours,10.668869337572769,-1
2024-10-11,sleep_hours,10.169010042915222,-1
2024-10-19,sleep_hours,3.898317846178323,-1
2024-10-31,sleep_hours,3.395943000503088,-1
2024-11-10,sleep_hours,10.49040257311174,-1
2024-11-13,sleep_hours,3.0,-1
2024-11-24,sleep_hours,10.805111416461806,-1
2024-12-10,sleep_hours,3.9144969266308456,-1
2024-12-17,sleep_hours,10.089445975906685,-1
2025-04-04,sleep_hours,3.0,-1
2025-05-05,sleep_hours,10.665054296178129,-1
2025-05-21,sleep_hours,10.558180395617242,-1
2025-07-05,sleep_hours,3.255909311970125,-1
2025-08-09,sleep_hours,10.184682247857143,-1
2025-08-11,sleep_hours,11.056533919708023,-1
2025-09-01,sleep_hours,4.039363528280279,-1
2024-10-31,sleep_hours,3.830409728901792,-1
2024-11-10,sleep_hours,12.0,-1
2024-12-17,sleep_hours,3.847544454083234,-1
2024-12-18,sleep_hours,3.0,-1
2024-12-19,sleep_hours,3.0,-1
2024-12-26,sleep_hours,3.647819694662759,-1
2024-12-30,sleep_hours,3.227779704271337,-1
2025-01-10,sleep_hours,10.148545213359682,-1
2025-01-24,sleep_hours,11.403428114549303,-1
2025-02-04,sleep_hours,3.060387906419144,-1
2025-02-12,sleep_hours,4.010776819834189,-1
2025-03-15,sleep_hours,10.69454956368584,-1
2025-04-08,sleep_hours,10.155252583434962,-1
2025-04-11,sleep_hours,10.040457078003046,-1
2025-06-04,sleep_hours,12.0,-1
2025-06-14,sleep_hours,11.87523633397902,-1
2025-07-12,sleep_hours,10.62916082606758,-1
2025-08-13,sleep_hours,3.185043549341864,-1
2025-08-14,sleep_hours,10.71593909132972,-1
2024-09-08,sleep_hours,10.337944838782867,-1
2024-10-29,sleep_hours,11.732352844102504,-1
2024-10-30,sleep_hours,4.052546310657357,-1
2025-03-14,sleep_hours,11.23544086650668,-1
2025-03-17,sleep_hours,3.6026062583866008,-1
2025-03-18,sleep_hours,3.838587191800533,-1
2025-03-27,sleep_hours,3.033589209143363,-1
2025-04-07,sleep_hours,3.949197633604947,-1
2025-04-28,sleep_hours,3.284897567809128,-1
2025-05-06,sleep_hours,10.136031578980027,-1
2025-06-05,sleep_hours,3.214099694909025,-1
2025-07-05,sleep_hours,3.8846849819141145,-1
2025-08-02,sleep_hours,3.473365233068896,-1
2025-08-14,sleep_hours,3.813424544880081,-1
2025-08-21,sleep_hours,10.167907524671826,-1
2025-08-24,sleep_hours,10.084699256830785,-1
2025-08-26,sleep_hours,3.86439751126644,-1
2024-09-10,sleep_hours,10.58733539602802,-1
2024-09-13,sleep_hours,3.2660575227733624,-1
2024-10-08,sleep_hours,3.331278133150553,-1
2024-10-10,sleep_hours,3.0,-1
2024-12-08,sleep_hours,10.032509013468395,-1
2024-12-10,sleep_hours,4.022858269020155,-1
2024-12-30,sleep_hours,3.0,-1
2025-01-12,sleep_hours,10.862496340312877,-1
2025-01-14,sleep_hours,10.03014548366809,-1
2025-01-15,sleep_hours,3.553603445272166,-1
2025-01-25,sleep_hours,3.7748981064239655,-1
2025-02-01,sleep_hours,3.713888297327479,-1
2025-02-27,sleep_hours,3.128123160710028,-1
2025-03-27,sleep_hours,10.235573209599584,-1
2025-04-06,sleep_hours,4.019059956650877,-1
2025-04-18,sleep_hours,3.911150914028108,-1
2025-05-01,sleep_hours,4.016610749655788,-1
2025-06-09,sleep_hours,3.0,-1
2025-06-27,sleep_hours,10.345504002552,-1
2025-08-31,sleep_hours,3.908542615439793,-1
2024-09-10,sleep_hours,10.03452288964833,-1
2024-11-17,sleep_hours,10.553064467221532,-1
2024-12-15,sleep_hours,3.8220082889239375,-1
2025-01-18,sleep_hours,10.462083773628382,-1
2025-01-19,sleep_hours,3.999588152215712,-1
2025-01-28,sleep_hours,3.23654980494846,-1
2025-01-29,sleep_hours,10.371758752401847,-1
2025-03-23,sleep_hours,10.633763325067376,-1
2025-05-14,sleep_hours,12.0,-1
2025-05-15,sleep_hours,3.376719767473917,-1
2025-05-17,sleep_hours,10.54615194441894,-1
2025-05-18,sleep_hours,9.952984424202842,-1
2025-05-20,sleep_hours,10.332454257130582,-1
2025-05-28,sleep_hours,3.4841539265421124,-1
2025-05-29,sleep_hours,10.938103630938564,-1
2025-06-02,sleep_hours,3.6275036309939073,-1
2025-06-23,sleep_hours,10.05642424251828,-1
2025-07-05,sleep_hours,3.0,-1
2025-07-15,sleep_hours,3.721277039220984,-1
2025-08-15,sleep_hours,10.348897407307025,-1
2025-08-22,sleep_hours,3.69631052611176,-1
2024-09-24,sleep_hours,10.727459861941476,-1
2024-10-06,sleep_hours,11.3963692057997,-1
2024-10-14,sleep_hours,10.5862345886911,-1
2024-11-01,sleep_hours,10.216583050148548,-1
2024-11-11,sleep_hours,12.0,-1
2024-11-21,sleep_hours,3.2864448266175668,-1
2024-12-02,sleep_hours,3.534002022830144,-1
2024-12-21,sleep_hours,3.0,-1
2025-02-01,sleep_hours,3.3286978283932176,-1
2025-03-01,sleep_hours,10.332936650884845,-1
2025-03-04,sleep_hours,3.0,-1
2025-03-25,sleep_hours,4.047619662641717,-1
2025-03-26,sleep_hours,3.364738382286026,-1
2025-05-23,sleep_hours,10.556616079128208,-1
2025-06-08,sleep_hours,10.113442554722244,-1
2025-06-29,sleep_hours,11.414936818910856,-1
2025-07-27,sleep_hours,3.7938075048183495,-1
2025-08-16,sleep_hours,9.957523613522223,-1
2025-08-19,sleep_hours,11.374866848847116,-1
2025-08-28,sleep_hours,10.775530962198289,-1
2024-09-13,sleep_hours,10.208326423023358,-1
2024-10-09,sleep_hours,3.708350978239213,-1
2024-10-24,sleep_hours,10.225414840231014,-1
2024-11-17,sleep_hours,10.145563991483924,-1
2024-12-25,sleep_hours,3.185262658989771,-1
2025-01-05,sleep_hours,9.95940953716368,-1
2025-03-09,sleep_hours,3.8578063725241623,-1
2025-04-08,sleep_hours,4.004140080164493,-1
2025-06-21,sleep_hours,3.0,-1
2025-06-24,sleep_hours,3.0,-1
2025-07-11,sleep_hours,10.415346532435056,-1
2025-07-30,sleep_hours,3.0,-1
2025-09-01,sleep_hours,3.605637210122476,-1
2024-09-07,sleep_hours,9.975763430601983,-1
2024-09-22,sleep_hours,10.38675681561562,-1
2024-10-24,sleep_hours,9.98093366406499,-1
2024-12-25,sleep_hours,3.2415550618462348,-1
2024-12-28,sleep_hours,10.326966906104875,-1
2025-01-17,sleep_hours,3.7185561188861063,-1
2025-01-18,sleep_hours,3.684159476708051,-1
2025-01-19,sleep_hours,10.105430442148853,-1
2025-01-25,sleep_hours,10.539897453977792,-1
2025-02-28,sleep_hours,10.14547051507292,-1
2025-03-01,sleep_hours,3.0,-1
2025-04-19,sleep_hours,3.696805430584507,-1
2025-04-27,sleep_hours,3.635360098948619,-1
2025-06-15,sleep_hours,10.032479925442482,-1
2025-06-23,sleep_hours,3.7803633709712736,-1
2025-07-07,sleep_hours,10.074367613710333,-1
2025-07-21,sleep_hours,11.044875638917866,-1
2025-07-24,sleep_hours,10.024843159663938,-1
2025-08-02,sleep_hours,3.717298776606156,-1
2025-08-04,sleep_hours,3.660542463954165,-1
2025-08-27,sleep_hours,3.795436849149552,-1
2024-09-07,sleep_hours,11.227939651699131,-1
2024-10-01,sleep_hours,10.845077026614115,-1
2024-10-02,sleep_hours,11.627937521014225,-1
2024-10-16,sleep_hours,3.2863310470560867,-1
2024-10-26,sleep_hours,3.0,-1
2024-11-26,sleep_hours,10.02872624483538,-1
2024-11-29,sleep_hours,10.306473671867252,-1
2025-02-09,sleep_hours,10.24667666011288,-1
2025-04-20,sleep_hours,3.1129659436368007,-1
2025-04-25,sleep_hours,3.073258775670441,-1
2025-04-28,sleep_hours,10.37349054947143,-1
2025-05-24,sleep_hours,10.79301431382798,-1
2025-05-28,sleep_hours,3.3516572162123444,-1
2025-05-29,sleep_hours,3.948846769644312,-1
2025-06-02,sleep_hours,10.021763480445005,-1
2025-06-18,sleep_hours,3.680119598073367,-1
2025-07-07,sleep_hours,10.101059795097596,-1
2025-07-15,sleep_hours,3.8336707587085854,-1
2025-07-25,sleep_hours,10.636281949896215,-1
2025-09-01,sleep_hours,10.171111387368006,-1
2024-10-03,sleep_hours,10.253932329276733,-1
2024-10-11,sleep_hours,11.089224283195971,-1
2024-11-01,sleep_hours,3.2540886696536737,-1
2024-12-07,sleep_hours,3.829558800680673,-1
2025-01-07,sleep_hours,3.0,-1
2025-01-30,sleep_hours,11.41246679516961,-1
2025-02-10,sleep_hours,10.76372568604974,-1
2025-03-20,sleep_hours,10.00110259567157,-1
2025-04-17,sleep_hours,3.588658890798761,-1
2025-06-15,sleep_hours,10.974337298075904,-1
2025-06-20,sleep_hours,9.937109831872448,-1
2025-06-29,sleep_hours,3.997496493955756,-1
2025-08-01,sleep_hours,10.766447879688634,-1
2025-08-04,sleep_hours,3.0,-1
2025-08-06,sleep_hours,10.345116458822345,-1
2024-10-23,sleep_hours,3.0,-1
2024-11-13,sleep_hours,3.0950582249114027,-1
2024-11-14,sleep_hours,3.068966958396814,-1
2025-02-12,sleep_hours,3.0,-1
2025-02-24,sleep_hours,3.980210602861531,-1
2025-03-02,sleep_hours,10.528271995312544,-1
2025-05-12,sleep_hours,3.7558999974910345,-1
2025-05-21,sleep_hours,9.996399095965389,-1
2025-06-24,sleep_hours,10.829858413702802,-1
2025-07-07,sleep_hours,10.731831497385244,-1
2025-07-31,sleep_hours,10.208593636265467,-1
2025-08-10,sleep_hours,3.970581633626528,-1
2025-08-20,sleep_hours,3.793552705711796,-1
2024-09-18,sleep_hours,3.9949714338061,-1
2024-09-23,sleep_hours,3.361568652779085,-1
2024-10-23,sleep_hours,3.6288040357686415,-1
2024-10-28,sleep_hours,10.496565915536628,-1
2024-11-05,sleep_hours,10.300848278766152,-1
2024-11-20,sleep_hours,3.9061544631102927,-1
2024-12-17,sleep_hours,10.49479060783822,-1
2024-12-28,sleep_hours,10.176353151101583,-1
2025-01-26,sleep_hours,10.700017982492238,-1
2025-03-05,sleep_hours,10.236820078786945,-1
2025-03-21,sleep_hours,3.430025685821839,-1
2025-03-29,sleep_hours,3.191877667151261,-1
2025-05-03,sleep_hours,10.785619278649747,-1
2025-05-25,sleep_hours,10.168895296549492,-1
2025-07-04,sleep_hours,11.689330899547963,-1
2025-07-07,sleep_hours,10.232646882515072,-1
2025-07-23,sleep_hours,4.048377494572611,-1
2025-07-26,sleep_hours,3.915567602830988,-1
2024-09-16,sleep_hours,3.8209535831864327,-1
2024-09-30,sleep_hours,9.98942475342002,-1
2024-12-18,sleep_hours,3.3905632823435177,-1
2025-01-02,sleep_hours,10.104129251724215,-1
2025-01-16,sleep_hours,4.005151263482405,-1
2025-02-01,sleep_hours,10.792957943002904,-1
2025-02-02,sleep_hours,10.060864592783432,-1
2025-03-01,sleep_hours,3.041797638248957,-1
2025-03-10,sleep_hours,3.937867561518536,-1
2025-04-19,sleep_hours,10.165955907934888,-1
2025-04-26,sleep_hours,3.692224720431323,-1
2025-05-11,sleep_hours,10.44375032476955,-1
2025-05-28,sleep_hours,10.125371172850814,-1
2025-06-08,sleep_hours,3.486343464596426,-1
2025-06-24,sleep_hours,9.9849128376201,-1
2025-06-28,sleep_hours,3.0,-1
2025-07-20,sleep_hours,3.403731009565772,-1
2025-07-22,sleep_hours,11.594891873328766,-1
2025-08-01,sleep_hours,11.21773193787379,-1
2025-08-05,sleep_hours,10.131859535766,-1
2024-09-08,sleep_hours,10.822584683198276,-1
2024-10-23,sleep_hours,3.461701171426255,-1
2024-11-16,sleep_hours,3.703482445734973,-1
2024-11-20,sleep_hours,3.8743789217807594,-1
2024-12-18,sleep_hours,3.999493919454903,-1
2024-12-23,sleep_hours,10.242141984512232,-1
2025-01-02,sleep_hours,11.122957921551889,-1
2025-01-12,sleep_hours,10.45884520185568,-1
2025-02-02,sleep_hours,3.5552699515335666,-1
2025-03-03,sleep_hours,3.2295290833599526,-1
2025-03-18,sleep_hours,3.637209182974259,-1
2025-03-28,sleep_hours,3.9452969369839455,-1
2025-04-17,sleep_hours,3.088058260064709,-1
2025-05-14,sleep_hours,3.2119525168930085,-1
2025-09-01,sleep_hours,3.0,-1
2024-09-06,sleep_hours,10.116932355169606,-1
2024-09-11,sleep_hours,9.961332974234503,-1
2024-10-12,sleep_hours,3.0,-1
2024-10-30,sleep_hours,10.245823583889424,-1
2024-11-28,sleep_hours,10.072899873894354,-1
2024-12-14,sleep_hours,3.0,-1
2024-12-18,sleep_hours,9.970553053754482,-1
2024-12-21,sleep_hours,3.8803186261348457,-1
2024-12-28,sleep_hours,3.820017504893913,-1
2025-01-07,sleep_hours,3.6283487947342064,-1
2025-01-08,sleep_hours,10.38501756756502,-1
2025-01-09,sleep_hours,3.8983613868558606,-1
2025-01-27,sleep_hours,3.658789680650008,-1
2025-02-21,sleep_hours,10.036456565253715,-1
2025-03-08,sleep_hours,9.960790898135034,-1
2025-03-18,sleep_hours,11.027486932534856,-1
2025-03-23,sleep_hours,11.259904142621522,-1
2025-04-12,sleep_hours,3.646132510139079,-1
2025-05-26,sleep_hours,10.0465185058696,-1
2025-06-13,sleep_hours,3.556974690666628,-1
2025-06-23,sleep_hours,10.35544108404116,-1
2025-07-21,sleep_hours,3.57089510063282,-1
2024-09-07,sleep_hours,10.386748439826928,-1
2024-09-25,sleep_hours,3.581907049812948,-1
2024-10-06,sleep_hours,3.0,-1
2024-10-08,sleep_hours,10.08578374665704,-1
2024-11-11,sleep_hours,10.51318652827371,-1
2024-11-19,sleep_hours,3.5286904201332248,-1
2024-12-25,sleep_hours,3.999028917712553,-1
2025-01-18,sleep_hours,3.095863104029723,-1
2025-01-25,sleep_hours,3.675067432985373,-1
2025-02-18,sleep_hours,9.957832589629028,-1
2025-02-21,sleep_hours,10.558781509144168,-1
2025-02-25,sleep_hours,3.8925351972468434,-1
2025-03-19,sleep_hours,3.790163447665816,-1
2025-05-09,sleep_hours,9.935223991142175,-1
2025-05-21,sleep_hours,10.560673246624786,-1
2025-06-20,sleep_hours,3.267741011165654,-1
2025-06-27,sleep_hours,10.0273536134432,-1
2025-07-20,sleep_hours,4.021136120883611,-1
2025-07-26,sleep_hours,3.694674855946812,-1
2024-09-26,sleep_hours,3.8764598051040178,-1
2024-11-21,sleep_hours,11.012212235329836,-1
2025-01-01,sleep_hours,3.315499500651338,-1
2025-02-01,sleep_hours,4.0208113915441945,-1
2025-02-18,sleep_hours,3.0,-1
2025-03-10,sleep_hours,9.932306454478276,-1
2025-05-15,sleep_hours,3.827565471473151,-1
2024-11-12,sleep_hours,3.9383075006548567,-1
2024-12-31,sleep_hours,10.107042646611209,-1
2025-01-05,sleep_hours,10.01434954768144,-1
2025-02-21,sleep_hours,10.960097501943675,-1
2025-03-05,sleep_hours,10.566062163618652,-1
2025-04-21,sleep_hours,3.370876454702671,-1
2025-07-03,sleep_hours,10.808757272114294,-1
2025-09-04,sleep_hours,4.051716097761517,-1
2024-09-23,sleep_hours,10.132453189538854,-1
2024-10-08,sleep_hours,3.1704439411121648,-1
2024-11-21,sleep_hours,10.035393920929348,-1
2024-11-29,sleep_hours,3.2096584451764723,-1
2024-12-15,sleep_hours,3.2723611535061528,-1
2024-12-20,sleep_hours,4.025226521499627,-1
2024-12-26,sleep_hours,3.699913243506255,-1
2025-01-05,sleep_hours,4.048432431853687,-1
2025-01-18,sleep_hours,9.998571820250664,-1
2025-01-24,sleep_hours,9.998056002528994,-1
2025-02-18,sleep_hours,3.924193175670073,-1
2025-02-24,sleep_hours,10.486842795980294,-1
2025-03-19,sleep_hours,11.53848611258736,-1
2025-04-19,sleep_hours,10.4357804240824,-1
2025-05-09,sleep_hours,3.0,-1
2024-09-24,sleep_hours,11.267019217145252,-1
2024-10-08,sleep_hours,9.940100257912844,-1
2024-10-15,sleep_hours,3.999230438913538,-1
2024-10-28,sleep_hours,3.790349699684848,-1
2024-11-05,sleep_hours,10.708783208883444,-1
2024-11-15,sleep_hours,3.826196171353339,-1
2024-12-03,sleep_hours,10.385066959772384,-1
2024-12-25,sleep_hours,10.830489799720622,-1
2025-01-27,sleep_hours,10.532119680603394,-1
2025-02-04,sleep_hours,3.7958662485667807,-1
2025-02-27,sleep_hours,10.08943188951934,-1
2025-03-06,sleep_hours,10.14001288989569,-1
2025-03-20,sleep_hours,10.259486976083547,-1
2025-03-31,sleep_hours,10.009850048212698,-1
2025-04-06,sleep_hours,10.76841103711475,-1
2025-04-10,sleep_hours,3.950246676292551,-1
2025-04-15,sleep_hours,3.643433165055432,-1
2025-04-25,sleep_hours,10.225057160533758,-1
2025-05-10,sleep_hours,11.249534209688225,-1
2025-05-25,sleep_hours,10.335609019005007,-1
2025-05-31,sleep_hours,10.03699005870422,-1
2024-09-14,sleep_hours,3.0794166810696844,-1
2024-09-20,sleep_hours,10.139257464681862,-1
2024-09-29,sleep_hours,11.028823080338505,-1
2024-10-28,sleep_hours,3.0,-1
2024-11-07,sleep_hours,10.638704858486246,-1
2024-11-28,sleep_hours,10.819046000171962,-1
2025-01-27,sleep_hours,3.8714004617903335,-1
2025-02-09,sleep_hours,9.960129966207342,-1
2025-02-15,sleep_hours,3.369493634477313,-1
2025-02-19,sleep_hours,3.0,-1
2025-03-27,sleep_hours,10.128434161631846,-1
2025-03-30,sleep_hours,3.246950192913255,-1
2025-04-23,sleep_hours,3.0,-1
2025-05-13,sleep_hours,10.441084223910362,-1
2025-06-01,sleep_hours,3.4889503789740868,-1
2025-07-16,sleep_hours,10.131285444192905,-1
2025-08-03,sleep_hours,11.16973374579805,-1
2025-08-06,sleep_hours,3.651358632382758,-1
2025-09-02,sleep_hours,3.29167597634048,-1
2024-09-12,sleep_hours,11.256656868167887,-1
2024-11-02,sleep_hours,10.391858868298543,-1
2024-11-20,sleep_hours,3.634797340504072,-1
2024-12-19,sleep_hours,11.592332781445554,-1
2025-01-27,sleep_hours,3.948786758828072,-1
2025-03-11,sleep_hours,3.0,-1
2025-04-10,sleep_hours,10.47749674559199,-1
2025-05-01,sleep_hours,3.981870895214552,-1
2025-05-06,sleep_hours,10.385897629396224,-1
2025-05-12,sleep_hours,3.8432873011209,-1
2025-05-25,sleep_hours,3.3557322153063143,-1
2025-06-09,sleep_hours,10.50405210035998,-1
2025-07-05,sleep_hours,10.139429750576095,-1
2025-07-12,sleep_hours,10.527996923507988,-1
2025-07-19,sleep_hours,10.801454472629732,-1
2025-08-04,sleep_hours,12.0,-1
2025-08-06,sleep_hours,12.0,-1
2025-08-25,sleep_hours,11.42381138990796,-1
2024-09-07,sleep_hours,10.738706860441498,-1
2024-09-10,sleep_hours,3.0,-1
2024-09-18,sleep_hours,10.237194325849098,-1
2024-10-01,sleep_hours,3.0,-1
2024-10-03,sleep_hours,10.703574016902866,-1
2024-11-10,sleep_hours,3.234246346571128,-1
2024-11-26,sleep_hours,11.33590115789099,-1
2024-12-24,sleep_hours,10.003059013022256,-1
2025-01-02,sleep_hours,3.0610696208448687,-1
2025-01-13,sleep_hours,10.961811186832152,-1
2025-01-22,sleep_hours,3.992744553450215,-1
2025-02-20,sleep_hours,10.589040929442158,-1
2025-02-22,sleep_hours,11.537809359754002,-1
2025-03-13,sleep_hours,3.908325340508189,-1
2025-03-19,sleep_hours,3.782218400473,-1
2025-05-10,sleep_hours,3.651989942365205,-1
2025-06-05,sleep_hours,10.938448181334168,-1
2025-06-08,sleep_hours,3.8023682054515087,-1
2025-06-18,sleep_hours,10.293415968026803,-1
2025-06-22,sleep_hours,10.477818126299631,-1
2025-08-09,sleep_hours,11.638668513816762,-1
2025-09-04,sleep_hours,10.034474589002944,-1
2024-12-06,sleep_hours,3.0,-1
2024-12-12,sleep_hours,3.262473377160452,-1
2024-12-13,sleep_hours,3.690864724972766,-1
2024-12-25,sleep_hours,10.035068254761551,-1
2025-01-01,sleep_hours,3.900981204239165,-1
2025-01-08,sleep_hours,3.3818685107499267,-1
2025-03-07,sleep_hours,3.6975811631981967,-1
2025-04-25,sleep_hours,10.029595818269396,-1
2025-05-05,sleep_hours,10.39466764711603,-1
2025-05-12,sleep_hours,10.459806203150098,-1
2025-06-20,sleep_hours,10.737917414189258,-1
2025-07-16,sleep_hours,3.135478363275648,-1
2025-07-19,sleep_hours,10.025520111251206,-1
2025-07-28,sleep_hours,3.0,-1
2025-08-01,sleep_hours,3.5730290269529523,-1
2025-08-08,sleep_hours,10.068709526950684,-1
2024-10-04,sleep_hours,3.604167214248716,-1
2024-10-20,sleep_hours,11.484030061696789,-1
2024-11-21,sleep_hours,10.429762868003635,-1
2024-11-25,sleep_hours,11.258005763684242,-1
2024-11-27,sleep_hours,12.0,-1
2024-12-10,sleep_hours,3.9573077057391535,-1
2025-02-11,sleep_hours,3.8049665558258257,-1
2025-02-12,sleep_hours,11.007006509430685,-1
2025-02-19,sleep_hours,10.763786677308758,-1
2025-04-27,sleep_hours,3.9127371924442422,-1
2025-05-03,sleep_hours,3.5107501858058034,-1
2025-06-13,sleep_hours,3.6094312800685886,-1
2025-07-03,sleep_hours,3.800230805257952,-1
2025-09-03,sleep_hours,10.142941006909671,-1
2025-09-05,sleep_hours,10.050844471926895,-1
2024-09-24,sleep_hours,10.549179964115886,-1
2024-10-12,sleep_hours,9.966241001615298,-1
2024-11-08,sleep_hours,9.999036191434977,-1
2024-11-14,sleep_hours,10.038075670890176,-1
2024-12-19,sleep_hours,9.974656115339153,-1
2024-12-23,sleep_hours,3.2123829879201304,-1
2025-01-03,sleep_hours,11.103255446526866,-1
2025-01-06,sleep_hours,10.080088602823864,-1
2025-01-18,sleep_hours,3.920242855375043,-1
2025-01-26,sleep_hours,10.297232790647032,-1
2025-02-10,sleep_hours,3.8551840620069457,-1
2025-02-17,sleep_hours,10.0155248705157,-1
2025-03-26,sleep_hours,10.231466946636113,-1
2025-05-20,sleep_hours,10.150090231108653,-1
2025-05-23,sleep_hours,3.225782806775258,-1
2025-05-29,sleep_hours,3.89286736942981,-1
2025-06-26,sleep_hours,3.926840454821338,-1
2025-08-10,sleep_hours,3.380129315416255,-1
2025-08-29,sleep_hours,3.0,-1
2025-09-03,sleep_hours,10.176736314207496,-1
2024-09-29,sleep_hours,3.4128862099859765,-1
2024-10-24,sleep_hours,10.185911534821711,-1
2024-12-15,sleep_hours,3.789650824463037,-1
2025-02-25,sleep_hours,3.629611012919288,-1
2025-03-18,sleep_hours,3.9741172699496192,-1
2025-03-24,sleep_hours,11.292059750611385,-1
2025-04-01,sleep_hours,10.022349496503043,-1
2025-04-02,sleep_hours,10.492398249349147,-1
2025-04-10,sleep_hours,9.995084081596335,-1
2025-04-13,sleep_hours,4.005379058891062,-1
2025-05-09,sleep_hours,3.4589987021732003,-1
2025-05-16,sleep_hours,10.605351813177286,-1
2025-06-09,sleep_hours,10.526720364418352,-1
2025-06-12,sleep_hours,10.298415121032752,-1
2025-06-14,sleep_hours,3.919893452327391,-1
2025-06-24,sleep_hours,4.005149526420378,-1
2025-06-29,sleep_hours,3.303395861526736,-1
2025-06-30,sleep_hours,10.398778863266354,-1
2025-08-28,sleep_hours,9.95417114991167,-1
2024-09-17,sleep_hours,3.327830215796792,-1
2024-09-21,sleep_hours,10.520190447429885,-1
2024-12-05,sleep_hours,10.679452512599967,-1
2024-12-19,sleep_hours,10.286272212950802,-1
2024-12-31,sleep_hours,10.114330432176168,-1
2025-01-21,sleep_hours,3.597120507327612,-1
2025-02-06,sleep_hours,10.31168666041637,-1
2025-02-17,sleep_hours,3.756289429348191,-1
2025-02-22,sleep_hours,10.580223799534426,-1
2025-03-02,sleep_hours,3.0797584508534026,-1
2025-03-08,sleep_hours,11.29054255664154,-1
2025-03-15,sleep_hours,10.476640809207815,-1
2025-04-07,sleep_hours,3.5790057440212304,-1
2025-04-09,sleep_hours,3.2548203980246644,-1
2025-04-19,sleep_hours,11.294323032512205,-1
2025-04-21,sleep_hours,10.480638291331156,-1
2025-04-29,sleep_hours,11.650481469148058,-1
2025-05-05,sleep_hours,3.898483448412611,-1
2025-05-14,sleep_hours,10.481787837463411,-1
2025-07-23,sleep_hours,10.13073459279697,-1
2025-08-20,sleep_hours,11.428444527500016,-1
2024-09-23,sleep_hours,3.413093274780702,-1
2024-09-26,sleep_hours,3.0,-1
2024-10-01,sleep_hours,10.489980074853596,-1
2024-10-16,sleep_hours,12.0,-1
2024-10-26,sleep_hours,10.20195597118316,-1
2024-11-18,sleep_hours,3.0,-1
2024-11-24,sleep_hours,3.8575253317356695,-1
2025-01-29,sleep_hours,3.2998340760405487,-1
2025-01-30,sleep_hours,3.4016274163918814,-1
2025-03-12,sleep_hours,10.576738943460686,-1
2025-03-18,sleep_hours,9.961568814254314,-1
2025-04-04,sleep_hours,9.969688795280836,-1
2025-04-08,sleep_hours,10.772421789416846,-1
2025-04-30,sleep_hours,10.59069876620277,-1
2025-05-03,sleep_hours,3.685326293126531,-1
2025-06-24,sleep_hours,3.0,-1
2025-07-13,sleep_hours,10.807071460348949,-1
2025-07-31,sleep_hours,3.6371720213493903,-1
2025-08-20,sleep_hours,3.048329948308928,-1
2025-08-29,sleep_hours,3.4808815628503496,-1
2024-10-04,sleep_hours,3.874603448356438,-1
2024-10-05,sleep_hours,3.9362255281085488,-1
2024-10-17,sleep_hours,3.7254626266885102,-1
2024-12-02,sleep_hours,10.10672033946851,-1
2025-01-31,sleep_hours,12.0,-1
2025-02-04,sleep_hours,3.0,-1
2025-04-07,sleep_hours,10.552823651378231,-1
2025-04-17,sleep_hours,3.268075797580452,-1
2025-04-30,sleep_hours,3.439954610353721,-1
2025-05-05,sleep_hours,3.167404879106426,-1
2025-05-22,sleep_hours,3.492859411954357,-1
2025-06-01,sleep_hours,3.849292213948014,-1
2025-06-06,sleep_hours,3.272668307346354,-1
2025-06-22,sleep_hours,3.0,-1
2025-07-01,sleep_hours,3.965021315936762,-1
2025-07-14,sleep_hours,10.260503465183096,-1
2025-08-28,sleep_hours,3.896159667472551,-1
2024-10-02,sleep_hours,9.940425319047742,-1
2024-10-15,sleep_hours,10.118004572647536,-1
2024-11-24,sleep_hours,3.886346234484705,-1
2024-12-10,sleep_hours,10.62235556005004,-1
2024-12-18,sleep_hours,3.5905775409811733,-1
2024-12-22,sleep_hours,3.602484429741979,-1
2025-01-02,sleep_hours,3.950644895168961,-1
2025-01-20,sleep_hours,10.015294814320946,-1
2025-01-24,sleep_hours,10.396773948086828,-1
2025-01-25,sleep_hours,3.011658577226433,-1
2025-03-02,sleep_hours,3.735514891624156,-1
2025-03-28,sleep_hours,10.916644083537768,-1
2025-04-05,sleep_hours,10.297832333578116,-1
2025-05-12,sleep_hours,10.273361919211,-1
2025-05-19,sleep_hours,3.0,-1
2025-05-27,sleep_hours,3.558312095470716,-1
2025-06-16,sleep_hours,3.892117780113109,-1
2025-07-01,sleep_hours,10.346164295856376,-1
2025-08-12,sleep_hours,10.242321738899232,-1
2025-08-19,sleep_hours,4.050717534264529,-1
2025-08-23,sleep_hours,3.169855558386238,-1
2024-11-02,sleep_hours,3.605884457514949,-1
2024-12-08,sleep_hours,3.766129292302422,-1
2024-12-19,sleep_hours,3.5987714958631205,-1
2024-12-20,sleep_hours,4.01480806456101,-1
2024-12-31,sleep_hours,10.533785005205647,-1
2025-01-08,sleep_hours,3.0,-1
2025-03-24,sleep_hours,10.1232000183054,-1
2025-04-14,sleep_hours,10.256027760787106,-1
2025-06-16,sleep_hours,10.312782817815693,-1
2025-06-29,sleep_hours,10.122777075631898,-1
2025-07-15,sleep_hours,3.5241569135551525,-1
2025-07-20,sleep_hours,10.205262487347053,-1
2025-08-14,sleep_hours,4.053663379719612,-1
2025-08-20,sleep_hours,3.323387408172022,-1
2025-08-31,sleep_hours,10.027292061212904,-1
2024-09-09,sleep_hours,3.0982000747810856,-1
2024-10-13,sleep_hours,10.143355898720422,-1
2024-11-02,sleep_hours,3.856159810428842,-1
2024-11-16,sleep_hours,3.0,-1
2024-12-05,sleep_hours,10.427833549630346,-1
2024-12-10,sleep_hours,10.651377856385892,-1
2025-01-06,sleep_hours,3.0758304749717764,-1
2025-01-11,sleep_hours,3.375494740698051,-1
2025-01-12,sleep_hours,10.2931773805609,-1
2025-01-30,sleep_hours,3.5705930663105967,-1
2025-02-07,sleep_hours,3.0,-1
2025-03-28,sleep_hours,10.474554580089046,-1
2025-05-03,sleep_hours,11.6499139578891,-1
2025-06-13,sleep_hours,4.039099087789808,-1
2025-06-18,sleep_hours,3.0,-1
2025-07-27,sleep_hours,10.46069873675761,-1
2024-10-27,sleep_hours,10.61787560268692,-1
2024-11-04,sleep_hours,3.0,-1
2024-11-10,sleep_hours,3.5557584345695377,-1
2024-11-27,sleep_hours,11.446551779477996,-1
2024-12-16,sleep_hours,3.379982959564154,-1
2025-01-15,sleep_hours,3.71920563309929,-1
2025-02-01,sleep_hours,10.949284902619784,-1
2025-02-07,sleep_hours,10.73437912678618,-1
2025-03-07,sleep_hours,4.0117603056007205,-1
2025-03-11,sleep_hours,3.803365405240464,-1
2025-03-15,sleep_hours,10.165517461361071,-1
2025-03-21,sleep_hours,10.267423589773584,-1
2025-04-25,sleep_hours,9.989472758371647,-1
2025-04-27,sleep_hours,10.163504946698746,-1
2025-07-30,sleep_hours,11.381783043835586,-1
2025-08-04,sleep_hours,3.602713343951776,-1
2025-08-25,sleep_hours,10.079821725555624,-1
2024-10-01,sleep_hours,3.925865037344302,-1
2024-11-11,sleep_hours,3.347975868261611,-1
2024-11-27,sleep_hours,10.86298006093372,-1
2024-12-01,sleep_hours,10.11019854566482,-1
2024-12-21,sleep_hours,10.201311937212449,-1
2024-12-22,sleep_hours,3.8794994707122177,-1
2025-02-16,sleep_hours,10.231260981109926,-1
2025-03-09,sleep_hours,10.068201460981603,-1
2025-04-28,sleep_hours,10.053019915243995,-1
2025-05-05,sleep_hours,3.679669030809308,-1
2025-05-11,sleep_hours,10.815500502710512,-1
2025-05-15,sleep_hours,3.0782893560382565,-1
2025-05-28,sleep_hours,3.450907609574049,-1
2025-06-05,sleep_hours,3.960687571704853,-1
2025-07-09,sleep_hours,3.0,-1
2025-08-04,sleep_hours,3.2038738791324386,-1
2025-08-15,sleep_hours,10.29422395174372,-1
2025-08-21,sleep_hours,10.697241710005098,-1
2024-09-09,sleep_hours,10.077039405252016,-1
2024-09-13,sleep_hours,10.083105235875674,-1
2024-11-18,sleep_hours,3.879294872820244,-1
2025-01-28,sleep_hours,10.206180759720262,-1
2025-02-16,sleep_hours,10.233484259170783,-1
2025-02-20,sleep_hours,10.196899136575052,-1
2025-04-15,sleep_hours,3.0,-1
2025-05-16,sleep_hours,3.9489884892309233,-1
2025-05-22,sleep_hours,3.891726845713389,-1
2025-06-12,sleep_hours,10.61085020359442,-1
2025-07-05,sleep_hours,3.0,-1
2025-07-12,sleep_hours,3.795778645750127,-1
2025-07-15,sleep_hours,3.9599132775279857,-1
2025-07-19,sleep_hours,10.252130414692726,-1
2025-07-20,sleep_hours,10.284277725189666,-1
2025-07-21,sleep_hours,10.73924300204622,-1
2025-08-03,sleep_hours,3.175683302244865,-1
2024-09-07,sleep_hours,3.1429266659381394,-1
2024-09-16,sleep_hours,11.742429257550135,-1
2024-10-30,sleep_hours,10.527489787982097,-1
2024-10-31,sleep_hours,3.242693779033736,-1
2024-11-10,sleep_hours,3.2447681581788785,-1
2024-11-18,sleep_hours,3.32756206133233,-1
2024-12-18,sleep_hours,3.859963037249381,-1
2024-12-29,sleep_hours,3.709623639495229,-1
2025-01-17,sleep_hours,3.86509711030946,-1
2025-01-22,sleep_hours,3.894043683052045,-1
2025-02-08,sleep_hours,3.4533119687343694,-1
2025-02-24,sleep_hours,3.692689616195425,-1
2025-04-01,sleep_hours,3.77974307827642,-1
2025-04-14,sleep_hours,3.0,-1
2025-05-26,sleep_hours,10.04132834074336,-1
2025-06-17,sleep_hours,3.816984881868575,-1
2025-07-31,sleep_hours,3.9649594271453545,-1
2025-08-09,sleep_hours,3.338881197626031,-1
2025-08-19,sleep_hours,3.2506700273912696,-1
2025-08-25,sleep_hours,3.025397568889278,-1
2025-08-26,sleep_hours,10.420516592933234,-1
2024-09-21,sleep_hours,10.323789940974963,-1
2024-09-22,sleep_hours,3.952938650739168,-1
2024-09-25,sleep_hours,9.985114751278635,-1
2024-11-06,sleep_hours,9.99902566373576,-1
2024-11-08,sleep_hours,3.4171642481969613,-1
2024-11-09,sleep_hours,3.0132961634297266,-1
2024-11-20,sleep_hours,3.9676664194949143,-1
2024-11-23,sleep_hours,3.773030399692371,-1
2024-12-28,sleep_hours,10.113253184039554,-1
2025-02-23,sleep_hours,10.504706525743076,-1
2025-03-20,sleep_hours,10.338774515552572,-1
2025-04-05,sleep_hours,10.209882571144748,-1
2025-05-27,sleep_hours,10.15569771687619,-1
2025-06-01,sleep_hours,3.404740298892115,-1
2025-07-18,sleep_hours,3.435463915815106,-1
2025-07-22,sleep_hours,3.775330083856744,-1
2024-09-28,sleep_hours,10.927831076052575,-1
2024-09-29,sleep_hours,10.485871229993998,-1
2024-10-25,sleep_hours,10.219834970020155,-1
2024-11-08,sleep_hours,3.803552253000426,-1
2025-02-13,sleep_hours,10.045379083344384,-1
2025-03-07,sleep_hours,10.20155481635934,-1
2025-03-14,sleep_hours,3.0,-1
2025-04-11,sleep_hours,3.0,-1
2025-04-28,sleep_hours,10.452989527330168,-1
2025-06-10,sleep_hours,10.76126132267934,-1
2025-06-22,sleep_hours,10.745422913448715,-1
2025-08-03,sleep_hours,3.790901774546388,-1
2024-09-27,sleep_hours,10.011986197317295,-1
2024-10-19,sleep_hours,10.018377081764823,-1
2024-11-20,sleep_hours,3.979336325939157,-1
2025-01-28,sleep_hours,3.706631117673229,-1
2025-02-04,sleep_hours,10.007984093318226,-1
2025-02-08,sleep_hours,3.7927287965592766,-1
2025-02-09,sleep_hours,3.0426119598574024,-1
2025-04-07,sleep_hours,10.9614000882118,-1
2025-04-14,sleep_hours,11.051696692301396,-1
2025-05-12,sleep_hours,3.5488392075946806,-1
2025-05-26,sleep_hours,10.042679627498169,-1
2025-05-30,sleep_hours,10.388656519286627,-1
2025-06-14,sleep_hours,3.0,-1
2025-06-18,sleep_hours,4.037029141421276,-1
2025-07-24,sleep_hours,3.834014121076714,-1
2025-08-01,sleep_hours,3.5417273411769106,-1
2025-08-18,sleep_hours,4.052738003892546,-1
2025-08-31,sleep_hours,10.973230050679012,-1
2024-10-28,sleep_hours,10.555992563947244,-1
2024-12-17,sleep_hours,3.657076674797696,-1
2025-01-03,sleep_hours,3.935546565590374,-1
2025-01-14,sleep_hours,4.050758741327607,-1
2025-01-31,sleep_hours,10.53603197866638,-1
2025-02-04,sleep_hours,10.03791939964592,-1
2025-02-07,sleep_hours,3.5307626639466787,-1
2025-04-08,sleep_hours,3.37036745444346,-1
2025-04-14,sleep_hours,3.504347723064454,-1
2025-04-16,sleep_hours,11.838588713280553,-1
2025-05-24,sleep_hours,10.278216033896268,-1
2025-06-07,sleep_hours,9.953168327532689,-1
2025-06-13,sleep_hours,10.111799982224763,-1
2025-07-01,sleep_hours,3.869860591311721,-1
2025-07-09,sleep_hours,10.22796094095309,-1
2025-07-18,sleep_hours,10.603654604171744,-1
2025-07-29,sleep_hours,3.6207571283299256,-1
2025-08-18,sleep_hours,3.5336084321303325,-1
2025-09-05,sleep_hours,3.4883205785216624,-1
2024-09-06,sleep_hours,3.962854307580897,-1
2024-09-16,sleep_hours,3.715679524306016,-1
2024-10-02,sleep_hours,4.040824557891448,-1
2024-10-28,sleep_hours,10.214797325860156,-1
2024-11-01,sleep_hours,10.9356521565699,-1
2024-11-07,sleep_hours,3.743614985771208,-1
2024-11-10,sleep_hours,10.582114028236536,-1
2024-12-07,sleep_hours,3.745902780001468,-1
2024-12-25,sleep_hours,3.0,-1
2025-01-17,sleep_hours,3.2747385805044287,-1
2025-03-03,sleep_hours,3.8140826562780665,-1
2025-03-22,sleep_hours,3.982919348644119,-1
2025-03-26,sleep_hours,3.4086772100314766,-1
2025-04-13,sleep_hours,10.774232063624034,-1
2025-04-27,sleep_hours,3.975731620285359,-1
2025-04-29,sleep_hours,10.512114146089738,-1
2025-05-06,sleep_hours,10.15431126600043,-1
2025-05-10,sleep_hours,3.37049082843816,-1
2025-06-03,sleep_hours,10.286825948357324,-1
2025-06-04,sleep_hours,3.662900669714679,-1
2025-06-15,sleep_hours,3.243811191167372,-1
2025-07-01,sleep_hours,3.0,-1
2025-07-02,sleep_hours,10.61554429314648,-1
2025-07-09,sleep_hours,3.7761473351987966,-1
2025-07-14,sleep_hours,10.36532313012735,-1
2025-08-01,sleep_hours,3.447737422427257,-1
2025-08-09,sleep_hours,3.0,-1
2025-08-11,sleep_hours,10.568855358757826,-1
2025-08-28,sleep_hours,3.0,-1
2024-09-15,sleep_hours,3.806334094556005,-1
2024-09-16,sleep_hours,9.968221165282785,-1
2024-09-20,sleep_hours,10.13005819585466,-1
2024-11-03,sleep_hours,3.854382911359693,-1
2024-12-03,sleep_hours,3.0,-1
2025-01-06,sleep_hours,10.02448427559706,-1
2025-01-12,sleep_hours,10.519438010521135,-1
2025-01-27,sleep_hours,3.955046361633839,-1
2025-04-12,sleep_hours,3.657989011883646,-1
2025-05-22,sleep_hours,3.178863402898454,-1
2025-07-18,sleep_hours,3.73181207260373,-1
2025-07-24,sleep_hours,3.841512040041459,-1
2025-07-26,sleep_hours,3.1376406929045,-1
2025-09-01,sleep_hours,10.00864384108348,-1
2024-09-08,sleep_hours,4.015386668303914,-1
2024-09-19,sleep_hours,10.836299452653511,-1
2024-09-26,sleep_hours,9.99494745373764,-1
2024-09-29,sleep_hours,3.82334711268207,-1
2024-10-23,sleep_hours,10.207389459979469,-1
2024-11-10,sleep_hours,10.121327281690624,-1
2024-11-29,sleep_hours,3.736863797289821,-1
2024-12-11,sleep_hours,3.0,-1
2025-01-07,sleep_hours,3.0,-1
2025-01-16,sleep_hours,3.345206953294662,-1
2025-01-19,sleep_hours,3.5653586562186046,-1
2025-01-20,sleep_hours,10.433378312713668,-1
2025-01-26,sleep_hours,3.0,-1
2025-03-04,sleep_hours,10.5754164013152,-1
2025-03-26,sleep_hours,3.962663196196905,-1
2025-04-02,sleep_hours,10.36887042475652,-1
2025-04-03,sleep_hours,10.72000890782874,-1
2025-04-23,sleep_hours,3.854873751496024,-1
2025-05-01,sleep_hours,3.573662058348443,-1
2025-05-19,sleep_hours,3.0,-1
2025-06-16,sleep_hours,10.224765580085414,-1
2025-07-19,sleep_hours,3.447802682045685,-1
2025-08-31,sleep_hours,3.615035278746156,-1
2024-11-14,sleep_hours,4.052792758311366,-1
2024-12-19,sleep_hours,10.194521400396251,-1
2025-01-23,sleep_hours,10.056092480163,-1
2025-02-06,sleep_hours,10.424012457128695,-1
2025-02-08,sleep_hours,3.0,-1
2025-02-17,sleep_hours,3.203605673426549,-1
2025-03-05,sleep_hours,3.9994176344850665,-1
2025-03-08,sleep_hours,11.282244567856209,-1
2025-03-18,sleep_hours,4.055095292861186,-1
2025-05-02,sleep_hours,3.355186834142497,-1
2025-05-03,sleep_hours,3.51342708032648,-1
2025-06-20,sleep_hours,10.409962529225536,-1
2025-07-19,sleep_hours,9.978029630908908,-1
2025-08-01,sleep_hours,10.1173279757549,-1
2024-10-15,sleep_hours,3.4656745603674493,-1
2024-10-19,sleep_hours,11.215225386404308,-1
2024-12-10,sleep_hours,10.62321385925456,-1
2025-01-26,sleep_hours,3.7131351895811298,-1
2025-02-05,sleep_hours,11.935823106131812,-1
2025-02-11,sleep_hours,3.4847304215549846,-1
2025-02-24,sleep_hours,3.236635494018449,-1
2025-04-20,sleep_hours,3.986915007493515,-1
2025-05-02,sleep_hours,11.62623060583503,-1
2025-05-23,sleep_hours,10.1557072700551,-1
2025-05-29,sleep_hours,3.0,-1
2025-07-21,sleep_hours,3.5813929873224675,-1
2025-07-22,sleep_hours,10.311014844158958,-1
2025-07-28,sleep_hours,3.458343321787278,-1
2024-11-30,sleep_hours,3.65555667624401,-1
2024-12-27,sleep_hours,10.775966892169762,-1
2024-12-29,sleep_hours,3.244972326658587,-1
2024-12-31,sleep_hours,11.095270083892606,-1
2025-01-03,sleep_hours,3.762688129988031,-1
2025-01-08,sleep_hours,3.3219422498678504,-1
2025-01-10,sleep_hours,3.612676272325591,-1
2025-01-25,sleep_hours,10.022978101458577,-1
2025-01-27,sleep_hours,3.752195333243928,-1
2025-02-03,sleep_hours,3.180360039664966,-1
2025-02-20,sleep_hours,11.821050086992685,-1
2025-03-02,sleep_hours,3.608738858411456,-1
2025-03-11,sleep_hours,3.9686462222662913,-1
2025-03-15,sleep_hours,3.412099909158408,-1
2025-03-19,sleep_hours,3.507534781849293,-1
2025-03-29,sleep_hours,10.242934780632885,-1
2025-04-02,sleep_hours,3.099718232305239,-1
2025-05-06,sleep_hours,3.989627220802502,-1
2025-05-26,sleep_hours,10.267246201395649,-1
2025-06-01,sleep_hours,10.210431605400592,-1
2025-06-25,sleep_hours,3.8582061531195455,-1
2025-07-01,sleep_hours,3.326474923650208,-1
2025-07-05,sleep_hours,3.333697424399865,-1
2025-07-20,sleep_hours,3.621772157440202,-1
2025-08-19,sleep_hours,3.2154514943670622,-1
2024-09-06,sleep_hours,3.461506630857459,-1
2024-09-07,sleep_hours,10.309462808809592,-1
2024-10-25,sleep_hours,3.6407158979717256,-1
2024-11-25,sleep_hours,10.034810443802993,-1
2024-11-29,sleep_hours,10.664774300626608,-1
2024-12-02,sleep_hours,3.0,-1
2024-12-03,sleep_hours,10.892921669779769,-1
2024-12-11,sleep_hours,10.81237590844018,-1
2025-01-11,sleep_hours,10.152738916253067,-1
2025-03-13,sleep_hours,3.901770357425232,-1
2025-03-20,sleep_hours,10.24400611697964,-1
2025-03-30,sleep_hours,3.974807994123037,-1
2025-04-11,sleep_hours,10.229351669108937,-1
2025-04-25,sleep_hours,10.05503365473666,-1
2025-05-06,sleep_hours,3.820566237413788,-1
2025-05-19,sleep_hours,3.837679802792236,-1
2025-07-01,sleep_hours,3.57064420452478,-1
2025-08-26,sleep_hours,10.629666906429035,-1
2024-09-08,sleep_hours,3.2994134933316115,-1
2024-11-10,sleep_hours,10.589002642175828,-1
2024-11-25,sleep_hours,3.2118993899232864,-1
2024-11-29,sleep_hours,3.0,-1
2025-01-07,sleep_hours,10.943487883569723,-1
2025-03-10,sleep_hours,3.902649859309859,-1
2025-03-12,sleep_hours,3.269838928356576,-1
2025-04-03,sleep_hours,10.49012820911192,-1
2025-05-23,sleep_hours,3.5120432695909187,-1
2025-06-24,sleep_hours,11.16075071241863,-1
2025-07-14,sleep_hours,3.776600473390446,-1
2025-08-03,sleep_hours,3.0,-1
2025-08-16,sleep_hours,9.985085510154638,-1
2025-08-19,sleep_hours,10.098808638519174,-1
2025-08-24,sleep_hours,3.652861780688303,-1
2025-09-01,sleep_hours,3.717060683640248,-1
2024-09-12,sleep_hours,3.821683577590595,-1
2024-10-12,sleep_hours,4.018316236212769,-1
2024-10-22,sleep_hours,3.9291843091002674,-1
2024-10-28,sleep_hours,10.310742799609104,-1
2024-12-27,sleep_hours,10.606018264279252,-1
2024-12-31,sleep_hours,9.946092824963223,-1
2025-03-25,sleep_hours,3.9126671736130016,-1
2025-04-01,sleep_hours,3.4117027172934744,-1
2025-04-19,sleep_hours,10.45727471069259,-1
2025-04-25,sleep_hours,4.005394187748713,-1
2025-05-03,sleep_hours,3.6350614782969854,-1
2025-05-05,sleep_hours,10.956180847177135,-1
2025-06-06,sleep_hours,3.375500823669213,-1
2025-06-26,sleep_hours,10.488871441114748,-1
2025-07-26,sleep_hours,10.28410060139443,-1
2025-08-02,sleep_hours,10.50404123898208,-1
2025-08-05,sleep_hours,3.552889389893271,-1
2024-09-18,sleep_hours,10.015082983865714,-1
2024-09-26,sleep_hours,3.0,-1
2024-11-04,sleep_hours,10.73789396448717,-1
2024-12-12,sleep_hours,10.336845715016231,-1
2025-01-16,sleep_hours,10.560655033964572,-1
2025-01-19,sleep_hours,9.96811287902432,-1
2025-02-10,sleep_hours,10.475280643764556,-1
2025-02-14,sleep_hours,3.5141496897910627,-1
2025-02-28,sleep_hours,10.061334672602197,-1
2025-03-12,sleep_hours,3.752582951421603,-1
2025-04-02,sleep_hours,3.7576629399569534,-1
2025-05-05,sleep_hours,10.225972790369063,-1
2025-06-14,sleep_hours,9.993757210093673,-1
2025-06-23,sleep_hours,10.357588803856366,-1
2025-07-05,sleep_hours,10.054315534409938,-1
2025-07-09,sleep_hours,3.902964021757636,-1
2025-09-03,sleep_hours,12.0,-1
2024-09-28,sleep_hours,10.150575198023011,-1
2024-12-14,sleep_hours,3.8621269341043862,-1
2024-12-20,sleep_hours,10.427781590744546,-1
2025-02-14,sleep_hours,9.956819284622842,-1
2025-03-02,sleep_hours,3.818635459301339,-1
2025-03-18,sleep_hours,3.4541271805448064,-1
2025-03-20,sleep_hours,3.491051104137916,-1
2025-03-28,sleep_hours,10.822370283889384,-1
2025-04-02,sleep_hours,10.220603962663844,-1
2025-04-16,sleep_hours,3.711390705721766,-1
2025-04-24,sleep_hours,3.639880309303592,-1
2025-04-25,sleep_hours,3.9910515164618254,-1
2025-04-28,sleep_hours,10.373637732276318,-1
2025-06-18,sleep_hours,11.805689252856292,-1
2025-06-23,sleep_hours,3.5500983196459392,-1
2025-07-03,sleep_hours,11.31904858753619,-1
2025-07-09,sleep_hours,10.03415480309695,-1
2025-07-23,sleep_hours,9.991405969407918,-1
2025-08-12,sleep_hours,10.412840962338787,-1
2024-10-27,sleep_hours,3.764072930065968,-1
2024-11-10,sleep_hours,10.33887903509593,-1
2024-11-16,sleep_hours,3.0,-1
2024-11-18,sleep_hours,3.822306881259336,-1
2024-11-20,sleep_hours,3.987315055099359,-1
2024-11-26,sleep_hours,3.0,-1
2025-04-19,sleep_hours,10.46056539359638,-1
2025-04-30,sleep_hours,3.883433871548761,-1
2025-06-08,sleep_hours,4.002884312865157,-1
2025-06-30,sleep_hours,4.006565604045358,-1
2025-07-30,sleep_hours,3.997633451453303,-1
2025-07-31,sleep_hours,10.001531589210572,-1
2025-08-18,sleep_hours,10.083331804426107,-1
2024-09-18,sleep_hours,3.620272759750234,-1
2024-09-26,sleep_hours,9.978238580372762,-1
2024-09-28,sleep_hours,10.781608300862974,-1
2024-11-14,sleep_hours,11.25088452081161,-1
2024-11-18,sleep_hours,4.049074506121884,-1
2024-11-26,sleep_hours,10.507148730522957,-1
2025-01-02,sleep_hours,10.188815012288478,-1
2025-02-06,sleep_hours,3.633448092609199,-1
2025-02-21,sleep_hours,3.7908478295813897,-1
2025-03-05,sleep_hours,10.366631520229076,-1
2025-04-20,sleep_hours,10.055231987267035,-1
2025-05-11,sleep_hours,10.229868038220456,-1
2025-05-16,sleep_hours,10.039762828988644,-1
2025-05-26,sleep_hours,11.334962287309176,-1
2025-05-29,sleep_hours,4.038418905726444,-1
2025-06-18,sleep_hours,3.558647089106306,-1
2025-07-12,sleep_hours,10.038065064960769,-1
2025-07-16,sleep_hours,3.471673940699306,-1
2025-08-04,sleep_hours,3.971656718328432,-1
2025-08-14,sleep_hours,10.283500527962929,-1
2024-09-20,sleep_hours,3.81300762979264,-1
2024-10-04,sleep_hours,3.974667136318169,-1
2024-11-17,sleep_hours,10.623017761915518,-1
2024-12-17,sleep_hours,10.081322105229187,-1
2024-12-20,sleep_hours,3.1521752561064917,-1
2024-12-24,sleep_hours,3.8528812422758616,-1
2025-01-11,sleep_hours,3.5301979060709927,-1
2025-01-13,sleep_hours,4.044827631697549,-1
2025-03-12,sleep_hours,11.221137407528968,-1
2025-03-21,sleep_hours,10.189845544094355,-1
2025-03-29,sleep_hours,10.066918672844793,-1
2025-04-11,sleep_hours,3.063855728981787,-1
2025-04-23,sleep_hours,3.762006730192163,-1
2025-05-10,sleep_hours,3.277046684222834,-1
2025-06-03,sleep_hours,10.039082172513831,-1
2025-06-14,sleep_hours,10.262901302605416,-1
2025-07-22,sleep_hours,9.981167713654555,-1
2025-07-24,sleep_hours,3.791073002860085,-1
2025-08-26,sleep_hours,10.45506177328173,-1
2024-09-29,sleep_hours,10.890944891621036,-1
2024-11-01,sleep_hours,3.748177442696045,-1
2024-11-27,sleep_hours,10.57189487711254,-1
2024-12-05,sleep_hours,3.332258165436618,-1
2024-12-29,sleep_hours,10.70606975132116,-1
2025-02-16,sleep_hours,12.0,-1
2025-03-25,sleep_hours,3.0,-1
2025-04-17,sleep_hours,12.0,-1
2025-04-19,sleep_hours,11.481719687074524,-1
2025-04-25,sleep_hours,10.294329480311628,-1
2025-05-23,sleep_hours,3.522607883262013,-1
2025-05-28,sleep_hours,3.8323544873143263,-1
2025-06-01,sleep_hours,10.389104361999514,-1
2025-06-04,sleep_hours,11.646333182462907,-1
2025-07-25,sleep_hours,3.783066640182268,-1
2025-08-02,sleep_hours,4.041092690000636,-1
2025-08-10,sleep_hours,3.001303979369985,-1
2025-08-12,sleep_hours,3.0,-1
2024-10-09,sleep_hours,3.3748021275130147,-1
2024-11-06,sleep_hours,10.001182095565175,-1
2024-12-05,sleep_hours,10.26284767741089,-1
2024-12-06,sleep_hours,10.647165419629324,-1
2024-12-30,sleep_hours,10.125695189046208,-1
2025-02-01,sleep_hours,12.0,-1
2025-02-15,sleep_hours,9.947454267088776,-1
2025-03-22,sleep_hours,10.3426374160023,-1
2025-05-12,sleep_hours,3.969538892620213,-1
2025-05-13,sleep_hours,10.027687870422184,-1
2025-07-23,sleep_hours,3.3601635231265674,-1
2025-07-31,sleep_hours,12.0,-1
2025-08-09,sleep_hours,3.6384405334566727,-1
2024-09-24,sleep_hours,10.288880743241164,-1
2024-09-26,sleep_hours,10.0259564277463,-1
2024-10-25,sleep_hours,3.0,-1
2024-10-30,sleep_hours,3.97309068314028,-1
2024-11-11,sleep_hours,10.107448699599166,-1
2024-11-24,sleep_hours,10.329770802395382,-1
2024-11-26,sleep_hours,3.942700756293792,-1
2024-12-01,sleep_hours,10.127204268452068,-1
2024-12-22,sleep_hours,11.6460969351,-1
2025-01-02,sleep_hours,3.830262595861372,-1
2025-01-09,sleep_hours,3.765786359658752,-1
2025-02-01,sleep_hours,10.17755555924158,-1
2025-02-22,sleep_hours,3.4734764347334064,-1
2025-03-23,sleep_hours,3.430146675668569,-1
2025-03-31,sleep_hours,3.86840238046556,-1
2025-04-30,sleep_hours,9.9948033633064,-1
2025-05-14,sleep_hours,10.423765597430824,-1
2025-06-16,sleep_hours,3.0,-1
2025-07-09,sleep_hours,11.121745482438325,-1
2025-08-09,sleep_hours,9.969166756755618,-1
2025-08-17,sleep_hours,3.747289102495419,-1
2024-09-22,sleep_hours,3.0,-1
2024-12-23,sleep_hours,10.378640692538122,-1
2024-12-30,sleep_hours,3.81028967055684,-1
2025-01-12,sleep_hours,11.1935292393042,-1
2025-03-24,sleep_hours,10.943885260932497,-1
2025-04-19,sleep_hours,11.101220611505228,-1
2025-05-08,sleep_hours,3.936742295231237,-1
2025-05-14,sleep_hours,11.27137866845497,-1
2025-05-26,sleep_hours,3.983180293095717,-1
2025-05-29,sleep_hours,3.905357298962457,-1
2025-06-08,sleep_hours,3.493833962043496,-1
2025-06-20,sleep_hours,3.0,-1
2025-07-24,sleep_hours,9.946381221240134,-1
2025-08-13,sleep_hours,3.418951291240715,-1
2025-08-21,sleep_hours,4.001804187570375,-1
2025-08-28,sleep_hours,10.07876088395129,-1
2024-10-18,sleep_hours,11.126346401355342,-1
2024-10-21,sleep_hours,3.5816722676845165,-1
2024-12-05,sleep_hours,3.696953760524023,-1
2025-02-04,sleep_hours,12.0,-1
2025-02-07,sleep_hours,4.050387044403493,-1
2025-03-05,sleep_hours,10.779524809166668,-1
2025-03-22,sleep_hours,10.480607505048631,-1
2025-03-23,sleep_hours,10.673565186667346,-1
2025-03-30,sleep_hours,11.902098746052696,-1
2025-04-27,sleep_hours,10.57242221059644,-1
2025-05-28,sleep_hours,3.0,-1
2025-06-10,sleep_hours,3.981852387999876,-1
2025-06-24,sleep_hours,3.690389926481436,-1
2025-06-29,sleep_hours,10.15194448249709,-1
2025-07-16,sleep_hours,12.0,-1
2025-08-01,sleep_hours,3.992192999688396,-1
2024-10-07,sleep_hours,3.0,-1
2025-01-09,sleep_hours,10.33547658222192,-1
2025-01-29,sleep_hours,3.79249098186205,-1
2025-02-15,sleep_hours,9.98318027504392,-1
2025-05-04,sleep_hours,10.1957075863981,-1
2025-06-04,sleep_hours,3.470777544404915,-1
2025-07-29,sleep_hours,3.83393223846448,-1
2025-08-04,sleep_hours,10.752641447069358,-1
2024-09-14,sleep_hours,9.978316918749233,-1
2024-09-15,sleep_hours,3.843747723007066,-1
2024-10-14,sleep_hours,10.379339574456834,-1
2024-10-31,sleep_hours,3.365457577086548,-1
2024-11-17,sleep_hours,10.717786162612647,-1
2024-11-23,sleep_hours,9.94526318749208,-1
2024-12-18,sleep_hours,9.974798234368958,-1
2025-01-29,sleep_hours,3.0,-1
2025-02-18,sleep_hours,3.0,-1
2025-04-01,sleep_hours,3.417450937380356,-1
2025-04-25,sleep_hours,9.960595402899836,-1
2025-05-31,sleep_hours,10.319328111548815,-1
2025-06-10,sleep_hours,10.18630480720172,-1
2025-06-15,sleep_hours,3.5220269589773547,-1
2025-06-25,sleep_hours,3.421949913759222,-1
2025-07-09,sleep_hours,10.65163247831198,-1
2025-08-27,sleep_hours,10.63346295930988,-1
2024-10-05,sleep_hours,10.520593361437076,-1
2024-10-07,sleep_hours,10.797017178253352,-1
2024-12-09,sleep_hours,10.421920240926251,-1
2024-12-28,sleep_hours,3.924286615237076,-1
2024-12-30,sleep_hours,10.408679168042678,-1
2025-01-22,sleep_hours,10.60027511935551,-1
2025-02-10,sleep_hours,10.641721805531724,-1
2025-02-15,sleep_hours,10.39206159596411,-1
2025-02-26,sleep_hours,9.938318221733129,-1
2025-03-09,sleep_hours,3.783838879305407,-1
2025-03-15,sleep_hours,11.395290688525913,-1
2025-03-18,sleep_hours,3.9245745425445575,-1
2025-05-02,sleep_hours,3.8127018444650367,-1
2025-06-03,sleep_hours,3.0749680016051286,-1
2025-06-05,sleep_hours,11.181019089853836,-1
2025-07-02,sleep_hours,3.740358669205113,-1
2025-08-15,sleep_hours,3.4679096859265157,-1
2025-08-23,sleep_hours,10.023722416998572,-1
2025-08-30,sleep_hours,10.188979278975696,-1
2024-10-21,sleep_hours,3.0,-1
2024-10-27,sleep_hours,10.429068971579683,-1
2024-10-30,sleep_hours,3.0,-1
2024-11-24,sleep_hours,3.0,-1
2024-12-18,sleep_hours,3.163681074238619,-1
2025-02-28,sleep_hours,10.055159257211209,-1
2025-03-11,sleep_hours,3.0,-1
2025-03-13,sleep_hours,11.08566425598059,-1
2025-04-26,sleep_hours,12.0,-1
2025-06-22,sleep_hours,3.0,-1
2025-06-23,sleep_hours,3.882887315152773,-1
2025-07-06,sleep_hours,9.957593124188836,-1
2025-07-07,sleep_hours,10.91777762232173,-1
2025-08-16,sleep_hours,9.974588469999476,-1
2025-08-22,sleep_hours,3.5044879985964226,-1
2024-09-12,sleep_hours,11.862451116580782,-1
2024-09-14,sleep_hours,3.265504901229812,-1
2024-09-20,sleep_hours,10.352748318306638,-1
2024-10-09,sleep_hours,10.257430234801284,-1
2024-11-03,sleep_hours,10.120767758282255,-1
2024-11-08,sleep_hours,10.091931409982854,-1
2025-03-14,sleep_hours,11.403910674721526,-1
2025-03-27,sleep_hours,3.953196996003976,-1
2025-04-06,sleep_hours,3.83892467028541,-1
2025-05-07,sleep_hours,10.807424579541,-1
2025-05-29,sleep_hours,3.065890734780299,-1
2025-06-02,sleep_hours,3.2278315646327966,-1
2025-07-19,sleep_hours,3.341879618449995,-1
2025-08-18,sleep_hours,3.6337070441213286,-1
2024-10-02,sleep_hours,10.374784775334575,-1
2024-12-16,sleep_hours,3.3459356877243502,-1
2024-12-23,sleep_hours,10.173477160580273,-1
2024-12-24,sleep_hours,10.074049313253482,-1
2025-01-03,sleep_hours,3.0,-1
2025-01-05,sleep_hours,10.281036455620075,-1
2025-01-13,sleep_hours,11.3967000800849,-1
2025-01-23,sleep_hours,3.263236441462672,-1
2025-01-30,sleep_hours,3.842251753553767,-1
2025-02-03,sleep_hours,10.757981970727004,-1
2025-02-16,sleep_hours,9.97684258300026,-1
2025-02-28,sleep_hours,3.17650076648196,-1
2025-03-09,sleep_hours,10.566246394039148,-1
2025-03-16,sleep_hours,10.444185199205856,-1
2025-04-04,sleep_hours,10.648578017953485,-1
2025-04-16,sleep_hours,10.351343792918108,-1
2025-04-21,sleep_hours,3.949215601992705,-1
2025-05-15,sleep_hours,10.00333405747827,-1
2025-05-24,sleep_hours,3.62498544658616,-1
2025-05-25,sleep_hours,10.270813273680584,-1
2025-06-17,sleep_hours,11.806356541916708,-1
2025-06-20,sleep_hours,3.965583001160233,-1
2025-07-23,sleep_hours,3.773343460767217,-1
2025-07-30,sleep_hours,3.894319773779273,-1
2024-10-03,sleep_hours,11.676027732791828,-1
2024-10-05,sleep_hours,3.571996820477294,-1
2024-12-22,sleep_hours,3.020628529446657,-1
2024-12-29,sleep_hours,10.128041332630914,-1
2025-01-27,sleep_hours,10.580231860136552,-1
2025-02-12,sleep_hours,10.58421764595832,-1
2025-02-16,sleep_hours,3.618937448851701,-1
2025-02-20,sleep_hours,3.213106293507896,-1
2025-03-16,sleep_hours,10.24424362689848,-1
2025-06-10,sleep_hours,3.742401185577296,-1
2025-07-05,sleep_hours,10.340924292024749,-1
2025-07-06,sleep_hours,9.94634476185744,-1
2025-07-08,sleep_hours,3.4326414615814214,-1
2025-08-30,sleep_hours,3.945976145029766,-1
2025-09-03,sleep_hours,11.201666068533983,-1
2024-11-03,sleep_hours,3.0025033361664337,-1
2024-12-05,sleep_hours,10.009353197892985,-1
2025-01-04,sleep_hours,10.173583676566276,-1
2025-01-15,sleep_hours,10.52538074117088,-1
2025-02-07,sleep_hours,3.9736457348421386,-1
2025-02-09,sleep_hours,3.642313191595372,-1
2025-03-20,sleep_hours,11.215450574301949,-1
2025-04-01,sleep_hours,3.7291583855377146,-1
2025-04-25,sleep_hours,11.251741815852068,-1
2025-05-27,sleep_hours,10.012069238695736,-1
2025-06-05,sleep_hours,3.0,-1
2025-06-27,sleep_hours,3.5048571184114805,-1
2025-08-17,sleep_hours,3.749728033322514,-1
2025-08-25,sleep_hours,10.10515908618893,-1
2024-09-12,sleep_hours,10.01874744556028,-1
2024-10-12,sleep_hours,10.250768889637548,-1
2024-11-07,sleep_hours,10.167850995908964,-1
2024-11-23,sleep_hours,3.472629193346332,-1
2024-11-26,sleep_hours,3.7327633582099913,-1
2024-12-21,sleep_hours,9.936840014326396,-1
2024-12-31,sleep_hours,10.178091844669396,-1
2025-01-07,sleep_hours,3.689561577537352,-1
2025-01-09,sleep_hours,10.45937532303584,-1
2025-02-07,sleep_hours,10.65885905274928,-1
2025-03-07,sleep_hours,9.954294746451747,-1
2025-03-08,sleep_hours,3.415946239521368,-1
2025-03-10,sleep_hours,3.2078378245704138,-1
2025-03-21,sleep_hours,3.5744751053029544,-1
2025-03-29,sleep_hours,3.283818730999324,-1
2025-04-20,sleep_hours,10.54210694986552,-1
2025-05-03,sleep_hours,3.790755183803924,-1
2025-05-04,sleep_hours,3.158621779124532,-1
2025-05-12,sleep_hours,10.03640851616484,-1
2025-06-04,sleep_hours,11.184698576130836,-1
2025-08-01,sleep_hours,10.001532642973572,-1
2024-09-20,sleep_hours,10.094137959043609,-1
2024-09-27,sleep_hours,3.4212517936786617,-1
2024-10-05,sleep_hours,3.0,-1
2025-01-03,sleep_hours,10.1934420402845,-1
2025-01-04,sleep_hours,3.856577684280552,-1
2025-01-12,sleep_hours,3.684597148425495,-1
2025-01-17,sleep_hours,10.770731168000603,-1
2025-01-20,sleep_hours,9.98618591715757,-1
2025-03-18,sleep_hours,3.963960835080418,-1
2025-04-05,sleep_hours,3.65140312775876,-1
2025-04-18,sleep_hours,3.0,-1
2025-07-13,sleep_hours,10.645219966226309,-1
2025-07-19,sleep_hours,10.469189919391312,-1
2025-07-24,sleep_hours,3.2278493394806342,-1
2024-09-12,sleep_hours,3.0,-1
2024-10-05,sleep_hours,10.050094934535032,-1
2024-10-23,sleep_hours,11.006381413703474,-1
2024-10-30,sleep_hours,10.224254769256325,-1
2024-11-21,sleep_hours,3.613632631828441,-1
2024-11-26,sleep_hours,11.335572607710493,-1
2024-12-20,sleep_hours,3.805475500216745,-1
2025-01-13,sleep_hours,10.743557402992998,-1
2025-01-22,sleep_hours,10.297056714180998,-1
2025-02-16,sleep_hours,10.138300786132646,-1
2025-03-19,sleep_hours,3.972581202412104,-1
2025-03-29,sleep_hours,10.157950874624095,-1
2025-04-05,sleep_hours,10.56662760067769,-1
2025-05-02,sleep_hours,4.042300575636851,-1
2025-05-09,sleep_hours,3.8740582678527726,-1
2025-06-11,sleep_hours,10.211494376211604,-1
2025-06-20,sleep_hours,3.745647296565987,-1
2024-09-10,sleep_hours,11.05569262462093,-1
2024-09-27,sleep_hours,10.664809309402408,-1
2024-09-28,sleep_hours,10.74469835211037,-1
2024-10-03,sleep_hours,3.2582717901746365,-1
2024-11-02,sleep_hours,11.047790647259294,-1
2024-11-23,sleep_hours,10.013533150481498,-1
2024-12-17,sleep_hours,3.596272536050392,-1
2024-12-30,sleep_hours,3.674216817152372,-1
2025-01-15,sleep_hours,10.178153581524228,-1
2025-01-20,sleep_hours,3.9812468196692894,-1
2025-02-09,sleep_hours,3.5696332202499628,-1
2025-02-16,sleep_hours,3.0,-1
2025-03-23,sleep_hours,3.287124411345739,-1
2025-05-08,sleep_hours,11.67361971085532,-1
2025-06-09,sleep_hours,10.10829441963118,-1
2025-06-12,sleep_hours,10.513372665145583,-1
2025-06-30,sleep_hours,10.961322870100302,-1
2025-07-13,sleep_hours,10.484778281581772,-1
2025-07-29,sleep_hours,11.112307126706495,-1
2024-09-23,sleep_hours,10.591250141784354,-1
2024-10-03,sleep_hours,10.28916608133076,-1
2024-11-26,sleep_hours,9.980990172896131,-1
2024-12-13,sleep_hours,3.4730330674635965,-1
2025-01-03,sleep_hours,9.96252584750102,-1
2025-01-04,sleep_hours,3.246675235199336,-1
2025-01-20,sleep_hours,3.0,-1
2025-02-11,sleep_hours,3.6618367561588734,-1
2025-02-20,sleep_hours,3.241218579678489,-1
2025-03-21,sleep_hours,10.169996422904331,-1
2025-04-29,sleep_hours,3.0,-1
2025-05-01,sleep_hours,3.675368802087936,-1
2025-05-05,sleep_hours,10.286502103460633,-1
2025-05-11,sleep_hours,3.808456603258509,-1
2025-05-19,sleep_hours,3.49630226694437,-1
2025-05-31,sleep_hours,3.3071321868136407,-1
2025-06-19,sleep_hours,10.217232333207804,-1
2025-06-23,sleep_hours,9.996419423608444,-1
2025-06-25,sleep_hours,10.025698217547482,-1
2025-08-06,sleep_hours,3.482959030225614,-1
2025-08-27,sleep_hours,3.0,-1
